,text,orientation,language,mean_confidence,used_original_text,time,scale
0,TRAVAUX DE LA FACULTE DE PHILOSOPHIE ET LETTRES DE L'UNIVERSITE CATHOLIQUE DE LOUVAIN — VII   SECTION DE PHILOLOGIE ET HISTOIRE ORIENTALES — I / TRAVAUX EDITES PAR Guy JUCQUOIS LOUVAIN BIBLIOTHEQUE DE L'UNIVERSITE 1972,0,eng,90.25537605882353,False,1648427412.000273,1.75
1,"UNIVERSITY OF CHICAGO a.2 A MM. E. LAROCHE et P. NASTER en signe de reconnaissance, 90-Sa0 G.J.   O24] D/1972/0602/1 PREFACE L’Université Catholique de Louvain s’enorgueillit 4 juste titre de son Institut Orientaliste dont les travaux actuels ne font qu’augmenter la réputation de niveau international. Les principaux secteurs du monde oriental ancien y sont brillamment représentés et on y enseigne une trentaine de langues et de littératures sans compter importante activité consacrée & plusieurs spécialités allant du bouddhisme la patrologie orientale en passant par le byzantinisme, 1’épigraphie sémitique, la philosophie arabe, l’égyptologie et l’akkadologie. Ce dernier secteur était le seul représentant du domaine des langues et écritures cunéiformes qui fat enseigné & Louvain jusqu’en 1963. Cette année-la, & Vinitiative de mon Maitre, Mr. Paul NasteEr, Professeur & l'Université de Louvain, furent crées une chaire de sumérien dont il se chargea bénévolement et une chaire de langues et écritures hittites. Je me vis attribuer, grace & la bienveillance des autorités académiques, la suppléance puis le titulariat en 1966 de ce cours. J’acceptai cette nouvelle charge avec autant d’enthousiasme que d’inexpérience, bien que j’ai eu le privilége de bénéficier de Penseignement riche et si profondément humain d’un autre de mes Maitres, Mr. Emmanuel Larocue, Professeur & PUniversité de Strasbourg et Directeur d’Etudes & Y'Kcole Pratique des Hautes Etudes & Paris. Le hittite m’avait intéressé en tant que comparatiste, j’étais appelé & l’enseigner en tant que philologue : je mesurai ment l’écart qui demeurait entre ces deux conceptions de Pétude d’une langue. Dés la seconde année je fus obligé de dédoubler le cours en une partie élémentaire ot l’on étudiait des textes simples tels que PApologie de Hattu8ilis, les Pritres de Mur8ili8 IT ou le Code Hittite, et en une partie supérieure ot des textes inédits, des textes louvites ou palaites, des inscriptions hiéroglyphiques ou des inscriptions lycien- nes nous donnaient matiére & réflexion et & discussion. L’Université de Louvain étant la seule institution belge au programme de laquelle figurat un cours de hittite, des Collégues d’autres Universités du pays m’envoyérent certains de leurs étudiants si bien qu’aprés deux ans d’enseignement on forma une petite équipe dont Lhittitologie consti- tuait un intérét premier ou secondaire selon les cas. Beaucoup, parmi ces étudiants, étudiaient le hittite dans le cadre d’autres études telles   ",0,eng,88.81160548275862,False,1648427415.5490592,2.0865384615384617
2,"PREFACE que V’archéologie du Proche-Orient, l’assyriologie, Vhistoire de l Anti- quité, le droit comparé, la philologie grecque. Quelques-uns toutefois choisirent le hittite comme branche principale et entreprirent un doctorat en relation directe avec cette matiére. C’est ainsi que Mr. René Lesrun travaille actuellement & une édition critique accom- pagnée de commentaires des textes se rapportant & Hattudilis III, Mr. Piet Corn a entrepris une étude typologique de l’arménien et du hittite, tandis que Mr. Jan WxrrenzERc a présenté au début du mois de juillet, & Université de Nimégue, son doctorat qui portait sur les thémes en -w- en hittite et dont l’étude qu’on lira plus loin est extraite. Dés l'année 1967 cependant, mes charges d’enseignement augmen- térent trés sensiblement, si bien que je dus renoncer & assurer un ensei- gnement normal du cours de hittite. Je donnai officiellement ma démission tout en continuant 4 assurer la direction de certains travaux entrepris auparavant. L’intérét pour cette discipline demeurait pour- tant vif & l'Université de Louvain, aussi, l’occasion se présentant de publier un recueil d’articles ayant trait 4 Phittitologie, en profitais-je avec joie pour manifester de fagon concréte ma reconnaissance 4 mes Maitres, MM. Larocue et Naser, et pour leur prouver ainsi que le comparatiste 4 la formation duquel ils avaient tant contribué avait su transmettre l’amour de cette discipline & de plus jeunes que lui. Louvain, le 17 février 1971 Guy Jucquors LA TABLETTE KBo XVI 98 (= 2211/c) par P. Cornu et R. Lesrun L’intérét de la tablette ne tient pas seulement a la longueur du texte, qui, bien que mutilé en plusieurs endroits, n’en conserve pas moins certains passages presque sans lacunes (Ro. II 1 & 20 par exemple); nous aurons l’attention surtout attirée par loriginalité du contenu, & savoir un rituel concernant accession au tréne, avec toutes les opérations magiques que cela suppose; ces pratiques relévent essen- tiellement de examen des entrailles et de l’observation des oiseaux. Malheureusement, la terminologie employée dans ces textes magiques est encore trés nébuleuse, et beaucoup de termes, comme nous le consta- terons, se sont jusqu’a présent dérobés & la sagacité des chercheurs. Plusieurs types de rituels nous sont connus ; celui-ci, du genre « Thronbe- steigung », s’ajoute a la liste de H.M. Kimaet, Ersatzrituale, pp. 43-149. L’accession au pouvoir royal était avant tout un événement religieux, et il était das lors normal qu’en plus des diverses cérémonies religieuses se déroulent des opérations magiques visant & attirer la protection des dieux sur le nouveau souverain. Dans le texte, les opérations magiques semblent débuter au Ro. I, 7; les lignes 1 6 traitent surtout dun « voeu» prononeé par la Reine, et adressé & Hépat de Kumanni, Lelwani, et peut-étre une autre divinité dont le nom a pu figurer dans la lacune en fin de la ligne 3. Il n’est pas interdit de voir dans la SAL.LUGAL de la ligne 3 la reine Puduhépa (cfr commentaire ligne 3); nous serions done en présence d’un rituel qui comme tant d’autres remontent soit & Pépouse de Hattusili III, soit & son fils Tudhaliya IV. Ro. I sa-ri-ku-ya BRINY§ UKU.US [... . Jat nu a-ri-ya-u-en nu DINGIRZY™ EGIR[... . SAJL.LUGAL 4-NA ¢Hé-pat URUKum-ma-an-ni [... aL ¢}-el-ua-ni IK-RU-UB ma-a-an-ya-mu DINGIR™® [... i8-ta]-ma-a8-te-ni GESTU-an-mu pa-ra-a e-ep-te-ni  ",0,eng,86.70360735873605,False,1648427420.088594,2.0865384615384617
3,"


P. CORNIL ET R. LEBRUN

 

 

   
 
 
  
  

 

LA TABLETTE KBo XVI 98 3

aUTU""! ku-it URU Kaf-ilt-ta-na pa-ie-2i

nu-za ANA Sa-ti-{ma-dja-ri “STUKUL-an-2a BAL-i

SAL.LUGAL-ma-kdn tu-u-u{a-az BAL-i] ma-a-an-ma-za
DINGIR“2™ KI.MIN

nu IGI-2i TEMES g1Gs[-ru EJGIR-ma NU.SIGs-du

IGL-2i TEM ni 5 t(a ki ZIAG-as SA AH é-pdt OSTURUL
ZAG-as

Selu-us-bi ta-ai-8-i8 (GU]B-2a RA/S 2i GAR-+i 12 SADIR
SIGs

EGIR TEM"" jp-li ZAG[-2a] NU.SIGs

 

 

 

 

 

 

6...) -la-at-te-ni BE-an U-UL DU-ri[....
7. ..JS8IGs-ru EGIR-ma NU.SIGs-du 1G1-2i TEM[ES |,
8 KASKAL is-hi}-4a GAM IGI-2i zi GAR-ri 12 SADIR [SIGs?.
9. GS3C.A}bi GUB-an NU.SIGs

10. 2a a-ra-ah-2a SI X SA-ar nu-za-kdn pa-a-i-mi

ll. UTIUS ku-e-da-n{i-iyk-hi

12. da}-ah-bi ma-a-an-ma_ df

13. ti-eh}ta-ri nu MUSENB”A ST X SA-an-du

u. -Jkén EGIR UGU SIGs-2a

1b. JEGIR KASKAL*! 4 MUSEN-kdn

Wee ceeeee eens Jpa-it

11. JEGIR UGU SIGs-za

18. UIGLMUSEN SI X SA-at-ya

19. EGIJR-ma NU.SIGs-du

20. Lox

21. . .NJUSIGs

re -2Ja-kén u-uh-hu-un

23. ie

 

 

me-mi-is-ki-mi

 

 

Ro. II

IGI-2f TEM"" jr-1i5] GUB-za RA-I8 S[1Gs
EGIR TEMS ir-lis ZAG-2a NJU.SIGs

 

 

 

 

“AU TU PRUTGL na kunit e-ni-ed-ba-an te-e¥-ha-ni-eS-kat-ta-ri

nu-kén GIM-an UTU*! 18-TU KUR V8UKum-ma-an-ni UGU
a-ar-ten

nu-za-kén LUGAL-iz-na-an-ni e[-e8]-ba-ha-ri nam-ma-za
EZENMES

DU-mi GIM-an-ma-za-kén EZENY®S kar-ap-mi

nu I-NA VBUNe-ri-ig-qa pa-i-mi nu A-NA DINGIR//™ SIS-
KUR pi-ib-hi

i-ja-mi-ma U-UL kwit-ki pa-ra-a-ma MU.KAM-an-ni

A-NA KASKAL UPUNe-ri-ig-qa EGIR-an-pat ar-ha-ha-ri

ma-a-an-ma-za DINGIRMES ku-u-un IR? GAM-an ma-la-a-an
har-te-ni

nu MUSEN¥!A si X SA-an-du A.MUSEN-kdn EGIR UGU
SIGs-2a

na-aS TAR.LIS pa-an pa-it 2 mar-ka-na-a8-8i-is-ma-kdn pi. .}20

ti-e-ir na-at-kdn pt-an ar-ha [pa-a-ir .....

2 KAL-tar-8i-i8-kén ta-pa-as-8i-i8-Sa [-

na-at 2-an ar-ha pa-a-ir UM-MA ™[.

 

 

 

 

   

 

 

 

nu $i an-da la-ah-la-ah-hi-ma-ai MUSEN@™Y......
pi-an-ku-u8 na-a8 2-an ar-ha [pa-air......

EGIR GAM ku-ué na-[ tee

Suclucpi-es-kin pi-an (.
ku-ya-at-tar-ma-as [.

   

 

  

 

I8-TU SALSU.G(L..
LUGAL-ud-2a iz-[
I-NA UD 2{KAM .
Lacune

 

 

 

 ",0,eng,55.117891740740745,False,1648427423.770766,1.75
4,"


 
 

P. CORNIL ET R. LEBRUN

SIGs

 

 

 

 

 

 

 

 

 

 

 

 

 

JNU.SIGs-du SIGs
Bee NUJSIGs-du SIGs
T. » mar\-ki-ja-an har-ti
8.
9. ma-a-an-zaf.. 0... Jmar-ki-ja-an har-ti
10’. nam-ma{. .SIGs-ruJEGIR-ma NU.SIGs-du
WW, IGL-2(7EME....... JEGIR TEMES nj-e5-kin
12’. ZAG-na-d[8.....
18, @ UTUS! ku-ya-pi [.....}ma-na A-NA 4 Pi-ir-ya KAS pi-ed-[ta
14’, nu KAS-as TEMES [.....Jma-a-an-za DINGIR“U” SISKUR
da-at-ta
15. ANA ¢ UTUSL Rang. . }-da-an a8-du-li ne-ja-at-ta-[at
16. nu IGI-2i TEMES (S1G-ru EGIIR-ma NU.SIGs-du IGI-zi TEMES
17. ni & KASKAL 12{8A.DIR SIGs BJGIR TEMES GIG Api

GUB-an NU.SIG;

 

 

 

  

 

\pa-it KAL-tar-8i-i8 [...

an IK-SU-UD KAL-tar-8i-18
Jit na-ad-kin [...

-kdn EGIR.GAM [...
-Ipi-ed-Sir{..

  

 

 

 

 

 

 

    

 

 

 

 

LA TABLETTE KBo XVI 98 5
8. }-ma-pdt nu[....
9”.
18”, .....NUS[Gs-duf.... +
19”. ....JKAM DINGIR2""-za da-pi-an{... .-ni-pa-i8
0”. ...pru KAM pa-an-ku-ué-ca ZAG-tar da-[a-a8
21"", . Jkwi-e MA-ME-TEMES da-pi-an-da iz...
22”, ...JNLTE ¢ UTU"" ar-ba a-ni-ja-nu-un{. .da-Jpi-an
28”. ..;at-ti BAL-an-2i ma-a-an-ma-za DINGIR’°* KI.MIN nu
[.SIJGs-ru
24”... JES mi-nu-mar¥l4 da-an-te-e§ nu-kén an-da SIGs-u-i [I-N]A
UD 2.KAM
25"", ..JZAG-tar da-a-a’ nu-kén DINGIRM®S.a I-VA UD 3.KAM
DINGIR™""S GUB-as TI-tar
26"". ..Juu-kin EGIR-pa PSDAG-ti SIGs
Ro.
Lf des fan]tassins ordinaires, des fantassins lourdement
armés [
2. Jet nous avons eu recours & un oracle; la
divinité [
3. la Reijne 4. a fait un voou 3. 4 Hépat de Kumanni[
4. Le]lwani (en ces termes) : ¢ Si vous les dieux [
5. vous m’éJooutez, et me prétfez] loreille
6. vous J; si (cela) n’est pas fait
7. ] que ce soit favorable et ensuite défavorable ; les premiéres
chairs
8 _ la route] regarde en bas vers le [d]os, le zi est couché, 12 circon-
volutions (intestinales) : [favorable
9. la chaijse & gauche : défavorable.
10. J a été constaté (par oracle) au dehors, je me mets
en route
u. moi, Mon Soleil] quelque [part
12. ] je place et lorsque
13. i [se reJnd, alors que Yon examine les

oiseaux

 ",0,eng,63.81892932119206,False,1648427427.400397,1.75
5,"P. CORNIL ET R. LEBRUN                 14. ] en arriére et en haut, c’est bien ] derriére la route, l’aigle J est allé 17. Jen arriére (et) en haut, c’est bien 18. Jaugure a examiné 19. et en]suite que ce soit défavorable 20. nihil déj}favorable Jyai vu 23. 24. je ré]péte 25-26 nihil 27. ] du fait que? 28-29 nihil fa]vorable 31-34 nihil Ro. IT 1. Les premiéres [chairs, ir-i¥]& gauche, un renfoncement: favorable 2. Les chai[rs] suivantes [ir-lif & droite : dé}favorable 3. Si Mon Soleil se rend dans la ville de Kafijttana 4. alors, il offre une arme au dieu Sau{mad]ari 5. et la Reine [fait une offrande au] loin, et lorsqu’(il s’agit) d’un dieu, c’est la méme chose. 6. Que les premiéres chairs soient favo[rables et en]suite défavora- bles. 7. Les premiéres chairs le ni, le &, le t[a, le de droite, l’'arme de droite de la déesse Hépat 8. le Selushi fort?, & gauche [un] renfoncement, le zi est couché, 12 circonvolutions (intestinales) : favorable 9. Les chairs suivantes : ir-lig & droi[te] : défavorable. 10. Lorsque la déesse Soleil d’Arinna apparait en réve de cette maniére,           LA TABLETTE KBo XVI 98 7 11. alors montez de la province de Kumanni comme Mon Soleil. 12. Je m’installe dans la fonction royale, et en outre 13. je célébre 12. les fétes, 13. et lorsque je termine (la célébration) des fétes, 14, je me rends dans la ville de Nérik; je fais une offrande la divi- nité, 15. et je (la) féte; (je ne fais) rien d’autre, et l’année suivante, 16. je me place & nouveau sur la route de Nérik. 17. Lorsque vous les dieux vous avez approuvé cette consultation oraculaire, 18. que I’on observe les oiseaux; un aigle derriére en haut, c’est favorable; 19.  celui-ci s’en est allé, et deux oiseaux marSanassi 20. sont venus, ils sont [partis 21. deux « aves pestiferae » males [ 22. et ils sont partis au milieu. Ainsi parle [ 23, 4 Vintérieur du & les oiseaux lablabhima [ 24, et ils sont [partis] au milieu 25. que derriére (et) en-dessous [ 26. les oiseaux Sulupi 27. kuyattarmas 28. Par la vieille» [ 29. le Roi fé[te? 30. Le second jour [ Lacune Vo, III x+1. illisible 2. favorable ? une quel]conque colére 4’. nihil ] que ce soit défavorable (et) favorable que ce soit dé}favorable (et) favorable  ",0,eng,85.11828190176323,False,1648427431.224927,2.0865384615384617
6,"


8 P. CORNIL ET R. LEBRUN

7’. Lorsque [
8’. alors que les chairs [

a [dé)sapprouvé

 

9°. Lorsque [ ] a désapprouvé

10’. enoutre[ ] que ce soit favorable et ensuite défavorable
11’. Les premiares [chairs Jles chairs suivantes, le ni
12’, de droite

 

13'.. Lorsque Mon Soleil [

14’, la bitre, les chairs [
au dieu

1. lef ] s'est présenté pour le salut & Mon Soleil.

16’. Que les premiéres chairs [soient favorables et [en]suite défavora-
bles; les premiéres chairs,

17’. leni, le &i, la route, 12 circonvolutions (intestinales) : favorable;
les chairs suivantes, la chaise (est) & gauche : défavorable

Ja offert de la bigre au dieu Pirwa,
]; lorsque V’offrande a été offerte

 

 

 

 

Vo. IV
xtl.x
2. en]semble est venu [
3"". Jest parti; un x mile [
4, ] a rencontré, un x male [
5. ] est venu et il]
6’. ] derriare (et) en-dessous [
v. ] ils (ont) jeté [

 

8’ et 9"" : lacunes trop importantes

 

 

i8”. que ce soit dé}favorable [

19"", Ia divinité

20"". Je pankus est entré en possession du profit,

21"". ] tous les serments qui [

22"", ] moi, Mon Soleil, en personne, je (les) ai accomplis,
. [tout

23”. ] sacrifient, et si c’est un dieu, o’est la méme chose,

que [ ] soit favorable
24"", les[ Jiles succ’s qui ont été pris, le deuxitme jour favorable

25"".

26"".

LA TABLETTE KBo XVI 98 9

le[ J est entré en possession du profit; les dieux le troisitme
jour

Jensuite sur le tréne: ‘favorable,

 

 

3-4.

CoMMENTAIRE

ERIN“ES -ri-hu-va : Friedrich, HWb Erg. 2 p. 22 suggére
le sens de « gardiens de la paix ». L’adjectif Sarikuya- est souvent
apposé au terme LUMES, par exemple en KUB XIII 8 4-5 :
4. LUMES ga-ri-(ku)-a-za-kdn ku-i-e-e8 da-an-te-e§ na-at QA-DU
EMES_§U-NU URU!!A.SU-NU 5. A-NA E.NAs pi-ja-an-te-e8,
ou en KUB XXXIX 9 Ro. 10 .....L]0""®8 DUGUD sa-re-
e-ku-ad 11. ...-}ia U A-NA DAMES LUMES DUGUD. Otten,
TR p. 149, rejoignant d’ailleurs Laroche RHA 15 pp. 60 et 125,
pense qu’ll s’agit d’une classe sociale inférieure; dans le texte
qui nous occupe, les fantassins Sarikuya sont distingués des
fantassins lourdement armés, ce qui laisse supposer qu’ils de-
vaient disposer d’un armement léger et étre affectés & des beso-
gnes telles que le maintien de Yordre. La forme Sarikuya repré-
sente un nominatif sur base de KUB XIII 8 4, et Friedrich,
HWb, p. 185. L’on consultera aussi utilement R. Werner,
Hethitische Gerichtsprotokolle, StBoT 4, Wiesbaden, 1967,
p. 42; cfr. mention @ER{NMES gari(ku)ya- en KUB XIII
34 IV 20 et KUB XXVI 24 IV 3 dans lequel ils sont mentionnés
& c6té de ERINMES GIR?! = fantassins.

a-ri-ja-u-en : 1 p. pl du prétérit actif de arija- = interroger
Poracle; ce verbe s’oppose & punus(k)- = interroger un homme,
ofr Larocuz, RHA 12 (54).

Le veou adressé par la Reine & Hépat de Kumanni et & Lelwani
constitue un argument de poids pour faire remonter ce texte
& la Reine Puduhépa; cette derniére a fréquemment invoqué
la déesse Lelwani, notamment dans son célébre voou (cfr. La-
Rocug, RA, 1949, 43 et Orrex, Das Gelubde, StBoT Heft 1,
1965) et dans la priére & la déesse Soleil d’Arinna et son cercle
(KUB XXI 27). D’autre part, la déesse Soleil se présente ici
comme Hépat de Kumanni; autrement dit, la divinité est in-
voquée sous son appellation hourrite, et chacun sait que Pudu-

 

 

 ",0,eng,82.57591356217162,False,1648427433.091729,1.75
7,"10 12. 13. P. CORNIL ET R. LEBRUN hépa est une princesse hourrite, originaire du Kizzuwatna et plus précisément de la ville de Kumanni (cfr KUB XV 1611 = KUB XV 17 + KUB XXXI 61 11: DUMU.SAL PRU Kum- ma-an-ni). Tl n’est done pas surprenant que Puduhépa se soit adressée 4 la déesse Soleil hourrite, celle deson pays natal, que par ailleurs elle a sollicitée en KUB XXI 27 5-6. Dans une situation importante, Puduhépa invoquerait deux des divinités qui furent avec ISTAR. ™L — Sausga de Samuha ses divinités préférées. KAS i8-ki]§a GAM IGI-zi : nous trouvons un paralléle en KUB XVII 11 Vo 6°: KASKALY? ig-bi-sa GAM IGI-2i = HARRAWU is-ki-Sa kat-ta us-ki-iz-zi iskisa représente un datif. zi GAR-ri: le zi, abréviation de zizahis, constitue une partie omineuse située 4 l’arriére du foie sur la face dorsale, cfr. La- ROCHE, RHA 12 (54) et RA 64 (1970) 130, 133. GAR-ri est Véquivalent du hittite hi-it-ta-ri : = est couché. 12 SA.DIR accadien TIRANU = les circonvolutions in- testinales. Les chiffres 10 et 12 entrainent un «omen» favorable, & Tinverse du 8 ou de circonvolutions simples. Si les circon- volutions se confondent, l’omen est aussi défavorable : cfr KUB VI 34 IV 20 : SA.DJIR #-li-i-ta NU.SIGs : les «tiranu» se confondaient mauvais; signalons la présence de 14 TIRANU en KBo XVI 97 Vo. 35 et de 18 TIRANU en ABoT 14 IV 3, efr. Larocue, RA 64 (1970) 130, 133. : représente le hourro-hittite : keshi- : chaise, sidge. Sa situation & gauche entraine un « omen» adverse. Comme confirmation du sitge de gauche défavorable, cfr. aussi 388-11 14"" ..x O8§0.A-ti GUB-an NU.SIGs. La lecture des deux derniers signes de la ligne reste incertaine ces deux signes semblent former un groupe indépendant de ma-an-ma; cette position est confirmée si nous nous référons & la tablette 388-i I 6’-7’. ma-a-an Wd KASKAL URUp ku-e-ez-za EGIR-pa t-e[-eh-ta-r]i. Le parallélisme avec notre passage est frappant; il est clair que I’on ne peut lire a-8i, mais éventuellement 2-&, qui pourrait représenter une forme numérale inconnue par ailleurs. Toujours en rapport avec 388-i 7’ (rituel magique d’Istar de Samuha), nous proposons de reconstituer EGIR-pa «-ehi)-ta-ri. Début de la consultation par les oiseaux.   Kju-e-ez-za im-ma LA TABLETTE KBo XVI 98 ll Ro. II lL. RA-$ = hitt. yalhant- et représente le permansif accadien MAHIS; la meurtrissure, le renfoncement est une des carac- téristiques physiques possibles de Y’organe examiné, cfr. en dernier lieu Larocue, RA 64 (1970) 134, 136. URU Kq-it-ta-na : ville dont la localisation est inconnue. Elle devait avec Dattassa constituer un lieu d’adoration du dieu Saumadari. aSa-u-ma-da-ri : sans déterminatif divin, épithete de (NER.GAL dieu des enfers; cité comme dieu en KUB XV 19 Ro. 9, 11, 13. (Larocue, Recherches, p. 58). D’aprss KUB XV 19 Ro 11 sqq. et KUB XV 1 II 45 sqq., ce dieu est adoré & Datassa, ville du Bas-Pays, qui servit de capitale & Muwatalli lors de l’invasion des Gasgas. Ces mémes textes nous renseignent sur une féte du flambeau (EZEN zupparu) consacrée 4 cette divinité; une féte analogue était consacrée dans la ville de Nérik & 4U. Comme nous le savons par de nombreux reliefs, la Reine offre le sacrifice quelque peu en retrait du Souverain hittite. GISTUKUL : Varme de droite qualifie des zones omineuses variées, comme ici le ni et le 8; parfois, l’arme porte le nom d’une divinité, en l’occurence Hépat. Quant au ni, acrographie de nipasuris, il représente la plus importante des parties omineuses, savoir le foie, cfr. LarocHE, RA 64 (1970) 131. Il semble comporter un certain volume, et peut se définir par sa droite et sa gauche, le haut et le bas. Il se divise aisément en deux fractions distinctes. (cfr Larocue, RHA 12 (54)). Le texte KUB XVI 34 I 18 offre un témoignage intéressant sur le ni: ni-is-kén ZAG-as GAM-as ZAG-za GUB-za UGU u-da-aS = la droite en bas du ni s’est soulevée a droite (et) & gauche. Le #, acrographie de sintahi§ = KI.GUB, vient lui en deux- igme position, juste aprés le ni; il détermine une région omineuse importante, presque toujours examinée, cfr. Larocue, RA 64 (1970) 128, 131-132. Se-lu-u3-Ji : hapax legomenon. La finale -fi fait songer & un terme hourrite; il doit désigner une partie omineuse. Tl est possible que nous ayons dans la forme ta-as-si-i un adjectif déterminant SeluShi, au nominatif singulier commun;",0,eng,86.5668112226776,False,1648427439.241272,2.0865384615384617
8,"12 12. 18. 19. 21. P. CORNIL ET R. LEBRUN cet adjectif ta&Si- inconnu par ailleurs, serait un doublet de t/da8su- = fort; son théme aurait servi & la formation de sub- stantifs tels que taSsijatar (abstrait de taSs-), tasSizama- (sub- stantif de genre commun rencontré notamment en KUB IX 34 I 23 = la force; ’on aurait sans doute ici une formation louvite, cfr LarocuE, BSL 52, 75), et ta&Sijayar (autre formation abstraite sur taSsi-) = la force, rencontré en KUB IX III 38. Les lignes 7 et 8 présentent l’ordre habituel des signes examinés : Je ni (toujours examiné), et le & qui constituent le groupe de tate, le ta (= tanani3), le ki (= keldiS), ensuite l’arme de droite dune divinité, le « Selushi tas», un renfoncement, le zi et enfin les circonvolutions de l’intestin. Cette ligne est essentielle, car elle annonce que toutes les céré- monies et rites cités dans les lignes suivantes ont lieu & l’occasion de l’accession au tréne, de la prise de pouvoir effective du nou- veau Roi. Début de la consultation oraculaire par les oiseaux. marsanass- : oiseau oraculaire de nature inconnue, mentionné notamment en KUB 17 II 22 et 18 II 13; le terme a été étudié par LarocuE, RHA 10, 25; il doit comporter un suffixe -a8si-, ajouté & un théme marSan-, qui n’est pas sans rappeler le verbe marsai- (participe marsant-): étre faux, ou l’adjectif maréa- : faux. Comme autres mots formés sur margai-, signalons aussi les causatifs marSahh- et marganu- : fausser. KAL-tar-8i-i8 ta-pa-a3-8i-i5. L’on connait bien le substantif neutre KAL-tar = Mannhaftigkeit : virilité (Fried. HWb 280). KAL-tar-- doit représenter un adjectif formé sur KAL-tar, avec suffixation de -s-, formation du type eshas&i <*eShar-&, ou pakhu(ua)rsi < pahhu(ua)r-&; littéralement l’adjectif signi- fie « qui a rapport avec la virilité», d’ot la signification possible de « mile». tapa&S- : oiseau d’oracle qui se rencontre surtout en KUB XVI 46 IV 2, 10, 15, en KUB XVI 49 14. Borssrer, Mantique, p. 36, donne la signification probable de «avis pestifera». Kronasser, Etym. p. 228 § 126 n° 2, croit pouvoir reconnaitre un mot forgé sur louv. tapas : ciel. tapas#i- proviendrait par haplo- logie de *tapaSSass. La nature de Voiseau n’en demeure pas moins mystérieuse, et n’éclaire en rien la qualité d’oiseau de malheur proposée par Boissier. Peut-étre doit-on songer & un 23. 26. 27. Vo. 7 13. LA TABLETTE KBo XVI 98 13 rapprochement avec tapassa- fivre, ardeur, tapasuyant-: fié- vreux, et voir dans tapassi- l’oiseau qui apporte la fiévre la-ah-la-ah-hi-ma- : mouvement, cfr Larocus, BSL 52 p. 76. Ici, serait décrite observation du mouvement des oiseaux & Vintérieur de la partie omineuse 3. Su-lu-pi : oiseau d’oracle. Terme comportant un suffixe -upi- d’aprés Kronasser, Etym., p. 224. ku-ya-at-tar. Le terme est inconnu du dictionnaire de Friedrich tout autant que de Kronasser, Etym, peut-étre formation d’un abstrait. Ill et 9’. markiian harti : exemple de parfait périphrastique actif, formé du verbe auxiliaire hark- suivi du participe en -an (neutre sing.) qui demeure invariable. Ce genre de parfait se rencontre surtout avec des verbes se rapportant 4 des activités personnelles, que ce soit des sens ou de la parole, cfr Benveniste, Hittite et indo-européen, pp. 61-65. ni-es-kén : le nominatif singulier se présente souvent sous la forme ni-if ou ni-eS, cfr LarocuE, RHA 12 (54) et RA 64 (1970) 128, 131. 9Pirua, Divinité surtout adorée 4 Kanes, si l’on se référe au nombre de théophores, et au fait que le culte rendu cette divinité s’accompagne des chanteurs de Kanes. (Que l’on se référe & Otten, JKF II 1951 p. 67, & GortzE, Language 29 (1953) pp. 263-277 et Kleinasien, pp. 51, 130 et 134, Larocus, Recherches, p. 87 et Noms des Hittites, p. 288, Cette divinité fut également adorée & Sippa (KUB II 13 VI 8, IBoT II 131 Ro. 28, Bo 5693 I 1), Zipariwa (647-f IV 8, 11), Takusna (KUB XXXV 123 IV 5, 14), Taparla (Bo 936 III 16), Harwasiya (Bo 936 II 1, 3), Hassuwaza (Bo 6483), & Lamman-x x (647-f I 17) pour citer quelques centres de son culte. S’agit-il d’un dieu ou d’une déesse? Certains textes laisseraient supposer qu’il s’agit d’un dieu, tel 647-£1V 8 : « P}i-ir-ya-aS URUZi-pa-ri-wa ALAM LU = Pirwa de Zipariwa, statue d’un homme ». Toutefois, la majo- rité des indications laissent supposer une déesse tant du point de vue archéologique (BossErt, Asia 163, Karatépé, II, 24 et La-",0,eng,86.36044549054054,False,1648427445.3147788,2.0865384615384617
9,"14 P. CORNIL ET R. LEBRUN RocHE, RHA 46, 4) que d’aprés les renseignements fournis par les textes. Ainsi, en Bo 6483 (cfr von BRANDENSTEIN, Bildbeschrei- bungen), Pirwa est souvent pourvu de l’épithéte : ma maitresse ; les listes divines ob figure Pirwa sont constituées par un ensemble de déesses, bien que ce ne soit pas toujours le cas dans les listes des dieux protecteurs de traités (pour ces listes, cfr Orren, JKF II 1951, 63-64). Plus remarquable serait peut-étre le fait qu’en ABoT 56 II 14 nous lisions : 4P%- ir-ya-aS SAL.LUGAL-as SAL.LUGAL; le premier SAL.LUGAL- a§ se rapporterait 4 Pirwa qui serait dénommée la Reine», le se- cond, bien que non pourvu du déterminatif divin, représenterait la déesse« Reine », un épithéte de différentes divinités locales (cfr Larocue Recherches, 104). Nous pencherions done pour voir dans Pirwa une divinité féminine, d’autant plus que en KBo II 1 nous trouvons dans |’inventaire des 4U mention de statues fémi- nines, et que le dieu Jarri a des représentations féminines comme masculines, bien que les passages évoquant le dieu Jarri soient des passages oniriques (cfr von BRANDENSTEIN, Bildbeschreib- ungen, p. 62 et GiireRBock, Or.NS XV 493). La nature de l’anatolienne Pirwa évoque celle d’Istar/Sausga, & la fois dieu et déesse (Sausga est rangée parmi les dieux & Yazilikaya) et celle d’Astarté = Sausga, déesse au cheval, cfr. LarocuE, Ugaritica V, 522, GirerBock, Oriens 9 (1956) 312, Luciant, Syria 37 (1960) 1 sqq., Dammanvitie, RHA 70 (1962) 46, Orren JKF II 1951, 62 sqq. Vo. IV 2’. pankus : en raison du caractére fragmentaire de la ligne, il s’avére difficile de déterminer si l’on a affaire & ’adjectif panku- : tout, ensemble, ou s’il s’agit de l’assemblée des sages. 20”. Par contre ici, le terme pankus semble bien désigner l’assemblée des notables. Pour les notes bibliographiques, voir pp. 29-30. LA RESTAURATION DE NERIK (KUB XXI, 8, 9 et 11 = Cat. 75) par P. Cornit et R. LEBRUN Chacun sait la place que la ville de Nérik tint dans la vie de Hattu- sili III tant au point de vue politique que religieux et sentimental. Aussi cette ville fut-elle toujours l’objet d’une attention particuliére de la part de Hattusili; qu'il suffise pour s’en convaincre de retenir un passage de KUB XXI 19 III + KUB XIV relatif 4 ’époque ou Hattusili s'est vu confier par son frére Muwatalli le gouvernement du Haut-pays avec résidence & Hakmis : «20’ .... d-VA KUR URUNe-r[i-ik Se-er] 21’ SAG.DU-JA ZI-IA w8-Sa-ni-is-ki-nu-un = 20’ .... pour la province de Nérik 21’ j’offris ma personne et mon Ame». Les textes nous apprennent aussi que Hattusili fut grand- prétre du dieu atmosphérique de Nérik & Hakmis (le culte de 4U de Nérik s’étant sans doute décentralisé vers la capitale du Haut- pays) : par exemple KBo VI 29 I 25-26, Hatt. III 60-61. A premiére vue, la vie de Hattusili et de son épouse Puduhépa est placée sous la protection particulire de deux divinités : Istar de Samuha et le dieu atmosphérique de Nérik; les cas de protection de la part d’Istar de Samuha ne manquent pas; qu’il suffise de se référer notamment a Pautobiographie et aux textes paralléles, KBo VI 29, et ses duplicats KUB XXI 12, 15, & KBo IV 12, ou encore KUB XXI 17; pour ce qui concerne le dieu atmosphérique de Nérik, citons spécialement KBo VI 28 Ro. 2: NA-RA-AM ....... ay URUNe-ri-ik U AISTAR URUS§a-mu-ha = chéri du dieu atmosphérique de Nérik et d’Istar de Samuha, ou encore KUB XXI 11 Ro 1. [™Ha-at-tu-4-l]i NA-RA-AM ay URUNe-ri-ik. Le dieu atmosphérique de Nérik apparait en réve 4 Hattusili (KUB XXI 8 II 15’) et intervient dans plusieurs circon- stances importantes de son existence : ainsi, en cautionnant Pavéne- ment de Hattusili et Puduhépa au tréne de Hakpissa (KUB XXI 11 Vo 5’ - 6’), en arbitrant avec Istar de Samuha le conflit opposant Hattusili et son neveu Urhi-Tesub (Mursil III), cfr Hatt. III 72-73.  ",0,eng,87.95222156212121,False,1648427450.5954518,2.0865384615384617
10,"


16 P. CORNIL ET R. LEBRUN

Plusieurs tablettes nous présentent Hattusili présidant des fétes
religieuses & Nérik; enfin, sortant de sa réserve, au comble de la colére,
ce sera lorsque Urhi-Tesub se décidera & lui ravir Nérik et Hakmis
que Hattusili partira en guerre contre son neveu.

Il s’avére dés lors normal, aprés l’exposé de ces quelques faits,
que Hattusili ait procédé & la restauration d’une ville qui lui était
chére, Cette ville du Haut-pays, dont Ia localisation précise n’a pu
encore étre fixée (cfr. commentaire texte XXI8, ligne 2’) devait appar-
tenir & la sphere hittite sous I'Ancien Empire *, Au Nouvel-empire
sous Arnuwanda J, elle fut envahie par les Gasgas (cfr. KUB XVII 21).
L’époque du retrait des Gasgas ne peut étre précisée, mais il semble
probable que ce ne soit que sous Mursil II qu’une tentative de reprise
en mains de la ville ait eu lieu. Avant ce souverain, le dieu atmosphéri-
que de Nérik n’occupe qu’une place modeste dans les listes divines,
et les textes ne nous fournissent aucun renseignement particulier
sur la cité. Par contre, durant le régne du pére de Hattusili, nous savons
que des opérations militaires ont eu lieu dans le Haut-Pays (AM
p. 176 sqq.) et d’aprés un texte remontant Tudhaliya IV nous pouvons
penser que ces opérations se seraient étendues a la ville de Nérik
délivrée sans doute de la présence des Gasgas : KUB XXXI 14.

A-BY A-BI-[A ™Mur-8-DINGIRE 3
Sar ?-ku-uk LUGAL-ué e-ed-ta nul
Jpt-ja-an har-ta nu-za KURL
Nye-ri-ig-ga-an-ma URU-an[
Jx Sa-an-he-eb-ki-it xf
JMon [grand]-pare Mursil[
}fut un monarque puissant et{
. Jil a donné et le pays{

9"". Ia ville de] Nérik, [
10’. Jil ’a recherchée sans cesse [ lL

Comme nous le montreront les textes examinés dans cette étude,
il faudra attendre Hattusili pour assister 4 la restauration effective
de la ville; ni Muwatalli, ni, vraisemblablement Urhi-Tesub, n’appor-
tarent les aménagements souhaitables.

Cette restauration de Nérik trouve de larges échos dans la littérature

hittite; nous nous bornerons & quelques références : Hatt. III 40,

URU;

  

1 L’on se reportera utilement & louvre de vor Scuuten, Kask., pp. 162 et suiv.,
PP. 186 et suiv.

LA RESTAURATION DE NERIK WW

KUB XXI 19 III 19-20, 27 IV 35-45, ou encore KUB XXII
25 Ro. 321.

Ce sont ces aménagements de Nérik que nous allons pouvoir quelque
pou préciser par Pétude des trois fragments annoneés.

KUB XXI 8.
Ro. II

x+L[ ] ™Mur-5i-DINGIRE!
2’, [LUGAL.GAL UR.SAG I-NA URUNe-r}i-ik pa-it nu-za
DINGIREO™ i-{ja-at
3. A-NA LOMES URUNe-riik BUJL-lu U-UL tak-ki-e-eé-ta
4, [ABA A.GARBEA -ma-ai SSGESTINEYA CSSARETA ja
& hu-u-ya-an-ta la-[a-it
5’. KUR.KUR¥!4-ma-a3-ma-ai] kat-ta ar-ha har-ga-nu-ut
6’. [™ Mu-ya-at-ta-al-li LUGAL].GAL UR.SAG I-NA URUNe-ri-ik
7. [pa-it nu-za I-NA VBU]Ne-ri-ik DINGIREO™
8. ] A-NA LOMES URUNe-rinik B
9’. [U-UL tak-kil-e-e-ta ASA A.GARBEA -ma-ag OSGESTINGEA
10. (SRSAREA ja & hu-w-yja-an-ta la-a-it KUR.KURUA -ma-as-
ma-ak
IV’. [kat-ta alp-ha har-ga-nu-ut ma-a-an-ma SES-[A-ma
12. [LNA URUGe-at-Wi E[GIR] pa-it LOMPS URUGq-a5-ga [
13’, ] ZAG-an i-e-ir nu SES-1A
14’, [am-mu-uk I-N A] VRUHa-ak-mis LUGAL-un i-ja-at
15’. [nu-mu AU URUVe-rj-ik] te-e8-ha-ni-ja-at [

 

  

16. }-8 EGIR-pa e-ep-t[i
1’. ]m La-ba-ar-nal

18"". Jxla-a A-NA [

19"". }u-un{

20"". PROP wun

ar. URUN¢-ri-ik [

22’. nihil

1 KUB XXI 19 IIT + KUB XIV7
19’. nu KUR °®"" Ne-ri-ik EGIR-pa a-de-da-nu-un vRvNe-r{i-ik URU-an
20' EGIR.pa i-e-da-ab-u-un

19"" et ensuite j’améliorai la province de nérik,

20"" jo restaurai 19° la ville de Nérik

KUB XXII 25 Ro. 32: ""* Nexrivikskagan t-e-da-aj-u-un

 ",0,eng,76.8681689947276,False,1648427452.674134,1.75
11,"


 

 

18 P. CORNIL ET R. LEBRUN
Vo. III
V. nihil
cane 87
3. Jua-ar-ri [
4"", ife-ir nu-us[
BY. IEGIR-an-da iz-[
6. Wiq}-2i-el-la-za [
v. J har-ten nu-us-ma xf
8"". mi}-mu EGIR-an-da ya-tar-na-ah-[ta
9. Jnam-ma ku-e-e§ URU-ri e-er
10. [ J INIM-an ya-ah-nu-e-ir
nw. Jnu URU-an Sal-la-har-ta-a-ir
12"". [ jat-at-ten nu U-UL A-NA DINGIRE
13. [ Jnu BMES DINGIRMES ay-ha ya-ar-nu-ut-ten
uw. [ Su)-wm-me-e-e8-ma-sa-at
1. [  n) u @UTUS!ma EGIR-pa ti-ya-nu-un
16. [ ku-it-] ma-an-ma URU-an ti-e-[tua-un
17.
18"". Ka-ru-t ar-ha pi-[
19’, Jnu-kdn A-NA LUMES URU[Ne-ri-ik ?
20"". Jeu-an-zal }
Ro. II
x41. (Lorsque ?)] Mursil
2’. [le grand Roi, le héros] alla [dans la ville de Néjrik, il féta la
divinité,
3’. [aux gens de Nérik] il n’infligea aucun mauvais traitement,
4’. et il libéra [les champs, les campagnes, les vignobles} et les
jardins ¢ huyanta»
5’, mais [pour eux] il détruisit complétement [les régions monta-
gneuses].
6’. [Muwatalli,] le grand [Roi,] le héros 7’. (alla) 6’ dans la ville de
Nérik
7’. {et dans la ville de JNérik, il feta la divinité.
8. [ J aux gens de Nérik
9’. il n'inffligea aucun 8’ mauvais traitement,] mais il 10’ libéra
9 les champs, les campagnes, les vignobles
10’. [et les jardins « huyanta»;] pour eux

 

 

LA RESTAURATION DE NERIK 19

11’. il anéantit [complé}tement 10’ les régions montagneuses. 11
Mais lorsque mon frére
12’. revint [dans le pays hatti], les Gasgas[_ ]
13’. fixérent & (nom de ville) la frontiére; alors mon frére
14’, [me] nomma Roi dans la ville de Hakmis
15’. [et le dieu atmosphérique de Nérik m’] apparut en réve :
16’. J atu reprendras » [
iv. } le Labarna [
18’. pour [
19’. J4finale d’un verbe prétérit 1 p.s. V.A»[
20°. Jla ville de Pun-[
21’. J la ville de Nérik [ ]
22’, nihil
Vo. III
Tet 2’. nihil
3. ] vint (2) en aide [
fijrent, et [
] ensuite [
J le (prétre) consacré [
J vous aviez [ Jetill
] et il me commanda & nouveau [
Jen outre ceux qui dans la ville
[ ] (ils) faussérent le traité
uf ] et ils traitérent la ville de maniére inconsi-
dérée
12. [ ] vous avez pris, et pas pour la divinité
13. [ Jet vous avez bralé de fond en comble les
temples

uw. [ ] vous
6. e}t moi, mon Soleil, je suis revenu
16. [ ] pendant que je restaurais la ville
iv. [ ] j'ai complétement aidé [
18"", déJsormais [
19’. J et pour les hommes de la ville de [Nérik
20. [ 1

 ",0,eng,75.10381732407407,False,1648427454.6789079,1.75
12,"20 P. CORNIL ET R. LEBRUN CoMMENTAIRE Ro. II 2’. [LUGAL.GAL UR.SAG I-NA URUNe-r}i-k : reconstitution sur base de la ligne 6’ de sens paralléle. Quant la localisation de la ville de Nérik, elle n’a pu encore &tre déterminée avec précision. Il est certain que la ville était une des principales du Haut-Pays. A notre connaissance, elle n’est pas mentionnée dans les tablettes cappadociennes, au contraire de Samuha ou Pittiyarik. Selon Gorrzz, RHA I (1930), cette localité serait située au nord-ouest de Hattusa; GARSTANG- Gurney, Geography, songent plutét au sud-est de Hattusa (p. 14 et suiv.); quant & Gitzrpocx, JNES XX (1961) p. 92 et Religion und Kultus, p. 69 rem. 71 il situe la ville aux pieds de l’Ada Dag = montagne Haharwa mentionnée dans plusieurs textes notamment KUB XXI 9. De toute manitre, la ville ne devait pas étre éloignée du territoire Gasga, puisqu’elle fut rapidement occupée par ceux-ci et ce durant une longue période, et d’autre part étre située non loin de Hakmis. (cfr Hakmis, p. 21). On se référera encore utilement & Gortzz, Kleinasien, p. 46 rem. 3 (= localisation entre Amasya et Samsun) et JCS XIV (1960), p. 46; au nord de Hattusa, prés de la frontitre Gasga (LarocuE, Noms des Hittites, p. 268). La fin de la ligne 2’ et la ligne 3’ (début) sont reconstitués @aprés la fin de 7’ et la ligne 8’. Pour la reconstitution du début, cfr 9’. 4 lu-u-ya-an-ta : le terme est précédé du signe de la glose; le mot est louvite et constitue peut-étre un accusatif neutre pluriel sous la forme hittite du participe du verbe huyai- : croitre, augmenter. A cdté des formes attestées hujant- et huyajant-, Von aurait une troisisme forme fayant-, participe conforme aux verbes avec le théme en -di-, huyat- se rattachant & la fois aux thémes en -di- et en -ija- (FriepRicu, Elementarbuch I, p. 94, n° 166b); les formes hujant- et huyaiant- se rattachent aux thémes en -ita- et huyant- aux thémes en -ai-. Comme le signale Frrepricu, HWb, p. 78, le terme s’applique souvent & des plantes, ce qui est bien le cas dans le passage qui nous occupe; lait représente dés lors le prétérit de la- : libérer.    7. 10’. LA RESTAURATION DE NERIK 21 Le sens est trés satisfaisant, puisqu’d la ligne précédente, Yon vient de signaler que le monarque ne cause aucun préjudice aux habitants de Nérik. KUR.KUR#!4-ma-a3-ma-a : reconstitution sur base de 10’; le groupe -ma-as-ma-as = enclitique -ma : mais + -smag : & eux. Il semble raisonnable de songer au successeur de Mursil II puisque Hattusili passe en revue l’attitude de ses prédéces- seurs envers Nérik, et que les lignes suivant le nom du roi sont paralléles 4 celles concernant Mursil II. Nous avons préféré la lecture Mu-ya-at-ta-al-li & NIR.GAL-ié en raison de la largeur de la lacune. cfr. reconstitution du début ligne 2’. cfr. ligne 4’ pour la reconstitution. 12 et 13. allusion & une nouvelle incursion Gasga lors du retour 15. de Muwatalli d’gypte en pays hatti. C’est cette invasion qui sans doute obligea Muwatalli 4 se replier dans le Bas-Pays & Datassa, tandis que Hattusili devenu roi du Haut-Pays devait le nettoyer de la présence des Gasgas (cfr. 4 ce sujet Hatt. 1 75 - II 3, II 16-18, KBo VI 29 I 22-32). A la ligne 13’, devant ZAG-an doit figurer le nom de la ville frontiére avec le territoire Gasga. am-mu-uk ou am-mu-uk/g-k/ga; comme la phrase ne débute pas par nu-mu, la lecture du pronom personnel de la 17° personne s’impose. Pour la localisation de Hakmis : cfr. Gortzz, RHA 1 (1930) p. 22 rem. 23, RHA 61 (1957), p. 92 et suiv., Kleinasien, p. 46, rem. 4 (= aprés Amasya), GARSTANG-GURNEY, Geography, pp. 38, 40-42, 44, 45. La ville de Hakmis doit se situer non loin de Nérik ; les deux villes sont d’ailleurs étroitement associées dans les textes, et le trajet du roi de l’une & J’autre semble étre assez aisé et fréquent; cfr. notamment KUB V 1 II 45 : «4 UTUS!tdn URUNe-ri-ga-az ar-ha EGIR-pa Ya ak-pi§ u-izzi : le Roi revient de Nérik 4 Hakpis. La variante Hakmis/Hakpis ne doit pas nous étonner, car l’alternance m/p se rencontre en hittite, comme par exemple URUSa-mu-ha - URUSa-pu-ha (KUB XXV 32 II 54, KBo XVII 79 9’, KUB XL 52 IV 4’, IBoT II 20 + I 22 9’ ..). Théophanie du dieu atmosphérique de Nérik pour donner au roi des conseils dans l’exercice de son pouvoir. A noter que dans Pautobiographie de Hattusili, les théophanies sont le fait d’Istar de Samuha.",0,eng,88.3820444117647,False,1648427460.6857631,2.0865384615384617
13,"22 P. CORNIL ET R. LEBRUN Vo, III 3. yarri- : les lacunes étant tellement importantes, il est difficile de dire s'il s’agit d’une forme du substantif yarri- ou d’une forme du verbe yarrisa : venir en aide.                 6’, LWU¢q]-zi-el-la-za : ablatif de “Ujazelli-. Le terme désigne une fonction sacerdotale, et doit étre d’origine hattie, puisque «le nom et la fonction de ce prétre n’apparaissent que dans des rituels et fétes du culte hatti (en particulier la tablette de Kella de Nérik, récit d’Illuyanka)», Larocur, RA 48 (1954) p. 48. La forme Yta-ze-el-le-en-na qui avait été prise pour un pluriel hourrite (FrrepRicu, HWb p. 219 corrigé dans Erg. 1, p. 21) s’explique par le hittite : cfr KUB XXV 2112, VI 17: LUSANGA SALAMA. DINGIRY UW yq-2¢-cl-le- en-na ar-nu-ya-an-zi, ou tazellenna représente un acc.sing. du type tazellin + a = et; pour le nom propre, cfr. KBo XVI 78 IV 12, 49 I 3’, 13; pour Kammenuuser, il s’agit d’un nom de profession emprunté au hatti, cfr. Or. NS. 39 (1970) p. 558. 8’. ya-tar-na-ah-[ta : la 3° personne semble s’imposer en raison du début de la ligne nu-mu qui exclut en tous cas la 1¢ personne. 13’, Allusions aux déprédations des temples par les Gasgas. KUB XXI 9. Ro. V. [nihil 2, JWi-t-fa-[at 3°. KUR URU]§-Jda-ha-ra-an KUR U8UGa-8i-im-ma KUR URUL 4, Jhar-ni-ik-ta nam-ma-as-kén HUR.SAG Pi-[ BY. JKUR UU 0 KUR URE 6. yal-al-ah-ta ™AS§-du-ya-ra-i-in-nal, 7. UR Ne-ri-ik-kas-an ti-e-da-aS na-an x 8. elep-ta KUR.KURE! A-ja-81 hu-w-ma-an-da za-ah-hi-[ir 9. URUWe-ri-ik-kas-az ar-ha u-i-ja-at x{ 10’. m Ha)-ad-du-8i-li-ié LUGAL KUR UBUHa-ak-ki-me-iSL lw. a-pi-e-da-ni MU.KAMtil. .Yta-an 12’, Jou LA RESTAURATION DE NERIK 23 Colophon DUJB QA-TI SA HUR.SAG Ha-har-[ua par-ku-ya-ja-ak Ro. TV’. nihil Jala 3’. la province d’Is]dahara, la province de Gasimma, la province de[ 4’. il anéantit (complétement ?) ; en outre il (verbe) la montagne Pi-[ 6’. Il battit [ a province de Haz 6’. et Asduwari [ ] la province de Hanita et la     7. ] il reconstruisit Nérik et il la [ 8’. Jprit 4 nouveau? et toutes les régions luttérent contre lui [ 9. ] il partit de la ville de Nérik [ 10’. Hajttusili, le Roi de Hakmis[, il’. cette année [ 12’, nihil. Colophon. la ta}blette de la montagne Haharwa est finie [ J les purs [ ] CoMMENTAIRE : 3’. La ville d’Isdahara est connue par Hatt. II 62; avec Hakmis, cette ville du Haut-Pays était au service de Hattusili: 61 wees KUR UU Ha-ak-pis-Sa-ma-mu 62. KUR UBUI§-ta-ha-ra- ja TR-an-ni   f-e8-ta nu-mu I-NA KUR URUHa-ak-pis-Sa 63. LUGAL-un i-ja-at : il donna & mon service la province de Hakpis et la province d’Istahara, et il me créa Roi dans la province de Hakpis. Cette ville est située non loin de Nérik, cfr. GaARSTANG-GURNEY, Geography, pp. 6, 8, 10, 14, 18, 19, 23, 26. La ville de Gasimma ne devait pas étre non plus trés éloignée de Nérik, sans qu’il soit possible de déterminer davantage sa posi- tion. Peut-tre est-ce une variante de KUR URUGq-as-Si-ia-a mentionnée en Hatt. II 60, autre variante de la ville Kassiya, efr GaRsTANG-GURNEY, Geography, pp. 6. 27, 40, 43, 108.  ",0,eng,80.70291518181818,False,1648427465.369565,2.0865384615384617
14,"P. CORNIL ET R. LEBRUN Ha-ni-ta : ville de localisation inconnue, non mentionnée dans Garstanc-Gurney, Geography. mA§-du-ya-ra-i-in-na : Acc. sing. de ASduyari- + particule enclitique -a = et; pour ce nom cfr Larocus, Noms des Hittites, p. 46. Mentionné en KUB XXII 51 Ro. 14, Vo. 2, Voeu de Puduhépa, II 10, KUB XXVI 35 4. Colophon. Haharya : montagne dans le massif de laquelle serait située la ville de Nérik. Elle correspondrait & l’actuel Ada Dag, cfr Girerzocx, JNES XX (1961), p. 94. Hattusili III y organisa une expédition militaire d’aprts KUB V 1 Ro. 95, ou du moins en avait l’intention : na-a HUR.SAG Ha-har-ya-ma ku-ya-pi har-qa-nu-mi : si je détruis la montagne Haharwa. Cette montagne joue un réle dansles rituels, car elle est considérée comme une divinité : offrandes en KBo II 4 Ro. I 6-11 et KBo IX 138 7’ par exemple. Le dieu atmosphérique de Nérik y est vénéré, comme nous le voyons par KUB XXXVI 90 Ro. 18-20 et KBo XVI 81 I 3-4. Localisation aussi dans GaRsTaNg-GURNEY Geography, pp. 7 et 117; CorNELius pense plutét & Yildiz dag, cfr. Or. NS, 27 (1958), pp. 231-233, 291. KUB XXI1 11. Ro. ow mH a-at-tu-8i-Ii NA-RA-AM 9U URUNe-ri-4k hu-u-ma-an-]te-eS ku-ru-ri-ja-ah-hi-ir -nija KUR URUG-ra-ah-na ya-tar]-na-ah-hi-ir EGIR]-pa ya-al-hi-5-ki-ir ku-i-e-Je§ e-Sir ™Ha-at tlu-Si-li-in Ya-ak-ki-me-t8-8 }ta nu-za URU fu-u-   ma-an-te-e§ KUR KUR UBUfa-at-te-na EGJIR Sa-an-hu-un   x ka-li-mu-na-an-na URU Ne-ri-i}k-kas-na ti-e-tus-un Jiz-za LA RESTAURATION DE NERIK 25              Vo. I. )-ma-za 2. URU tar-na-i 3 ] EZEN nu-un-tar-a8 ku-i-e-e8 a8-Sa-nu-us-kan-2t 4’, ] EZEN 2é-na-an-za GIM-an V2 Na-az 5. EN/IA e-e3-ta nu-mu 4 U URUNe-r-ik 6’. [LUGAL-un i-ja-at SAUP|u-du-hi-pa-an-ma SAL.LUGAL i-ja-at 7. ku-i-e-e8] e-Sir EZEN Cl 8. JRU Ha-ak-ki-meaS 9. ]x-e-en 84 4 U PRU rik ZAG.GAR.RA iw. JEZEN ha-me-e8-ha-da-a5-Sa{, ] Ro. 1. HattusiJli, chéri du dieu atmosphérique de Nérik, 2. tou]s firent la guerre 3. ] la province de Garahna 4, ] commandérent 5. ] recommencérent a se battre 6. ] qui étaient 7. ] Hattusili dans la ville de Hakmis 8. ] il (verbe au prétérit) et toutes les cités gasgas 9. la province d’IstahJara, la province de Hattena 10. ] je me souciai ] 12. ] j’ai reconstruit la ville de Nérik 13. nihil Vo. V'. nihil ] il abandonna la ville de Nérik  ",0,eng,78.13479923733334,False,1648427471.9543612,2.0865384615384617
15,"26 P, CORNIL ET R. LEBRUN     3, ] qui pourvoient la féte « nun- tara» 4, ] la féte « zénanza»; lorsque avec de la viande rituellement pure 5. ] était mon maitre, le dieu atmosphéri- que de Nérik me 6’. [eréa Roi et créa P]uduhépa Reine 7. ] qui? étaient; justement pour lui la féte du « flam- beau» 8. ] la ville de Hakmis 9. verbe] ] la table d’offrande du dieu atmosphérique de Nérik Vv. ] et la féte du printemps. CoMMENTAIRE. 3. URUGa-ra-ah-na : souvent noté Karahna. Localité du pays hatti d’aprés KBo V 8 I 5 = AM 146; mentionné aussi en Hatt. II 31; & l’époque des colonies assyriennes, cette ville constituait un wabartum. Localisation, cfr. GaRsTANG-GURNEY, Geography, pp. 8, 22, 25, 117. Le culte de 4 KAL était célébre; le dieu est représenté comme se tenant debout sur son animal sacré, le cerf, tenant de la main droite un faucon et un liévre et de la gauche un «lituus», cfr. notamment Gurney, Hittites, pp. 137-138. 7. URU Hq-ak-ki-me-i8-8 : Datif-locatif de Hakmis. 9, URU7q-at-te-na : la province de Hattena est mentionnée aussi en Hatt. II 58, entre les provinces de Darahna et Turmitta. D’aprés Garstanc-GuRNEY, Geography, p. 14, cette ville corres- pond l’actuelle Sulu Saray, soit la classique Sebastopolis. Vo. 3’. EZEN nuntaraé : «la féte de la rapidité». Variante pour la déno- mination habituelle EZEN nuntar(r)ijashas qui représente une forme augmentée & l’aide du suffixe -Sha- (Kronasser, Etym. p. 167); nuntaras représente le gén. sing. de nuntar et est attesté 4’, LA RESTAURATION DE NERIK 27 en KUB II 1 II 49. Plusieurs textes traitent de cette féte : KUB II 9, IX 16, X 48, XI 34, XX 70, XX 80, XXV 12 et 14; KBo III 25, IBoT II 8, KBo XVI 98. Cette féte désigne le voyage KBo III 25, IBoT II 8, et peut-étre KBo XVI 98 Ro. II 13-16. Cette féte désigne le voyage cultuel accompli par le Roi, la Reine et le prince héritier durant I’hiver depuis Hattusa vers Nérik et Arinna. Dans toutes les localités ot passe la famille royale a lieu un grand rassemblement populaire : le Salli agesSar, accompagné d'une féte particuliére. La féte de la rapidité semble avoir été une des plus importantes de l’année; une prétresse, la NIN. DINGIR : scour du dieu, veillait au bon déroulement de celle-ci. Il faut noter que lors de la féte nuntaraS des offrandes ont lieu en ’honneur du dieu atmosphérique de Nérik & Katapa, ville étape sur le chemin de Nérik (KUB X 48 Ro. II 11-12 et KUB IX 16 Vo. 5’); d’aprés KUB IX 16 justement, ta- blette de l’époque de Mursil II, l’offrande et la féte en hon- neur du dieu atmosphérique de Nérik se déroulent 4 Katapa, sans mention de Nérik; GireRBock, JNES XX (1961), pense que sous Mursil II les fétes avaient encore lieu & Katapa parce que Nérik se trouvait toujours aux mains des Gasgas. Plus tard, l’on aurait conservé un certain souvenir de cet ancien haut lieu de culte. Le treiziéme jour de ce voyage, une féte était célébrée & Hattusa (KUB X 48 II 20-22 et KUB II 15 Vo. V 16 sqq.) Enfin, rappelons que le pendant printanier de la féte nuntara’ était la fete AN.TAH.SUMSA4®), cfr Gorrze, Kleinasien, p. 165 et RHA 61 (1957) p. 91 sqq.; pour les fétes des saisons, on consultera utilement Cornetius, Actes XVII Rencontre Assyriologique, 1969, pp. 171-174 et GUTERBOCK, idem, pp. 175-180. aSSanuskanzi : 3p.pl. de V'ind.prés./fut. de adsanusk-, itératif de assanu-. EZEN 2é-na-an-za : féte de l’automne; variante pour l’habituel EZEN™ES zé-e-na-an-da-as en KUB XV 28 III 9° notamment; il s’agit ici du nominatif singulier d’un théme zénant-. Pour la nomination de Hattusili III et Puduhépa comme souverains de Hakmissa, cfr Hatt. II 61-64, ot leur nomination est attribuée & Muwatalli, tout comme en KUB XXI 8 II 14’; intervention du dieu atmosphérique de Nérik est également",0,eng,87.6125125439394,False,1648427477.1816478,2.0865384615384617
16,"28 99 Il’. P. CORNIL ET R. LEBRUN soulignée en KBo VI 29 I 26. A propos de Hattusili, roi de Hakmis, cfr. aussi Hatt. IV 42. EZEN zu-up-pa-ru : la féte du flambeau. Le terme zuppari/u- est sans doute emprunté a l’accadien TIPARU (Fried. HWb. p. 263). Cette féte est propre au dieu atmosphérique de Nérik et se célébre & Nérik en présence du Roi. Elle est également connue & Datassa oi elle se déroule en ’honneur du dieu Sauma- dari (KUB XV 19, 11 sqq.). Nous connaissons peu de choses sur la signification de cette féte; un des actes essen- tiels réside dans le fait qu’un dignitaire (GAL. 8U.I ou le : grand «barbier> ou gardien de la porte) jette sur la route devant le roi un flambeau : cfr. KUB XX 10 Ro. III 1-11, et dans ce texte surtout ta-aé URUNe-ri-ik-kas t-{a-an-na-i GAL.LUMES §U.I-ma-as-3a-an GIS 2y-up-pa-ru KASKAL-& da-a-¢ ta ta-ma-t $a-a-ku-ua-an lu-uk-ki-iz-xi Et 2. il voyage 1. vers Nérik, et le grand barbier met un flambeau sur la route puis 5. il met le feu 4. & un autre flambeau étincelant ? Méme rite (sauf que le flambeau est jeté & gauche de la route) en KUB 88 Vo. VI 10-12. Cette féte se célébre lorsque le Roi quitte Nérik. Peut-étre s’agit-il d’une féte de purification EZEN hameghada$: Il s’agit de la féte du printemps célébrée en l’honneur du dieu atmosphérique de Nérik. Cette féte du renouveau est l’occasion de grandes offrandes d’animaux et de libations. (KUB XXXVIII 25 I 11'-13' et II 7’-10’). LA RESTAURATION DE NERIK 29 BIBLIOGRAPHIE ABoT, Kemal Balkan, Ankara Arkeoloji Miizesinde bulunan Bogazkoy Tabletleri, Istan- bul 1948. Benveniste E., Hittite et indo-ewropéen (Bibliotheque archéologique et historique de PInstitut frangais d’archéologie d’Istanbul, V), Paris, 1962. Borssrer A., Mantique = Mantique babylonienne et mantique hittite, Paris 1935. Bosszrr H.Th., Asia, Istanbul 1946. BSL, Bulletin de la société linguistique de Paris, 1871 ff. Farepaicu J., Hethitisches Elementarbuch, I, 2° édition, Heidelberg 1960. Farepatcu J., HWb = Hethitisches Wérterbuch, Heidelberg 1952-1954, Les suppléments sont indiqués par la mention Erg. 1, 2, ou 3 = Erganzungsheft zum HW. (1957), 2 (1961), 3 (1966). Ganstano J. & Gurney 0. R., Geography = The Geography of the Hittite Empire (Occasional Publications of the British Institute of Archaeology at Ankara n° 5), London 1959. Goxraz A., AM = Die Annalen des Mursilis, MVAeG 38, Leipzig 1933. Gonrze A., Hatt. = Hattusilis, Der Bericht iiber seine Thronbesteigung nebst den Paral- lelentexten, MVAcG 29, Leipzig 1925. + Neue Bruchatiicke zum grofen Text des Hattusilis und den Paralleltexten, MV 34-2, Leipzig 1930. Gorrzz A., Kizzuwatna and the Problem of Hittite Geography (Yale Oriental Series Researches, XXII), New Haven 1940. Goxrzx A., Kleinasien (Miiller, Handbuch der Altertumswissenschaft, III, I), 2¢ édition, Miinchen 1957. Gurxgy O.R., Hittites = The Hittites, Penguin books, A 259, 2¢ édition 1954. Girernock H.G., Religion und Kultus = Religion und Kultus der Hethiter, Neuere Hethiterforschung, Horausgegeben von G. Walser, Wiesbaden 1964. IBoT, Istanbul Arkeoloji Miizelerinde bulunan Bogazkiy Tabletleri, Istanbul 1944 ff. JCS, Journal of Cuneiform Studies, New Haven 1947 ff. IKF, Jahrbuch fiir Kleinasiatische Forschung, Heidelberg 1950 ff. INES, Journal of Near Eastern Studies, Chicago 1942 ff. KBo, Keilschrifttexte aus Boghazkoi, Wissenschafiliche Veréffentlichungen der Deutschen Orientgesellschaft, Heft 1-6, Leipzig 1916-1921 (1-4 zusammen herausgegeben 1923). Heft 7 ff. Berlin 1954 ff. Kronassur H., Etym., = Etymologie der Hethitischen Sprache, Band 1, Wiesbaden 1966. KUB, Keilschrifturkunden aus Boghazkoi, Berlin 1921 ff., herausgegeben von der Deut: schen Akademie der Wissenschaften zu Berlin, Institute fiir Orientforschung. Kioret, H.M., Ersatzrituale—Ersatzrituale fiir den hethitischen Konig, Studien 2u den Bogazkéy-Texten, Heft 3 (StBot 3), Wiesbaden 1967. Language, Journal of the Linguistic Society of America, Baltimore 1925 ff. Lanocus E., Hléments Pharuspicine hittite, RHA 54 (1952). Lanocus E., Vou de Puduhépa, RA XLII 1949. Lanoons E., Noms des Hittites = Les nome des Hittites, Paris 1966. Lanocue E., Recherches = Recherches sur les noms des diewx hittites, Paris 1947 (aussi RHA 46(1946.47)). MVAcG, Mitteilungen der Vorderasiatisch-Aegyptischen Gesellschaft, Berlin 1896-1908, Leipzig 1909 ff. Or.NS, Orientalia. Commentarii Periodici Pontificii Instituti Biblici. 1932 ff.",0,eng,85.96852034718101,False,1648427482.4575071,2.2604166666666665
17,"30 P. CORNIL ET R. LEBRUN Orren H., Pirwa der Gott auf dem Pferde, JK¥ II 1951. Orren H., TR = Hethitische Totenrituale (Deutsche Akademie der Wissenschaften zu Berlin, Institut fiir Orientforschung n° 37) Berlin 1958. Orren H. & Sovésx V1., Das Geliibde der Kénigin Puduhepa an die Gottin Lelwani, Studien zu den Bogazkéy-Texten, Heft 1 (StBoT 1), Wiesbaden 1965. RA, Revue @assyriologie et d’archéologie orientale, Paris 1886 ff. RHA, Revue Hittite et asianique, Paris 1980 ff. von BraNDENSTEIN C.G., Bildbeschreibungen = Hethitische Gétter nach Bildbeschrei= bungen in Keilschrifitexten, Mitteilungen der Vorderasiatisch-igyptischen Gesell- schaft, XLVI, (2) 1943, Revu par H.G. GtirERnocx dans Orientalia NS XV 1946, pp. 482-496. von Scuvter E., Kask, = Die Kaskaer, Hin Beitrag zur Ethnographie des alten Kleinasien. Berlin 1965.   Addendum : On consultera avec intérét au sujet de Nérik Vouvrage de Haas V., Der Kult von Nerik, Studia Pohl 4, Papstliches Bibelinstitut, Rom. 1970, étude parue au moment ot le manuserit de notre travail se trouvait déja déposé chez l’imprimeur. EINIGE BEMERKUNGEN UBER DIE ABLEITUNGEN UND DIE FLEXION HETHITISCHER -U-STAMME durch J.J.S. WEITENBERG Es darf als bekannt vorausgesetzt werden, dass die hethitischen -u-Stiimme einen Unterschied zeigen zwischen Substantiven und Adjektiven mit Hinsicht auf die Flexion. Diesen Unterschied kann man nach Friedrich HE? § 74, a folgendermassen beschreiben : die adjektivischen -u-Stémme zeigen in allen Kasus ausser dem Nom. Sg.C., Acc.Sg.C., Nom.-Acc.Sg.nt. (und dem Voc.8g.) einen Einschub von -a- vor dem Themavokal, wihrend bei den substantivischen -u-Stimmen diese Erscheinung nicht festgestellt wird 1. Es ist allgemein anerkannt, dass diese Tatsache auf Ablaut zuriick- zufiihren ist, wobei die Lautfolge -aw- die Hochstufe repriisentiert *. Daraus ergibt sich, dass der Ablaut in diesem Falle dazu dient, die Substantive gegen die Adjektive abzugrenzen. Bis jetzt hat man diesen Tatbestand interpretiert als eine hethitische Neuerung im Verhiltnis zu den iibrigen indogermanischen Sprachen °, und wohl deswegen, weil in den iibrigen indogermanischen Sprachen der Ablaut in der Flexion der -u-Stémme, obwohl vorhanden, nicht auf obenbeschriebener Art verteilt ist. Man unterscheidet im Indo- germanischen zwar zwei Typen mit durchgehender Flexion, einerseits von der Nullstufe, andrerseits von der Hochstufe des Stammes heraus, aber der Grund dieser Erscheinung scheint nicht im Unterschied zwischen Substantiven und Adjektiven zu liegen, und kann nicht als ohne weiteres geklart betrachtet werden ¢.Wir werden unten kurz 1 Die Ansicht Frrepricus, HE? § 70, a, dass auch im Instr. Sg-keine Ablaut auftritt, trifft 2u bei den -iStémmen, scheint aber hinsichtlich der -u-Stémme durch den einzig belegten Instr.Sg. (adjektivisch) assawet nicht gestiitzt 2u werden. 2 So z. B. Frrmpricu, HE? § 70, a mit Litt. Kawmunauner, Handb. d. Orient. II, 2 1969 (Handb.) § 19, 2. § 40, 2. 3 Vgl. Soman, HAB 197, Anm., 2. Kronasser, VLFL, 8. 114. Kammennusen Handb. 1.c. 4 So z. B. Szuminunvt, HinJl. in die vergl. Sprachwissensch. (Darmstadt 1970), 8. 160 ff. mit Litt.",0,eng,87.24007914072496,False,1648427486.6869152,2.2604166666666665
18,"32 JJ.S8. WEITENBERG auf die indogermanischen Verhaltnisse zu sprechen kommen und hier nur feststellen, dass die (auch indogermanische) Trennung der Flexionstypen im Hethitischen als funktionell in einem System geordnet erscheint. Es ware darum niitzlich und auch wichtig zu unter- suchen, inwieweit das Hethitische selbst Anlass dazu gibt, um die auf obengenannte Weise verteilte Ablautsflexion als Neuerung zu betrachten den anderen Sprachen gegeniiber. Wir hoffen an dieser Stelle nur zeigen zu kénnen, das es durchaus méglich ist, in Bezug auf die -u-Stémme die Hypothese zu formiilieren, dass die oben skizzierte Situation vom Hethitischen her nicht als Neuerung zu beweisen ist, dass also eine eventuelle Neuerung schon vorhethitisch (und wahrscheinlich schon voranatolisch) sein muss. Dazu miissen die Abweichungen von der obengenannten « Regel» innerhethitisch erklirt werden kénnen, statt als Beweis fiir Neuerung angefiihrt zu werden, Diese Auffassung kénnte weiter gestiitzt werden durch den Nachweis, dass eine ahnliche Ablautsverteilung auch fest- zustellen ist bei Ableitungen von -u-Stémmen mittels einigen produk- tiven Suffixen. Diese funktionelle Verwendung des Ablauts wire also tief im System verankert. Eingeschrankt allerdings wird die Giiltigkeit dieser _Hypothese durch einige praktische Uberlegungen : Dieser Artikel ist das vorliufige Resultat einer beschrankten Unter suchung der hethitischen -u-Stamme. Die Tatsache, dass die -i-Stimme weitgehend mit den -u-Stémmen iibereinstimmen in ihrer Flexion ist nicht beriicksichtigt worden. Weiter stand nur publiziertes Material zur Verfiigung und vor allem ist nicht untersucht worden, inwieweit das Althethitische unsere Auffassung bestitigt. Eine umfassendere Untersuchung ist fiir eine geplante Dissertation vorgesehen. I. Dre Frexton per -v-Srimme 5 A. Die Substantive Alle Substantive werden (nach Friedrich HE* § 73) flektiert ohne Ablaut des Stammvokals mit Ausnahme von : einer Gruppe substantivisch funktionierender Adjektive dem Wort heu- ~zwei Sonderfillen. 5 Alle Belege nach Farepricn, HWb. und Erganzungeh. DIE HETHITISCHEN -U-STAMME 33 Wir méchten versuchen diese Ausnahmen im Rahmen der hethiti- schen Tatsachen innersprachlich zu erkliren, wobei sie sich also als sekundar gegeniiber die « normale» Flexion herausstellen. Das Wort «sekundar» muss also hier verstanden werden als « innerhethitisch neugebildet ». Substantivisch verwendete Adjektive : Adjektive in substantivischer Funktion werden flektiert wie Sub- stantive mit durchgehender Nullstufe des Stammvokals mit Ausnahme von : pangawas (neben pankus) : panku-C. « Gesamtheit» (Adj. « gesamt ») *. Dat.-Loc.Sg. pangawi (neben « endungslosem» panku-ssi ?) ’. AbLSg. assawaz  (neben assuwaz) : assu-nt. «Gut» (Adj.«gut») assawit  (neben assuit). Diese hochstufigen Formen lassen sich leicht erkléren als Bildungen unter der Einfluss der korrespondierenden Formen dieser Worter in adjektivischer Funktion, genauso wie man es im umgekehrten Falle fiir die Adjective annimmt. Die nebengestellten « normalen » Bildungen mit Tiefstufe zeigen, dass es hier um Schwankungen geht. Damit ware also ein erster Grund gefunden fiir eine mégliche Ent- gleisung innerhalb des Hethitischen : gerade bei den Wortern, die je nach Funktion mit anderer Ablautsstufe flektiert wurden, miisste der Begriff der tieferen Bedeutung dieses Ablauts am ehesten ver- schwinden. Das Wort heu-C. « Regen» *: Sg. Nom.C. heus (hé-e-u8, hé -e-u-u8) Acc.C. heun (hé-e-un, hé-i-G-un) hewas (hé-e-u-wa-a3) heyawas (hé-e-ya-u-wa-a8) heauit (hé-e-a-u-it) ® §. auch noch Gozrzz, JCS 22, 1968, 20. Zur Etymologie, Poromt, Pratidinam 98 ff. (Idg. penkWe- ¢ fiinf») 7 Zu pankussi als endungsloser Dat. HAHN, JAOS 85, 1965, 299 f. 8 Belege, wenn ohne Angaben, nach HWb und Farepaice, Staatev. II, 32 ff. 166. Intereesant ist auch die von Friedrich I.c. 166 mitgeteilte Form hemus (Acc.PI.C?).",0,eng,86.66869841316272,False,1648427491.766229,2.0865384615384617
19,"34 J.J.S. WEITENBERG Pl. Nom.C hewes (hé-e-u-e-e3) heyawes (hé-e-ya-u-e-e’ KUB XXIX, 11 27; hé-e-a-u-e-e8 XXIX, 3 Vs. I, 8) Acc.C. heus (hé-e-u8, hé-e-u-[uJ8) heamus (hi-e-a-mu-u8) Die (teils) hochstufige Flexion dieses Wortes wird von Kammen- huber interpretiert als Beweis dafiir, dass es im Hethitischen noch Spuren gibt von Ablautresten in der Flexion der Substantive. Man muss aber erstens darauf hinweisen, dass dieses Wort doppelte Formen mit und ohne Ablaut besitzt, sodass man es auch interpretieren kann wie die obenbeschriebene Gruppe von Substantiven in adjektivi- scher Funktion. An und fiir sich ist dies nicht unméglich : die Herkunft des Wortes ist unbekannt (die etymologische Verbindung mit griech. Bev 1° ist wohl verfehit). In Anlehnung an Kronasser "" kénnte man auch die Ansetzung des Wortes als -u-Stam bezweifeln. Kronasser kommt unter Heranziehung einer méglichen Lautung /ye/ des Zeichens E und /wa/ des Zeichens U (und auch U) zur Annahme eines -a-Stammes *heyawa-. Diese Auf- fassung aber wird mit einiger Zuriickhaltung betrachtet 1%. Ausserdem interpretiert auch Kronasser selbst den Acc.Sg.C. hé-i-t-un als /heya- wun/, was sich mit einem Stamm heyawa- nicht vereinigen lasst. Man kann auf anderem Wege zu dhnlichen Resultaten kommen, und zwar durch eine Betrachtung der Ableitungen von heu-. hewannesk- (neben hejawannesk-) «regnen» ist gebildet mit dem Suffix -annai-/-annija- (mit -sk-). Nach Friedrich HE® § 137 ist das Wort aufzufassen als Durativ (-Iterativ) 13, nach Kronasser EHS § 216, 2 als Kausativ («regnen lassen») Diese Ableitung hilft uns kaum weiter, weil Verben auf -annai-/-annija- deverbal sowie denomi- nativ sein kénnen und weil auch hier zwei Bildungen vorliegen. Man kann als Grundwort dieser Verben ein Substantiv heu- oder heyaw- annehmen oder ein Verbum *hewai-, heyawai-. Eins aber kénnte hieraus gelernt werden falls die Bildung heja- wannesk- als deverbal aufzufassen ist, weist das anzunehmende Wort *heyawai- nicht auf ein zu Grunde liegendes Nomen heu-. Denn         ° Kammennuper Handb., § 40, 2 10 Krerscumer, WZKM 52, 1953, 249. 11 Kronasser, EHS § 58, 1 12 §.2.B. Nev Kratylos 12, 1967, 160 f. 18 Vgl. Orren, StBoT 8, 74, der auf Grund althetithischen Materials die « durative» Funktion nicht anerkannt. DIE HETHITISCHEN -U-STAMME 35 alle -u-Stiémme, Substantive sowie Adjektive, bilden ihre Verba denominativa ohne Abstufung des Stammvokals14. Mann koénnte also *hejawai- nur auffassen als abgeleitet von einem Nomen *heyau- oder *heyawa-. Das Verhdltnis von *hewai- und *heyawai- ware damit also kein ablautbedingtes Verhdltnis. Eine andere Ableitung des Wortes heu- ist aufschlussreicher (UR]UDUheyawalli-C. « Regenrinne 15, eine Bildung die deverbal oder denominal aufgefasst werden kann. Im ersten Fall miissen wir auf ein Verbum *heyawai- schliessen. Bei Annahme denominativer Bil- dung ist dies klar, dass das Grundwort nicht heu- sein kann : substan- tivische wie adjektivische -u-Stamme bilden Ableitungen mit-al())a/i- nicht von der Hochstufe her, soweit ersichtlich 1%. Das bedeutet, dass diese Ableitung durchschlaggebend sein muss in der Frage nach den richtigen Stammeslaut von heu-. Entweder komt man direkt zur Annahme eines Stammes heyau- (oder heyawa-), oder indirekt durch das denominative Verbum *heyawai-. 14 Die einzige(scheinbare) *innarawai- von innaru- im Verb. S. in-na-ra-w[a- u?Jaar (Kronasser EHS § 163, C, 3 mit Beleg und Litt.) ist im essentiellen Teil erginzt und deshalb unsicher. Die Form innarawasmas, wenn aufgefasst als Gen.Sg. des Verb.S., innarawas (und -smas), deutet auf ein Verbum *innarai-. 15 Bedeutung nicht ganz sicher. Nach HWb mit Litt. ist der Stamm hejawalla- (so auch KronassEr, EHS § 99, 1, der deverbale oder denominale Bildung annimmt). Das Wort ist -i-Stamm nach v. Schuler Dienstanw. 53, v. Brock, RHA 71, 1962, 82 ff. (der deverbale Herkunft annimmt). 16 Bildungen auf -awa(I)la/i- sind (vgl. v. Brock, RHA 71, 1962, 82 ff., Knonasszr, EHS § 99. § 118. Soummr, AU 41-45): ajawala-C, « Stellvertreter ? » (Zu luw. aja- ¢ ma- chen?» oder mit wurzelhaftem -u- und zu aiwant-» (Préd. von ITU)» ? Somater, le. 50). tarassawala-C. ¢ Sachverwalter » (Zu unklarem tarassis : Kronasser, Le., § 99, 7 oder zu verbinden mit tar!-8u-wa-an-ni (so liest Larocne, RHA, 57, 1955, 114 : IBoT 3, 1431.3)? annawali- «gleichrangig» (wozu auch S4Uan-na-wa-la?-na’. a8-8a. Sommer, AU 55 Anm. 51). Zu annawanna- (Kronasser, EHS § 118, 2) oder *annu- und -ali-(v. Brock, Le., 115)? mawalli- ¢ (Pferd) von 4 (Jahren 0.4)» v. Brook, lc. 112 zu mawa- ¢4» a-u-wa-al- la-a8 (Somnter, AU 387 2u aja-. v. Brock, L.c., zu au- + sehen ») luw. manawallaimi- ¢?9 v. Brock, l.c., 119). luw. * tattawali- in tattawaliti (DLL). v. Broox, l.c., 120. v. Brock l.c., 95 ist dazu geneigt, die Mahrzahl der Worter auf -awala- als luwisch zu betrachten (wie Soamr, l.c.). Andrerseits zeigt seine Auffassung von annawali-, dass er hochstufige Ableitung von -u-Stimmen annimmt. Sichere Indizien dafir gibt es kaum, Die Sache wird noch dadurch kompliziert, dass auch ein Suffix -wala existiert.",0,eng,85.88809720387097,False,1648427498.1606421,2.0865384615384617
20,"


36 J.J.8. WEITENBERG

Die bis jetzt als «hochstufig» interpretierten Formen von heu-
sind also wohl als urspriinglich zu betrachten, was zu einem Stamm
heyau- passen wiirde. Die «tiefstufigen» Formen dieses Stammes
kénnte man erkliren als entstanden auf lautlichem (oder orthographi-
schem?) Grund, wobei man die Alternation e/i:ija zur Erklérung
heranzicht und Kronassers Ansicht wenigsten im Ergebnis volgen kann.
Hin shnlicher Fall liegt vor bei meu- « vier» (s.u.). Damit ware der
Ablaut in diesem Stamm als optisches Trugbild beseitigt.

Sonderfiille

Der Ace.PLC. DINGIR-mus, wenn aufigefasst als *siwamus, von
siu- «Gott» 17 ware ein Argument gegen die Auffassung der nicht-
ablautenden Kasusbildung der substantivischen -u-Stémmen. Man
kann diese Form aber auch mit v. Schuler '¥ auffassen als *simus fiir
gesprochenes /siwus/. Die verwendung des Ideogrammes lisst uns
nicht weiter sehen. Es bleibt auch méglich, dass sich hier ein ganz
anderes Wort versteckt 18,

Der Ace.P1.C. wappamus von wappu- C./nt. « Flussufer» in einem
sonst substantivisch flektierten Wort. Dies muss der einzige Fall
bleiben, worin eine adjektivische Flexionsform bei einem Substantiv
unerklirt bleibt. Die Bildung von wappu- ist nicht zu analysieren
und auch darin ist also keine Lésung zu finden.

Zusammenfassend kann man sagen, dass mit einer Ausnahme
alle die ablautenden Bildungen bei substantivischen -u-Stémmen als
sekundar betrachtet werden kénnen. Der wohl wichtigste Grund
dieser gelegentlichen Entgleisungen liegt bei den Wortern, die substan-
tivische und adjektivische Bedeutung und Flexion haben kénnen.

Auch die Form wappamus lisst sich wohl in diesem Rahmen erkliren.

 

B. Die Adjektive

Alle adjektivischen -u-Stamme werden nach Friedrich HE* § 74
flektiert mit Ablaut in den obliquen Kasus ausser :
-einem Fall von substantivischer Flexion des Wortes panku- in
adjektivischer Verwendung : Acc. Pl. C. pankus

Diese Form kann man nach Friedrich HE? § 74, b leicht etklaren

17 So Lanocue, JCS 21,174
18 y, Souutsn, Kaéhder 115
1 Bosserr, Asia 87.90.

 

DIE HETHITISCHEN -U-STAMME 37

als Analogiebildung unter dem Einfluss der substantivischen Ver-
wendungsméglichkeit dieses Wortes.

-dem Wort hallu- mit durchgehend tiefstufiger Flexion. Vielleicht
muss man auch die belegten Formen von maninku- und malisku-
hierzu rechnen.

—Sonderfillen.

Man kénnte dazu geneigt sein, alle substantivischen Flexions-
formen der Adjektive zu erkliren als Analogicbildungen nach dem
Beispiel der ersten Gruppe und gewiss werden viele auch so zu erkléren
sein.

Aber gerade fiir die Adjektive wird noch der Einfluss der Flexion
der Stémme auf -ui- hinzugekommen sein. Die Adjektive dieser
Kategorie werden flektiert wie -i-Stimme und dies liuft in manchen
Fallen darauf hinaus, dass sie optisch als -u-Stmme mit durchgehend
tiefstufiger Flexion aussehen.

Es folgt hier eine Ubersicht der Flexion dieser Wérter. Hinzugefiigt
sind dieParadigmen der -i- und -u-Stémme : parkui- «rein», dankui-
«dunkel », warhui- ¢ rauh», suppi- ¢rein »,salli- «gross», karuili- ¢friiher-
er», mekki- « viel», parku- ¢ hoch », assu- « gut», idalu- « bse ».

Nom.Sg.C. parkuis (dankujas) % — suppis parkus
Ace.Sg.C. parkuin sallin parkun
Nom.-Acc.8g.Nt. parkui suppi parku
Gen.Sg. parkuwajas (parkujas) ® suppajas _assawas
Dat.-Loc.8g. _parkuwai suppai |
parkuwaja suppaja | (pargawe)
dankui suppi i
ADLSg. parkuwajaz suppajaz  pargawaz
dankuwaz suppaz idalaz
dankujaz * karuilijaz —/
Instr.Sg. dankuit suppit (assawet)
Nom.P1.C. parkuwaes (parkuwais) suppaes _pargawes
parkues (warhuis) suppis i
Ace.P1.C. warhuwaus suppaus —_pargaus
Nom.-Ace.P1Nt. parkuwaja meggaja —assawa
parkuwae (dankuwai) —/ i

20 Sekondare Form
21 Substantivische Verwendung. Parkui- «rein und « Bronze». Orrax, StBot 7.17.
22 Nicht ablautende Form wohl unter Einfluss der Substantivischen Flexion.

 ",0,eng,83.37133402909092,False,1648427500.237335,1.75
21,"38 JJ. WEITENBERG dankuwa suppa | parkui / | parkuwajas suppajas pargawas parkujas suppijas / Aus dieser Tabelle wird ersichtlich, wie die Stamme auf -ui- in der Flexion véllig identisch sind mit den -i-Stémmen und sekundir eine gewisse Ahnlichkeit mit substantivisch flektierten -u-Staémmen bekom- men haben. In erster Linie muss man die Alternation -aja-:-a- dafiir verantwortlich machen (vgl. Friedrich HE® § 15, a), aber auch ver- einzelte Ubereinstimmungen wie z.B. den Instr.Sg. dankuit. (Nebenbei sei bemerkt, dass tiefstufige Flexion der -ui-Stémme auch analogischem Einfluss der méglichen Verwendung als Substantive zu verdanken ist : parkui- « rein» und « Bronze » *!, dankui- « dunkel » und ¢« Zinn»). Méglichkeiten einer gegenseitigen Beeinflussung der -ui- und -u- Stimme liegen in grosser Fiille vor. Analogiebildung seitens der Adjektive auf -ui- kann demzufolge als zweite Quelle von Entgleisung- en und Verwischungen der urspriinglichen Situation bei den adjektiv- ischen -u-Stdémmen angesehen werden. Man kann sich sogar fragen ob auch die moderne Forschung nicht diesem optischen Trugbild zum Opfer gefallen ist in den folgenden Fallen : Im Falle des Nom.P1.C. maninkues z.B. kann der Stamm ohne weiteres auch angesetzt werden als maninkui- statt, wie bis jetzt, als maninku- «kurz», Obwohl nur die Form maninkues belegt ist, wird diese Auf- fassung gestiitzt durch die Tatsache, dass alle Ableitungen dieses Wortes sich villig decken mit Ableitungen von -ui-Stémmen (s.u.). Die belegten Formen des bis jetzt als -u-Stamm aufgefassten Wortes hallu- « tief» lassen sich auch besser als von einem Stamm auf -ui- gebildet verstehen : (sallas : salli-) dankuwaz hallues, hallus parkues {hal] luwaus halluwamus warhuwaus Dat.-Loc.Pl.  halluwas ? Die Fille, wo eine korrespondierende Form der -ui-Stémme belegt ist, sind ohne weiteres klar. Der Gen.Sg. halluwas kann ohne Schwierig- DIE HETHITISCHEN -U-STAMME 39 keiten entstanden sein aus *halluwajas (vgl. parkuwajas; sallas neben sallajas; 8. auch das unten gesagte zur Form parkuwas). Dasselbe gilt fiir den zweifelhaften Dat.-Loc.Pl. halluwas (vgl. parkuwajas). Der sein von hallues(Alternation-ui-:-u-*9), Eine Stammform hallui- dieses Wortes wiirde eine Stiitze finden im Palaischen Wort hallui-, dessen Bedeutung aber unklar ist. Andererseits gibt es mehrere Méglichkeiten zur Erklérung der Flexion dieses Wortes. Das Wort hallu(i)- kann auch als Substantiv verwendet werden in der Bedeutung « Héhlung»?4. Der Gen.Sg. halluwas scheint in dieser Bedeutung belegt zu sein. Man kénnte daher dieses Wort als -u-Stamm einreihen neben Wértern wie panku-, assu-, usw., wo diese doppelte Verwendungsméglichkeit zur Verwirrung gefiihrt hat. Unerklart bleibt aber in dieser Auffassung der Acc.PI1.C. halluwamus, halluwaus, der genau passt zu warhuwaus. De kann man wieder aufmerksam machen auf den Acc.PI.C. suwamus, der aber nicht ohne Schwierigkeiten ist 2°, Die Stammform dieses Wortes wird im HWb (1. Erganzungsheft) als suu- gegeben (« voll »), von Goetze aber als suwu- **, Die Form suwamus ist vielleicht nur deshalb ent- standen, damit die Erkennbarkeit des Wortes behalten blieb : *samus wire unverstindlich. Bei Ansetzung des Stammes suwu- wiirde diese Schwierigkeit iiberhaupt nicht bestehen. Sommer 2? suchte in diesem Wort einen urspriinglichen -a-Stamm *halluwa-, was mit den Belegen iibereinstimmen kénnte mit Ausnahme der Form halluwaus. Hier nam er eine Art Kontamination an zwischen dem Stamm *halluwa- und dem -u-Stamm parku- wegen die entgegen- gesetzten Bedeutungen. Die Erklirung der Formen dieses Stammes lassen sich aber am einheitlichsten und einfachsten erklaren mit der Annahme, dass der Stamm des Wortes als hallui- anzusetzen ist. Ein anderer Fall dieser Art ist der Gen.Sg. der im HWb s.v. parku- als Gen.Sg. dieses -u-Stammes (allerdings mit Fragezeichen versehen) eingereiht wird. Man kann aber Alp zustimmen, der die Form parkuwas als Gen.Sg. von parkui- auffasst 26.   23 Frrepricu, HE? § 16. Vgl. auch die Verba parkues- und parkus-. 24 Larocus, RHA 54, 1952, 46 f. Anm, 113. 25 Oren, StBoT 8, 100 (Su-u-wa-mu-u8). Weitere Formen : Su-i-u3, Su-ti-un, Su-u-i, 2% Goxrze, Lg. 30, 404 Anm. 13 (der auch NBr. 32 Anm. 2 nuwn- schreibt fiir das im HWb als ni- angegebenes Wort (nu-t-u3, nu-ti-un). 27 Sommer, HAB 76 Anm. 1 28 Aup, Beamtenn, 69 (KUB X 11114),",0,eng,88.1530574601227,False,1648427505.935454,2.0865384615384617
22,"40 JIS. WEITENBERG Die jetzt genannten Woérter (maninku(i)-, hallu(i)- und kénnen mit einiger Zuversicht als reine -ui-Stémme aufgefasst werden. Einen Fall, wo man zweifelt zwischen Ansatz eines -ui-Stammes und Ahnnahme eines von den -ui-Staémmen beeinflussten -u-Stimmes, bilden die Formen von malisku- (milisku-) « schwach ». Belegt sind : Nom.-Ace.Sg.Nt.  malisku Ab1Sg. maliskuwaz maliskues Man méchte die Méglichkeit, einen Stamm *maliskui- anzunehmen, iiberpriifen wegen der (soweit belegt) durchgehend tiefstufigen Flexion, aber auch wegen des Kausativs maliskunu- «schwichen», dass sich wenn aufgefasst als eine Ableitung vom Stamm *maliskui-, ohne Miihe vergleichen lisst mit dankunu- « schwarz machen (:dankui-), parkunu- « reinigen (:parkui-) und warhunu- « dicht belaubt machen (:warhui-). Diese Bildungen kausativer Verben auf -nu- (wo der Stammvokal schwindet) sind die regelmassigen Bildungen von denominativen -nu- Verben bei -i-Stimmen, hingegen bilden die -u-Stimme keine Kausa- tive auf -unu-. Man vergleiche danku-i-: danku-Q-nu- und mekk-i «viel» : mak-G-nu- mit dem Ergebnis bei -u-Stémmen tep-u- «gering » und tep-@-nu « gering machen» (geschrieben tepnu- und tepanu- 2°, Die Erklarung dieser Bildungen mége hier beiseite bleiben, jedenfalls sei klar, dass bei den -i- und -u-Stémmen der Stammvokal schwindet. Das Verbum maliskunu- lasst sich leichter erkléren als Ableitung von einem -ui-Stamm her als von einem -u-Stamm °, es sei denn, man glaube an ein anaptyktisches -u- in malisk/u/nu-. 29 Sommer, AU 55 Anm. 1. 80 Andere Kausativ-verben auf -unu- sind deverbale Ableitungen von verbalen Stam- men auf -u- : duddunu-:« begnadigen » (:duddu-< leiten ? »). [wa}rpunu-« waschen lassen (KRonassER, EHS § 190, 1, § 198, 1) zu warpu- ¢ wa- schen», verbaler -u-Stamm im Imp. Prs.Med., 2 Sg. warput (S.HWb s.v. warp-). watkunu- ¢ vertreiben » (:watku- ¢ springen », wozu Nzv, StBot 5, 194). pukkunu- « verhasst_ machen» (pugg(a)- « verhasst sein») Kronasser, EHS § 163, ©, 1. § 198, 1, das hier unerklart bleibt. Vielleicht auch *menunu- im Verbum menu- ¢ Durchfall (menu-) erzeugen», Fried- rich HE? § 33, das allerdings von einem Subst. abgeleitet ist, und wohl eine gelegenheits- bildung sein kann. 8. auch noch zu den Kausativen auf -unu-: Kammennuar, Handb., S. 231. Diese Analyse der Verben auf -unu- bei Nomina auf -ui- hat natiirlich auch seine Bedeutung   DIE HETHITISCHEN -U-STAMME 41 Die Formen miliskus und malisku verstossen nicht gegen diese Annahme : man kann z.B. den Acc.Sg.C. waskun neben waskuin « Verfehlung heranziehen als Beweis dafiir, dass die Alternation ui : u auch in diesen Fallen auftreten kann. Gerade hier aber kann Beein- flussung von seiten der -u- Stamme festzustellen sein. Alles im allem ware man dazu geneigt, einen Stamm maliskui- als urspriinglich anzusetzen (vor allem wegen maliskunu-) mit méglichen Analogie- bildungen nach den -u-Stémmen. Der umgekehrte Fall bleibt aber méglich. Wie dem auch sei, gerade aus diesem Beispiel wird die gegenseitige Wechselbeziehung zwischen -u-Stémmen und -ui-Stémmen ersichtlich, die als zweite Quelle anzusehen ist fiir Schwankungen in der Flexion der adjektivischen -u-Stémme. Damit sind auch die Erklarungsméglichkeiten der folgenden iso- lierten Abweichungen gegeben : (neben *huisawas in huisas?? %, Vgl. idal- awaz neben idalaz) Ace.PLC. HUL-lus (neben idalamus) (neben kelamus) (mi-e-u8) 22 Ausser Betracht bleiben hier der Dat.-Loc.Sg. vom Typus sarku (:sarku- « erhaben ») und der Acc.P1.C. par-ku-mu-ué 3, Einige Bemerkungen zum Schluss verdient das Wort meu- « vier». Flexion : Pl.Nom.C. mejawas mewas Ace.C. meus miuwas (mi-i-i-wa<-a8>) Auch dieses Wort zeigt scheinbar doppelte (ablautende und nicht- ablautende) Flexion. Hier aber kann man mit Recht die Ansetzung eines -u-Stammes bezweifeln anhand des Nom.P1.C. mejawas/mewas wegen der Endung -as. Bisher sind keine Nom.P1.C. auf -as bei -u- fiir die Auffassung der -ui-Stamme als erstarrte Feminine bei -u- Stammen. Wir méchten hier darauf nicht eingehen. 31 Hierzu noch Nev StBoT 5, 196. 32 Krowasser, WZKM 62, 1969, 313-314 (KUB XXXVI, 77, 2.5; 89 Re. 54. 60). Mius wird aber durch Haas, der Kult von Nerik, 1970, S. 166-157. 196-197 und 140 Anm. 8 nicht als Acc.P1.C. aufgefasst. 33 Zu parkumus S, Gotze Madd. 120 Anm. 4 (ohne genauem Beleg).",0,eng,86.47087552623456,False,1648427511.5274088,2.0865384615384617
23,"42 J.J.S, WEITENBERG Stammen belegt worden - die Endung ist -es. Man muss also einen Stamm mewa-/mejawa- annehmen. Der Gen.Sg. miuwas vertrigt sich ganz gut mit dieser Annahme und auch der Acc.PI.C. meus kann als gesprochenes /mewus/ verstanden werden. Auf einen -a-Stamm weist auch luwisches mawa- «vier». Die doppelte Form mejawa-/mewa- muss dann wohl, wie bei heu-/hejau-, erklirt werden als Alternation efi: Die Betrachtung der hethitischen Tatsachen hinsichtlich der Flexion ist hiermit beendet. Die Konklusion lisst sich folgendermassen formii- lieren : Das Hethitische zeigt vom Anfang an eine klare ablautbedingte Trennung zwischen der Flexion substantivischer und adjektivischer -u-Stimme. Es gibt keinen Anlass fiir die Meinung, dass diese Situation innerhethitisch entstanden ist aus einer friiheren Zustand, wo der Ablaut anders verteilt war. Gelegentliche Schwankungen sind zuriick- zufiihren auf die Méglichkeit doppelter Funktion und Flexion gewisser -u-Stimme und auf gegenseitige Beeinflussung der Flexion der -u- und -ui-Stamme.   C. Das Palaische und das Luwische. Diese beiden Sprachen bieten ganz wenig Material. Das Palaische kann ohne weiteres ausscheiden, weil -u-Stémme in dieser Sprache iiberhaupt nicht belegt sind mit Ausnahme des Adverbiums (urspriing- lich Nom.-Ace.Sg.Nt.) wasu « gut» 34, Das Luwische aber hilft nicht viel weiter. Ausserdem ist auch von vornherein eine Vergleichung des luwischen und hethitischen Tat- bestandes schwierig, weil das Luwische viele Kasusendungen neu gebildet hat und also die Méglichkeit zur Vergleichung identischer Kategorien in zwei verwandten Sprachen von vornherein weggenom- men ist. Die substantivischen -u-Stémme sind alle gebildet mit Tiefstufe des Stammvokals. Der Nom. (Voc).Sg.C. hat die Endung -us, der Acc.Sg.C. -un und der Nom.-Acc.Sg.Nt. -u. Ausserdem sind von den iibrigen Kasus belegt (nach Laroche DLL) : Nom.P1.€. hutanuenzi « % (heth. hutanu- 35) kuwanzuinzi « Kupfer » (kuwanzu- C./nt.) 34 Kawmennuper, Handb. § 40, 2. 35 Heth. Nom. Pl. C. hutanues. Heth. Stamm hutanui- nach Lanocuz, DLL s.v. hutanu-, Nach v. Schuler Dienstanw. 43, 1.6 und 53 ist das Wort ein -u-Stamm im Hethi- tischen, DIE HETHITISCHEN -U-STAMME 43 Nom.Acc.PI.Nt. taparuwa (zur Bedeutung s.DLL s.v. taparu-) GISiJuwa, ») tissaduwa (:tissadu- « magischer Gegenstand ». Falls Luwisch wie Laroche DLL meint *) taparuwassi- (:taparu-) :wasu- « bien, salut»)   Aus diesen Belegen ist die Schlussfolgerung zu ziehen, dass die substantivischen luwischen -u-Stimme wohl flektiert werden ohne Ablaut des Stammvokals. Wichtig ist die Tatsache, dass das Adjektiv wasu- «gut» (:heth. assu-) auch im Luwischen in substantivischer Funktion erscheint mit tiefstufigem Stammvokal. Man findet die folgenden Belege dieses Wortes in substantivischer Verwendung : Nom.-Acc.Sg.Nt. wasu.Gen.-Adj. (Acc.Pl.) wasuwassanza Der Acc.P1.C. KAS.HI.A-wanza deutet wohl auf einen Stamm auf -wa- wegen Acc.Sg.C. KAS-an und Nom.P1.C. KAS.HI.A-anzi. Mit den luwischen adjektivischen -u-Stémmen steht es nicht besser. Die Belege sind : wasun (wasu- « gut», Heth. assu-) «miun (méglich luwisch wegen des Glossenkeils *”, Vgl. heth. miu- « geschmeidig ») 6-un « sechs » Nom.-Ace.Sg.Nt. «suwaru (Adv. « villig?». Auch hethitisch). wasuinzi (wasu-) 9-unza (9-za) « neun» parittarwassi- (:parittaru- « biuchlings??», Be- deutung nach dem umstrittenen heth. tarru- **). (unklar ob Substantiv oder Adjektiv : warhuwassi- « ?» (Laroche DLL s.v. warha/i/u) In diesen Belegen ist keine Spur von Ablaut zu finden. Dies besagt aber nicht, dass es nie Ablaut gegeben haben kann. Die Belege sind einfach zu mangelhaft. Gerade der Stamm wasu-, der hier in adjektivi- 38 Vgl. Kammennvser, ZA NF 23, 201 und die Litt. im HW. s. v. tissatwa, 37 Nach GUTERROOK, Orientalia NS 25, 1956, 130 bedeutet der Glossenkeil in diesem Falle keine Inwische Herkunft des Wortes. Auch Larocug, DLL, erwahnt es nicht als luwisch. 38 Zu tarru-s, auch V. ScHULER, Kaskéer 140.198, Larooue, Ugaritioa V. 782 (Text). Nav, StBoT 5, 134 Anm. 3.",0,eng,88.03105617006804,False,1648427516.851819,2.0865384615384617
24,"44 J.J.8. WEITENBERG scher Funktion ohne Ablaut belegt ist, ist einer der Staémme, die auch im Hethitischen schwankenden Ablaut zeigen, wegen ihrer doppelten Verwendungsméglichkeit (die es auch im Luwischen gibt). Uber den Ansatz eines luwischen Stammes wasui- siehe Anm. 39. Jedenfalls beweist die auch im Luwischen existierende Méglichkeit doppelter Verwandung der -u-Stamme, dass die fiirs Hethitische geltenden Argumente auch auf das Luwische bezogen werden kénnen. Der Acc.Pl. 9-unza hilft uns nichts solange wir den Wortlaut nicht kennen. Ebenso wenig aufschlussreich ist der Gen.-Adj. parittarwassi-, weil ein hethitisches Aquivalent zu dieser Bildung auf -assi- nicht vorhanden ist. Man kann nur konstatieren, dass, als die Luwier diese Form gebildet haben, das Bediirfnis zur Unterscheidung von Substan- tiven und Adjektiven nicht vorhanden war. Oder soll man sagen « nicht mehr vorhanden war»? Dies ist von vornherein wahrscheinlich, weil das Luwische alle ablautenden Flexionsformen der -u- und -i-Stémme verloren zu haben scheint *°. Dies bedeutet, dass die Situation der luwischen Flexion als eine Neuerung dem Hethitischen gegeniiber zu betrachten ist. Vielleicht doch findet man eine Spur des alten Ablauts in der von Laroche DLL ohne Erklarung gegebenen Form : mijawenzi (in rein luwischer Text), wenn man dies interpretiert als Nom.P1.C. (hochstufig) des Stammes miu- (im Hethitischen mit der Bedeutung « geschmeidig» und dort auch belegt mit einem Nom. PLC. mijawes 41. Dies muss aber als sehr unsicher betrachtet werden, ebenso wie die « luwisierte » Form idalawanzi (neben der rein hethiti- schen Form idalawes. HWb s.v. idalu-). Die Konklusion muss dann auch sein, dass das Luwische jedenfalls den hethitischen Tatsachen nicht widerspricht und dass die gleichen Bedingungen zur Nivellierung des urspriinglichen Unterschieds exis- tiert haben kénnen. 39 Da alle luwischen -u-Stamme ihren Nom.P1.C. auf -inzi zu bilden scheinen ist es wohl nicht berechtigt fiir wasuinzi den Stamm wasui- anzusetzen, wie es LAROCHE, DLL s.v. wasu- tut. Zweifelend auch Kammennuper, Handb. § 40, 2. 40 LarocuE, DLL S. 140, § 32. 41 Nev, Kratylos 12, 1967, 164. DIE HETHITISCHEN -U-STAMME 45 II. Diz ABLEITUNGEN VON -U-STAMMEN Die hethitische Trennung zwischen Substantiven und Adjektiven in der Flexion gewinnt an Bedeutung, wenn man auch einige Ableitung- en von -u- Stiémmen in Betracht zieht. Wir hoffen zeigen zu kénnen, dass diese Ableitungen normalerweise gebildet werden von der Tief- stufe des Stammes her zu den Substantiven, von der Hochstufe her, wenn es sich um Adjektive handelt. Es handelt sich um die Suffixe -ant- (in suffixaler Funktion), -ahh-, -atar und -es-. Es folgt hier zuerst eine Ubersicht tiber die belegten Bildungen. Hier und im Folgenden werden nur die Bildungen in Be- tracht gezogen, wobei auch das Grundwort belegt ist. Bildungen mit dem Suffix -ant- a) das Grundwort ist ein Substantiv : (Gl8)hattalwant- C. «Riegel» (:hattalu-nt. « id. ») ishahruwant- C. « Trénenstrom»(:ishahru-nt. « Tranen(strom) marnuwant- nt. «(ein Getrank)»(:marnu- « id. ») welkuwant- nt. « Gras ? » (welku-nt. «id. ») @I8-ruwant- C. « Baum 4 (taru- nt. «id. ») b) das Grundwort ist ein Adjektiv : Mit Ablaut : innarawant- ¢ riistig usw » (innaru- « id. ») 4 idalawant- « bése » 44 (idalu-« id. ») Ohne Ablaut : assuwant- « gut» (assu- « id. ») maninkuwant- « kurz» (maninku- « id. ». Oder maninkui- ? 8.0.) dassuwant- « stark » (dassu- « id. ») Daneben kann man noch die reinen Partizipien erwahnen : huiswant- « lebend » (huiswai- «leben». huisu- « leben- dig ») 42 §, dazu Friepricy, HWb S. 275 sub GIS.Kronassmr, EHS § 148. § 175, II, 3, b. 43 Zur Semantik s. KaMMENHUBER, MSS 3, 1953 (19582), 27-45. Andere Auffassung iiber die Bildung : Kronasszr, EHS § 150, 3. 44 Zu idalu- und Ableitungen s. auch Kammennuser, Handb. S. 190-191.",0,eng,89.47834039338844,False,1648427521.987966,2.0865384615384617
25,"46 J.J.8. WEITENBERG sarkuwant- « gestiefelt » (sarkuwai- « Fussbekleidung anle- gen». sarku- erhaben). suwant- « voll» (suwai- « fiillen», suu- « voll») Bildungen mit dem Suffix -ahh- a) mit substantivischem Grundwort : kutruwabh- « zum Zeugen ma- chen » (:kutru- C. « Zeuge » 45) b) mit adjektivischem Grundwort : ohne Ablaut : maninkuwahb- ¢« verkiirzen» (maninku(i)- « kurz») mit Ablaut : idalawabh- « Béses tun» (idalu- « bése ») 4 « kuwaliu- machen » 47 [innJarawabh- « riistig machen »(:innaru- « riistig usw. »). Neben innarahb- 48 tepawabh- « gering machen» (tepu- « wenig») Bildungen mit dem Suffix -atar a) mit substantivischem Grundwort : kutruwatar « Zeugenschaft»  (kutru- « Zeuge») 45 «(ein Frevel) » C. « Buhle») #9 b) mit adjektivischem Grundwort : Ohne Ablaut : assuwatar « Giite, Niitzlichkeit »(assu- « gut») 45 Oder zum Stamm kutruwa- ? Hierzu zuletzt Kemrrsxr-KoSax, Wd V, 1970, 202. 46 Die Schreibung HUL-uwabh- kénn, muss aber nicht weisen auf einen Stamm *jdaluwahh.. Vgl. Kammenuuser, MIO IL, 3, 1954.414 Anm. 30. 47 Erwabnt (ohne Bedeutung) von Larocuz, OLZ 1969, 148. Nev, StBoT 5, 100.101. Anm. 2 stellt es zu kuwaliu- in der Bedeutung « sauber, rein, hell machen». Zur Bedeu- tung von kuwaliu- s. HWb mit Litt., Nev lc., Orren, StBoT 7, 23, Orren bei Frr- prrcu, HWb. Erg. 3 s.v. kulijawes-. Firs Lydische s, Neumann, die Sprache 8, 1962, 208. Wichtig zu kuwaliu- ist weiter Carrupa, die Sprache, 14, 1968, 18 Anm. 10, a. 48 Zu [inn] arawahb. s. Krowasser, EHS §162,0.2 mit Belegen und Litt. 49 Nach Kanmenuuser, MIO IL, 421, Kronasser, EHS § 162, 1 deverbale Bildung. Zu Epupu- s. noch Goxrze, JCS 22, 1968, 24. DIE HETHITISCHEN -U-STAMME 47 huiswatar « Leben » (huisu- « lebendig ») idaluwatar « Schlechtigkeit » (auch idalutar %°, Neben ida- (:idalu-) parkuwatar « Hohe» (:parku- «hoch») neben parkatar (s.u.) Mit Ablaut : innarawatar « (Lebens)kraft usw. » (:innaru-) idalawatar « » (:idalu-) sargawatar « Hoheit, Erhaben- heit » (:sarku- « erhaben ») tepsawatar « Diirre ?, -Armut» (:tepsu- « trocken (?), diirr ( ?) ») Bildungen mit dem Suffix -es- a) mit substantivischem Grundwort : Keine sicheren Belege. b) mit adjektivischem Grundwort : Ohne Ablaut : alpues- « alpu- werden 51 dampues- « dampu -werden » 5? hatkues « eng werden » (:hatku- «eng»), auch *hatkes- (s.u.) kuliwes- « kuwaliu- werden » (neben kulijawes-) 53 maninkues- «kurz werden» —_(:maninku(i)- « kurz») Mit Ablaut : innarawes- «riistig werden» —(:innaru-) idalawes- «schlecht werden»  (:idalu-) kulijawes- « kuwaliu- werden» (neben kuliwes-) parkawes- « hoch werden (:parku- « hoch »), neben parkes- (su) tepawes- « wenig werden» (:tepu- « wenig ») 50 Goxrze, JCS 6, 156 f. mit Anm. 48. 51 GtreRBock, RHA 75, 1964, 98 ff. 52 Zur Semantik von dampu- und alpu- s. die Litt. bei FrrepricH, HWb s.vv"" (mit Erghft.) und Gorrzz, JCS 22, 1968, 17. 58 Kuliwes- wird von Carruza (lc. Anm, 45) gelesen : ku-ti-li-i-tt'-e8, Zu kulijawes- s. hier Anm. 45 .Orren, StBot 7, 23 und Larocuz, OLZ l.c. nehmen ein Grundwort *kulijau(wa)- an 2u dieser Bildung, was aber angesichts idalawes- usw. unndtig scheint.  ",0,eng,83.39485746393763,False,1648427526.3603358,2.2604166666666665
26,"48 J.J.8. WEITENBERG tepsawes- « verdorren ?» (:tepsu-) Mit Verlust des -u- : in hatkissanu- « bedrangen », neben hatkues- « eng werden» kulies- « kuwaliu- werden » 53 milites- « siiss werden » (:miliddu- « siiss ») mies- « lind werden » (:miu- « lind usw. ») parkes- « hoch werden » (:parku-), neben pargawes-. dasses- « stark werden » (:dassu- « stark»), Aus dieser Ubersicht wird ersichtlich, dass in den véllig (durch Ableitung und Grundwort) belegten Fallen die obengenannten Suffixe gebildet werden ohne Ablaut, wo es substantivische Grundwérter betrifft, und manchmal mit, manchmal ohne Ablaut zu adjektivischen Grundwortern. Die Lage bei den Ableitungen von substantivischen Grundwértern bedarf also keines Kommentares. Es muss aber erklirt werden warum zu Adjektiven diese Ableitungen mit tnd ohne Ablaut gebildet worden sind. Gétze 4 hat den Unterschied zwischen Bildungen wie assuwatar gegen idalawatar erklaren wollen durch die Dreisilbigkeit des Wortes idalu- gegen zweisilbiges assu-. Diese Erklaérung liesse sich ausdehnen iiber die anderen Ableitungen, sie ist aber von Kammenhuber widerlegt worden mit dem Hinweis auf sargawatar (: zweisilbiges sarku-) 5. Eine Annahme Laroche’s § kénnte auch auf dieses Problem ange- wendet werden, Er iiberwiegt die Annahme eines Lautiibergangs -aw>--uw-, vor allem auf Grund onomastischen Materials. Er nennt z.B. das Wort arpuwant- « ungiinstig», das er entstanden glaubt aus *arpawant- und auffasst als eine Bildung mit -want- zum Nomen arpa- C. « Ungunst». Man ware aber eher dazu geneigt, das Wort arpuwant- als Partizip des Verbums arpu- «schwierig sein?» aufzu- fassen 57. Ein anderes Beispiel ist ON Hiwassuwanta, nach Laroche <‘*hiwassa-want- neben ON Hiwassassa, Hiwasalli. 54 GorzE, Madd. 95 Anm.1 55 Kasarennuper, MIO II, 424 ff. 56 Larocne, RHR 148, 1955, 19 Anm. 1 (zu armawant-). RHA 69, 1961, 57 f. 57 Arpuwant- wird betrachtet als Ableitung von arpa-C. durch SrurTEvawr, OGr?. § 119. Kronasser, VLFL S. 127 schliesst dies aus, halt es aber fiir méglich in EHS § 146. DIE HETHITISCHEN -U-STAMME 49 Mit einer méglichen Lautwandlung -aw->-uw- waren die meisten Falle der nichtablautenden Ableitungen bei adjektivischen Grund- wortern gelést. Man findet aber nirgendwo, welchen genauen Beding- ungen ein solcher Lautwandel unterliegen wiirde. Wir werden unten kurz zu sprechen kommen iiber die Ansichten Benveniste’s der den Unterschied zwischen ablautenden und nicht ablautenden Ableitungen zuriickfiihrt auf den Unterschied zwischen einem alten unabgeleiteten «neutre» auf (unbetontes) -u-/-w- und einem alten abgeleiteten Stamm auf (betontes) -u-/-eu-. Dies aber ist eine Sache der Interpretation. Vorliufig méchten wir zuerst die Tatsachen genauer untersuchen. Eine Erklérung Kammenhubers anlasslich der Ableitungen mit -atar von -u-Staémmen wird bei der Behandlung dieses Suffixes erértert werden. Sie beschrankt sich auf dieses Suffix. Die Aufgabe ist also, zu untersuchen, ob die « regelmassigen Ab- leitungen mittels obengenannter Suffixen von adjektivischen -u- Stammen gebildet werden mit Ablaut des Stammvokals, und ob somit eine Parallelitat zwischen Flexion und Ableitung der adjektivischen -u-Stémme festgestellt werden kann. Dazu miissen die Bildungen, die zu adjektivischem Grundwort ohne ablaut erscheinen, als inner- hethitische Neuerungen erklart werden kénnen, Ganz im Allgemeinen kann man aber sagen, dass es von vornherein wahrscheinlich ist, dass es viele Gelegenheitsbildungen gegeben hat. An und fiir sich geniigt es festzustellen, dass Ablaut bei der Bildung mit diesen Suffixen nur bei adjektivischen Grundwortern zu belegen ist. Die Erklarung der tiefstufigen Bildungen muss fiir jedes Suffix verschieden sein und kann hier nur skizzenhaft gegeben werden. Die Ableitungen vom Stamme maninku(i)- « kurz». Oben ist dargelegt, dass der Stamm dieses Wortes wohl maninkui- sein muss, statt, wie bis jetzt angenommen, maninku-. Dass auch die Ableitungen dieses Stammes durchaus besser passen zu einem Stamm auf -ui-, als zu einem -u-Stamm wird ersichtlich aus der folgen- den Ubersicht : Suffix:  Ableitungen von : -ui-Stémmen -u-Staémmen -ant- maninkuwant- Kein Beleg (aber vgl. assuwant idalawant- -ahh- maninkuwahh- dankuwahb- (:dankui-) idalawahh-",0,eng,89.03979099512195,False,1648427531.986825,2.0865384615384617
27,"50 J.J.8. WEITENBERG -atar | dankutar?. parkujatar 5* sargawatar assuwatar -e8- parkues- (:parkui-) tepawes- hatkues- Es stellt sich heraus, dass Alle Ableitungen von maninku(i)- mit den Ableitungen von -ui-Stammen iibereinstimmen kénnen. Dies ist ein wichtiges Argument fiir den Ansatz des Wortes als Stamm auf -ui-. Zwar ist fast in jedem Falle auch ein adjektivischer -u-Stamm ohne Ablaut bei der Ableitung zu belegen, aber der Unterschied liegt darin, dass Ableitung ohne Ablaut bei den jeweiligen adjektivischen -u-Stémmen nur in ein oder zwei Fallen vorkommt. Ableitungen von adjektivischen -u-Stiimmen mittels dem Suffix -ant- 5%. Von den vielen Funktionen des Suffixes -ant- interessiert uns hier nur der Fall, wo die bedeutungen des Grundwortes und der Ableitung mit -ant- keine semantischen Differenzierungen aufzuweisen scheinen. In dieser Funktion wird das Suffix gefunden bei Substantiven © und Adjektiven *, Kammenhuber hat das Suffix -ant- in dieser Funktion anerkannt und abgegrenzt gegen die Partizipien auf -ant- 6%. Daneben findet -ant- sich bekanntlich zur Bildung von Partizipien, und es muss wohl in diesen beiden Funktionen eine Erklérung gesucht werden fiir das Nebeneinander der Typen assuwant- und idalawant-. Schon Kammenhuber * hat darauf hingewiesen, dass die -ant- Adjek- tive eine gewisse Stiitze fiir ihre Existenz finden kénnen in den Parti- zipien. Sie sucht den Anlass dafiir in Partizipien, die sich semantisch von ihrem Verbum « wegentfernt » haben, wie hattant- « klug » (:hattai- «hauen»). Andrerseits aber kann man darauf aufmerksam machen, dass sich die Bedeutungen des Partizipiums und des -ant- Adjektivs 58 Parkujatar « Reinigung» ist wohl deverbal gebiltet (:parkuja- « sich reinigen Dazu Kammennuner; MIO II, 422.427, Kronasser, EHS § 162, 1); dankutar wird erwahnt bei Kimmel, StBoT 3, 124 (Bo 1032/u 3'f.) Eine Interpretation als Ableitung von dankui- ist erwagenswert. 5® Zu diesem Suffix (alle mit Litt.): Frrepricx, HE? § 48. Kammennuner, MSS 8, 1956, 43 ff. Krowasser, EHS § 145 ff. Kammennvner, Handb. § 41, 1, b (8. 292 ff.). 60 Frrepricu, HE? § 48, a, 3. Kammennuner, MSS 8, 1956, 46 ff. 61 Frrepric, HE? § 48, b, 1. Kammennuner, MSS 8, 1956, 51 ff. 8 §. die Litt. bei Kammennuner, lc. und vgl. Gérzz, Madd, 82 zu innarawant-, 63 Kammennuper, lc. 8. 51 ff. DIE HETHITISCHEN -U-STAMME 51 oft iiberschnitten haben miissen. Ein gutes Beispiel im Bereich der -u-Stiémme ist das Partiz. suwant- (zum Verb suwai fiillen») « voll», das sich nicht zu differenzieren scheint vom Adjektiv suu- « voll». Das heist, dass Partizipien von denominalen Verben bedeutungsmissig oft nicht zu unterscheiden sind vom (adjektivischen) Grundwort des Verbums und dessen -ant- Ableitung. Ein Fall, wo das Partizip nur ganz wenig verschieden ist vom Grund- wort des denominalen Verbs ist huiswant- « lebend », Partizip von huis- wai- « leben, am Leben sein », abgeleitet von huisu- « lebendig ». Neben sarkuwant- « gestiefelt (:sarkuwai- « Fussbel leidung anlegen ». Grund- wort sarku-« erhaben » s. Ehelolf bei Sommer, HAB 86) bedeutet dieses Wort auch, dass Bildungen auf -uwant- urspriinglich als Partizipien zu betrachten sind, soweit sie abgeleitet sind von adjektivischen Grundwértern. Damit waren die Falle assuwant- und dassuwant- als sekundare Bil- dungen unter Einfluss der Partizipialbildungen erklart, gegeniiber innarawant- und idalawant- die wohl die urspriinglichen Bildungen darstellen. Partizipien kénnen die Wérter auf -awant- nicht sein, da es keine von -u-Stémmen abgeleitete denominale Verba gibt auf -awai- 14, Maninkuwant- wire hinreichend erklirt als -ant- Ableitung eines Stammes auf -ui-. Das Luwische Die Uberlieferung ist hier wieder ganz diirftig. Man findet als mégliche -ant-Ableitung eines -u-Stammes das Wort : «%», wenn man es interpretiert als Acc. Pl. C. zu einem Stamm *hijaluwand- und es betrachtet als -ant-Ableitung zu (IS)pilu- « ?», Andere Faille gibt es nicht. Man kann also nur fest- stellen, dass das Luwische hier nicht widerspricht. Wearter mit dem Suffia -ahh- Das Suffix -ahh- bildet Verba in der Bedeutung « dazu machen, was das Grundwort angibt». Es ist denominativ und vielleicht auch deverbal 64, Es gibt keine sicheren Beispiele dieses Suffixes bei substantivischen -u-Stimmen. Das Wort kutruwahh- braucht nicht vom Stamme kutru-abgegleitet zu sein 45. © Frimpnicu, HE? § 136. Kroasser, EHS § 195, 2 (der auch deverbale Verwendung tiberwiegt).",0,eng,88.08060418906942,False,1648427537.757529,2.0865384615384617
28,"52 JIS, WEITENBERG Es bleiben also nur die Adjektive. Mit Ausnahme von maninkuwahh- werden alle Verben auf -ahh-, die von einem adjektivischen -u-Stamm abgeleitet sind, gebildet von der Hochstufe des Stammes her. Die Bildung von maninkuwabh- lasst sich, wie oben erértert, erklaren als Ableitung eines -ui-Stammes und ware damit als Ausnahme be- seitigt. Die belegten Bildungen auf -ahh- mit adjektivischem -u-Stamm als Grundwort sind also alle villig « regelmassig». Uber die Ansichten Benveniste’s hierzu s.u. *, Zu innarahh- neben [innJarawahh- kénnte man einen Fall wie Abl.Sg. idalaz neben idalawaz stellen **, Ein abnlicher Fall ware IV-jahh- «vervierfachen», das man lesen kénnte als *mejahh- und interpretieren als *mejawahh- zu mejawa- « 4» 67, Warter mit dem Suffix -atar Das Suffix -atar bildet Abstrakta und ist demoninal sowie deverbal. Die Flexion des Suffixes ist heteroklitisch 6°. Das Suffix -atar zu substantivischen Grundwértern wird gebildet mit Tiefstufe des Stammvokals des Grundwortes, wie ersichtlich wird aus der oben gegebenen Zusammenstellung, mit folgender Einschrink- kung : Zu kutruwatar bleibt das zu kutruwahh- gesagte auch hier giiltig. Das Wort kann auch deverbal sein 4%. Es ist also un- sicher, ob Bildungen auf -atar in diesen Fallen als denominal oder deverbal aufgefasst werden miissen. Dieselbe Unsicherkeit haftet auch den Bildungen auf -atar mit adjektivischem Grundwort an. Man kénnte auch hier die Hypothese aufstellen, das die Bildungen auf -awatar die « regelmassige» Ver- tretung zu adjektivischen Grundwértern bilden. Die Ableitungen auf -uwatar kénnte man dann erkliren als deverbale Bildungen, oder Bildungen die entstanden sind nach Analogie der deverbalen Bildungen. Damit waren die ablautenden und nichtablautenden Bildungen mit -atar zu adjektivischen -u-Staémmen innerhethitisch erklart. 65 Benveniste, Corolla Lingu. 8. 1. 66 Kronasser, EHS 195, 2, a 8.v. 67 Knowasser, EHS § 195, 2, d (mit anderen Méglichkeiten). 68 Frrepricu, HE? § 44, b. § 83. Kammennuper, MIO II, 403-444. MIO III, 345-377. Kronasser, EHS § 162. Kawwennuper, Handb. § 17, 4 (8. 185 ff.). Alle mit Litt. DIE HETHITISCHEN -U-STAMME 53 Dieser Erklarung gegeniiber steht die Ansicht Gétze’s 54 (die wie oben gesagt widerlegt worden ist durch Kammenhuber *5), der die Bildungen auf -awatar erklart aus der Dreisilbigkeit des Grundwortes. Eine ganz andere, und wohl bessere, Erklarung stammt von Kam- menhuber °° : sie geht davon aus, dass das Nebeneinander von Typen wie z.B. assuwatar und tepsawatar beruht auf verschiedener Aus- gleichung einer urspriinglichen Verteilung, die sich folgendermassen verhielt : Nom.-Acc.Sg.Nt. : Nullstufe des Stammes-Vollstufe des Suffixes. idaluwatar Casus Obliqui __: Vollstufe des Stammes-Nullstufe des Suffixes. idalawanni Der Unterschied lasst sich auf Akzentwechsel zuriickfiihren : -u-atdr:-Aw-atn-as (>-dwannas usw.). In einer spiteren Zeit muss diese Verteilung in zweierlei Richtung hin egalisiert worden sein : einerseits Durchfiihrung der Nullstufe, andrerseits der Vollstufe im ganzen Paradigma. Das Nebeneinander von idaluwatar (und wohl auch idalutar) und idalawatar (nur belegt in der Form idalawanni) ware damit erklart. Diese Theorie wird weiter dadurch gestiitzt, dass die meisten Bildungen auf -awatar nur belegt sind in den obliquen Kasus (vor allem im Dat.-Loc.Sg.) 7°. Nur innara- watar ist ein tatsichlich belegter Nom.-Acc.Sg.Nt. Aber auffallend muss es heissen, dass der Ablaut des Stammvokals nur bei adjektivischem Grundwort auftritt, und dass somit auch bei den Ableitungen mit-atar die Hypothese wieder bestatigt wird. Das Wort parkatar kann man mit Kammenhuber ”' erkliren als analoge Bildung nach dem nebenstehendem palhatar « Breite » (:palhi- «breit»), oder mit Laroche 7 als deverbale Bildung vom Verbum park- «sich erheben». Es existiert weiter ein Suffix -watar, das man ganz sicherlich findet in ilalijawatar Begehren » 7? vom Verbum ilalija- « begehren » und méglich in misriwater « Glanz» 74. 6° Kammennuper, MIO II, 426 Anm. 60. 424 ff. 7 Belege bei Kammenuuser, I.c (Anm. 67), und Kronasser, EHS § 162. 7. Kammenuuser, MIO II, 423. 7 Larocus, BSL 58, 1963, 77. 73 Text RS 25.421 Ve. 63. Lanocue, Ugaritica V, 1968, 774. 74 §. z.B. die Erklarungen Kronasszrs, EHS § 162, 2.",0,eng,87.55842655329153,False,1648427543.381554,2.0865384615384617
29,"54 JJ.S8. WEITENBERG Das Luwische Im Luwischen gibt es nur ganz wenige Bildungen auf -atar. Ange- sichts des normalen Suffixes zur Bildung von Abstrakta, -hit-, miissen diese Bildungen aber als alte Reste betrachtet werden 7°. Man findet aber vielleicht nur einen deutlichen Fall von -atar Bildung zu einem -u-Stamm. Das Wort *kattawatar « Rache» in der Ableitung _kattawatnalli- «Rache suchend» (luwisch vor allem wegen der Lautfolge -tn-), das existieren kénnte neben hethitischem kattawatar « Rache», kénnte aufgefasst werden als -atar Ableitung eines adjektivischen Grund- wortes *katu- (hethitisch und luwisch) «hassend», nach Ansicht Laroche’s **, Er analysiert dieses *katu- als adjektivische -u-Ableitung eines Verbums *kat-, das er iiber *kot- verkniipft mit griech. kédros «Zorn, Groll». Diese Analyse wiirde auch fiirs Luwische Ablaut des Stammvokals des adjektivischen Grundwortes anlisslich der Bildung mit -atar bestdtigen, wenn nur feststiinde dass *kattawatar rein luwisch ware und nicht etwa ein Lehnwort aus dem Hethitischen. In dieser Hinsicht ist die Bemerkung Kammenhubers *? interessant, die meint, das hethitische kattawatar sei wohl aus dem Luwischen entlehnt. Es wire also méglich, dass auch das Luwische in diesem Punkt iibereinstimmt mit dem Hethitischen. Die Wrter auf -es- Das Suffix -es- bildet Verben in der Bedeutung « so werden, wie das Grundwort angibt ». Es ist denominativ 78, Ableitungen mit -es- zu substantivischen Staémmen findet man nicht mit Sicherkeit. Ableitungen mit diesem Suffix zu adjektivischen Stémmen zeigen drei Typen : Bildung mit Hochstufe : -awes- Bildung mit Nullstufe : -ues- Bildung mit Verlust des Stammvokals : -Ges- Es ist sehr schwierig hier eine Ordnung zu finden. Niitzlich ist wohl die Bemerkung Kronassers anlasslich diesen Verben 7°, dass 7 LarocuE, DLL 8. 140 § 32. 7% Larocus, RHA 76, 1965, 41. 7? Kamamennuper, MIO IL, 437 Anm. 92. 78 Farepricu, HE? § 138.160. Kammennvper, MIO II, 414 Anm. 30, Kronasser, EHS § 188, 3, 4. §33,4 (mit Litt.), DIE HETHITISCHEN -U-STAMME 55 viele Verben auf -es- den Eindruck machen Gelegenheitsbildungen zu sein. Dies wird wohl bestitigt durch die Tatsache, dass von einigen Verben mehrere Typen vorliegen. Die Aufgabe muss es hier sein zu untersuchen, nach welchem Muster die « abweichenden» Typen ent- standen sind. Als « regelmassig » méchten wir die Bildungen auf -awes- betrachten, vollig in Ubereinstimmung mit dem bis jetzt Erérterten. Die sonstigen Bildungen seien also die genannten « Gelegenheitsbildungen ». Der Typus auf -ues- kénnte theoretisch entstanden sein nach Ana- logie der -es-Bildungen mit substantivischem Grundwort. Da diese aber nicht festzustellen sind, méchte man es bevorzugen, die Bildungen mit -es- zu den adjektivischen -ui-Stémmen verantwortlich zu machen, Das Wort maninkues- erklart sich wohl sicher daraus, weil man eben fiir dieses Wort den Stamm maninkui- annehmlich gemacht hat. Der Typus -Ges- mutet merkwiirdig an. Nach Kronasser tritt hier eine « Verdrangung » des -u- auf *, die aber nicht erklirt wird. Kam- menhuber sieht in diesen Bildungen eine Stiitze fiir die Annahme, das man neben den -u-Stémmen auch manchmal -i-Stémme ansetzen kann *1, Man kénnte die letzte Annahme in dem Sinne modifizieren, dass man feststellt, die Bildungen vom Typus -Ges von -u-Stémmen seien gebildet wie die -es-Verben zu -i-Stémmen sie seien also analogisch gebildet nach dem Muster der -i-Stémme, was ausgezeichnet passen wiirde zu der Annahme von Gelegenheitsbildungen. Damit waren die Angriffspunkte der analogischen Bildungen gegeben. Damit ist die Ubersicht iiber die Flexion und einige Ableitungen der -u-Stamme beendet, mit dem folgenden Ergebnis : Man hat eine Bestatigung gefunden der Meinung, dass substantivi- sche -u-Stamme in der Flexion immer Nullstufe zeigen und die adjek- tivischen -u-Stémme immer Hochstufe in den obliquen Kasus. Aus- nahmen sind als (vom innerhethitischen Standpunkt) sekundir gebildet zu betrachten. Genau dieselbe Verteilung des Ablauts zeigt sich bei den Ableitungen von -u-Stimmen mit einigen produktiven Suffixen. Auch hier sind Ab- weichungen als sekundar zu erweisen. Das Palaische bietet kein Material, das Luwische widerspricht nicht 79 Krowasser, EHS § 188, 3 80 Kronassgr, EHS § 33, 4. 81 Kammennuser, MIO II, 414 Anm. 30,",0,eng,89.34382230804954,False,1648427549.117234,2.0865384615384617
30,"56 JIS. WEITENBERG und kénnte in einigen Fallen eine Bestitigung bieten. Damit ware es vielleicht angebracht, die hier fiir das Hethitische angenommene Situation als anatolisch zu betrachten, und aus diesen Tatsachen die Schlussfolgerung zu ziehen : Im Anatolischen ist der Ablaut in der Flexion und in einigen Ab- leitungen der -u-Stamme funktionsbedingt. Es wire die nachste Aufgabe, diesen Tatbestand zu vergleichen mit der Situation hethitischen (luwischen und palaischen) -i-Stamme und auf Grund des Befunds dieser beiden Typen eine Vergleichung mit den iibrigen indogermanischen Sprachen durchzufiihren. Es wiirde hier zu weit fiihren diese Fragen zu erdrtern, aber es wire niitzlich, die hier gegebenen Schlussfolgerungen zu vergleichen mit den Ansichten Benveniste’s, wie er sie erértert hat anlasslich der -u-Stémme * und der Ableitungen von -u-Stammen mit dem Suffix -abh % ; Stammesablaut bei den -u-Stémmen (und Ableitungen von -u-Stammen) ist bedingt durch die Ableitung des Stammes vom indo- germanischen Standpunkt gesehen. Er unterscheidet ein unabgeleitetes «neutre» ohne Ablaut des Stammvokals (-u-/-w-) neben einem abge- leiteten Stamm mit betontem -u-(-u-/-eu-). Die Kritik Kammen- Hubers * nennt diese Auffassung zu abstrakt und gestiitzt auf unzu- langlicher Materialbehandlung, soweit es sich ums Hethitische handelt. Wo Benveniste selber Gfters das Wort « dérivé» erklart durch die Zufiigung « adjectifs ou substantifs de genre animé», ware damit das Mass der Ubereinstimmung mit dem hier Gesagten gegeben. Es wiirde einer neuen Untersuchung bediirfen, inwieweit die Auffassung der indogermanischen Tatsachen durch das Hethitische modifiziert werden kann : die oben skizzierten hethitischen Tatsachen decken sich nicht vdllig mit der Auffassung von Benveniste, was ja nur der Fall wire, wenn man ohne weiteres fiir das Wort « dérivé» das Wort « adjektivische Funktion » substituieren kénnte. Um wenigstens eine ganz vorliufige Antwort zu erméglichen auf die Frage, wie sich das Alt- und das Jung-hethitische unter sich ver- halten in der Sache des Flexionsablauts der -u-Stimme, folgen hier einige genaueren Angaben. Mein Dank gebiihrt Herrn Professor Dr. Ph. Houwink ten Cate, der mir mit grésster Freundlichkeit ent- scheidend geholfen hat. Die Frage erhebt sich natiirlich, inwieweit Abweichungen der « Regel» (also « abnorme» Hochstufe in der Flexion der Substantive, 82 BunvenistE, Origines I, 68-70. 83 Kammenuuper, MIO II, 426 Anm. 60. DIE HETHITISCHEN -U-STAMME 57 oder «abnorme» Tiefstufe in der Flexion der Adjektive) als inner- hethitische Neuerungen (wie oben angenommen wird) oder als Reste einer dlteren Situation aufzufassen sind. Ein h&ufiges Vorkommen der « Abweichungen» im Alt-hethitischen kénnte auf Reste einer friiheren Situation hinweisen, die sich in dém Moment in Auflésung befindet. Bei den substantivierten Adjektiven mit hochstufigen Flexions- formen sind zwei alten Formen Der Gen.Sg. pangawas im Testament des Hattusili (KUB 16 II 1), der aber wenig besagt, da es sich hier um eine Erginzung Sommers handelt pa-a[n-ga-u-wa-ai] ... Der Dat.-Loc.Sg. pangawi in dem- selben Text (pa-an-ga-u-i(-pat) in III, 62) ist alt. Dieselbe Form wird auch gefunden in der Zeit Tudhaliyas IV (pangawe KUB XXV 36 II 10.14.s. Haas, der Kult von Nerik, 1970, 202-203). Kaum zu da- tieren scheint panqawi KUB VI 3 // (Cat. 215, 2). Der Abl.Sg. assawaz (BoTU 37 I 15) und der Instr.Sg. assawit KUB VIII 80 15 stammen beide aus der Zeit des Suppiluliuma I. Dass der Typus pangawi (hochstufige Flexion substantivierter Adjektive) nicht etwa als einziger Typus im Alt-hethitischen vor- kommt, beweist der Dat.-Loc. Sg. assuwi « zum Guten», ebenfalls im Testament des Hattusili (KUB I 16 IT 17 : na-an pa-ra-a a8-Su-ti-i hu-i [t-ti-ya-ni-eS-ki-nu-un ...]. Der umgekehrte Fall, tiefstufige Flexion von Adjektiven, die die Méglichkeit besitzen, als Substantive verwendet zu werden, findet sich nur im Ace.P1.C. pankus (KUB XXIII 76,8). Wegen des folgenden ku-i-t-uS ware man dazu geneigt, diese Form als dltere Sprache» aufzufassen (vgl. Otten StBoT 11, 14 Anm. 1). In diesen Tatsachen liegt wohl kein Anlass, die obengenannte Er- klérung (Abweichungen der « Regel» unter Einfluss der alternativen Verwendungsméglichkeit dieser Wérter) zu bezweifeln. Bei dem Worte heu- « Regen» (und wappu- « Flussufer») ist der Sachverhalt folgendermassen : In alter Schrift ist belegt Nom.P1.C. hé-e-a-u-e-e(-ma-a8), KUB XXIX 3 Vs. I 8 (in einem Duplikat aus dem 13. Jhdt. geschrieben hé-e-ya-u-e-e3, KUB XXIX 1 27). Aber einen nicht-ablautenden Nom.P1.C. scheint man zu finden in KUB VIII 27 1 (Text, Friedrich, Staatsv. II, 166): [hé]-e-u8 ki-i-Sa-an-ta, das wegen der Pleneschrei- bung des Verbs einen archaischen Eindruck macht (dies aber schliesst eine Datierung im Anfang des Grossreiches nicht aus!). Méglich alt ist der Acc.P1.C. hi-e-a-mu-u3 KUB XXXIII 9 III 10",0,eng,89.67254395041321,False,1648427555.6821618,2.0865384615384617
31,"58 J.J.8. WEITENBERG (Telipinu-Mythus. Text bei Laroche, RHA 77, S. 106 mit falscher Schreibung hé-..). In demselben Mythus findet man den Acc.P1.C. wappamus (XXXIII 10 I 11), der also auch alt sein kénnte. Alte Belege vom Typus Acc.PI.C. heus scheint es nicht zu geben. Der Gen.Sg. heyawas (KUB XXV 23 IV 52) stammt aus der Zeit Tudhaliyas IV und wird gefunden neben dem Gen.Sg. hewas in dem- selben Text. Der Instr.Sg. heauit XXXIV 16 II 4 (vgl. Neu, StBoT 5, 55 Anm. 2) scheint nicht genau datiert werden zu kénnen. Dies alles spricht wohl nicht gegen unsere Annahme, dass der Stamm des Wortes urspriinglich *heyaw(a)-gelautet haben muss. Die Kombination meus heus bedarf einiges Kommentares. Die von Kronasser (Anm. 32) gegebenen Belegstellen sind KUB XXXVI 89 Rs. 54.60 (vgl. Haas, der Kult von Nerik, S. 156-157) und XXXVI 77, 2.5 (Haas, l.c. 140 Anm. 8) und daneben ist noch zu belegen XXXI 136 II 5 (Haas, l.c. 196-197). Die Stellen in XXXVI werden von Haas datiert in der Zeit Hattusilis III. KUB XXXVI 89 Rs. 60 wird meus heus von Haas iibersetzt als Nom.Sg.C. Schwierigkeiten macht viel- leicht XXXVI 89 Rs 54, wo kat-ta me-e-uS hé-e-u8 tar-ni-e3-du tibersetzt wird als «vom Himmel soll milder Regen herabkommen », was aber nicht ganz in Ubereinstimmung zu sein scheint mit der Be- deutung des transitiven Verbums tarna-. Auch in XXXVI 77 ist meus heus wohl nicht ein Acc.P].C.: nach Haas, l.c. besteht eine enge Verbindung zwischen XXXVI 89 und XXXVI 77. In XXXI 136 aber ist heus meus eindeutig als Acc.PI.C. zu fassen : [me-e]-u3-wa-za hé-e-uS GAM-an le-e hal-z [i-e8-ti] « milde Regengiisse willst du nicht herab- tufen» (Text und Ubersetzung nach Haas, l.c.). Von den obengenaanten Adjektiven mit unerwarteter Tiefstufe in der Flexion ist die Mehrheit belegt in jungen oder auch in nicht da- tierten Texten. Bei den Wértern, die wir gedeutet haben als alte Stém- me auf -ui- ist der Abl.Sg. maliskuwaz (BoTU 3 II 13) belegt in alter Sprache. Die Datierung der anderen Adjektive ist ausserst schwierig. Ein- deutige Belege in alter Sprache scheinen sich darunter nicht zu finden. Es sei hingewiesen auf den Acc.P1.C. HUL-lus IX 34 IV 6 neben HUL-mus in demselben Text (IX 34 I 28). Es handelt sich um ein Ritual der SALSU.GI. Der Acc.PLC. kilus IX 31 II 42 findet man als kelamus im Duplikat HT 1 I 17 (einem Ritual des Zarpiya). Mann kann also mit einiger Vorsicht behaupten, dass die Ergebnisse der oben gegebenen Untersuchung nicht widersprochen werden durch das althethitische Material. ASPECTS DU CONSONANTISME HITTITE par Guy Jucquois 1, IntRopuctTion Héritier et dépositaire d’une culture hybride, sémitique, asianique et indo-européenne, le peuple hittite a connu le destin de beaucoup de peuples frontaliers dont le sort dépend davantage des intentions de leurs puissants voisins que des leurs propres. Dans le Proche-Orient ancien, face aux Sémites et aux Egyptiens & histoire interminable, les Hittites, ou plutét les peuples que nous appelons ainsi par commo- dité, représentent 1’élément hétérogéne et largement perturbateur. Leur réle essentiel en politique internationale a consisté & remettre en question des leaderships bien établis. Il en est de méme en linguistique. La grammaire comparée s’était solidement établie avant qu’on ne soupgonne I’existence méme de ces langues indo-européennes d’Anatolie. La reconstruction de l’indo- européen s’était amorcée sur la base de langues relativement semblables telles le grec et le sanscrit. Le résultat était trés cohérent et le travail semblait définitif & la grande tristesse des jeunes comparatistes qui voyaient avec résignation leur réle limité 4 des corrections de détail, sans impact sur les doctrines d’ensemble. La remise en question fut d’autant plus brutale qu’elle était inattendue bien qu’espérée. La décou- verte, quasi simultanée, de deux nouveaux rameaux indo-européens, le hittite et le tokharien, donna une nouvelle et forte impulsion a la recherche comparative. Miné de I’extérieur par les nouvelles doctrines proposées en linguisti- que générale et que l’on peut regrouper schématiquement sous le nom assez équivoque de structuralismes et attaqué de J’intérieur par les nombreuses questions suscitées par l’interprétation, toujours plus rigoureuse, des textes hittites et tokhariens, le monument érigé par le gigantesque labeur des néo-grammairiens se lézarde de toutes parts, tout en conservant un immense intérét comme recueil de faits précis et généralement bien établis. Actuellement, méme si l’on réédite",0,eng,91.23380475954738,False,1648427561.630892,2.0865384615384617
32,"60 G. JUCQUOIS une ceuvre colossale telle que celle de BruaMann, rares sont les com- paratistes qui souscriraient encore entiérement aux théses qui y sont développées. La cause interne de cette remise en question assez fondamentale est sans doute l’impossibilité d’intégrer le hittite et le tokharien, mais vraisemblablement davantage le premier que le second, dans la théorie d’ensemble de l’indo-européen, théorie rendue classique par Jes travaux de maitres tels que MrrLter et BRuGMANN pour ne citer qu’eux. C’est qu’en effet le hittite et le tokharien soulevaient davantage de questions que ces langues n’en résolvaient. On pourrait évoquer ici beaucoup de problémes suscités par I’étude de ces nouveaux rameaux de l’indo-européen, par exemple les relations particuliéres du hittite et du tokharien, les identités lexicales constatées entre le latin et le hittite, les paralléles syntaxiques notés entre le celtique et le hittite, mais on se contentera d’évoquer la théorie laryngale en raison de sa complexité et de ses répercussions. Dans cette question, en effet, on est passé rapidement de la joie que provoqua la confirmation des théories de Saussure, élaborées bien avant la découverte des textes hittites, 4 la perplexité devant des données trés complexes et apparemment contradictoires. On sait que de SaussuRE avait proposé d’expliquer les voyelles non-apophoniques de l’indo-européen comme provenant d’une évolution & partir d’un stade plus ancien. D’aprés cet auteur on aurait eu : *aé > *é(non-apophonique), *éa > *é (id.), and > *d, * €ox> ""Gd, Yad > *5(id.), *éoa > *5(id.). Cette hypothase, de nature structuraliste, regut une confirmation éclatante aprés la découverte des textes cunéiformes hittites lorsque des auteurs, tels que Benveniste, Couvreur, Cuny et Kuryiowicz, pour n’en citer que quelques-uns, montrérent la conservation partielle de cette étape antérieure que de SaussuRE avait été amené 4 poser. Les laryngales saussuriennes, posées a titre de principe d’explication, avaient non seulement laissé des traces dans diverses langues mais étaient réelle- ment attestées en hittite! Voila done déja un probléme d’importance que le hittite avait permis de résoudre, pouvait-on penser. Hélas, si certaines questions soulevées par de Saussure étaient effectivement résolues et si son postulat de base se trouvait partiellement confirmé, il subsistait un écart aux yeux des uns, un fossé aux yeux des autres, entre la théorie saussurienne et la réalité du hittite. ASPECTS DU CONSONANTISME HITTITE 61 Aujourd’hui, on peut affirmer, sans crainte de se tromper, que la découverte des dialectes hittites et de leurs laryngales a provoqué beaucoup plus de nouvelles questions importantes qu’elle n’a permis d’en résoudre. I] suffit, pour s’en convaincre, de considérer l’énorme littérature laryngaliste. Il y a soixante ans, on pouvait adopter les théses de SaussuRE ou ne pas les accepter : deux théories étaient en présence, mais il n’y avait pas de contradiction entre elles, simple- ment une des deux allait beaucoup plus loin que l’autre dans la recon- struction et la comparaison. Actuellement, s’il y a beaucoup de laryn- galistes, il y a malheureusement aussi beaucoup de théories différentes et bien souvent contradictoires. Certains admettent trois laryngales, d’autres quatre ou deux; les uns les utilisent avec parcimonie, d’autres en sont prolixes. Faute d’une théorie généralement admise, les auteurs de gros ouvrages d’ensemble, tels que les dictionnaires étymologiques, ne peuvent en tenir compte sous peine de faire ceuvre de chapelle. Lorigine de cette situation doit étre attribuée au hittite. Aussi certains linguistes, peut-étre par un réflexe d’auto-défense pour protéger le corps de doctrines 4 la base de leur formation mais aussi, sans doute, pour conserver a l’ensemble des théories sur l’indo-européen une cohé- rence relative, proposérent de séparer le hittite des autres branches de l’indo-européen et ce fut la théorie de l’indo-hittite dont le succés fut surtout grand Outre-Atlantique. Dans cette hypothése, il faut considérer le hittite non plus comme un rameau indo-européen, mais Je mettre sur le méme pied que |’indo-européen lui-méme cette der- niére langue et l’indo-européen classique auraient été deux langues- scours. On évitait ainsi de devoir justifier au niveau de l’indo-européen certains phénoménes linguistiques hittites embarrassants. Cette ma- niére de voir qui, indépendamment de son exactitude éventuelle, offrait l’avantage, sur le plan technique, de simplifier les problémes et de les rendre ainsi plus abordables, semble aujourd’hui abandonnée. Cette question des laryngales aura suffi, nous l’espérons, 4 mettre en lumiére combien I’analyse linguistique du hittite occupe une position centrale dans la théorie de l’indo-européen. Or, si le hittite souléve plus de questions qu’il n’en résout, c’est en grande partie dfi au fait que son analyse reste incomplete. L’interpréta- tion d’un phénoméne linguistique hittite repose nécessairement sur une interprétation du systéme graphique qui le rend. A ce niveau déja commencent les difficultés. L’écriture hittite n’a pas été élaborée pour noter cette langue elle a été empruntée et les Hittites héritérent",0,eng,89.80572578132993,False,1648427568.398624,2.0865384615384617
33,"62 @. JUCQUOIS de certaines habitudes scripturaires des Hourrites et, & travers eux, des Mésopotamiens. Une interprétation du phonétisme hittite suppose donc comme préalable l'étude du systéme d’écriture. C’est la la raison du deuxiéme chapitre. On pourra alors aborder l’examen des deux questions importantes qui fournissent la matiére des chapitres trois et quatre. Au chapitre trois on étudiera la « régle de SruRTEVANT ». Cette régle est d’un intérét majeur pour la compréhension du syst8me consonantique hittite dans son ensemble : l’interprétation étymolo- gique de presque tout le lexique hittite y est intéressée. Le chapitre quatre sera consacré lui aussi & une question qui a déja fait couler beaucoup d’encre : les laryngales. On essayera d’y montrer comment on peut intégrer l’interprétation des faits hittites dans la théorie de l’indo-européen et quelles sont les conséquences qu’il faut en tirer pour la chronologie relative de l’indo-européen. Il nous reste solliciter la bienveillance du lecteur. Nous n’avons pas eu la prétention d’étre complet, tant s’en faut. On a déja tant écrit sur les questions traitées ici qu’un gros volume suffirait & peine & résumer ces recherches et leurs résultats. Soumis & la tentation d’étre exhaustif sur le plan de l’érudition, nous avons préféré ne signaler que ce qui paraissait indispensable et nous concentrer sur ce qui nous sem- blait central. 2. SysTiMES GRAPHIQUES ET SYSTEMES PHONOLOGIQUES 2.1, Situation de Hattusa au point de vue de Vécriture Lorsque les Hittites arrivérent en Asie Mineure, ils ne connaissaient vraisemblablement pas I’écriture. Mais dés l’Ancien Empire, ils entré- rent en contact avec les marchands assyriens de Cappadoce, puis avec les Hourrites qui avaient adopté, en le modifiant selon leurs besoins, le syllabaire cunéiforme babylonien. Rapidement les Hittites se rendirent compte du parti qu’ils pouvaient tirer de I’écriture cunéi- forme et ils importérent des scribes, principalement hourrites, dont la formation était babylonienne. On peut dire, par conséquent, que les scribes hittites étaient généralement bilingues1, ce qui ressort avec évidence de l’examen, méme superficiel, de n’importe quel texte 1 Ou trilingues : hittite, hourrite et babylonien. ASPECTS DU CONSONANTISME HITTITE 63 hittite émaillé de mots ou de bouts de phrase en akkadien. L’empreinte laissée par leur formation babylonienne était telle que, bien souvent, il leur paraissait plus simple d’écrire en sémitique un texte qui devait &tre lu en hittite, reportant ainsi & plus tard, au moment de la lecture, les difficultés de la transposition en hittite. Cette influence babylonienne peut étre si forte que, au début du déchiffrement, beaucoup d’indo- européanistes refusaient ou hésitaient & reconnaitre dans les textes hittites qu’on leur soumettait une langue indo-européenne. Pourtant cette influence babylonienne n’alla pas jusqu’é une imita- tion servile des modéles mésopotamiens. Tant sur le plan de l’écriture que sur celui de la langue, les Hittites firent preuve d’une relative originalité. On peut certainement parler de caractéres propres aux textes babyloniens écrits 4 Hattu’a. Lazar a pu écrire tout un ouvrage sur l’akkadien de ces textes * et nous avons mis en évidence ailleurs * leurs particularités phonétiques. Les Hittites de l’Ancien Empire connaissaient I’écriture cunéiforme qwils voyaient utilisée par les colons cappadociens. Ces derniers em- ployaient un syllabaire vieil-assyrien teinté de particularités régio- nales 4. Mais, & part quelques tablettes akkadiennes datant de cette é6poque et trouvées & Hattuda 5, les Hittites ne semblent pas avoir fait un grand usage de ce syllabaire vieil-assyrien. On admet générale- ment que c’est & une époque plus récente que les Hittites empruntérent leur écriture. En effet, ces derniers ne peuvent avoir emprunté leur écriture aux Assyriens de Cappadoce parce que les caractéristiques linguistiques et graphiques de cette population sont trop aberrantes par rapport au syllabaire hittite *. Pour notre propos, il est par contre de relativement peu d’intérét de savoir si les Hittites apprirent & écrire avant de s’emparer de HattuSa ou non ’. D’autre part, on sait aujourd’hui que depuis le milieu du 17¢ siécle on écrivait en écriture cunéiforme dans le pays hittite ot la langue akkadienne était, dans une certaine couche de la population, maitrisée 2 ABK. 3 Phonétique comparée. 4 Pour tout ce chapitre, on trouvera une excellente mise au point, absolument & jour dans Kammenuvper, Hdb., 161s. 5 Of. infra. 6 SrorTEvant, Comp. Cram.%, 2. 7 Soman, HuH, 1-38, admet la premitre hypothase. |",0,eng,90.55585749576272,False,1648427574.501529,2.0865384615384617
34,"64 G. JUCQUOIS aussi bien que le hittite *. Par ailleurs, plusieurs arguments militent en faveur d’un emprunt de l’écriture par les Hittites aux Hourrites. Il y a trente ans déja SpriseR admettait cette hypothése ° qui reposait sur un ensemble de données que l’on tentera de résumer ici. Outre Yargumentation tirée de histoire politique de I’Anatolie, qui nous montre les relations étroites qui existaient entre les Hourrites et les Hittites, on retiendra encore le fait que beaucoup de scribes étaient hourrites et que l’écriture du hittite récent présente des analogies générales et de détail avec le syllabaire hourrite. En réalité, les choses sont moins simples qu’elles n’en ont lair. KaMMENHUBER a mis en exergue, tout récemment », toutes les questions qui restaient & résoudre au sujet de l’écriture hittite cunéiforme. Un des problémes les plus ardus demeure la relation, sur le plan de l’histoire des écritures, entre le syllabaire des textes en vieux-hittite et celui des textes néo-hittites. Il y a de sérieuses différences entre ces deux syllabaires, principalement en ce qui concerne la fréquence au sujet de l’usage des idéogrammes et des déterminatifs, la graphie pleine des voyelles et la notation des occlusives ou plus généralement des consonnes intervocaliques. En résumé, on peut dire que le syllabaire hittite cunéiforme rappelle celui des lettres d’Amarna (syllabaire syro-palestinien) mais aussi les autres syllabaires de type hourrite tels que ceux utilisés 4 Alalah, Qatna, Ugarit, en Syrie du Nord ou & Nuzi en plein pays hourrite 1. Bien qu’on reconnaisse le bien-fondé des observations de KAMMENHU- BER signalées ci-dessus au sujet des relations dans le temps et dans espace de ce qu’on appelle le syllabaire hittite cunéiforme, on peut néanmoins légitimement tenter de découvrir, indépendamment de son histoire, ce qui caractérise ce syllabaire et comment l’interpréter par rapport aux syllabaires contemporains hourrites et akkadiens. A défaut d’une histoire détaillée des écritures cunéiformes de cette époque et de cette région, on essayera de dégager, a l’aide des statisti- ques, les caractéres significatifs de ce syllabaire. On admet, en effet, que Vécriture, comme le langage qu’elle sert & supporter et 4 transmettre, doit constituer un systéme, et que l’analyse statistique de ce systéme 8 Kawmennuner, Hdb., 165. 9 Introd. to Hurrian, 12-14. 10 Kanmennuper, Hdd., 173 8. 4 Kanaennuner, Hdb., 162 et n. 6, avec bibliogr.; of. aussi Jucquors, Phonétique comparée, 61 8. ASPECTS DU CONSONANTISME HITTITE 65 doit nous permettre de retrouver le systéme phonologique qui lui est sous-jacent. On examinera donc successivement le syllabaire akkadien de Hat- tua, le syllabaire hourrite, puis le syllabaire hittite. Ceci nous montrera comment ce dernier s’intégre parmi les autres syllabaires de la Méso- potamie du Nord et comment il faut l’interpréter. 2.2. Le syllabaire akkadien de Hattusa L’importance du syllabaire akkadien de Hattua est trés grande, non seulement pour l’interprétation linguistique de nombreux textes moyen-babyloniens en provenance du pays hittite, mais aussi pour Yinfluence que ce syllabaire a pu exercer sur le syllabaire hittite. Le fait qu’on a retrouvé plusieurs tablettes bilingues (hittites et akkadiennes) montre lui seul comment cette influence a pu s’exercer. Tous les textes akkadiens retrouvés 4 Hattuga n’ont pas été écrits sur place; en gros, proviennent du pays hittite les traités politiques, les lettres portant la signature de Hattuiili, les documents historiques versés aux archives, de méme que les textes officiels et scolaires (vocabulaires) 32. Les scribes hittites, méme en admettant qu’ils fussent spécialisés en principe, soit en akkadien, soit en hittite, avaient regu une formation mixte et de par leur situation vivaient dans ce qu’on pourrait appeler un milieu bilingue (ou méme plurilingue). Ils étaient donc dans une position idéale pour qu’il y ait non seulement inter- férence d’une langue sur l’autre — ce qu’on effectivement pu observer — mais aussi interférence d’un systéme graphique sur l’autre. Il faut, bien entendu, exclure de notre examen les tablettes akkadiennes de Hattu%a qui ne sont que de simples copies de tablettes babylonien- nes. Ce type de textes, rassemblés surtout dans KUB IV, est en tout conforme aux modéles mésopotamiens et ce n’est que deci dela qu’on peut soupgonner la véritable nationalité du scribe, par exemple lorsqu’il confond les signes pour les sonores et ceux pour les sourdes. II s’agit de textes scientifiques (recettes médicales, etc.) ou de tablettes de présages, de rituels ou de proverbes. 12 Lazar, ABK, 3; on trouvera une liste des textes akkadiens trouvés & Hattuda avec leur provenance dans Jucquors, Phonétique comparée, 40 s. On négligera ici les quel- ques textes écrits en vieil-akkadien et datant du début du second millénaire (KBo, IX, 18 40).",0,eng,90.17229434346102,False,1648427580.810302,2.0865384615384617
35,"66 G. JUCQUOIS fl ASPECTS DU CONSONANTISME HITTITE 67 Voici la liste des signes utilisés dans les textes moyen-babyloniens kins 131 AZ az écrits & Hattuia 1 : Gg as N.B. : Les numéros renvoient & Dermat, SL, I, oud Lazat, Manuel. I 134 UM as Les signes (valeurs) entre ( ) sont douteux. x"" um 86 RI 138 DUB tub x A re tup 1 as 88 KAB gdb 139 TA ta gap ru GUB bib ta hip 42 =I i 5 BA 70 90 GADA IA ia 71 SIR Sir . 6 ZU mt 73 TI ti M43 GAN he ot A 94 DIM tim 145 AD ad eu ai 97 AG a 7 sU su 74 BAR “7 a 4 13° AN an 8 15 KA 7 NU nu “4 se a 73 HU 99 EN sito a) . 100 DARA tar us IN in 104. SA sa (ens) 79 NAM 105 GAN kan 152 SAR sar 58 TU tu 80 IG i 108 DUR fur Sar li 111 GUR kur 164 SUM Sim hi : 112° SI si (ndk) 14 59 LI a se 167 GABA —kdp (#) 169 DAB (tih 22) 60 KUR bab eq 114 DAR am bap 83 RAD rit 4 115 SAG 7 PUS 84 ZI zi “e 61 MU mu sf 191 GUM i 124 TAB qu 62 QA st % 67. GIL e 202 KAS Kase 68 RU ru 36 126 SUM sum 203 UR (ir) 69 BAD be 205 IL il 8 GI i 128 AB ab 206 DU du g ap ti 18 Cette liste est un résumé de celle publiée dans Jucquors, Phonétique comparée, 130 UG ug tis uk 207 TUM tum 14 Dans un texte trouvé a Ugarit. (dum) 1M Dans un texte trouvé & Ugarit.",0,eng,73.0139655,False,1648427585.392988,2.0865384615384617
36,"68 G. JUCQUOIS | ASPECTS DU CONSONANTISME HITTITE 69 tus (piso? 2) 455 U a dus 318 U a 457 DI di 211 GIS us 319 GA ga \ us de 212 IS if qa ti 214 KAS bi te bé 322 KAL dan 383 PI 459 DUL tul pé - 328 ~RA ra 463 KI ki 333 GAR gar \ wi ke 228 KIB kib 334 ID ue g 231 1 ni it ua gé 393 ERIM sab gis i 396 DUG hi 467 SA Sul 4 et he sul 232 IR ir et ti wt 469 PAD pad er 335 DA da 472 ES Cy 233 MAL w bas 398 UH ah (és) 280 DAG 339 AS (rare) eh 491 ZAR (sare) th 532 ME me 342, MA ma ub sip 295 PA 343 GAL gal 399 IM im 533 MES eb ba gal em 535 IB ib 295k SAB sab 401 HAR ip sap 353 SA Sa hur eb 296 GIS is 354 8U Su mur ep te 366 KUR kur kin 536 DUR ku is 367 SE Se 406 KAM kam qh 371 BU bu gam gus e 412 UGU muh tus es 372 «UZ uz 427. Gig mi 537 LU lu nis us 433 NIM nim 538 KIN gi 298 AL al us 435 LAM qe 306 UB ub 375 TIR dirs 545 80 rg up 376 TE 437 AMAR sur 553 GEME mim 307 MAR 441 UL ul 555 ZUM rik 308 E e des 449 IGI i rig (irs) 376* KAR lim riq 312 UN un (qar) li 556 NIN nin 314 MES 381 UD 451 AR ar (eri8)",0,eng,75.09003902173912,False,1648427589.8968298,2.0865384615384617
37,"70 G. JUCQUOIS 557 DAM dam 579 A a 559 GU gu 586 ZA za (kus) sa 562 KUSU (ahx) 14 sa 564 SIKIL 589 HA ha ils 595 GIN tu 565 HUM lum 597 NIG Sa 575 UR ur 2.3. Le syllabaire hourrite En réalité, ce n’est que par souci de concision que l’on peut parler de syllabaire hourrite. En effet, s’il y a une base commune l’ensemble des syllabaires cunéiformes utilisés pour noter le hourrite, il subsiste malgré tout des particularités régionales propres aux textes de HattuSa, & ceux de Nuzi et Ja lettre du Mitanni. Les caractéres communs aux syllabaires hourrites sont les suivants 15 : 1. Absence de signes particuliers pour noter les emphatiques : on ne peut signaler que quelques cas de ga et de qu et encore doivent-ils étre interprétés comme des allographes de ka et de ku, tandis que le signe SI, utilisé trés rarement 4 Nuzi'*, n’a, dans les mots hourrites, que la valeur 2é 17. 2. Usage du signe PI : de méme que le syllabaire hittite, les sylla- baires hourrites utilisent le signe PI pour rendre la chaine phonétique [wa]. La lettre du Mitanni emploie le méme signe pour noter aussi les valeurs [we, wi, wu], tandis que l’ambiguité du choix entre ces quatre valeurs qui différent par le timbre de la voyelle finale est levée dans le syllabaire hourrite de HattuSa par la ligature du signe PI avec le signe spécifique de la voyelle, soit PI + lire [wa], trans- crit habituellement ya,, ou PI + E, lire [we], transcrit ye, etc. 3. Bivalence des signes AB, IB, UB outre les valeurs normales de ces signes dans les syllabaires hourrites en général, & savoir la notation soit des groupes [ab, ib, ub] ou [ap, ip, up], soit des voyelles [a, i, u] 14 Dans un texte trouvé & Ugarit 18 Cf. SpErseR, Introd. to Hurrian, 12; Lanat, Manuel, 23; Frreprice, Hdb., 10 . 18 Berkooz, NDA, 1. 17 No 147 de la liste de Derumr, signalé sous ZE par Vox Sopzx, Syllabar. ASPECTS DU CONSONANTISME HITTITE 71 suivies d’une occlusive longue ou bréve suivant les cas, les signes AB, IB, UB suivis du signe PI rendent respectivement les syllabes [aw, iw, uw]. 4. Distinction entre U et U la lettre du Mitanni distingue trés clairement les deux signes d’ot l’on a conclu que wu rendait le son [o], tandis que z% notait le son [uw] 1*. Cette distinction ne se rencontre pas 4 Nuzi : [u] s’y écrit soit u, trés rarement, soit %, tandis que & note la copule ou peut-étre aussi [’w] 1°; on en conclura que ce dialecte hourrite ou bien ne connaissait pas cette distinction entre [0] et[u], ou ne la rendait pas dans l’écriture oi les deux sons étaient transcrits uniquement par % *°. Ailleurs également c’est le signe U qui l’emporte exclusivement. 5. Indifférenciation graphique des occlusives : les consonnes sonores ou bréves sont rendues par une graphie simple, tandis que les consonnes sourdes ou longues sont notées régulisrement par une réduplication ou par ce qu’on pourrait appeler une graphie enchainée *!. L’usage est, & cet égard, strict dans les textes hourrites **, au contraire d’une certaine latitude que l’on peut observer dans les textes hittites °°. 6. Graphies vocaliques pleines : il arrive qu’au lieu d’une graphie simple ou d’une graphie enchainée on ait une graphie avec notation explicite de la longue alors qu’il ne s’agit pas d’une voyelle longue réelle. On trouve un paralléle a ce phénoméne dans ce que KRONASSER** appelle les graphies « superpleines». Ce type de notation s’observe dans les plus vieux textes hittites, dans l’akkadien de HattuSa et dans des lettres du Mitanni *. 7. Valeurs des signes en J, s et 2 : Les signes contenant une de ces valeurs regoivent une nouvelle valeur en conformité avec les régles qui sont d’application pour l’ensemble des syllabaires du nord et de Youest #6. 18 Frrepeice, Hdb., 11. 18 Berkooz, NDA, 12-13. 20 Purves, NPN, 183. 21 Jucquors, Phonétique comparée, 196-197. 22 Frreparon, Hdb., 11. 23 Of. infra. 24 BHS, 28-29, § 21. 25 Jocqvors, Phonétique comparée, 182, § 14.4. 26 Frmpric, Hdb., 11-12; Srxiser, Introd, to Hurrian, 12 et n. 2; Jucquors, Pho- nétique comparée, 225 8., § 24.",0,eng,87.94519678651686,False,1648427595.1182709,2.0865384615384617
38,"72 G. JUCQUOIS 2.4. Le syllabaire hittite Les scribes de l’époque classique utilisaient pour écrire le hittite un syllabaire cunéiforme partiellement différent du syllabaire destiné aux textes akkadiens, Afin d’en bien apprécier les similitudes, mais aussi les divergences, nous donnons ci-dessous le syllabaire hittite que on comparera ensuite, sur le plan des tracés et sur celui de la valeur des signes, avec le syllabaire akkadien de la méme région (of. supra). Cette liste est basée sur celle de Frrepricu, Heth. Keilschrift-Lesebuch, I, complétée par celle de Larocne, E., Quelques valeurs rares du syllabaire hittite, dans RA, 46 (1952), 161-163, auxquelles on renvoie une fois pour toutes. valeurs valeurs valeurs valeurs en hittite akkadien (dans en hititte akkadien (dans contexte hittite) contexte hittite) 1 AS ag af 68 RU rw rum 69 BAD  pad/t ba rh bad 2 HAL hal mit 70 na 5 BA be 71 SIR ir 6 20 mu 73 Tl ti 7 su a 9 BAL pal 74 BAR pdr bal (bar) 12 TAR tar MAS mag dary 75 NU nw 78 HU bu 13 AN an 79 NAM nam 15 KA ka 80 IG ig/k/q gus 83 RAD rad/t 53 SAH sah 84 ZI a 5 LA ola 8% GI gi 58 TU tw ki di 86 RI ori co Lt li tal 61 MU mu (dal) 62 QA gas 88 KAB kap/b 126 139 142 152 169 ASPECTS DU CONSONANTISME HITTITE gad|t kad/t kit/d gid|ts tim ag ak en tim tl sa dur tir tur 26, $i 170 AM 191 GUM 207 ~TUM 210 GESTIN 211 Gis (6a) (pa) kum gum ga 73 tum",0,eng,77.98140247211896,False,1648427598.7314932,1.75
39,"74 G. JUCQUOIS ASPECTS DU CONSONANTISME HITTITE 75 306 UB ub|p (dirs) 467 SAH zul zul 554 GEME al 307 MAR mar 376 TE te 557 DAM dam 308 E e tam 312 UN un 376* KAR kar 471 NIS 564 SIKIL el 314 MES mis gars 472 ES 575 UR ur ur 31s U 381 UD 480 DIS liglk lig 319 GA ga us tas 532 ME 579 A a 322 KAL kal 383 PI 533 MES —me& 586 ZA za 396 DUG hi edis 586 ZA 2a 398 UH ah, eh, ih 535 IB iblp sa ub 536 DUR ku 589 HA ha 325 NIR nir 399 IM im gus 597 NIG (84) 328 RA ra 401 HAR har 537 LU lu 334 ID hur 335 DA da 2.5. Comparaison syllabaires moyen-babylonien de HattuSa mur et les implications phonologiques 339 AS 406 KAM kam Pour avoir tout son sens, une comparaison des syllabaires cunéiformes 342 MA a ou hittite et moyen-babylonien de Hattu’a devrait se développer sur 343. GAL gal 495 KISI bik trois plans. I] faudrait d’abord dresser la liste des signes propres au vy syllabaire hittite, puis celle des signes propres au syllabaire moyen- 346 GIR gir 427 GIB * babylonien de HattuSa et enfin celle des communs ces deux hir 49 GUL ul i syllabaires. Dans cette derniére liste on devrait mettre part les signes is qui ne se rencontrent que dans ces deux syllabaires et pas ailleurs. 435 UL On devrait ensuite comparer la forme des signes communs aux deux pad 449 IGI syllabaires étudiés ici, puis confronter les valeurs de des signes. bas lim Enfin, il faudrait tenir compte des fréquences d'utilisation, ce qui 349 BUR bur in est trés difficile actuellement. ; . pur 451 AR ar On a vu plus haut quelle était la position du syllabaire 353 SA Sa 456 HUL (bul) de Hattu’a par rapport aux autres syllabaires 354 SU fu 457 di I suffira donc ici de relever les signes propres au syllabaire hittite 366 KUR Sad ti et ceux particuliers au syllabaire akkadien (y compris les signes utilisés * pour transcrire des formes akkadiennes dans des textes hittites). 463 KI ki 465 TIN syllabaire hittite syllahaire akkadien din 2 HAL hal, hel 372, UZ 9 BAL bal, pal 375 TIR (tir) 2 MAH mak",0,eng,81.03915312144703,False,1648427604.293996,2.0865384615384617
40,"76 53 123 129 150 173 192 210 325 346 349 411 429 465 471 480 SAH DIR NAB DIM GIBIL GAZ GESTIN NIR GIR NIS DIS (dir, tiry) nab|p dim, tims (bil, pil) gaz haz ut nir gir, kir prs, bis pas, bak bur, pur u gul, kil tin, din (ten, den) (man) dis, tik G. JUCQUOIS 60 67 100 112 114 115 138 164 167 228 393 412 433 437 459 491 538 545 555 KUR PUS GIL DARA sI DAR SAG DUB SUM GABA KIB ERIM UGU NIM AMAR DUL ZAR KIN 8U ZUM bab, bap pis kil tar si, se (8) tar sag/k/q tub/p Stim (nék) hap gas, kib sab tul (sare) qi, ge Mh vik lqlg ASPECTS DU CONSONANTISME HITTITE 17 556 NIN nin, (eris) 559 GU gu, (kus) 562 KUSU  (ahx) 595 GIN tu 17 sur 143 25 sur 151   On remarque que si certaines valeurs semblent particulitres au syllabaire akkadien (mah, bab?, tar, dim, ndk, kép, sare) ou au sylla- baire hittite (dir, dim, ui, nir, pas), ensemble des signes est identique pour les deux syllabaires. En effet, & l'exception de ceux mentionnés ci-dessus, les autres signes énumérés se rencontrent dans d’autres régions & la méme période. De plus, il faut tenir compte de la faible fréquence d’utilisation de certains signes. Un signe comme GUL est relativement rare et on ne tirera pas grand chose de son absence dans le syllabaire akkadien. Il faut éliminer, en outre, les signes exprimant des valeurs inconnues dans une des deux langues étudiées. Ainsi, il est tout normal que les signes notant des emphatiques soient absents dans le syllabaire hittite puisque le hittite ignore ces sons (par exemple les signes sab, sur, gi, ge). Tl en est de méme pour le signe rendant la sifflante sourde puisque ce son est écrit en hittite 4 l'aide de signes en J, ainsi si, se, sag/k/q, etc. En résumé, il ressort de la comparaison des deux listes que les syllabaires sont trés proches l’un de l’autre et que, quant aux formes de base, il n’y a rien de significatif qui les oppose. Examinons ensuite le tracé des signes dans chacun des syllabaires. Pour ce faire, on se basera sur Frirepricu, Heth. Keilschrift-Lesebuch, II, et sur Lazat, Manuel. Tl est aisé & l'aide de ces listes de signes d’établir une comparaison systématique des formes des signes hittites et moyen-babyloniens. Les quelques tracés du tableau ci-dessous permettront d’illustrer, grace aux signes ayant des formes sensiblement différentes dans les deux syllabaires, dans quel sens vont les différences. Pour faciliter la comparaison, on a mentionné, lorsque le signe hittite s’écartait sensi- blement du signe moyen-babylonien, le signe akkadien duquel il se rapprochait le plus en précisant la période et le dialecte auxquels il appartenait.",0,eng,88.84122220434783,False,1648427608.1573079,2.0865384615384617
41,"


ASPECTS DU CONSONANTISME HITTITE 79

 

 

 

 

 

 

 

 

 

TABLEAU
moyen-babylonien hittite vieux-babylonien
6 ZU tS =f
=I
= =f
15 KA oH Ube
aot sae
ponies
55 LA er
ci a
I a
58 TU & “
:
59 LI tek Fa
a! sar
sf
fier
62 QA a
68 RU aa mr
a SIT
70

oT at
7 SIR t=

 

 

 

 

 

 ",0,eng,59.269247362068974,False,1648427610.605383,1.75
42,"80 G. JUCQUOIS De ces quelques exemples, on constate immédiatement qu’il n’y a, dans le tracé des signes, généralement pas de différences entre le moyen- babylonien et le hittite. Il y a, bien entendu, de menues variations de tracé mais elles s’interprétent 4 premiére vue ou, lorsque ce n’est pas le cas, c’est que le signe hittite est encore trés proche d’une des formes du vieux-babylonien, ainsi pour une des formes de ZU ou une des formes de QA. En effet, sur le plan graphique, comme sur le plan linguistique, les provinces périphériques sont archaisantes. On peut donc considérer que, en ce qui concerne la forme des signes, le sylla- baire hittite est identique au syllabaire moyen-babylonien sauf dans quelques cas ott il conserve, souvent & cété de formes plus récentes, des tracés vieux-babyloniens. Ceci concerne la confrontation du sylla- baire hittite avec le syllabaire moyen-babylonien classique. Si l’on considére le syllabaire utilisé dans les textes akkadiens de Hattuia, on conclura qu’il n’y a pas de différence sensible entre lui et le sylla- baire hittite. (Cf. déja Laat, ABK, 7 et note 1.). Que peut-on tirer de la comparaison des valeurs phonétiques des signes de chacune des deux listes? Ci-dessous on ne retiendra que les signes communs aux deux syllabaires mais ayant des valeurs entiére- ment ou partiellement différentes. hittite 1 AS as rum rit 6 ZU sth st 15 KA qa 58 TU tu 69 BAD be mit 74 MAS mags 78 YU bak|q 83 RAD rity rad|t 84 ZI st sé st sé 85 86 88 90 94 104 108 126 131 139 145 147 152 169 172 191 206 207 231 233 280 295 295k 296 314 319 322 GI RI KAB GUB GADA DIM DUR SUM MES GA KAL ASPECTS DU CONSONANTISME HITTITE qg nts (pio?) qa tal, (dal) gad|t, kad|t kit/d, gid/ts dah, tah had (Sip/b?) kal (gal)x 81",0,eng,88.76168805414012,False,1648427613.7606678,2.0865384615384617
43,"82 334 335 339 343 366 372 376 376 381 383 396 401 435 449 457 463 467 472 532 533 536 554 575 586 KUR *KAR HAR LIM SAH MES DUR GEME UR ZA G, JUCQUOIS et ta a§ (rare) 27 gal Sad us tes (gar) ut $a sa 27 Lapaz, ABK, 8. pir, birs Sal ASPECTS DU CONSONANTISME HITTITE 83 Ty a donc 85 valeurs phonétiques qui se rencontrent dans les textes écrits en moyen-babylonien et non dans les textes hittites. En sens inverse, on ne trouve que 26 valeurs attestées dans ces derniers textes mais non dans les textes moyen-babyloniens. Mais ces données sont trop grossiéres pour qu’on puisse tirer un argument dans un sens ou dans autre. Parmi les valeurs attestées seulement en moyen-babylonien et pas en hittite, il faut mettre de cété celles qui rendent des emphatiques (40) puisque le hittite ne connait pas ce type de phonémes. De méme puisque le son /s/ est rendu dans cette derniére langue par §, il faut éliminer de notre comparaison toutes les valeurs en s, devenues superflues en hittite (14). Enfin les nouvelles valeurs moyen-babyloniennes obtenues par chute du m final, reflétant un phénoméne phonétique propre au moyen- babylonien 2° ne doivent pas non plus figurer dans le total (4). D’autre part, on écartera de la liste des valeurs hittites les signes du type cons. + voy. + cons. dont seule la voyelle différe en hittite et en moyen-babylonien. Comme Larocus I’a bien montré *, il s’agit la de valeurs rares provenant d’autres valeurs par substitution de la voyelle centrale et dont l’origine est peut-étre 4 chercher dans les formes a alternance vocalique, phénoméne inconnu en moyen-babylo- nien : ces signes sont au nombre de trois représentant 7 valeurs (kit/d, git|ds, Sip/b, her) . Ainsi remaniée, la liste ci-dessus s’est considérablement amenuisée. On ne compte plus que 27 valeurs propres au syllabaire moyen-babylo- nien et 19 valeurs propres au syllabaire hittite. Ces valeurs ne sont d’ailleurs pas toutes & mettre sur le méme pied : plusieurs sont rares, ainsi df en moyen-babylonien *, d’autres sont simplement la traduction akkadienne de l’idéogramme sumérien et perdent leur motivation en dehors du moyen-babylonien. C’est le cas de sad. Certaines valeurs phonétiques ne sont que la transposition didéogrammes sumériens, ainsi mes en hittite face & sumérien MES, et ne sont donc pas des créations vraiment originales. Tout au plus notera-t-on la maniére particulitre dont les scribes hittites créérent ou utilistrent certaines valeurs nouvelles, par exemple Sal, signe 28 Sur lequel ef. Jucquors, Phonétique comparée, 260 s. 29 Dans RA, 46 (1952), 161-163. 30 Laat, ABK, 8.",0,eng,89.80602223908046,False,1648427617.581913,2.0865384615384617
44,"84 G. JUCQUOIS GEME, du sumérien SAL, bien que le moyen-babylonien ait connu lui aussi Sal & cété de sal. Mises & part les particularités phonétiques de chacune des deux langues en cause, lesquelles étaient rendues par des signes spéciaux ou par des valeurs particuliéres de certaines signes, il était possible @écrire n’importe quel texte, aussi bien en moyen-babylonien qu’en hittite, tout en utilisant les mémes signes et en leur attribuant les mémes valeurs. Cette quasi identité des deux syllabaires devait encore faciliter l'introduction de formes akkadiennes dans des textes écrits par des gens qui, de par leur formation, connaissaient la fois le hittite et le moyen-babylonien. On devra tenir compte de ces faits en étudiant le systéme consonan- tique hittite qui ne nous est accessible que presqu’exclusivement & travers le syllabaire décrit plus haut. 2.6. Les implications phonologiques du syllabaire Un systéme graphique quelconque doit étre assimilé 4 un systéme de communication. C’est parce que les signes s’opposent par certains de leurs traits qu’ils peuvent rendre les oppositions constitutives du langage qu’ils représentent. On ne pourrait imaginer une écriture dont tous les signes seraient équivoques. Une telle écriture serait vite abandonnée ou modifiée car elle ne correspondrait plus au but premier de l’écriture, qui est d’ailleurs le méme que celui du langage, & savoir la communication. Si les signes graphiques ne peuvent pas étre absolument équivoques, leur nombre, et c’est une nouvelle analogie avec la phonologie, est nécessairement déterminé (ou fini) et relativement restreint. Ceci constitue un des avantages évident de l’écriture alphabétique et principalement des alphabets latins : nombre trés limité de signes en opposition formelle suffisamment claire, monovalence des signes, du moins dans les écritures modernisées ot le poids dela tradition ne pése pas encore sur |’écriture. Cette derniére remarque appelle la troisisme analogie entre systéme linguistique et écriture : l’un et l’autre constituent des moyens de communications naturels et en tant que tels ils sont soumis aux aléas de la retransmission de génération en génération et au poids de la tradition qui assure la continuité de l’expérience tout en mettant un frein 4 l’évolution. Une différence essentielle subsiste néanmoins entre le systéme lin- guistique et l’écriture. Cette derniére peut étre empruntée en bloc et ASPECTS DU CONSONANTISME HITTITE 85 éventuellement sans modifications pour transcrire une langue pour laquelle elle n’avait pas été congue. Dans cette hypothése, deux solutions peuvent se présenter : ou bien on adaptera le systéme graphique pour qu'il réponde aux besoins, soit par modification des valeurs des signes, soit par création de signes nouveaux, ou bien on se contentera d’un systéme approximatif, celui que lon aura adopté sans y apporter de changements. La seconde solution implique une certaine laxité dans la lecture mais qui ne peut toutefois dépasser un seuil déterminé sous peine d’incompréhension. On doit donc considérer que toute écriture constitue un systéme, soumis & ’évolution et par conséquent modifiable, 4 l’intérieur duquel sont rendues les oppositions phonologiques importantes de la langue transcrite. Dans le cas du hittite, ou l’écriture a été empruntée, on s’attendra & trouver soit une modification des valeurs des signes, soit un systéme graphique approximatif avec les conséquences phonologiques que l’on connait. En effet, on a vu plus haut que les Hittites n’avaient pas introduit dans leur syllabaire ni de nouveaux signes, ni, pour ainsi dire, de nouvelles valeurs. On notera toutefois que, jusqu’a présent, on a étudié les signes graphiques en eux-mémes et comme pour eux- mémes. Or, la distribution des signes est également un élément & prendre en considération. Certaines valeurs phonétiques rendues dans certaines écritures par des signes particuliers, peuvent, dans d’autres écritures, étre notées par une distribution particuliére qui ne modifie rien & ’autonomie de chaque signe en particulier. Si par contre, on ne peut démontrer qu’il y a eu une modification, dans la distribution des signes graphiques, c’est que, trés probablement, il n’y avait pas grand intérét sur le plan phonologique 4 ce que tel type d’oppositions soit rendu graphiquement. Ce dernier argument n’est évidemment valable que si l’on posséde des textes répartis sur un assez long laps de temps pour qu’une réaction ait été possible et pour que l’on ait pu procéder & une réforme orthographique de maniére éviter les inconvénients décrits. On voit mal comment on pourrait échapper a ce dilemme. C'est en ces termes qu’il faut, pensons-nous, poser les problémes que souléve le consonantisme hittitte aussi bien en ce qui concerne l’opposition de sonorité que la graphie des sifflantes, chuintantes, fricatives, ou encore celui des graphies pleines. C’est & examen d’un de ces problémes que sera consacré le chapitre suivant qui traitera de la « régle de Sturtevant ».",0,eng,91.86365329778934,False,1648427623.7894652,2.0865384615384617
45,"86 G. JUCQUOIS 3. La RiGLE DE STURTEVANT ET LE CONSONANTISME DU HITTITE 3.1. Introduction La «régle de Sturtevant», aussi appelée de maniére exagérée « loi de Sturtevant», deux appellations dues & PEDERSEN'!, a déja fait couler beaucoup d’encre. La plupart des hittitologues ou des com- paratistes admettent le bien fondé de cette régle et l’appliquent de fagon plus ou moins rigide *. D’autres auteurs, par contre, contestent cette régle dans son ensemble ou dans le détail °. D’aprés SrurTEvANT et ceux qui le suivent, les sourdes indo-euro- péennes seraient rendues, en principe, par des graphies doubles, les sonores (aspirées ou non) par des graphies simples. 1 Hittitisch, 173 ot Vauteur emploie le mot « Regel» et p. 227 ot l'on trouve au con- traire « Sturtovant’s Gesetz». En fait, le mérite de cette découverte revient Mupar, mais c'est STURTEVANT qui I’a exploitée systématiquement. Cf. Srurrevanr, Comp. Gram., 74s, — Sur la loi de Sturtevant, cf. aussi V.V. Ivanov, Xetlskij jazyk, Moskva, 1963, p. 85 et s., et V.V. Ivanov, Obéeindoevropejskaja praslayjanskaja i anatolijskaja jazykovye sistemy, Moskva, 1965, p. 41. On trouvera d’excellents exemples d’application de la régle de Sturtevant dans Benventstx, HIE, 7, 107 s. On trouvera aussi des données intéressantes dans Varticle de V.V. IvaNov, On the reflex of the indo-european voiced palatal aspirate in Luwian, dans Symbolae linguisticae in honorem Georgii Kurytowicz, 1965, 131-134, entre autre sur la correspondance louv. zéro = nés. k<i.e.*gh-, gh. Cf. encore T. Mrzewsxr, La mutation consonantique en hittite et dans les autres langues indo-européennes, dans Symbolae Hrozng, IL, 189-195. V. Cruak, Die charakteristischen Ziige des mediterranen Substrate, dans Ar.Or., 22 (1954) 406-433 et surtout p. 410 sur la mutation consonantique du hittite. 2 Références dans Kronasser, EHS, 12-18. Cf. aussi Benveniste, HIE, 7-8, KaMMEN- HUBER, Hdb,, 138, considére que BENVENISTE se montre trop scrupuleux ou trop rigide dans son interprétation de la graphie cunéiforme. 3 Cf. par exemple A. Kamaennuper, dans BSL, 64 (1959), 28. Frrepricn, J., Heth. Element., 1, 5, § 20 : Einfach geschriebene Konsonanten wechseln gelegentlich mit doppelt geschriebenen Dans la nouvelle édition, Ip., Heth. Element., 12, 28, § 19: « Zwischen der Schreibung einfachen und doppelten Konsonanten besteht keine rechte Einheitlichkeit». Frrepricu envisage davantage le probléme de la confusion des signes en detent, en k et en g, on pot en b. Cf. encore Frrepricn, Heth. u. « kleinasiatische » Sprachen, Berlin, 1931, 22 s. — Il existe encore une opposition de langue & langue entre le nésite et le louvite; le nésite ayant dans un certain nombre de mots une consonne simple & laquelle correspond en louvite une consonne double. Cf. G. Jucquors, Btymo- logics hittites, dans RHA, 74 (1964), 87. ASPECTS DU CONSONANTISME HITTITE 87 Outre le hourrite, parlé dans les régions voisines du hittite, qui pré- sente une situation comparable, du moins quant aux résultats, on peut invoquer des paralléles intéressants 4 cette particularité du hittite. Pour nous limiter uniquement aux langues anciennes, on citera les faits finnois et ceux du tamoul 4. Dans les emprunts finnois au germanique, les sourdes de ce dernier groupe de langues sont exprimées par des géminées en finnois, tandis que les sonores germaniques deviennent des sourdes simples, ainsi finn. merkki de vx.norr. merki, mitta de v.norr. met, etc., mais laki de v.norr. lég, paita de got. paida, ete. °. Récemment, Deroy attiré l’attention sur le parallélisme trés étroit entre le systéme hittite tel qu’il ressort du systéme et celui du tamoul comme on en juge aisément d’aprés les emprunts tamouls au sanscrit : «Il apparait clairement que toute occlusive ou affriquée sonore initiale du sanscrit est devenue sourde en tamoul (kanakkan, kdtumai, canam, tantam, talam, tarai, tarai, tikku). En posi- tion intervocalique, les sonores du sanscrit restent sonores en tamoul, mais sont naturellement notées par le signe (simple) de la sourde correspondante (avati, dtécam, Gpadcam, kotumai, nati). Tl en va de méme quand ces sonores sont immédiatement précédées d’une nasale (kampali, kantam, cankatam, canti, canti, campalam, tantam). Les sourdes intérieures du sanscrit, tant celles qui sont intervocaliques que celles qui se trouvent entre r et une voyelle ou entre une voyelle et r, restent normalement sourdes, mais sont représentées dans 1’écri- ture par la lettre double; souvent une voyelle épenthétique est intro- duite aprés ou avant le r, suivant la régle tamoule de syllabation (akkiranam, aruttam ou arttam arukkam, kanakkan, kirtti: kirttanam, tarukkam, ou tarkkam). Ne pouvant reprendre un mot sanscrit terminé par une occlusive, le tamoul lui ajoute une voyelle finale et traite Yocclusive comme une sourde (tikku) » °. Certains auteurs, tout en admettant la «régle de Sturtevant», 48, Exvarson, dans Lg,8 (1932), 177-182, a proposé des paralléles modernes & la situation du hittite. 5 Cf. Kronasser, VLFH, 87 s., déja chez Srurtevant, Comp. Gram.1, 74 8. suggéré par PepersEn (cf. Ip, 74 n, 78). — Sur les emprunts germaniques en finnois, ef. aussi T.E. Karsten, Les anciens Germains, Paris, 1931, 160-183, et pour le détail s.v. merki, met, leg dans J. De Vries, Alnord. Etym. Wérterbuch, Leiden, 19622, aveo bibliogr. 6 Pp. 30-31 de l'article de Deroy, A propos de la régle de Sturtevant, dans Recherches linguist. en Belgique, Wetteren, 1966, 23-32.",0,eng,86.88740996616104,False,1648427630.414589,2.2604166666666665
46,"88 —_ G@. JUCQUOIS supposent qu’il n’y a la qu’un probléme de graphie. Les Hittites au- raient conservé l’opposition indo-européenne de sonorité, mais les scribes auraient simplement adopté les usages hourrites en les adaptant pour les besoins de la cause : les graphies doubles auraient été utilisées pour noter les sourdes, les graphies simples pour les sonores ?. La question est difficile 4 trancher. Toutes les écritures cunéiformes posent des problémes délicats d’interprétation. L’écriture utilisée pour le nésite est, par contraste avec celles utilisées pour le sumérien et Vakkadien, relativement simple lire. Il n’empéche qu’il subsiste de grosses difficultés d’interprétation. Quand il s’agit de langues mortes, l’interprétation du systéme phonologique découle nécessaire- ment de l’interprétation du systéme d’écriture. Or, plus de cinquante ans aprés le déchiffrement du nésite, le systéme graphique employé pour cette langue n’a pas encore été étudié globalement. La nécessité impérieuse d’une histoire des écritures cunéiformes, basée sur des inventaires exhaustifs ou du moins trés étendus, se fait cruellement sentir. Quel type de recherches peut-on entreprendre actuellement? Tout d’abord établir le systéme graphique, c’est-a-dire déterminer les signes qui peuvent étre utilisés et leur(s) valeur(s). Au départ, on se basera surtout sur les duplicats, ce qui permettra de préciser les équivalences phonétiques. On parviendra ainsi 4 établir le systéme graphique duquel on peut espérer déduire le systéme phonologique. A ce stade, on risque fort de s’enferrer dans une pétition de principe. En effet, pour recon- struire le systéme phonologique du hittite, on peut se baser sur les mots d’origine indo-européenne, sur les emprunts et sur les évidences qui apparaissent 4 l’examen de la structure interne *. Mais heureuse- ment, on posséde un certain nombre de mots hérités du nésite (ou du louvite) transmis dans des témoignages d’époque hellénistique et romaine. On a en outre de trés nombreux noms propres de méme date 7 Ainsi chez Duroy, op. cit., surtout p. 32. De méme déja chez StortEVvANT, Comp. Gram, p. 26 s., o2 il est question de ¢ sourdes indiquées par une graphic double, par contre, Comp. gram.t, 84, § 69, ott il est question de z/zz : « We must conclude that hittite z was @ long consonant, at least in the intervocalic position (les italiques sont de moi). 8 On postule ici que I’écriture constitue un systéme, co qui est confirmé immédiate- ment par la possibilité de lecture. Ot la difficulté débute, c'est lorsqu’il faut préciser jusqu’od Mécriture est systématisée ou, plus exactement, quand on a des variantes libres (pour ne pas parler des fautes graphiques, of. Jucquors, Phonétique comparée, 57, 71-72). Cos problémes ne peuvent étre résolus que par des méthodes structurales et par Papplication des statistiques. ASPECTS DU CONSONANTISME HITTITE 89 et provenance que ces mots *. On devra tenir compte de ces éléments importants dans l’analyse du systéme consonantique du nésite. A quelles consonnes s’applique éventuellement la « régle de Sturte- vant»? Initialement, on envisageait uniquement les occlusives, mais récemment on a étendu le champ d’application de cette régle 4 d’autres consonnes. En mettant 4 part le f(A), dans lequel on a reconnu une ou plusieurs laryngales indo-européennes et qui, de ce fait, reléve bien davantage de la théorie laryngaliste que d’une étude sur la « rgle de Sturtevant» 1°, il reste principalement les sifflantes et les affriquées et notamment les couples 3/85 et 2/zz. Ces deux couples ont été étudiés récemment. N. Van Brock a consacré un article entier 4 l’opposition z/zz"" ob, aprés un examen détaillé, elle arrive 4 la conclusion que : «Le son qui est noté -zz- n’a pas valeur phonémique, et l’opposition zz/z n’est pas phonologique- ment fonctionnelle; zz ne peut se définir que comme un allophone de z, conditionné par un entourage vocalique particulier. Il n’y a donc aucun parallélisme entre l’emploi des graphies simples et doubles pour z et pour les occlusives. Pour ces derniéres, il s’agit de distinguer deux modes d’articulation dans une opposition héritée, phonologique- ment pertinente. Pour z, une variation graphique semblable a été utilisée pour distinguer secondairement un allophone qui apparait, notamment, dans un morphéme d’une grande fréquence 2. Ses con- clusions sont inattaquables sur le plan de l’analyse graphique : en régle générale, zz s’emploie aprés voyelle palatale, z aprés voyelle non-palatale. Sur le plan phonologique, il est vrai également qu’il s’agit la de deux variantes d’un méme phonéme. Mais l’analyse phoné- tique préte le flanc la critique pour plusieurs raisons 1. Pour l’opposition 5/8, on se souviendra des remarques de BENnvE- NISTE 14 : « On observera, en effet, que les graphies -3- et -33- ne sont pas distribuées au hasard : on a toujours da&Su-, das$uwant- « fort», 5 Les mots ont 6t6 rassemblés récomment dans Nevmany, Untersuch., les NP dans Zausta. On devra tenir compte de ces éléments importants dans 'analyse du systéme consonantique du nésite. 10 Cf, exposé d’ensomble le plus récent sur cette question, F.0. Linpeman, Binfiih- rung in die Laryngaltheorie, Berlin, 1970. 11 Sur la notion de Vopposition 22/2. en hittite, dans BSL, 61 (1966), 209-216. 12 Op, cit., 215. Sur cette opposition of. aussi SruRTEVANT, Comp. Gram.t, 84, § 69. 13 Of infra, § 3.8. 14 E. Buxventste, HIE, 8,",0,eng,88.49454448421052,False,1648427636.969749,2.0865384615384617
47,"90 G. JUCQUOIS mais daSuwant- « aveugle »; toujours assiya- « étre aimé », mais asiwant- «pauvre». Méme si aucune comparaison étymologique ne se présente & V'appui de cette remarque, on fera bien de garder en vue la possibilité qu’elle ouvre et qui cadre avec les vraisemblances phonologiques ». On a eu l’occasion de montrer qu’effectivement I’étymologie des deux derniéres formes confirmait l’opinion de BENVENISTE 1°. Si Pon admet la « ragle de Sturtevant comme hypothése de travail, il subsiste plusieurs problémes & résoudre. Suivant les solutions qu’on pourra leur apporter, on acceptera ou non I’hypothése de départ. On examinera ainsi successivement les exceptions la « régle de Sturte- vant», le sort des suffixes hérités, les emprunts du hittite 4 d’autres langues, les survivances d’époque hellénistique et romaine, l’onomasti- que, la situation  l’initiale et & la finale. 3.2. Les exceptions & la « régle de Sturtevant » Puisque la «régle de Sturtevant» postule une équivalence entre graphies doubles et consonnes sourdes étymologiquement, il faut pouvoir justifier les exceptions 4 cette régle. Il faut distinguer deux aspects différents de cette régle et, par conséquent, deux types d’excep- tions : d’un cété, ’'usage d’une graphie simple pour une graphie double, de l'autre, l'usage d’une graphie double pour une graphie simple atten- due. II est bien entendu enfin que tant la valeur de la régle que le poids des exceptions dépend essentiellement dans ce cas-ci de la qualité des étymologies proposées. La liste ci-dessous ne vise pas & étre complete et cela pour plusieurs raisons. Tout d’abord, on a proposé jusqu’a présent un grand nombre d’étymologies de mots hittites dont beaucoup sont contradictoires : il aurait done fallu choisir et justifier ce qui aurait allongé ce texte hors des limites admissibles. De plus, on ne dispose pas pour le hittite dun dictionnaire aussi complet que pour l’akkadien : le dictionnaire de FrrepRIcH * ne présente qu’un choix de lectures, bien qu’en général les graphies particuliéres soient reprises. Enfin, dans une étude de ce genre-ci, ce qui importe c’est non pas telle graphie individuelle, mais 15 Cf, G, Jucquors, Etymologies hittites, (1. hitt. adiwant- « pauvre et adsiya- « plaire, atre agréablo») dans RHA, 74 (1964), 87 s. 16 J, Frrepricu, Heth. Worterb., + 3 supplém. (= HW). Nous excluons de cette listo des formes comme apzian, KUB, XIII, 4, IV, 21, de appezzi- (HW, 26), ou epmi- de epp-, app- (HW, 41), pour des raisons graphiques évidentes. ASPECTS DU CONSONANTISME HITTITE 91 Yensemble des graphies utilisées. Si l’on préfére, on considérera le dictionnaire de Frrepricu et les ouvrages de SrurTEvant et de BENVE- NISTE comme un échantillon de l’ensemble des formes intéressantes. Consonne simple pour consonne double : Tl est essentiel de distinguer les graphies courtes des graphies aber- rantes ou fautives. C’est ainsi que, du fait de leur rareté, les graphies syncopées 17 peuvent étre considérées comme des fautes, par exemple Lusage de te-et-en pour te-et-te-en est sans doute fautif 1s. I] faut bien entendu mettre & part les formes écrites & l’aide de signes complexes, ainsi kig-an pour ki-i3-Sa-an. Ces graphies sont normales bien que moins fréquentes que les graphies pleines. Par graphie courte, on enten- dra les graphies dans lesquelles manquent le premier signe consonanti- que, par exemple te-e-ten. akk-, ekk-, HW.17-18, mais aki, aki§, cf. vén. ecupetaris (%), [aku-, HW.Erg.1.1, mais pas *akku-, cf. lat. acus, ete.] 1°, [eku-, aku-, HW.40, ekumi, ekus3i, etc., mais pas *ekk-, *akk-, sauf a Ditératif akkusk-%, ie, *ekw 2), e8-, a8-, «sein», HW.42, eSun, eSir, etc., mais jamais *eS3- ou *a3s-, ef. gr. dori, ete.], e&3-, ad8-, «sitzen», HW.42, HW.Erg.1.3, e&ari, ea, etc., mais es- est fréquent, cf.gr.joras, etc. 22, [hapati-, HW.54, mais pas *happati-, cf. gr. dndds, etc. *4], 17 Sur la définition de graphie syncopée ef. G. JvoQuors, Phonétique compurée, 184 n, 53, 220. 18 Cf. B, Rosenkranz, CR de H. Krowasszr, EHS dans IF,69 (1964), 168. 19 Les formes entre [...] sont celles pour lesquelles on ne trouve que des graphies simples et pas de graphies doubles. Pour aku-, outre Larocae apud HW.Erg., 1, 1, déja Gor dans RHA, 57 (1955), 68. 20 Pour les itératifs en -sk-, cf. plus bas p.115. 21 Cf. Benvantste, HIE, 96. Sur eku-, of. encore H., Kronasser, Heth. eku- ¢trinken» und andere Archaismen des Hethitischen, dans ABS, 3 (1966), 77-81, F.O. Linveman, Note phonologique sur hittite eku- « boire», dans RHA, 76 (1965), 29-32. Se basant sur Vabsence de graphies doubles pour ce mot, A. June, Notes d’étymologie, dans RHA, 15 (1934), 261-252, suggérait de rapprocher nésite ek- de lat. ébrius et faisait venir l'un et Pautre die, *2g'.. 22 Sur edat, of. R. AMBRoSINT, Itt. eBat e ai. Aduhat, dans SSL, 6 (1966), 89-95 [publié aussi & part & Pise, Istituto di Glottologia Univ. di Pisa, 1965, 7 pp.]. 28 Cf, aussi dans 1, 65 (1937), 134 et IF, 58 (1942), 94. Sur bapatiya, cf. V. MacuEK, dans L Posn., 7 (1959), 83.",0,eng,85.26171520609755,False,1648427643.047946,2.0865384615384617
48,"92 G. JUCQUOIS [huek-, huk-, « beschworen», HW.70, mais pas *hukk-, sauf & Vitér. hukkiSk- 2, cf, skr. vac-, lat. vox, etc. *4], kukur§- et kukurSant-, HW.115, cf. lat. curtus, forme & redoublement qui sera examinée avec les autres du méme type *, lippai-, HW.129, mais lipanzi, cf. skr. lip-, gr. Atzos, ete., lissai-, HW.130, mais lisaizai, cf.lit. lesti, etc., lukkat(t)a, HW.130, lukat mais aussi lukta, ef. gr. Aevxds, etc. 2%, militt-, HW.143, militeS, etc., et apparentés, cf. SrurrEvant, Comp. Gram.}, 77 27, pappars-, HW.157, mais paparashun, i.e. *pers-, forme & redouble- ment examinée plus bas 25, piddai-, HW.171, mais \“pi-te-an[-...], cf. lat. pet, gr. 7éropan, etc., Sakk-, Sekk-, HW.175, mais Sakanzi, ete., comparé par STURTEVANT, Comp.Gram.1, 81, & got. saihvan; pour E., Benveniste, Sur le consonantisme hittite, dans BSL,33.2 (1932), 136-143, comparé plutét lat. sagire, got. sokjan, ete. (p. 140s.), [Sakuwa-, HW.177, HW.Erg.2.21, mais jamais *sakkuwa, cf. lat. oculus pour StuRTEVANT, Comp.Gram.t, 81; pour BENVENISTE, Op. cit., 141, & comparer got. sathvan, ete, *6], [Se8-, HW.191, Sesanzi, SaSant-, etc. mais jamais *SesS-, cf. skr. sasti, ete, 2°], Sippand-, HW.193, mais Sipandabhi, etc., cf. gr. o7évdw, etc. °°, -tu-, HW.226, Srurrevant, Comp.Gram.®, 27, cf. dor. 7¥, etc., wekk-, HW.251, mais wekanzi, etc., ef. gr. Fexdv, ete. 3, [*witantatar-, HW.256, widandanne-8%, etc., de méme witasSa, mais pas witt-, de i.e. *wett-]. 24 Cf, aussi IF, 65 (1960), 279; B, Cor, Notes d'étymologie et de grammaire hittites, dans RHA, 57 (1955), 63-71, traite aux pp. 63-64 de huek-, huk-, et fait venir ce mot de i.e. *eweg- précieément & cause du fait de la graphie simple constante. 25 Cf. infra, p. 116. 28 Cf. encore dans Die Sprache, 9 (1963), 175. 27 Sur ce mot, aussi IF, 55 (1937), 134. 28 Cf. aussi dans IF, 55 (1937), 133, E. Larooux, Htudes de vocabulaire, VIL, dans RHA, 63 (1958), 85-114, aux pp. 108-109, admet aussi ’étymologie & partir de i.e. *okwi- préfixé en hitt. 29 Cf. aussi IF, 70 (1965), 249 et KZ, 77 (1960), 50. 90 Cf. KZ, 77 (1960), 225, 31 Cf. aussi J. Frreprron, Hinige hethitische Htymologien, dans IF, 41 (1923), 369-376, la p. 369 et «. od il traite de wekk.- ASPECTS DU CONSONANTISME HITTITE 93 Consonne double pour consonne simple : Si Yon excepte les consonnes finales devant enclitique ot l’on constate plusieurs géminations *2, les itératifs ot la gémination se justifie phonétiquement comme on le verra plus bas *, il ne subsiste que de trés rares formes & consonnes doubles pour consonnes simples attendues étymologiquement. Parmi celles-ci, les formes pronominales ug(g)a et zig(g)a, de méme que celles des autres cas : ammug(g)a, tug(g)a, sont 4 mettre part. Puisqu’en face d’elles existent des formes 4 finale consonantique dans la graphie, uk, zk, etc., on peut les expliquer soit comme des formes a graphie plus pleine ou plus explicite pour /uk/, /tk/, etc., soit comme le résultat de l’adjonction d’une particule enclitique aux formes simples [uk], [t8ik/, etc. Dans cette dernitre hypothése, on a recours soit & Yenclitique i.e. *-ge, bien connu par le grec, le gotique, etc., soit & la conjonction -a *4, On peut supposer dans ce cas qu’il existerait une différence d’emploi entre les formes simples, uk, zk, etc., et les formes & enclitique. On pourrait donc s’attendre & trouver des conditions dutilisation particuligres pour chacune des trois formes uk, uka, et ukka, & supposer qu’il y en ait bien trois. On ne dispose malheureuse- ment pas actuellement de relevés complets pour permettre une telle vérification, Néanmoins un sondage dans la chrestomathie de SrurrE- vant et dans celle de Frrzpricu semble indiquer qu’il s’agit unique- ment de variantes graphiques ou, en mettant les choses au mieux, d’allomorphes, ce qui n’exclut d’ailleurs pas deux ou trois étymologies différentes pour les trois séries : uk, zik, ..., uka, ztka, ..., ukka, zikka ... On ne peut done rien tirer de ces formes pour l'étude de la « régle de Sturtevant»; dans ce cas-ci, seules des hypothéses incontrélables peuvent étre formulées. Aprés avoir éliminé ces formes pronominales, il ne reste que peu de mots présentant une consonne double au lieu d’une consonne simple. Srurrevant * cite mekki-, tarupp- et dérivés, uttar et lutta-. Tl faut 32 SrunrEvanr, Comp.Gram.}, 83 8. et Comp.Gram.2, 28. 38 Cf, infra, p. 115. 34 Krowasser, VLFH, 140 8. Fareprion, Heth. Elem., 1%, 62, Sruntevanr, Comp. Gram.2, 28, 103-104, IpEm, Comp.Gram.1, 191-192. Sur tug(g)a, cf. encore J. OTREBSKI, Les traces de Ualternance iru en hittite, dans les Symbolae Hrozny, 3, 366-372, & lap. 369, 85 Comp. Gram.t, 83-84.  ",0,eng,84.84078855112881,False,1648427648.7993112,2.0865384615384617
49,"94 G. JUCQUOIS déja éliminer mekki- que Benveniste a dissocié récemment * de la racine i.e. *meg(h)-, « grand», et rattache & tokh. mak, les deux formes provenant d’i.e. *mek-. De méme, uttar constituait une exception si l'on suit SrurTEvaNT qui rapprochait ce mot de skr. vadati, mais on se rangera plutét 4 l’opinion de PepERsEN *’ qui rapproche cette forme de skr. apivatati. Le mot lutta- ou luttai-, « fenétre», était rap- proché de luk(k)- et du lat. lux, ete., dans Sturtevant, Comp.Gram.', 84 et 157; cette comparaison ne figure plus dans la seconde édition et ne semble pas avoir connu un grand succés. Uniquement sur le plan de la phonétique elle suscite des difficultés : cette étymologie, en effet, suppose une évolution ad hoc de *kt->-t-. Quant & tarupp- et aux mots qui en dérivent, Srurrevant, Comp.Gram.1, supposait une relation avec la famille représentée par lat. turba, ce qui convient assez bien au point de vue sens; cependant 1a aussi des problémes graphiques ou phonétiques restent en suspens : dans la seconde édition, SrurTEvanT ne reprend plus cette étymologie **. Au contraire, si Yon suit Cor *, les difficultés du vocalisme sont résolues en admettant le rapprochement avec gr. dO pdos tous deux de l’indo-européen *dhrew-. On pourrait objecter que, sauf pour lutta-, on élimine les exceptions & la régle de SrurrEvant en proposant pour chaque mot une nouvelle étymologie qui respecte cette régle. Mais on remarquera que, bien que ces étymologies aient été trouvées par des auteurs qui ne voulaient pas admettre d’exception & la « régle de Sturtevant», leur postériorité par rapport 4 ces exceptions ne constitue pas en soi un argument. La valeur d’une étymologie ne dépend ni de son auteur et de ses mobiles, ni de l’année d’édition de sa trouvaille. Il est rare qu’une étymologie soit absolument incontestable : celles qui nous aménent & poser des exceptions la « régle de Sturtevant» ne le sont certaine- ment pas 4°, En résumé, nous sommes donc devant l’alternative suivante : ou bien la « régle de Sturtevant » est correcte et, s’il subsiste des exceptions, c’est que les étymologies qui ne la respectent pas sont erronées et il 36 HIE, 111-112. 37 PEpERsEN, Hitt., § 231, Cf. aussi CouvREUR, De heth.H, 160-166. 38 Krowasser, EHS, 102-103. Krowassrr, VLFH, 222, accepte le rapprochement mais souligne le probléme de la graphie. + 80 B. Cor, Zu einigen Bildungen mit Labialformans in Hethitischen, dans Festschrift J. Friedrich, 1959, 91 8. 40 Le cas particulier des itératifs en -é&- sera examiné plus bas, p. 115. ASPECTS DU CONSONANTISME HITTITE 95 faut donc les modifier, ou bien la «régle de Sturtevant» n’est pas formulée de fagon correcte et les exceptions expriment précisément, de maniére concréte, la distorsion qu’il y a entre la régle énoncée et Ja réalité. Comment choisir entre ces deux termes? Si nous étions limités par Vexamen des mots probablement d’origine indo-européenne, il faudrait pouvoir apprécier de maniére exacte, c’est-i-dire mathématique, la probabilité de chacune des étymologies sur lesquelles repose cette régle, ou du moins la probabilité d’un certain monbre de mots consti- tuant en quelque sorte un échantillon représentatif de l’ensemble. Ce n’est qu’en fonction de ces résultats que nous pourrions admettre ou refuser une régle telle que celle proposée par STURTEVANT. 3.3. La suffixation Jusqu’a présent, il semble que I’on n’ait utilisé, pour l’examen de la « régle de Sturtevant», que les racines ou thémes fournis par l’éty- mologie de l’indo-européen. II s’agit 14, bien entendu, d’un secteur dont l’examen est important mais cela n’exclut en aucune maniére que Ton puisse aussi tenir compte des données que nous fournirait Vétude de la dérivation. C’est le but de ce paragraphe. On peut envisager deux maniéres, complémentaires d’ailleurs, d’aborder le probléme. Il est possible, en effet, de se cantonner a la seule étude des suffixes dont on peut proposer une étymologie indo- européenne valable. Cette méthode a le gros inconvénient, déji soulevé plus haut au sujet du lexique, de ne valoir que ce que valent les explica- tions proposées pour les suffixes. On peut aussi, c’est la seconde mé- thode, commencer par examiner ]’ensemble des suffixes hittites, sans tenir compte de leur origine, voir ensuite s’il y a des régles pour l’usage des graphies doubles ou des graphies simples et enfin examiner la possibilité de la répartition entre ces deux types de graphies selon des critéres qui auraient leur origine en indo-européen. C’est cette der- niére méthode que l’on suivra ici. Il subsiste néanmoins une grosse difficulté : comment distinguer, par exemple dans les noms comportant ]’élément -fa-, ceux qui con- tiennent en réalité le méme suffixe de ceux qui ne le contiennent pas? La méme succession de phonémes peut, en effet, recouvrir des choses trés différentes. I] peut y avoir deux ou plusieurs morphémes distincts soit au point de vue étymologique, soit en ce qui concerne leur utilisa-",0,eng,89.3252379704069,False,1648427655.205842,2.0865384615384617
50,"96 G. JUCQUOIS tion en hittite, soit enfin sur ces deux plans simultanément, bien que ces morphémes aient en commun une méme chaine phonématique. Il découle de ceci que les mots dont la dérivation n’est pas claire ne nous seront d’aucun secours. Pour étre strict, il faudrait adopter la méme régle pour les suffixes dont le sens n’est pas clair ou, au moins dont l’adjonction 4 un théme ne provoque pas nécessairement telle modification morphologique précise, comme ce serait le cas en indo- européen, par exemple, avec les causatifs en -éy- qui entrainent le degré fléchi de la racine. Suffixe -ha- : les mots contenant ce suffixe, motivé ou non selon les formes, ont généralement la géminée, ainsi alwanzahha-, maninku- wahha-, etc. Seuls panduha- et Siluka- s’écrivent toujours avec la conson- sonne simple, sans qu’on puisse affirmer d’ailleurs qu’il s’agit bien du méme suffixe que dans les autres formes écrites dans toutes les attesta- tions avec une consonne double. Le mot palzah(h)a- est le seul pour lequel il y ait hésitation : les deux graphies sont en effet attestées 41, Suffixe -z2i- : ce suffixe qui remonte  l’indo-européen *-tyo- est toujours écrit avec la consonne double, ainsi appezzi-, hantezzi-, ete. 4. Suffixe -la- : ce suffixe provient, du moins dans certaines des forma- tions, de l’i.e. *-lo- éventuellement sur un radical thématisé. La plupart de ces dérivés ont un | simple dans toutes leurs attestations, ainsi armala-, genzuwala, muriyala-, etc. *. Le mot annal(l)a- se rencontre avec les deux graphies, simple ou double, de méme attal(1)a-, mais comme les formes en -talla- présentent généralement la géminée, peut-étre y a-t-il eu simplement une fausse coupe (cf. ci-dessous). Dans les formes suivantes on rencontre toujours la consonne géminée, mais peut-étre faut-il y voir, contrairement 4 Kronassrer, des dérivés en -talla- ou en -talli- plutét que des dérivés en -la- du moins pour certaines d’entre ces formations. La dérivation n’est d’ailleurs pas claire dans tous les cas. On ainsi : hukadalla-, Sapantalla-, huwahhuwartalla-, kupiyatalli-, patalla-. Trois mots présentent la finale -yalla- avec la géminée : niniyalla-, teriyalla-, dutdughiyalla-, mais comme les thémes sont en -i-, peut-étre faut-il y voir des dérivés en -alla-. 41 EHS, 166s. 42 EHS, 168-169. 43 EHS, 171-173. Les mots sans forme de base ne sont pas repris ici (par exemple, EHS, 173). ASPECTS DU CONSONANTISME HITTITE 97 Suffixe -pala- : toujours avec la consonne simple, p. ex. tarsipala-, kattapala-, haSnupala-; dans taptapala- le suffixe est peut-&tre -ala- 44, Suffixe -wala- : les dérivés ont toujours la consonne simple, ainsi ayawala-, karpiwala-, tarassawala-, etc. 4. Suffixe -talla- : aussi -talli-, les dérivés formés 4 l’aide de ce suffixe ont un seul ¢ mais un double IJ 4, ainsi arSanatalla-, hantiyatalla-, huyatalla-, kupiyatalli, etc. Ont une dentale géminée : unattalla- de unna- et kuSSanattalla-, de méme que les dérivés des verbes en -sk-, ainsi iSiyahheskattalla-, maniyahheSkattalla-, weheSgattalla-, mais on a wesuriskatalla- & cdté de weSuriskattalla-. Avec une consonne simple & Vinitiale du suffixe : uskiSgatalla- et weSkatalla-. Il y a un contraste intéressant entre maniyahheskattalla- et maniyahhatalla- au point de vue de la dentale initiale de suffixe. Les mots halwattala- et zipuriattala- ont un double -t- mais un seul -I- 4 l’inverse des autres mots. On peut probablement laisser ces deux mots hors cause puisqu’a cette particula- rité graphique s’ajoutent des particularités morphologiques et séman- tiques 47. Suffixe -(m)ma- : on a généralement la consonne simple sauf dans alalam(m)a- et wargam(m)a- ot il y a hésitation 48, Quelques formes ont régulitrement la géminée, ainsi hultaramma- 4°, hallimma, *kar- timma- dans kartimmiya-, de méme dans quelques formations obscures telles que puramimma-, Sammama- et Samamma-, haramma- ov s’ajoute la particularité du genre neutre. Au participe en -m-, on a davantage de formes avec géminées que de formes avec consonne simple bien que ces derniéres soient relativement nombreuses °°. Les formes en -na- sont d’interprétation délicate et présentent géné- talement la forme -na-, plus rarement la géminée -(n)na-, ainsi peruna-, aruna-, ekuna-, etc., mais Tarhunna- %, Le méme élément se retrouve sous la forme -ana-, -¢/ina-, et plus rarement -anna- et -inna-. 52, 44 EHS, 173-174. 48 EHS, 174. 48 EHS, 176 6. 47 EHS, 177. 48 EHS, 178. 49 Cf. sur ce mot BSL, 52 (1957), 79. 50 Ex, dans EHS, 179, 218 s., ot Yon trouvera également une bibliographie & la- quelle on ajoutera Kammennvser, Hdb., 216, 295, et l'article de Benvenisre dans le Festschrift J. Friedrich, 53.59, qui traite de Vorigine de ces formes. 51 EHS, 181-182. 32 EHS, 182.",0,eng,88.55096802933333,False,1648427661.138365,2.0865384615384617
51,"98 G. JUCQUOIS On a: kuwanna-, paizzinna-, kuranna-, mais, avec la consonne simple, istamana-, alwanzena-, aralizena-, etc. De méme on a généralement -Sana-, mais saanna-, wasanna-. On a aussi Sesana- et SeSanna-. On retrouve un élément -pa- dans un certain nombre de mots 5? mais on ne peut prétendre qu’il s’agit toujours du méme morphéme. Chaque forme se présente soit avec -pa-, soit avec -ppa-, sans qu’il soit possible de distinguer du point de vue sémantique. On a ainsi huwappa- mais sarupa-, ete. Un élément -ra- se retrouve dans plusieurs formes plus complexes, ainsi : -ara-, -tra-, -tara-, -ura- 54, toujours avec un seul -r-. Le suffixe -Sa- se présente lui aussi sous plusieurs formes : -Sa- ou -sSa- et -ada-/-asSa- 55. Ici aussi on rencontre les graphies doubles aussi bien que les graphies simples, ainsi : hapusaisa- de hapusa-, mais hapuriyasa- de *happuri- (cf. happuriyant). Tl n’y a pas beaucoup de mots contenant 1’élément -ta- et la plupart ne sont pas de formation claire. On reste perplexe devant des formes comme dannatta- face & tamalata-. S’agit-il d’un méme morphéme ou non? I] ne semble y avoir aucun caractére morphologique ou sémanti- que qui, dans ]’état actuel de nos connaissances, nous permette de décider. -k(k)i- : zapzaki-/-ai- mais hutnikki- °, les deux dans kurak(k)i-. -(I)li- : -alli- beaucoup plus fréquent que -ali 5’, tandis que c’est inverse pour -eli- (ou -ili-) plus usité que -elli- 58, Les deux formes dans Sartuliyal(l)i-. -ulli-, rarement -uli-, les deux dans istapul(l)i- 5°, -talli-, moins fréquent -tali- 6°, -(a)(n)ni- *, -p(p)i- et -wp(p)i- les deux dans hurup(p)i °°. -r(r)i- 8, beaucoup plus souvent -ri- que -rri-. 53 EHS, 184. 54 EHS, 186 8. 55 EHS, 188 s. 86 EHS, 210-211. 57 EHS, 2118. 58 EHS, 211s. 59 EHS, 213. 60 EHS, 214. 1 BHS, 221 6. °2 EHS, 224, 03 EHS, 225.227. ASPECTS DU CONSONANTISME HITTITE 99 -&(8)i- ©, et -aSS- (rarement -asi-) ou -us(5)i-. -t(t)i- ®, généralement -ti-, par contre malatti-, puwatti-, habbasitti-, panzakitti-, purutti- sont d’explication délicate °, Le cas est intéressant car, sila régle de Sturtevant est correcte, on ne pourrait avoir un suffixe -tti- d’origine indo-européenne. En effet, *-ti->-zi-, par conséquent -ti- est la seule solution possible. -2(z)i- substantival 67, généralement -zzi-, rarement -zi-, les deux dans kunkunuz(z)i-. -t(t)- : 68, généralement -t#-, dans les deverbalia (abstraits); des cas comme liliwa(n)t-, pittalwa(n)t-, Samankurwa(n)t-, tas(u)wa(n)t- per- mettent d’expliquer des mots tels que winatkarat-, par contre on a céte & céte napsaratt- et nabSarant-. -sSar 6° et surtout -essar, avec un seul -3-; hatriyas[ar] en face de hatresSar, de méme wakkeSar en face de wagesiar, semblent étre les deux seules exceptions (Cf. encore fhazzi(yas)sar, Sakuwas(3)ar(a)-, tuhhues(8)ar, iSpantuz(z)es(8)ar). -tar-|-tn- , trés rarement -attar, généralement -atar (exceptions : artattar hapax inexpliqué, karSattar et karéattant-, pasattar 7; galattar en face de galaktar ne constitue pas réellement une exception mais une forme assimilation. Ce suffixe est rattaché d’habitude a ie. *-ter-/-ten- et constituerait dés lors un bon contre-exemple de la régle de Sturtevant. Dans les thémes en *es/os nous devrions trouver, en accord avec la régle de Sturtevant, des formes a double -ss- aux cas obliques et au pluriel. C’est ce qu’on rencontre effectivement; ainsi : hapusasia, n.ace.pl. de hapudas, etc., par contre & Visg. NINPAdan-na-si-it. Mais les formes & consonne simple semblent aussi fréquentes que les formes 4 consonne double. Le suffixe adverbial -San se présente le plus souvent avec la géminée -San, parfois avec le simple -san 72; Vhésitation pouvant avoir lieu 84 EHS, 228, 85 EHS, 2378. 8 Cf, toutefois Farepricy, HW. 67 EHS, 240 s. 88 EHS, 254 8. 6 EHS, 288 s. 7 EHS, 291 s. 7 EHS, 292 n. 1, 7 EHS, 357-358.",0,eng,82.76470564110929,False,1648427666.073805,2.0865384615384617
52,"100 G. JUCQUOIS dans un méme mot, p.ex. Ais(8)an. Quant au suffixe adverbial -il, il ne semble se rencontrer qu’avec la consonne simple 7%. Le suffixe verbal -J- est sans doute l’équivalent d’i.e. *-s-; & l’inter- vocalique on attendrait donc une graphie redoublée; c’est effective- ment ce que l’on a en général. Ainsi de ganed- : kan-ni-i3-Su-un, de karS(iya)- : kar-aS-Si-i-(e-)iz-zi, kar-as-su-wn mais au participe on a kar(-a8)-Sa-an-te-eS (le plus souvent sans -aS-), de tamas- : ta-ma-a8-Su-un, ta-me-e-Su-u-en, ta-ma-as-Sir, etc., de wars(iya)- : wa-ar-as-se, ete. 74. Le suffixe inchoatif -e5- («devenir ce que le radical exprime») 76 se présente aussi en principe avec la graphie double uniquement, ainsi a-ra-a-u-e-e8-Se-ir, ma-ak-ki-es-sa-an-du, etc., par contre i-da-la-u-e-sa- an-zi, parfois dans le méme mot, ainsi ha-pu(-ué)-Sa-an-2t, ou pu-nu-us- §a-an-zi mais pu-nu-sd-un, ete. Le formant -p- 7° se présente d’habitude sous la forme géminée, aussi har-ap-pu-u-e-mi de harp(iya)- ou wa-ar-ap-pa-an-zi de warp-. On trouve les deux dans quelques formes, ainsi de karp(iya)- : karapanzi et karappun, etc. On a peut-étre la trace d’un élargissement i.e. *d(h) sous la forme d’une dentale simple & l’intervocalique (du moins dans la graphie) dans mutaizzi, et rvieritiz[zi] 77. Les verbes en « gutturales» sont d’examen plus délicat puisque la grammaire comparée nous montre l’existence d’un élargissement *k et d’un élargissement *g en i.e. La aussi il y a parfois hésitation pour un méme verbe entre graphie simple et graphie double; ainsi, de hassik-, on a: ha-ad-8-ik-ki-tr et ha-ad-Si-ga-lu; de méme hazzik- : ha-az-ri-ki-iz-2i- et ha-az-zi-ik-ki-nu-un-. Les formes en -e(8)Sa- 7* ont en principe la géminée, parfois le méme verbe a des formes avec consonne simple et d’autres avec consonne double, par exemple halzi8Sa- : hal-zi-(i3-)Sa-i. De méme les formes en -anna- sont beaucoup plus nombreuses que celles en -ana- 79: walhanna- iya- : wa-al-ha-an-ni-an-zi, etc., mais aussi walhanianda, [walhjanyattat. Tl ressort de cet examen détaillé des dérivés hittites, examen entre-   73 EHS, 358 8. 74 EHS, 394 6. 75 EHS, 398 s. 76 EHS, 407 8. 77 EHS, 411. 78 EHS, 549 8. 79 EHS, 556 8. ASPECTS DU CONSONANTISME HITTITE 101 pris en suivant l’ordre adopté par KronassEr *°, que sur une trentaine de suffixes, ou plus si l’on admet une homophonie suffixale, il n’y en a que six dont le traitement soit clair. Deux morphémes présentent toujours la géminée le suffixe adjectival -zzi- dont Vorigine i.e. est claire et le suffixe nominal -ssar bien qu’il y ait quelques flottements pour quelques formes. Avec la consonne simple, on a -pala-, -wala-, -ra-, et -ili-, suffixes peu instructifs pour notre propos étant donné leur origine non indo-européenne ou obscure. Pour les autres morphémes suffixaux, les régles de distribution ne sont pas aussi univoques et doivent plutét étre énoncées sous forme de tendances. Ainsi ont la géminée de préférence & la simple les suffixes -bha-, -talli- et -talla- (pour la liquide), -alli-, -ulli-, -a88i-, -tt-, -San-, - verbal (sauf au participe). A l’inverse, ont la simple plutét que la double les suffixes -la-, -talla- (pour la dentale et sauf dans les dérivés des verbes en -sk-), -ma-, -na-, -eli-, -ri-, ti-, -atar. Enfin quelques suffixes semblent étre écrits aussi fréquemment avec une consonne double qu’avec une consonne simple : -(p)pa-, -(8)8a-, -(t)ta-, -(k)ki-, -(a)(n)ni -(8)8- substantival, -e(3)5-.   3.4, Les emprunts du hittite 4 d'autres langues Les emprunts du hittite 4 d’autres langues peuvent nous fournir un utile point de comparaison au sujet de la régle de Sturtevant. Comment sont rendues les consonnes des langues étrangéres ture hittite, voila le probléme qui sera examiné ici. Les langues intéressantes 4 cet égard sont l’akkadien, le hatti, le vieil indien, le hourrite. Les mots hittites empruntés 4 des langues inconnues ne seront mentionnés que pour mémoire, puisque, par défini- tion, on ne peut retrouver leur étymologie ou, quand on le peut, il reste impossible d’interpréter la forme hittite empruntée & défaut de connaitre le systéme de la langue-source. Mots empruntés 4 Vakkadien : (NA kirinni- <girinnu * TUG jusisi- s'il provient bien de l’akkadien kusitu * lahan(n)i- de lahannu *3 80 Krowasser, EHS. 81 HW Erg., 1.10. 82 HW, 120 aveo (1). 83 HW, 124.",0,eng,86.0120819633431,False,1648427671.543696,2.0865384615384617
53,"102 G. JUCQUOIS tuppi-<tuppu *4 zabheli- ou zabli-, peut-étre de % GIS zyppari|u-, de tiparu (2) On constate qu’il y a maintien du caractére simple ou double des consonnes sauf dans lahan(n)i- ot les deux formes sont attestées et dans G8 zuppariju- s'il provient bien de tiparu. Hitt. kakkapa-, emprunté & une langue inconnue, correspond & akk. kakkabénu et au grec *. Mots empruntés au hatti : GIS 7 (h)apalki-, provient d’une langue anatolienne inconnue ** 5° parnulli-<[parn]ulli °° GIS Jahis LU Sabtaril »2 Tabarna-<Tabarna- % LU tahiya(li)-<tahaya (2) % %% zilipuriyatalla (zalipurratalla), prétre du dieu hatti Zilipuri % zintuhi(ya)< *zintuh(i) °? taz(2)elli- = » duddushiyalla-<hatti duddushiyal °° haggazuwa8h-<haggazuel 1° 84 HW, 228. 85 HW, 257. 88 HW, 342, Neumann, Unters., 60 s. 87 HW, 48, Kammcennuner, Hdb., 432. 88 HW Erg., 1.4, Kammennvner, Hdb., 436 2. 89 HW Erg., 3.19. 90 HW, 162, Kasmennvner, Hdb., 437. 1 HW, 175, Kammennvpee, Hdb., 437. % HW, 175, KammEnnuper, Hdb., 435. %8 HW, 211, Kawennuner, Hdb., 432. % HW, 102, Kammennuper, Hdb., 435. °5 HW, 226, Kammennvper, Hdb., 432-433. 9% Kanmennuner, Hdb., 435. 9 HW Erg., 3.38 — Kammenuuser, Hdb., 435. %8 Kammennuner, Hdb., 435. 99 KasmEnnuper, Hdb., 435. 100 KamMENHUBER, Hdb., 435. ASPECTS DU CONSONANTISME HITTITE 103 EZEN dashapuna, féte du dieu Tashapuna, hitt. Zashapuna et varian- tes 101 zippulasne|i-, zippulassi-, zippulani<hatti p/wuylasne 12 NINDA taparwa,su-, cf. le nom de divinité palaite (hitt. 18 GIS mukar peut-étre de hatti O8 mu-u-kar 194 Le respect des formes hittites par rapport aux sources hatti est donc total, du moins en ce qui concerne le caractére simple ou double des graphies consonantiques. Mots empruntés au vieil indien : aika wartanna : sky. eka- + vartana 1% adsussanni 106 Nasga[ttiya}nna cf. skr. Ndsatyau 107 nawartanna-, vient du skr. nava-vartana- avec haplologie 1° Sattawartana- <sapta-vartana 199 tapassa- 0 wasanna- Dans ces quelques mots la régle de Sturtevant aurait pu s’exercer & six reprises : trois fois pour des occlusives et trois fois pour des sifflantes. En mettant de cété la forme tapasSa, plutét héritée de l’i-e. et qui, 4 ce titre, ne présente donc aucun intérét dans ce paragraphe et Sattawartanna-, clairement indienne mais ayant subi 101 Kammenuuser, Hdb., 435. 102 Kamaennuser, Hdb., 437. 103 Kammennuser, Hdb., 437. 104 Kammunnuser, Hdb., 438. 105 EHS, 144, 147; HW, 327; Kammennvper, AVO, 201 et passim. 106 EHS, 143 8., 147; HW Erg., 2, 37; Kammennuser, VO, 2088., pas d’étymologie satiafaisante. 107 EHS, 142, 147, Kammenuvser, AVO, 195 et passim bibliogr. dans MayRHorER, IAV. 108 EHS, 144; HW, 327; Kammennuser, AVO, 205 6. et passim. 109 EHS, 144, avec influence du hourrite ditta, dinta + sept»; HW, 327; HW Erg., 2, 38; AVO, 204 s. et passim. 0 HW, 211; Kasmennoper, AVO, 184 s., 188-189, avec renvoi et critique de HHS, 144, en face de lat. tepor, -dris, le hitt. (et louv.) tapaséa- ne doit pas étre considéré comme emprunté au sanscrit épas- mais remonte tout simplement & i.e. *epos-. 111 EHS, 145; HW, 248, 327; Kammennuzer, AVO, 207 s., d’étymologie douteuse, par conséquent d’aucun secours.",0,eng,78.75991017357002,False,1648427678.063067,2.2604166666666665
54,"104 G. JUCQUOIS probablement l’influence du hourrite Sitta, Sinta, il ne subsiste qu’un seul exemple d’application de la régle examinée (Nasattiyanna) contre deux contre-exemples (NaSattiyanna et aikawartanna). Mots empruntés au hourrite : Les Hourrites ont exercé une forte influence sur les Hittites, la chose est manifeste dans beaucoup de secteurs et on en trouve des traces dans le lexique hittite 4%. Comme on le sait, le hourrite, écrit en caractéres cunéiformes, distinguait les consonnes «sonores» et «sourdes», que l’on trouve dans les textes hourrites alphabétiques, en utilisant pour les premiéres une graphie simple et pour les secondes une graphie double. La régle de Sturtevant examinée ici pour le hittite était d’application continue pour le hourrite 4. Voici la liste des mots probablement d’origine hourrite trouvés dans les textes hittites : allasSiyas 14 amba8s-, cf. hourr. ambassi- 45 anahi- antaki- api- NINDA jarzazu(ta)- 18 hazziwi- 7 hazzizzi|u- de hazaizzi- 18 birihhi- »9 biri(n)dukarri- et hirendukarri-, hirundukarri- 120 DUGhupurni-, de ha/ubur 14 WS O8 svip(pyi- 18 LU ittaranni-, cf. itt- 128 ua Frrepricn, Hdb., 22.23. 13 Frreprice, Hdb., 11. 14 HW Erg., 2.7. us HW, 20. 6 HW, 61. u7 HW, 67. us HW, 68. 119 HW, 340. 120 HW, 340. 11 HW, 76. 12 HW, 84, 133 HW Erg., 2.14. ASPECTS DU CONSONANTISME HITTITE 105 124 garupahi-, cf. hourr. karubi 16 kurpi8i-, cf. hourr. gurpisi 126 man(n)inni-, cf. hourr. maninnu- ( %) 127 nakkusapi- 128 nakkuas-, cf. hourr. nakk 129 namullé-, cf. hourr. nammallu 18° nipasuri- 131 GIS napu-, cf. hourr. papunnasena 182 pubugari-, cf. hourr. pubugari- 153 Sehelli-, généralement avec -ll-, mais aussi sihiliyas, cf. 194 Sehelliski-, of. hourr. Seheli- 185 (2)Sinap&-, cf. hourr. Sinapsi- 186 Sentai- 187 188 tubalzi- 199 dupSapi- 140 uzuri- 141 zinzapu- 142 zizzafi- ou zizzupi-, cf. hourr. zuzuhi- 143 1 zuhri-, of. uzubri- 14 HW, 98, 185 HW Erg., 2.16. 128 HW, 118. 127 HW, 135, 128 HW, 148. 129 HW, 148; HW Erg., 2.18. 180 HW Erg., 1.14. 13 HW Erg., 1.15, 18 HW Erg., 2.19. 138 HW, 172. 184 HW, 189. 135 HW, 189. 198 HW, 193. 187 HW Erg, 1.18. Sur ce mot, of. aussi A. Gortzx, dans JCS, 22 (1968), 21. 138 HW, 219. 189 HW, 226, M0 HW, 229. 1 HW, 240. 2 HW Erg., 2.28. M3 HW Erg,, 3.38.",0,eng,77.33982095526316,False,1648427683.3534138,2.0865384615384617
55,"


106 G. JUCQUOIS

La régle de Sturtevant semble donc respectée dans la trés grande
majorité des cas pour toutes les catégories de phonémes et pas seule-
ment pour les occlusives. On reléve principalement trois exceptions :
maninni-, peut aussi étre écrit manninni-, namulli- avec un seul -m-
et zizzahi- ou zizzuhi- avec la géminée -zz-. Dans ce dernier cas, il
s’agit sans doute d’un phénoméne dai au hittite 144,

  

Mots empruntés & une langue anatolienne :

upati-, du cappad. upatinna, ef. ougar. dibdy 14
zapzagai-, zapzaki-, zapaiki-, ef. ougar. spsg *°
URUDU kullupi-, ef. cappad. kulupinnu- 14?
kakkapa-, cf. akkad. kakkabanu et gr. kaxxd Bn 48,
Dans ces quelques mots la ragle de Sturtevant est constamment
respectée (six cas d’application)

En résumé, on peut affirmer que la régle de Sturtevant fonctionne
presque sans exception en ce qui concerne les emprunts du hittite
& d’autres langues anciennes. La seule difficulté qui subsiste concerne
les emprunts au vieil-indien au sujet desquels on ne constate pas
quiils sont en conformité avec la loi examinée. Bien entendu, les contre-
exemples étant peu nombreux et les mots dans lesquels ils apparaissent
Wutilisation peu fréquente, on pourrait admettre qu’il s’agit d’erreurs.
Mais le fait que ces exemples, méme peu nombreux, concernent princi-
palement et tras clairement une langue — le vieil indien — nous semble
propre  éliminer une telle hypothase.

Ds lors, Phypothése la plus simple consiste A considérer que les
formes hittites empruntées au vieil-indien aient 6 empruntées par
Vintermédiaire d’une autre langue (le hourrite en l’occurence) respon-
sable de la mauvaise transposition partir de la langue source.

3.5. Les survivances d’époque hellénistique et romaine

On trouvera les survivances hittites d’époque hellénistique et ro-
maine commodément rassemblées dans quelques ouvrages récents :

M4 Cf, infra, p. 120.8.

145 HW, 235; HW Erg. 1.22; A. Goetze dans JOS, 22 (1968), 22.
448 HY, 260.

Mt HW Erg, 1.10.

148 HW, 342 ot Fase, 6.0.

 

ASPECTS DU CONSONANTISME HITTITE 107

Neumann, G., Untersuch., Zousta, et dans Youvrage toujours utile
bien qu’ancien (il vient d’étre réimprimé) de SuNDWALL.

A cela on ajoutera un article de P1sawt, V., Relitti « indomediterranel »
e rapporti greco-anatoli, dans AION-L, 7 (1966), 41-51 et maintenant
dans Prsant, V., Lingue e culture, Brescia, 1969, 191-192; Gunpry, L.A.,
Dagretesko-maloazijskie leksiko-onomatideskie otnosenija, dans Etimo-
logia 1965 (1967), 211-228 ot & Yoccasion d’une étude de Luk(a/i)-
et de Hastal(i)- beaucoup de problémes de comparaison avec des
formes survivantes sont examinés; Gusmant, P., Isoglosse lessicali
greco-ittite, dans Studi linguistict in onore di Vittore Pisani, Brescia,
1969, I, 501-514. On trouvera également des indications dans Grxpry,
L.A, Jazyk drevnejsego naselenija jugobalkanskogo poluostrova. Frag-
ment indoevropejskogo onomastiki, Moscou, 1967, 198 pp.

Sur les survivances en arménien, cf, DZaUKIAN, G.B., Xetto-luvijskie
elementy v armjanskoj leksike, dans Vestnik erev. un. ta, 1967.2, 111-124
(en armén, avec résumé russe).

  

Voici les formes présentant un intérét du point de vue de la régle
de Sturtevant :

drrew, & Vace., ef. atta-, NeuMANN, G., Untersuch., 36 s., 104.

TédXu, ef. kallar, Neumann, G., Id., 62-63

yourdpiov, cf. kuntarra-, NEUMANN, G., Id., 66-67

tapisana-, gr. Sénas, GUSMANI, 509, Prsant, 194 s.

ruyyoov<*ting-<nés. nink-, NEUMANN, G., Id., 38-34

zippulae, of. zippulani-, -a8%i-, -aini-, NEUMANN, G., Id., 87 s., 104

irpwy, ef. iduri-, NeuMANN, G., Id., 84-85

kaxxdBn, cf. kakkapa-, NEUMANN, G., Id., 60-61, 104

képpava, cf. kammara- et le toponyme Kumanni, Neumann, G., Id.,
31-32

kopxépas, cf. kallikalli-, NEUMANN, G., Id., 42, 105

kotrapoy, of. kudur, Neumann, Gt, Id., 90- 105

kbreMov, huppar-, Gusmant, 509

Adywvos, lakanni-, Gusmant, 508

lyd. nid., cf. nit-, Neumann, G., Id., 73-74, 105

mardpa, cf. pattar-, NeuMANN, G., Id., 56 8., 104

mAixiov, of. SINPApunikki-, NEUMANN, G., Id., 28-29, 104

omaradés, of. *iSpatalla- de iSpai- + suff. -talla-, Neumann, G., Id.,
88-89

Tamiras et Tapspddat, of. dammara-, NEUMANN, G., Id., 36-37

  

 

 

 

 

 ",0,eng,82.74416401904762,False,1648427685.5497658,1.75
56,"108 G. JUCQUOIS rovéo, cf. tuhs- et tuhhuesiar, NEUMANN, G., Id., 54-55 lye. tukedri, of. *tuekkatar de tuekka- + suff. -tar, Neumann, G., Id., 55 s., 104 xlorn, kistu, G@USMANI, 508 Kvavos, kuwanna-, GUSMANI, 509 ndpdads, parsana-, GUSMANI, 509 3.6. L’onomastique Les noms propres peuvent nous donner des indications utiles pour les problémes de graphie examinés ici. On dispose actuellement d’un excellent ouvrage sur l’anthroponymie hittite '4° qui nous dispensera de longues recherches et nous fournira les matériaux nécessaires. Dans la liste de noms établie par Larocug, on fera abstraction des attestations cappadociennes, akkadiennes, assyriennes et hittites hiéro- glyphiques. Plus précisément, on ne retiendra pour examen que les noms propres apparaissant dans des textes hittites cunéiformes 1°, Dans l’ensemble, on peut dire que les graphies des noms propres manifestent une assez grande continuité, En régle générale, on trouve dans les diverses attestations d’un méme nom soit toujours la graphie double, soit toujours la graphie simple. Statistiquement, on ne peut dire que le choix entre graphie simple et graphie double soit laissé au hasard : il doit étre régi par des régles. Ainsi, on a toujours, avec la graphie double -zz- : ™ Kédn-tu-uz-zi-li; & Vinverse toujours avec la graphie simple de la dentale ™ Am-mi-ya-tal-la. Cependant, on constate, dans plusieurs noms propres, des hésitations entre la graphie simple et la graphie double sur un total de plus de mille noms propres pouvant étre testés (sont exclus de ce nombre les noms propres qui n’apparaissent qu’une fois dans les textes hittites). Voici les formes classées d’aprés la variable (les numéros renvoient 4 la liste de LarocHe) : Kjkk ; 272, 1427 1: 25, 98, 821, 916, 1472 M9 E, Laroone, Lea noms des Hittites, Paris, 1966. 180 Cotte fagon de faire se justifie tout d’abord parce que seule les noms propres des toxtes hittites cunéiformes nous intéressent ici pour l’examen de la rage de Sturtevant et ensuite du fait que les noms propres des textes cappadociens, akkadiens, etc., sont transcrits en application d’autres principes graphiques, par exemple notation simple généralisée dans les noms propres cappadociens, ete. ASPECTS DU CONSONANTISME HITTITE 109 mimm +: 821, 983, 1185 nj[nn : 31, 62, 747, 862 plpp : 1156 r[rr —:-: 1039 5/88 758, 985 t/t : 46, 245, 465, 657, 729, 837, 958, 1026, 1329, 1390 zlzz : 422, 714, 1541, 1588 La question que l’on se pose immédiatement est de savoir dans quelle mesure ces noms propres représentent des graphies doubles pour graphies simples ou l’inverse. Pour y répondre, il faut nécessaire- ment analyser chacun de ces noms propres pour en retrouver — chaque fois que cela est possible — les composantes. Reprenons done chacun de ces noms propres et analysons-les : K(k): 272 : ™ Ha-ni(-ik)-ku- DINGIRUm. : de URUHanikku (= hitt. | Ankuwa), ethn, hatti +, 1427 : ™ Up-pa(-ak)-ki-li- : ethn. hatti en -ili #8, ou hourr. Kili « étre en bon état» (?) 153, Kl): 25 : ™ A-la-an-ta-(al)-li 14, | 98 : ™ A-pa(l)-lu- : de formation douteuse. 821 : ™ Mu-(-um)-mu(-ul)-la-an-ti : avec le suffixe -anti- 155, 916 : ™ Pal-le(-el)-li- : peut-étre hourr. pal-, ef. Palliya, Pal-Tegub, Recueil, n° 500. 1472 : !Wa(-al)-la-an-ni : Recueil, n° 801. Cf. capp. ‘Walawala et Waliwali 7, cf. hitt. walliwalli- «violent» + suff. -anni- 158, 151 E, Laroone, NDH, 250, 268. 182 NDH, 250, 318. 153 NDH, 352. 154 E, Lanoonz, NDH, 26, n° 25 : «Si Alalialli et Alantalli n° 1 sont bien un seul et méme personnage (ainsi GitERBocK dans JCS, 10, 122), Alantalli résulterait d’une dissi- milation de Alal-talli, nom d’agent en -talli de alal.alel « fleur ». 185 NDH, 329, cf. capp. Mumulanim, Recueil, n° 435. 196 Hrozny, AHDO, I, 88, 1.18.23, ete. 187 JAV, 7.18 et p. 29. 188 NDH, 331 et n. 30.",0,eng,85.13783552623211,False,1648427690.428434,2.0865384615384617
57,"1185 : 62: TAT : 862 : G. JUCQUOIS m Mu(-um)-mu(-ul)-la-an-ti- : cf. ci-dessus m Pj-ya(-am)-mu cf. les n°s 980, 981, 982, 986, 967, 988 159, Peut-étre de Piyamuwa, ou participe comme dans Piya- matarawa analyse enPiyama et *Tarawa 19, m : de Suppiluliya, nom de rividre 1, ethnique de par sa forme 1°. La suffixe final se présente de différentes facons : -wmna-, -wmma-, -wma-, ete. 1, D’ailleurs le signe peut aussi se lire 1 & cé6té de lim.      mA-li-ih-ha/i(-an)-ni- 164 : soit suffixe -(a)nni- de diminu- tifs 185, soit suffixe -ni(a) comme dans les théophores. Puisqu’il s’agit de deux personnes différentes, peut-étre vaudrait-il mieux dissocier ces deux noms 1, Peut-étre hourr. alg 16? + han + ni. tAn-na(-an)-na : de anna- « mére», forme & redoublement de Anna ou Ana, mots enfantins (les deux existent) 16* ou simplement élargissement -(n)na- 16°. m Ma-an-ni(-in)-ni 1, cf. hitt. manninni, «sorte de collier», qui apparait sous la forme maninnu & El Amarna et 4 Qatna. Comme non commun, on a man(n)inni- 171, m Na-a(n)-ni-ya- : louv. nani/a : -ya-, faux suffixe 17, simplement un élargissement en -a- sur thtme Nant, «frére». Dans les textes louvites on ne trouve que nani- avec un -n- 173, Sur l’analyse de ce nom propre, cf. NDA, 241, 326.   189 NDH, 3176. 160 Cf. 4Tarawa, KUB, 1X, 28.1.8.111.3. 161 Références dans NDH, 278. 182 Idem, 283. 163 Idem, 255 8. 164 NDH, 286, 331. 165 N_DH, 331 et n. 30. 166 Cf. d’ailleurs Recueil, ns 18 et 19. 167 Cf. les n° 32 & 36 de NDH, et par exemple Aliziti. 168 NH, 241. 169 NDH, 330. 170 NDH, 244, 340. 171 Pour Sommer, HuH, 94, mot hourr., @aprés HW Erg, 2, 17, v. ind, mani- + suff, hourr. -(n)ni-. 12 NDH, 244 8. 1% DLL, 73 sv. ASPECTS DU CONSONANTISME HITTITE 111     P(P) : 1156 ™ : du toponyme anatolien de site inconnu Stppa 374, r(r) + 1039 ™ Pt-iz-2u-mu(-ur)-ri- : ef. £ Pizzurra d’ot Von dégage un élément Pizzu suivi peut-étre de hitt. 176, avec graphie simple. 3(8): 758 ™ Ma-ra-(a8)-Sa-an-da- : avec la finale d’onomastique -anta- 176, comparé 4 Marassa, Marassalli et ‘Marassawiya, il se dégage un élément Marassa toponyme de situation inconnue 178 et aussi nom du Kizil Irmak : Marassanda = 1D.SAs. 985 : m Pi(-ya-as)-Si-li : De méme que Piyapili, Pi(ya)sSli est sans doute un ethnique en -ili179 bati sur *Px(ya)sh, ef, URUPisa18 sur le méme type que Haittili sur URUHaitta, t(t) : 46 tAm-ma(-at)-tal-la : suffixe -talla- sur théme féminin Am- ma- 381, 245 : ™ Ha-i(t)-ti-li- : suffixe -cli- sur URU Haitta 188, 465 : ™ I-ri(-it)-ti-ya- : sur iri, of. Iriya, Iriyaya, Iriyatti, suffixe hypocoristique -(i)ya- 18, nom hourrite. 657 : ™ Ku(-ut)-tu-pi-ya- : peut-étre avec piya- sur Kuttu- (%), ef, Kuttuwa 184 et Kuduwa & Alalah 185, 174 NDH, 273. 175 Recueil, n° 577. 176 HW, 145. 177 NDH, 273, 277, 329. 178 NDH, 273. 179 NDH, 250, 318. 180 NDH, 298. 181 NDH, 286, 329. 182 N DH, 250, 268. 183 NDH, 349. 184 NDH, 318, (« Kuttiipiya est obscur ») analyse malgré tout (cf. le trait d’union) en huttu et piya. 185 AT, 131, 60.",0,eng,82.26951288700565,False,1648427694.840592,2.2604166666666665
58,"112 G. JUCQUOIS 729 : *Ma-al-li(-id)-du-un-na : Nom propre élargissement -na- sur hitt./louv. maliddu-, « sucré, doux » 18, 837 : Mu-wa-(at)-ta-al-li et variantes sur le toponyme Mu(wa)ti 187 ou muwatalla/i-, «vigoureux»1#®, ou nom d’action en -at- du verbe muwai- 189, 985 : ™ Pa/Pdd-du-ut-ti- : avec la finale d’onomastique -(t)ti- 19°. Cf. d’autre part ™Pa-a-ta 1% et aussi s.v. pata? ; Ba-ta- ta8-Si interprété comme kassite (?) & cause de la finale -ta88i-, ou s.v. patt °° ; Ba- at-ta, Pa-at-ta, ete. 1026 : ™ Pi(-tt)-tdg-ga-tal-li- avec le suffixe hittite et louvite -talli- 194, Si Yon compare (!)Pi-ta-ga-at-ti-e-ni, Pud.1.58’, ot Ton dégage un élément 1%, il subsiste des deux cétés un élément Pit(t)ag(g)a- 1329 : ™Te-me(-et)-ti : avec la finale d’onomastique -(t)ti 1%. Cf. d'une part ™Ze-me-et-ti-e-ni qui en dérive, et, pour la finale :    — avec -ti-: Armati en face de Arma tPitati en face de Pitta — avec -tti- : tAnnitti- en face de Anni- Paskuwatti- en face de Paskuwa-, ete. Pour la base du nom, cf. encore ™7'a-me-ti- regroupé avec Temet(t)i 198, 186 NDH, 330. 187 NDH, 217. 188 NDH, 336. 189 Sur ce nom propre et sur élément muwa- cf. Ja longue discussion dans NDH, 323; ef. aussi pp. 260, 285. 190 DH, 287, 332. 11 KUB, XXVL62.1V.40. 192 Purves, NPN, 243. 193 Idem, 244. 194 NDH, 286, 329. 195 Of, Ak-ku-te-ni, ‘Hla-le-te-ni, ete. Purves, NPN, 264. 196 NDH, 287, 332. 17 KUB, XXXI. 50. 10. 198 Dans NDH, n° 1329 mais pas dans le Recueil (n? 669 et 709) et le nom propre Da-me & Nuzi (NPN, 262 s.v. tam). 199 NDH, 240-241. ASPECTS DU CONSONANTISME HITTITE 113 1390 : ™ Du(-ud)-du et variantes, noms 4 redoublement 1°, sans doute de hourr. tad-, « aimer 2», 422 : ™ Hu(-uz)-zi-ya-, théophore de Huzzi, dieu hatti ou hour- rite (?) 2° avec la finale -ya 2, 714 : ™ Ma-ah-hu(-uz)-2i-, avec la finale d’onomastique -2zi ou -zi, dans les noms propres cappadociens : Mahusi 203, 1541 : ™ Za(-az)-2u-wa : avec la finale -wa- *°4 sur une base za(z)zu, ef. Za-a-2a & Nuzi *°, 1588 : ™ Zu(-uz)-zu-: of. & Nuzi zu-2u, zu-d-2u et zu-zu-ya 206, Tl nous suffit 4 présent de reprendre les noms propres dont l’inter- prétation, ne fat-ce que partielle, par le hittite, permettrait de tirer une régle d’interprétation. En voici la liste : 25 m™ A-la-an-ta(-al)-li : suffixe -talli 1472 f Wa(-al)-la-an-ni : hitt. walliwalli- 1185 ™ Su-up-pt-lu-li(m)-ma : signe ambivalent (lim/lt); le suffixe final se présente sous diverses variantes. 1039 -™ Pt-iz-2u-mu(-ur)-rt ; peut-étre hitt. murt, « raisin ( ?) 46 t Am-ma-(at)-tal-la- : suffixe -talla- 729 t Ma-al-li(-id)-du-un-na : sur maliddu- (cf. plus haut sur ce mot) 837 Mu-wa(-at)-ta-al-li : si ce nom provient bien de muwatalla|i-. De ces noms propres, seuls les n°s 25, 46 et 729 sont suffisamment. clairs pour nous aider ici. Les deux premiers contiennent le suffixe -talli-, sur lequel on se reportera au chapitre trois, et le dernier le mot maliddu- que l’on a déja étudié plus haut. Que conclure des éléments que nous apporte l’onomastique? Le pourcentage des noms propres présentant une hésitation entre graphie 200 Cf, & Nuzi NPN, 263 s.v. tat- ot tatt-, NDH, 353. 201 NDH, 288 et n. 22 et 204. 202 NDH, 245 et 349. 203 NDH, 333, et Recueil, 369. 204 NDH, 246, 313, cf, zuzuwa, capp. face & zuzeu. 205 NPN, 277, 8.v. 2az. 206 NPN, 279, s.v. zuzu.",0,eng,82.94773572076788,False,1648427699.159351,2.0865384615384617
59,"114 G. JUCQUOIS double et graphie simple, par rapport au total des noms propres pouvant étre testés, n’est pas significatif sur le plan statistique. Comment interpréter ces quelques graphies hésitantes? Puisque leur analyse ne peut étre faite en toute sécurité et que plusieurs admettent deux ou plusieurs explications différentes, on se trouve devant le choix suivant : ou bien négliger les quelques exceptions, ou les intégrer en supposant, pure hypothése de travail, qu’il s’agit dans tous les cas de graphies doubles pour des graphies simples telles que celles que Yon a analysées plus haut (cf. § 3.2). Une autre méthode d’analyse des graphies hésitantes se base sur la probabilité des erreurs pour chaque graphéme envisagé. En supposant que chaque phonéme consonantique ait eu approximativement la méme fréquence d’utilisation °°’, on devrait s’attendre 4 trouver le méme nombre d’hésitations pour chaque catégorie de cas. Or, voici les résultats auxquels on aboutit : Comme on ne voit pas a priori pourquoi il y aurait eu plus d’erreurs de graphie en ce qui concerne la notation d’un quelconque de ces phonémes et qu’au contraire, on doit plutét envisager un taux d’erreurs de graphies identique dans chaque cas, il en résulte qu’il faut considérer les divergences de fréquence, pour ne prendre que les cas les plus évi- dents, entre ¢ d’une part et p et k de l'autre comme probablement signi- ficatives du point de vue de l’analyse phonologique. 3.7. La situation 4 Pinitiale et a la finale Théoriquement le régle de Sturtevant ne pouvait étre appliquée qwen position intervocalique puisque le systéme cunéiforme utilisé ne permettait pas de noter deux consonnes successives sans qu’elles soient appuyées d’une voyelle de part et d’autre, soit selon le schéma : .v-+c/c++v... s’opposant a ...v/c--v... (ou éventuellement ...v--¢/v... wa): 207 On sait que ce n’est pas exactement le cas, mais les différences de fréquence constatables entre les phonémes consonantiques du nésite ne modifient pas essentielle- ment la suite de exposé. ASPECTS DU CONSONANTISME HITTITE 115 En syllabe intérieure, la notation compléte d’une consonne entravée était toutefois possible par lartifice d’un glide, ainsi ...vetc?v... pouvait étre rendu par ...ve! + glide + c®v..., ot cl comme c? pou- vaient étre notées en conformité avec la régle de Sturtevant grice & Vintroduction dans la graphie d’un glide. Certains contrastes sont frappants. Ainsi, B.Cop a remarqué que « dans les itératifs anciens, on s’attend 4 une forme suffixe -sk- sans qu’une voyelle fit prononcée entre la finale du théme verbal et le suffixe, cf. 2(i)kk-, « commencer de dé» ete. 2°*, L’auteur constate alors un assourdissement d’une finale sonore (ou son allongement si l’on suppose un systéme de consonnes longues opposées & des consonnes braves) devant le suffixe -sk- d’oi des contrastes entre les itératifs anciens avec finale du radical notée longue et les itératifs récents batis avec suffixe -isk- obtenu par fausse coupe et permettant le maintien du phonéme final du radical, ainsi hukigk face & hukkisk- 299, Par contre, la situation est apparemment inextricable tant & V’ini- tiale absolue qu’é la finale absolue ot aucun artifice n’existait dans le systéme graphique pour noter ce que rendait l’intervocalique ’opposi- tion des graphies doubles et des graphies simples. Pourtant, les survivances d’époques hellénistique et romaine nous prouvent que les graphies anciennes ne reflétaient pas la réalité dans leur ambiguité. C’est ainsi que I’on trouve avec une sourde & V’initiale xépyn ™°, xdvdw ""11, wAikvov 22, etc., ou avec une sonore AepBy en face du nésite taru %13, ete. La distinction rendue dans les graphies alphabétiques récentes par Yopposition de sonorité montre bien que l’opposition phonologique notée par l’opposition de consonnes doubles/ consonnes simples n’était pas neutralisée 4 l’initiale ou 4 la finale. En effet, faute de pouvoir recourir & ces témoignages univoques et récents, on aurait aussi bien pu admettre une neutralisation de cette opposition dans les positions décrites. Il existe toutefois certaines indications qui,  l’intérieur des graphies 208 Notes @étymologie et de grammaire hittite, dans RHA, 57 (1955), 67. 209 Aux exemples de B. Cor, on ajoutera encore éap(iyai)- face & Vitératif Sappesk-. 210 Neumann, G. Untersuch., 105. 211 Jd., 30. 212 Jd, 28.29 213 Jd., 38-39.",0,eng,88.13647315697675,False,1648427704.6244721,2.0865384615384617
60,"116 G. JUCQUOIS hittites, nous permettent d’aboutir aux mémes conclusions. On dispose de trois procédés pour élucider le caractére équivoque des graphies ailleurs qu’é V’intervocalique. En effet, l'étude des mots composés, de la phonétique de la phrase et des procédés de redoublement doit nous fournir des indications utiles. Pour l’étude des finales, seule la phonétique de la phrase nous sera dune certaine utilité et uniquement pour quelques formes. Ainsi, lorsque le démonstratif apa est suivi de Venclitique -a, le sandhi externe nous permet théoriquement de connaitre la nature de la con- sonne finale. En effet, on trouve généralement une sifflante double apasia*4, Parfois la nature de la consonne finale n’est explicitée que grace & un glide, ainsi *kéz-+-sta>*kez-sta écrit, sans glide, ke-e- ez-ta, ou avec glide : ke-e-ez-za-at-ta ou ke-e-ez-za-a8-ta 5, Le procédé est courant & l’ablatif devant la conjonction ya qui développe alors un @ épenthétique d’ot -iya et avec la désinence d’ablatif -zziya*. I n’y a d’ailleurs que relativement peu de possibilités de consonnes différentes en cette position, mises & part certaines désinences. Pour l’étude des consonnes V’initiale, la phonétique de la phrase peut nous étre de quelque secours également. Ainsi, avec l’assimilation de la dentale la sifflante suivante, on a iitamanasian, kussadiset, etc., ou, sans assimilation mais avec voyelle d’appui, kussanissit. Toutefois, on rencontre également des formes avec la graphie simple & cété de formes avec la graphie double, surtout pour les formes & nasale initiale comme dans le groupe tuzziman *17. Les formes & redoublement permettent également de connaitre la nature de la consonne initiale, & supposer, bien entendu, que le hittite ait conservé & l’initiale les oppositions représentées a l’intérieur du mot. Comme on constate une grande régularité dans la graphie de Yélément redoublé, on est amené poser soit un maintien des opposi- tions internes & V’initiale également, soit que l’opposition ait été neu- tralisée 4 l’initiale mais qu’une consonne initiale devenue intérieure par le redoublement ait maintenu en cette position l’opposition phonologique 214 Mais on rencontre aussi la simple apasa, de méme que ¢ Telipinusa avec la con- jonetion -a également. 215 Of, J. Frreparon, Heth. Elem., 1, 37 § 42. 216 Id., 37 § 41. 217 J, Frreperon, Heth. Hlem., 12, 35 § 36. ASPECTS DU CONSONANTISME HITTITE 7 dont rend compte la régle de Sturtevant. Dans cette seconde hypothése, il faut admettre, pour expliquer la régularité des graphies internes dans les mots & redoublement, que ce dernier est de date plus ancienne que la modification des anciennes oppositions de sonorité (en supposant que celles-ci ne se soient pas maintenues comme telles, ce qui n’est pas exclu) ou que la graphie & l’initiale ne fait que camoufler la réalité phonologique. Voici la liste des formes 4 redoublement : habhal-, HW,45, EHS,122 habhale3-, HW .Erg.,1.3., 2.10 Labhaliya-,HW hakhari-, HW ,45 hahhariya-, HW ,45 habhars-, HW,45, EHS,121, TVR,158 n. 1 Labhasiti-, HW,45 hahhima-, HW,45 harSiharsi-, HW ,60 hartuwahartuwati, HW,61 hubhupa-, HW,71 huhupal-, HW.71, HW,Erg., 2.13, EHS, 121 hubhurti- et variantes, HW.Erg.,15, Gorrzg, dans JCS, 22 (1968), 19 huwakkuwartalla-, HW.Erg.,1.7 kakkapa-, HW.94, HW.Erg., 2.14, EHS,122 kaggari-, HW,94 kaki-(?), HW.95, HW,Erg., 2.14 kallikalli-, HW,95, EHS,122 gazzigazza-, EHS,121 [*kikki-], EHS,120 et 515 n. 2, 569, HW,109, TVR,160 n° 25 : a ratta- cher au lemme kikki3- kikki3-, HW,109, EHS,120, 570, TVR,121, 131 s., 138; 144 s; 147 kug(g)ul(l)a-, HW,115, HW.Erg.,1.10, EHS,122 kukkullaimmi-, HW,115, EHS,122 : kukulaimi- kugulkula-, HW,115, EHS,121 kukupalla-, HW.Erg.,3.20 kukupalatar, HW,115, GortzE dans JOS,22 (1968), 19 kugurniya-, HW.Erg.,3.20, et kugurniyaman-, HW,115, HW.,Erg.3.20 kuggurniyawar, HW,115",0,eng,85.6778888546713,False,1648427709.651391,2.0865384615384617
61,"


118 G, JUCQUOIS

kukkur’-, HW,115, EHS,122, 569, TVR,121, 134 s., 144, aussi kukurd-
au participe, of. HW,115

kukué-, HW,115, TVR,121, 138, dans EHS,122: kukkus-

kuwakuwarki-, EHS,570

pappanikni-, HW.Erg.,3.25

pappars-, HW,157, EHS,122, 570, 572, aussi papar3- (une fois dans
HW : 15g, prét.), TVR, 138, 144

*pappas-, TV R,120, 139, 145

pappasai-, HW,157, HW.Erg.,2.19, HW.Brg.,3.25

pappassala-, HW,158, HW.Erg.,2.19

papu-, HW,158, HW.Erg.,2.19

papuwai-, HW,158

pariparai-, EHS,120, 570, 572

pippa-, HW,169, Gontze dans JCS,22 (1968). 20, IHMV,141

[*pipesSar], HW,169, n’existe pas, of. HW.Erg.,2.20

pipeda-, IHMV,141

[*pippit-], HW,169, n’existe pas, ef. HW.Erg.,2.20

pupw-, HW,173

pupulli-, HW,173, HW.Erg.,2.21, EHS,120 et 122, of. pupudta-

puppussati)-, EHS,570, et non comme HW.Erg.,2.21:pupussa-, d’apres
Larocue dans RHA,63 (1958), 107, repris. par TVR,159 n° 9;
of. aussi IHMV,143

pupuwatar, HW.Erg.,1.16

Sada-, HW,188, HW.Erg.,1.18, Gorrze dans JOS,22 (1968).21, EHS,122

Sasalpatalla-, EHS,176, 570, TVR,139

SaSanna-, HW ,188

[Jadant- et SaiSanu- de Sef]

SaXSumai-, HW.Erg.,1.18

Se5-, HW,191, HW.Erg.,2.23

Seka-, HW.Erg.,3.28

SeSan(n)a-, HW,191

Se88ar-, HW,191

SeSSar-, EHS,572

SeSariya-, HW,191

SeSarul-, HW,191

SeSatar-, HW.Erg.,3.28

Se88i-, HW,191

SedSur-, HW.Erg.,3.49, Gonrze dans JCS,22 (1968), 21

SisSa-, HW,194, EHS,572, TVR,121, 159, IHMV,156

 

 

ASPECTS DU CONSONANTISME HITTITE 119

Si8ai-, HW,194

SiSiya-, EHS,510, 572

Sisiyama-, HW,194, HW.Erg.,2.23

SisSura-, HW,194

SisSuriya-, HW,194, HW.Erg.,3.29

Suraura-, HW,199, HW.Erg.,3.30, EHS,122, Gorrze dans JOS,22
(1968), 21

tarpatarpa-, HW,216, HW.Erg.,1.21

tattalusk-, HW,219, EHS,122, TVR,120

tattarai-, HW,219, EHS,122, 572, TVR,120

tatimmi-, HW.Erg..3.33

teta(n?)-, HW,222, HW.Erg.,2.25, HW.Erg.,3.33

tiyantiyan-, EHS,573

titanu-, HW 225, EHS,120, 569, 572, TVR,121, Gorrze dans JCS,22
(1968), 21

tittessai-, HW.Erg.3.33

tittiya-, HW 225, HW.Erg.,3.33, EHS.120, 573, TVR,121, 142s., 145,
M7, 152

tittiya-, « siugen», HW.Erg.,3.33

titita-, HW,225, HW.Erg.,2.

tutametta-, HW,230

duddu 1, HW,230

duddu U1, HW,230

duddu TH, HW,230

duddu IV, HW,230, EHS,479, 570, TVR,121

duddumes-, HW.230

duddumi-, HW.230

duddunu-, HW,231, Gonrze dans JCS,22 (1968), 21

dudduspiyalla-, HW 231

duddupesSar, HW.Erg.,1.22

dudduwant-, HW,231

dudduwarant-, HW,231

dudduwarai-, HW,231, HW.Erg.,3.34, TVR,142

zizzahi-, HW,262, HW.Erg.,3.38

zizapuSi-, HW,262

[zizoubi- = zizzahi-]

 

On compte done sur un total de 93 formes  redoublement en nésite
seulement deux cas d’hésitation entre une graphie double et une

 

 ",0,eng,72.40426946604939,False,1648427713.3037481,1.75
62,"120 G, JUCQUOIS simple. Ce pourcentage extrémement bas nous pousse & considérer les graphies aberrantes de ces deux formes (quelle que soit d’ailleurs la forme correcte avec graphie simple ou double) comme étant dues au hasard ou, autrement dit, comme étant trés probablement des fautes de graphie. Par conséquent, il reste A considérer les autres formes comme significatives. I] faut toutefois ajouter que, la fréquence d’utili- sation de chacune de ces formes étant assez basse, la probabilité du raisonnement s’en trouve diminuée d’autant. Le tableau ci-dessous reprend les données de maniére numérique :       graphies graphies graphies simples et doubles i 3 is 0 k 9 6 1 P 6 9 0 s 13 8 a t 5 18 0 z 1 2 0 37 54 2 93 Etant donné qu’on peut s’attendre @ priori A ce que la fréquence des sourdes ou des longues soit sensiblement plus élevée que celle des sonores ou des braves, on considérera donc la différence de fréquence entre les graphies simples et les graphies doubles comme exprimant cette tendance générale mise en lumiére par Zrpr. L’examen des rares mots composés qu’a conservés ou créés le hittite nous améne & formuler des conclusions semblables, & savoir qu’a Vinitiale de mot les oppositions phonologiques mises en valeur par la régle de Sturtevant sont clairement maintenues, par exemple dans des formations telles que sallakartatar 28, 3.8. L’opposition zz/z en hittite On a démontré récemment *° que «le son qui est noté -zz-n’a pas valeur phonémique, et lopposition zz/z n’est pas 28 Sur les composés en hittite, ef. aussi H.A. Horrwer, Composite nouns, verbs and adjectives in Hittite, dans Orientalia, 36 (1966), 377-402. 219 N. Van Brook, Sur la nature de Vopposition 2z/z en hittite, dans BSL, 61.1(1966), 209-216.   ASPECTS DU CONSONANTISME HITTITE 121 fonctionnelle; zz ne peut se définir que comme un allophone de z, conditionné par un entourage vocalique particulier 22, Jusquwici il s’agit d’une simple constatation des faits & laquelle on ne peut que souscrire, Mais Van Brock poursuit : «il n’y a donc aucun lisme entre l’emploi des graphies simples et doubles pour z et pour les occlusives. Pour ces derniares, il s’agit de distinguer deux modes @articulation dans une opposition héritée. phonologiquement: perti- nente. Pour z, une variation graphique semblable a été utilis¢e pour distinguer secondairement un allophone qui apparait, notamment, dans un morphéme d’une grande fréquence » 222, Or, selon la «régle de Sturtevant», opposition phonologique que rend l’opposition graphique simple/double, consiste sur le plan phoné- tique en une opposition de sonores 4 sourdes ou de douces fortes 22°, D’autre part, z et 2z ne sont que des variantes combinatoires dont le choix est déterminé, on le sait depuis le travail de Van Brock, par la nature de la voyelle précédente. En effet, «il apparait clairement que les variations dans la graphie de la désinence sont fonction des variations de la voyelle prédésinentielle. En d’autres termes, ces faits semblent suggérer une différence articulatoire, dans le produit d’un ancien *-ti, selon la nature de la voyelle précédente » 224, De ces faits, Van Brock donne une explication peu convaincante sur le plan phonétique : « aprés voyelle palatale, [tsi] doit avoir subi, outre l’assimilation partielle, un certain degré de palatalisation, soit [tsi] ou plutét [t3i] et c’est cette articulation [t3], plus complexe que [ts], qui est notée par -zz- » 225, On voit mal comment on passe de la constatation des faits, heureuse- ment et fort clairement mis en mumidre par Van Brock, la conclu- sion rappelée ci-dessus. En d’autres mots, il n’existe aucun pour expliquer pourquoi le parallélisme entre systéme graphique et systéme phonétique serait rompu dans le cas de zz/z. 220 N. Van Brook, op. cit., 215. 221 Les italiques sont de nous, 222 N, Van Broox, Loc. cit. 228 Cf. par exemple H. Kronasser, EHS, 12 s., § 108. 224 N. Van Brock, Op. cit., 214. 228 N. Van Brook, Loc. cit.",0,eng,89.33148347004608,False,1648427718.2935302,2.0865384615384617
63,"122 G. JUCQUOIS On a en effet les correspondances suivantes : systéme 38. graphique systéme phonétique On s’attend des lors & voir la figure (1) complétée comme ci-dessous : systéme graphique systéme phonétique au lieu de quoi on nous propose : systéme graphique systéme phonétique fig. 3 priori, une explication qui s’intégrerait dans les couples d’opposi- tion serait préférable. La figure (2) a sans doute plus de chance de correspondre la réalité que la figure (3). Si notre hypothése est exacte, il faut alors justifier le choix de la 226 Ou respectivement bb, dd, gg (ou gq) et b, d, g (ou q). ASPECTS DU CONSONANTISME HITTITE 123 variante graphique longue (consonne sourde dans le systéme phoné- tique) aprés voyelle palatale et celui de variante graphique bréve (consonne sonore dans le systéme phonétique) aprés voyelle non-pala- tale. Autrement dit, y-a-t-il un lien quelconque en phonétique générale entre voyelle palatale et consonne sourde, d’une part, et entre non-palatale et consonne sourde, de l’autre La phonétique générale nous apprend que plus une voyelle est fermée, plus elle est bréve et inversement. Dans le cas qui nous occupe ici, on aura donc : a: voyelle longue e/i: voyelles braves. Dautre part, il existe un lien trés étroit entre la longueur d’une voyel- le et la sonorité de la consonne suivante. Ces faits ont été clairement mis en lumiére par M. Duranp *2? et & plusieurs reprises. Ainsi, « la consonne précédée d’une voyelle longue est moins forte que celle qui est précédée d’une bréve 228. De méme, « si les sonores aprés une longue sont bien pourvues des vibrations laryngiennes normales pour leur qualité de sonores, il n’en est pas de méme des mémes consonnes cées aprés des bréves : dans ce cas, elles ont tendance & perdre, par- tiellement ou totalement, leurs vibrations laryngiennes, c’est-d-dire & s’assourdir 22°, Autrement dit, «& une voyelle longue correspond une consonne suivante faible et & une bréve correspond une consonne suivante forte 20, On peut done admettre qu’il existe un lien entre la nature de la voyelle et le choix de la, graphie 2z ou z, représentant non pas respective- ment [#] et [¢*] mais hien [¢*] et [d2]. En résumé, en distinguant trois niveaux danalyse : graphique, phonétique et phonologique, la situation se présente de la maniére suivante : 27 M. Dunanp, Voyelles longues et voyelles bréves. Hssai sur la nature de la quantité vocalique, Paris, 1946. %5 M. Dunanp, Op. cit., 165. Et encore :« La méme consonne est plus longue lorsqu’elle suit une bréve que lorsqu’elle suit une longue ou une diphtonguo » (ib.). 229 M. Duranp, Op. cit., 167. 290 Td., 172,",0,eng,88.94630238636364,False,1648427721.817527,2.0865384615384617
64,"


124 G. JUCQUOIS
systéme

graphique

systéme
phonétique

systéme
phonologique

 

Enfin, 'explication proposée par Van Brocx suppose, pour le hittite,
deux étapes ou deux palatalisations successives comme ce fut le cas
pour le slave et aussi pour le frangais. Or, jusqu’A présent on n’en a
pas trouvé d’autres traces. D’autre part, tous les exemples clairs mon-
trent qu’en hittite la palatalisation est bien plutét régressive que pro-
gressive.

Sur le plan de la grammaire historique du hittite le probléme se
pose de la maniére suivante : on ne peut avoir, dans des formes héritées
de Vindo-européen, le groupe graphique -tti-. En effet, si Yon avait
ie, *-i-, on aurait en hitt. -2i-; par conséquent, opposition phonologi-
que ie. *-ti-/-d(h)i- devrait aboutir & nés. -2i-/-ti- (ou peut-étre -2i-/-si-
dans certains cas).

D'un autre e6té, on peut partir d’une application de la régle de Stur-
tevant dans le cadre de l’évolution particulitre aboutissant & remplacer
les anciennes oppositions indo-européennes par hitt. -2i-/-ti-, des oppo-
sitions consonantiques jouant dans d’autres positions. En effet, on
avait, par exemple, une opposition za/zza aussi bien qu'une opposition
ta/ta. Dans cette hypothése, opposition zi/ti aurait pu se développer
respectivement en zi/z2i et en ti/tti comme sur le schéma ci-dessous :

 

+t

   

ASPECTS DU CONSON

 

NTISME HITTITE 125

Au contraire, dans 'hypothése du maintien pur et simple de 'opposi-
tion binaire 2i/ti, l opposition graphique ti<->ti et 2i<—>zei n’ayant
pas de sens, pouvait étre tolérée puisqu’elle ne perturbait pas la com-
préhension.

La régularité graphique mise en évidence par VAN BROCK pousse
a admettre la premitre de ces deux explications.

3.9. Conclusions

A la fin de ce chapitre, il nous reste & regrouper les conclusions par-
tielles auxquelles on avait abouti en utilisant les différentes méthodes
possibles pour examiner les applications éventuelles de la régle de
Sturtevant en toutes positions.

Une premitre remarque qui s'impose est que les oppositions entre
graphies longues et graphies courtes dépassent largement le cadre
des occlusives. A plusieurs reprises, en effet, différents auteurs ont
fait remarquer, ainsi qu'on l’a rappelé plus haut, que des régularités
graphiques pouvaient étre observées en dehors des occlusives, Bien
qu’on ait insisté particulitrement sur les graphies en opposition
2/ea et 8/38, Yexamen du lexique ou des listes de NP montre que de
semblables régularités étaient observables dans toutes les catégories
de phon’mes consonantiques.

Linterprétation de ce phénoméne, n’est d’ailleurs pas aisée. En
effet, si dans le cas des occlusives, les oppositions entre consonnes
Gerites longues et consonnes écrites bréves renvoient ou peuvent
renvoyer la structure phonologique de l'indo-européen dont la
corrélation de sonorité se serait maintenue ou modifiée selon les inter-
prétations, on ne trouve rien de pareil pour soustendre une explication
des oppositions graphiques entre nasales Jongues et nasales braves
ou entre liquides longues et liquides bréves.

Bien entendu, puisque Vindo-européen ne permet pas d’interpréter
ces oppositions, certains en conclueront qu’elles ne sont pas
pertinentes en hittite. Cette appréciation équivaut & considérer les
régularités observées pour cette catégorie de graphémes comme étant
dues au hasard. Or, comme elles apparaissent dans l’ensemble aussi
fréquemment pour les occlusives que pour les autres catégories de
Phonémes, cette attitude doit amener ses adeptes a rejeter la régle de
Sturtevant quelle que soit la catégorie de phondmes envisagée. Cette

 

 

 ",0,eng,86.99641108768657,False,1648427723.721361,1.75
65,"


126 @. JUCQUOIS

dernidre position étant peu réaliste, puisque les régularités s’observent
en grand nombre, force nous est d'intégrer, bon gré mal gré, toutes
les eatégories de phonemes consonantiques dans une tentative d’expli-
cation des phondmes envisagés par la régle de Sturtevant.

Diautre part, méme au sein des ocelusives, le traitement n’apparait
pas comme identique d’une catégorie de phonémes a autre, Ainsi,
on a remarqué, & propos des variantes des NP, qu'il y avait dix fois
plus d’hésitations dans les graphies au sujet des dentales qu’en ce
qui concerne les occlusives bilabiales. Comme il semble qu’il n’y ait
aucune raison d’admettre un plus grand pourcentage d’erreurs gra-
phiques ou de variantes, dans le cas des occlusives dentales que
dans celui des bilabiales, il faut nécessairement reporter l’explication
de cet écart soit sur le hasard et considérer l’écart comme non signi-
ficatif, soit sur le systéme phonologique du hittite & cette époque.

Une autre fagon d’envisager Ja question, consiste & partir du fait
que les phénoménes peuvent étre classés en trois catégories. En effet,
en éliminant les formes n’apparaissant qu’une fois, et desquelles on
ne peut, par conséquent, rien tirer pour l’établissement d'une théorie,
Tensemble des formes peut étre réparti entre Ja classe des lex8mes
ou des morphémes toujours écrits avec la consonne double celle des
éléments toujours notés avec la consonne simple et celle enfin des
éléments linguistiques transcrits avec consonne simple ou consonne
double. Ainsi, le suffixe adjectival -zzi- serait dans la premiére catégorie
de méme que le verbe aésiya-, tandis que le suffixe -ra- ou Padjectif
aSiwant- serait dans la seconde.

Dans la troisitme catégorie, les formes se distribuent du point de
vue des graphies simples ou doubles suivant la courbe de Gauss.
Le graphique ci-dessous illustre cette distribution.

nombre de cas

autant de graphies
simples que de graphies
doubles

  

plus de graphies simples
que de doubles

plus de graphies
doubles que simples

ASPECTS DU CONSONANTISME HITTITE 127

Ainsi, & titre d’exemples, sur un tel tableau, les suffixes -hha-,
San, -talli-, -a8i-, -tt- se situeraient a droite, -ri-, -ti-, -atar, & gauche,
tandis que le suffixe -(k)ki- se trouverait approximativement sur la
médiane.

La difficulté théorique ne provenant évidemment pas des formes
4 graphie unique, il faut concentrer notre attention sur les formes &
graphies hésitantes, On remarquera, en outre, que dans cette dernigre
catégorie, faute d’avoir des textes hittites répartis sur une longue
période, il apparait comme trés difficile de distinguer des fautes
graphiques éventuelles des premidres manifestations de tendances
phonologiques nouvelles que des textes plus récents auraient pu mettre
en lumiére.

Dés lors, il semble raisonnable d’admettre comme régle générale
que plus une forme se rapprochera de 'axe des «x» plus il y a des
chances qu’elle soit une erreur. Bien entendu, la probabilité que ce
raisonnement soit valable dépend du nombre total des cas pour chaque
forme envisagée. Plus ce nombre est élevé, plus le résultat sera rigou-
reux et inversement. Reste alors la difficulté principale, comment
interpréter les formes présentes dans les textes hittites aussi fréquem-
ment avec une graphie simple qu’avec une graphie double? A priori,
on pourrait aussi bien considérer les graphies simples par rapport
aux graphies doubles comme aberrantes que l’inverse. On pourrait
rechercher une aide du e6té de Yétymologie, mais on a vu qu'une éty-
mologie justifiant a posteriori une théorie n’avait pas plus de valeur
probante qu’une étymologie établie a priori pour infirmer une théorie,
On connait par ailleurs les faibles résultats auxquels a conduit la
méthode étymologique en matiére de déchiffrement des langues et on
a tout lieu de croire qu’elle ne serait guére plus efficiente dans cette
question.

Une autre possibilité pour sortir de impasse, consisterait utiliser
les tables de fréquence de phonémes établies par Zipr pour un certain
nombre de langues. En effet, comme on sait approximativement les
Pourcentages relatifs de chacun des phonémes étudiés ici, il suffirait
de comparer les résultats obtenus pour le hittite & ces moyennes
et ensuite d’ajouter, pour chaque catégorie de phonémes, les formes
équivoques soit au nombre des graphies simples, soit au total des
graphies doubles de maniére 4 obtenir du hittite une image la plus
conforme possible au modéle théorique.

Toutefois, les résultats de Zirr n’ayant été obtenus qu’a partir

 

 ",0,eng,88.96190833238231,False,1648427726.177985,1.75
66,"


128 G. JUCQUOIS

de faibles échantillons, il serait trés hasardeux de les considérer comme \
des modéles universels.

Il subsiste encore une explication tirée des principes de P’écriture
cunéiforme. L’enchainement des signes a pu aboutir dans un certain | TABLE DES MATIERES
nombre de cas, & des redoublements graphiques injustifiés du point
de vue phonologique. Cette explication se heurte toutefois & des diffi-

cultés d’ordre probabiliste, car elle assimille toutes les graphies hési- Guy Jucquois, Préface. 2. ly
tantes & des graphies simples avec redoublement sporadique dit & cette
particularité de Penchainement des signes. Piet Corwm et René Lesrun, La tablette KBo XVI 98 (=
Enfin, pour terminer, il faut envisager Phypothése que la graphie Wifey
hésitante représente une certaine réalité phonologique et déduire de |
son existence la déphonologisation du moins partielle, de Popposition { Piet Cornu et René Lesrun, La restauration de Nérik (KUB
dont rend compte la régle de Sturtevant. XXI8,9eb11=Cat.75). 2 OB
(4 suivre) Jan Werrensera, Einige Bemerkungen iiber die Ableitungen und
die Flexion hethitischer -u-Stimme . . . . . . . 81

Guy Jucquors, Le syst8me consonantique du hittite. . . . 59

 

 

 ",0,eng,81.46605497883598,False,1648427727.099864,1.75
