,identifier,word
0,0.0.0,46
1,0.0.1,Pascal
2,0.0.2,Attinger
3,0.0.3,A
4,0.0.4,propos
5,0.0.5,de
6,0.0.6,AK
7,0.0.7,«faire»1
8,0.0.8,(I)
9,0.0.9,par
10,0.0.10,Pascal
11,0.0.11,Attinger
12,0.0.12,–
13,0.0.13,Berne
14,0.0.14,Ces
15,0.0.15,pages
16,0.0.16,sont
17,0.0.17,consacrées
18,0.0.18,à
19,0.0.19,une
20,0.0.20,étude
21,0.0.21,de
22,0.0.22,ak
23,0.0.23,«faire».
24,0.0.24,Après
25,0.0.25,une
26,0.0.26,discussion
27,0.0.27,du
28,0.0.28,para-
29,0.0.29,digme
30,0.0.30,(2)
31,0.0.31,et
32,0.0.32,des
33,0.0.33,graphies
34,0.0.34,(non-)standard
35,0.0.35,et
36,0.0.36,gloses
37,0.0.37,de
38,0.0.38,lecture
39,0.0.39,de
40,0.0.40,ak
41,0.0.41,"(3),"
42,0.0.42,le
43,0.0.43,lecteur
44,0.0.44,trouvera
45,0.0.45,quelques
46,0.0.46,ajouts
47,0.0.47,et
48,0.0.48,corrections
49,0.0.49,au
50,0.0.50,PSD
51,0.0.51,A/III
52,0.0.52,"70–76,"
53,0.0.53,ak
54,0.0.54,1–7
55,0.0.55,(4)
56,0.0.56,et
57,0.0.57,une
58,0.0.58,liste
59,0.0.59,des
60,0.0.60,«compo-
61,0.0.61,sés»
62,0.0.62,de
63,0.0.63,ak
64,0.0.64,et
65,0.0.65,des
66,0.0.66,expressions
67,0.0.67,idiomatiques
68,0.0.68,formées
69,0.0.69,avec
70,0.0.70,ak
71,0.0.71,(5).
72,0.0.72,Des
73,0.0.73,remarques
74,0.0.74,de
75,0.0.75,détail
76,0.0.76,touchant
77,0.0.77,les
78,0.0.78,autres
79,0.0.79,lexèmes
80,0.0.80,inclus
81,0.0.81,dans
82,0.0.82,le
83,0.0.83,PSD
84,0.0.84,A/III
85,0.0.85,(pp.
86,0.0.86,1–69
87,0.0.87,et
88,0.0.88,131–217)
89,0.0.89,closent
90,0.0.90,l’ar-
91,0.0.91,ticle
92,0.0.92,(6).
93,0.0.93,1.
94,0.0.94,Introduction
95,0.0.95,Il
96,0.0.96,est
97,0.0.97,bien
98,0.0.98,connu
99,0.0.99,qu’à
100,0.0.100,côté
101,0.0.101,de
102,0.0.102,du11-g/e/di-d
103,0.0.103,"«dire»,"
104,0.0.104,ak
105,0.0.105,«faire»
106,0.0.106,est
107,0.0.107,le
108,0.0.108,verbe
109,0.0.109,le
110,0.0.110,plus
111,0.0.111,productif
112,0.0.112,de
113,0.0.113,la
114,0.0.114,langue
115,0.0.115,"sumérienne,"
116,0.0.116,et
117,0.0.117,il
118,0.0.118,n’est
119,0.0.119,en
120,0.0.120,consé-
121,0.0.121,quence
122,0.0.122,pas
123,0.0.123,étonnant
124,0.0.124,qu’un
125,0.0.125,quart
126,0.0.126,du
127,0.0.127,PSD
128,0.0.128,A/III
129,0.0.129,(1998)
130,0.0.130,lui
131,0.0.131,soit
132,0.0.132,consacré
133,0.0.133,(pp.
134,0.0.134,70–131).
135,0.0.135,Il
136,0.0.136,va
137,0.0.137,sans
138,0.0.138,dire
139,0.0.139,que
140,0.0.140,ces
141,0.0.141,pages
142,0.0.142,rendront
143,0.0.143,d’inestimables
144,0.0.144,servi-
145,0.0.145,ces
146,0.0.146,tant
147,0.0.147,pour
148,0.0.148,le
149,0.0.149,travail
150,0.0.150,quotidien
151,0.0.151,que
152,0.0.152,comme
153,0.0.153,base
154,0.0.154,d’une
155,0.0.155,recherche
156,0.0.156,sys-
157,0.0.157,tématique
158,0.0.158,sur
159,0.0.159,"ak,"
160,0.0.160,elles
161,0.0.161,sont
162,0.0.162,toutefois
163,0.0.163,entachées
164,0.0.164,de
165,0.0.165,deux
166,0.0.166,défauts
167,0.0.167,qui
168,0.0.168,en
169,0.0.169,rendent
170,0.0.170,l’utilisation
171,0.0.171,malaisée:
172,0.0.172,–
173,0.0.173,La
174,0.0.174,liste
175,0.0.175,des
176,0.0.176,«idiomatic
177,0.0.177,phrases»
178,0.0.178,(pp.
179,0.0.179,76–109
180,0.0.180,s.v.
181,0.0.181,ak
182,0.0.182,8)
183,0.0.183,est
184,0.0.184,très
185,0.0.185,"incomplète,"
186,0.0.186,et
187,0.0.187,ceci
188,0.0.188,pour
189,0.0.189,une
190,0.0.190,double
191,0.0.191,raison:
192,0.0.192,D’une
193,0.0.193,"part,"
194,0.0.194,quelque
195,0.0.195,80
196,0.0.196,ex-
197,0.0.197,1
198,0.0.198,«Review
199,0.0.199,article»
200,0.0.200,de
201,0.0.201,The
202,0.0.202,Sumerian
203,0.0.203,Dictionary
204,0.0.204,of
205,0.0.205,the
206,0.0.206,University
207,0.0.207,of
208,0.0.208,Pennsylvania
209,0.0.209,Museum.
210,0.0.210,Vol.
211,0.0.211,1:
212,0.0.212,A
213,0.0.213,Part
214,0.0.214,III.
215,0.0.215,Ed.
216,0.0.216,by
217,0.0.217,Åke
218,0.0.218,W.
219,0.0.219,Sjöberg
220,0.0.220,with
221,0.0.221,the
222,0.0.222,collaboration
223,0.0.223,of
224,0.0.224,Hermann
225,0.0.225,"Behrens,"
226,0.0.226,Antoine
227,0.0.227,"Cavigneaux,"
228,0.0.228,Barry
229,0.0.229,L.
230,0.0.230,"Eichler,"
231,0.0.231,Margaret
232,0.0.232,W.
233,0.0.233,"Green,"
234,0.0.234,Philip
235,0.0.235,"Jones,"
236,0.0.236,Erle
237,0.0.237,"Leichty,"
238,0.0.238,Darlene
239,0.0.239,"Loding,"
240,0.0.240,Steve
241,0.0.241,"Tinney,"
242,0.0.242,Niek
243,0.0.243,"Veldhuis,"
244,0.0.244,Wu
245,0.0.245,Yuhong.
246,0.0.246,Philadelphia:
247,0.0.247,Ba-
248,0.0.248,bylonian
249,0.0.249,Section
250,0.0.250,of
251,0.0.251,the
252,0.0.252,University
253,0.0.253,"Museum,"
254,0.0.254,1998.
255,0.0.255,ISBN:
256,0.0.256,0-924171-58-8.
257,0.0.257,xlv
258,0.0.258,+
259,0.0.259,217.
260,0.0.260,Je
261,0.0.261,me
262,0.0.262,dois
263,0.0.263,de
264,0.0.264,remercier
265,0.0.265,en
266,0.0.266,premier
267,0.0.267,lieu
268,0.0.268,W.
269,0.0.269,"Sallaberger,"
270,0.0.270,qui
271,0.0.271,a
272,0.0.272,lu
273,0.0.273,une
274,0.0.274,version
275,0.0.275,antérieure
276,0.0.276,de
277,0.0.277,cet
278,0.0.278,article
279,0.0.279,et
280,0.0.280,dont
281,0.0.281,les
282,0.0.282,avis
283,0.0.283,autorisés
284,0.0.284,m’ont
285,0.0.285,été
286,0.0.286,un
287,0.0.287,inestimable
288,0.0.288,appui
289,0.0.289,lors
290,0.0.290,de
291,0.0.291,la
292,0.0.292,rédac-
293,0.0.293,tion
294,0.0.294,souvent
295,0.0.295,douloureuse
296,0.0.296,de
297,0.0.297,cet
298,0.0.298,article.
299,0.0.299,J’ai
300,0.0.300,eu
301,0.0.301,accès
302,0.0.302,aux
303,0.0.303,textes
304,0.0.304,sur
305,0.0.305,disquettes
306,0.0.306,de
307,0.0.307,B.
308,0.0.308,Ja-
309,0.0.309,gersma
310,0.0.310,(époque
311,0.0.311,présargonique)
312,0.0.312,et
313,0.0.313,de
314,0.0.314,R.
315,0.0.315,de
316,0.0.316,Maaijer
317,0.0.317,(époques
318,0.0.318,d’Ur
319,0.0.319,III
320,0.0.320,et
321,0.0.321,d’Isin).
322,0.0.322,Que
323,0.0.323,leurs
324,0.0.324,auteurs
325,0.0.325,trouvent
326,0.0.326,ici
327,0.0.327,l’expression
328,0.0.328,de
329,0.0.329,ma
330,0.0.330,reconnaissance.
331,0.0.331,Ma
332,0.0.332,gratitude
333,0.0.333,va
334,0.0.334,égale-
335,0.0.335,ment
336,0.0.336,à
337,0.0.337,ceux
338,0.0.338,qui
339,0.0.339,mirent
340,0.0.340,à
341,0.0.341,ma
342,0.0.342,disposition
343,0.0.343,une
344,0.0.344,copie
345,0.0.345,de
346,0.0.346,leur
347,0.0.347,partition
348,0.0.348,d’une
349,0.0.349,ou
350,0.0.350,de
351,0.0.351,plu-
352,0.0.352,sieurs
353,0.0.353,compositions
354,0.0.354,littéraires
355,0.0.355,pB:
356,0.0.356,B.
357,0.0.357,Alster
358,0.0.358,(Instr.
359,0.0.359,"Sˇur.),"
360,0.0.360,M.
361,0.0.361,Civil
362,0.0.362,"(U-ezinan),"
363,0.0.363,P.
364,0.0.364,Del-
365,0.0.365,nero
366,0.0.366,"(EJN,"
367,0.0.367,Kisˇ
368,0.0.368,Hy.
369,0.0.369,et
370,0.0.370,SˇA)
371,0.0.371,et
372,0.0.372,C.
373,0.0.373,Wilcke
374,0.0.374,(Lugalb.
375,0.0.375,I
376,0.0.376,et
377,0.0.377,II).
378,0.0.378,Noter
379,0.0.379,a
380,0.0.380,ja
381,0.0.381,x
382,0.0.382,=
383,0.0.383,"a,"
384,0.0.384,asarx
385,0.0.385,=
386,0.0.386,LAK
387,0.0.387,"212/tu.gab.lisˇ,"
388,0.0.388,b
389,0.0.389,iri
390,0.0.390,x
391,0.0.391,=
392,0.0.392,"bir,"
393,0.0.393,d
394,0.0.394,il
395,0.0.395,x
396,0.0.396,=
397,0.0.397,"dul3,"
398,0.0.398,d
399,0.0.399,il
400,0.0.400,y
401,0.0.401,=
402,0.0.402,"sag,"
403,0.0.403,d
404,0.0.404,u
405,0.0.405,b
406,0.0.406,s
407,0.0.407,i
408,0.0.408,g
409,0.0.409,x
410,0.0.410,=
411,0.0.411,"il2,"
412,0.0.412,egˆ
413,0.0.413,arx
414,0.0.414,=
415,0.0.415,"sig4,"
416,0.0.416,g
417,0.0.417,eg
418,0.0.418,x
419,0.0.419,=
420,0.0.420,"gig,"
421,0.0.421,gˆ
422,0.0.422,esˇgem
423,0.0.423,x
424,0.0.424,=
425,0.0.425,"agrig,"
426,0.0.426,gˆ
427,0.0.427,esˇnimbarx
428,0.0.428,=
429,0.0.429,gˆ
430,0.0.430,isˇi
431,0.0.431,m
432,0.0.432,m
433,0.0.433,a
434,0.0.434,"r,"
435,0.0.435,gˆ
436,0.0.436,esˇn
437,0.0.437,u
438,0.0.438,x
439,0.0.439,=
440,0.0.440,"na2,"
441,0.0.441,gˆ
442,0.0.442,ezzal
443,0.0.443,x
444,0.0.444,=
445,0.0.445,gˆ
446,0.0.446,izzal
447,0.0.447,","
448,0.0.448,äab2
449,0.0.449,=
450,0.0.450,"gigir,"
451,0.0.451,izim
452,0.0.452,x
453,0.0.453,=
454,0.0.454,"ezen,"
455,0.0.455,kisˇebx
456,0.0.456,=
457,0.0.457,k
458,0.0.458,isˇib
459,0.0.459,","
460,0.0.460,kugˆ
461,0.0.461,x
462,0.0.462,=
463,0.0.463,"kun,"
464,0.0.464,mussa
465,0.0.465,x
466,0.0.466,=
467,0.0.467,"munus.usˇ,"
468,0.0.468,n
469,0.0.469,igˆ
470,0.0.470,daba
471,0.0.471,x
472,0.0.472,=
473,0.0.473,"pad.dinanna,"
474,0.0.474,nugˆ
475,0.0.475,x
476,0.0.476,=
477,0.0.477,nun
478,0.0.478,et
479,0.0.479,u
480,0.0.480,ga
481,0.0.481,x
482,0.0.482,=
483,0.0.483,naga.
484,0.0.484,Zeitschr.
485,0.0.485,f.
486,0.0.486,Assyriologie
487,0.0.487,Bd.
488,0.0.488,"95,"
489,0.0.489,S.
490,0.0.490,46–64
491,0.0.491,©
492,0.0.492,Walter
493,0.0.493,de
494,0.0.494,Gruyter
495,0.0.495,2005
496,0.0.496,ISSN
497,0.0.497,0084-5299
498,0.1.0,A
499,0.1.1,propos
500,0.1.2,de
501,0.1.3,ak
502,0.1.4,«faire»
503,0.1.5,(I)
504,0.1.6,47
505,0.1.7,pressions
506,0.1.8,ont
507,0.1.9,été
508,0.1.10,omises;
509,0.1.11,il
510,0.1.12,s’agit
511,0.1.13,le
512,0.1.14,plus
513,0.1.15,souvent
514,0.1.16,d’hapax
515,0.1.17,d’interprétation
516,0.1.18,"difficile,"
517,0.1.19,mais
518,0.1.20,pas
519,0.1.21,toujours
520,0.1.22,(manquent
521,0.1.23,par
522,0.1.24,ex.
523,0.1.25,(gˆesˇ)al
524,0.1.26,ak
525,0.1.27,en
526,0.1.28,"contexte2,"
527,0.1.29,(gˆ
528,0.1.30,e
529,0.1.31,sˇ)gul
530,0.1.32,"ak,"
531,0.1.33,äab2
532,0.1.34,"ak,"
533,0.1.35,äab2/äa
534,0.1.36,bx-sˇe
535,0.1.37,3
536,0.1.38,"ak,"
537,0.1.39,i
538,0.1.40,3(-gˆ
539,0.1.41,esˇ/nun/sˇaä
540,0.1.42,a/udu
541,0.1.43,","
542,0.1.44,etc.)
543,0.1.45,"ak,"
544,0.1.46,ki
545,0.1.47,ND
546,0.1.48,"ak,"
547,0.1.49,sa(-)ra
548,0.1.50,"ak,"
549,0.1.51,si-im-da
550,0.1.52,"ak,"
551,0.1.53,sˇu
552,0.1.54,"ak,"
553,0.1.55,sˇu-bala
554,0.1.56,"ak,"
555,0.1.57,sˇu-gibil/gibil
556,0.1.58,4ak
557,0.1.59,et
558,0.1.60,tu
559,0.1.61,9-saga11
560,0.1.62,ak;
561,0.1.63,pour
562,0.1.64,tous
563,0.1.65,ces
564,0.1.66,"termes,"
565,0.1.67,v.
566,0.1.68,infra
567,0.1.69,s.v.).
568,0.1.70,D’autre
569,0.1.71,"part,"
570,0.1.72,les
571,0.1.73,expressions
572,0.1.74,attestées
573,0.1.75,seulement
574,0.1.76,dans
575,0.1.77,les
576,0.1.78,textes
577,0.1.79,lexicaux
578,0.1.80,ne
579,0.1.81,sont
580,0.1.82,qu’exceptionnellement
581,0.1.83,enregistrées
582,0.1.84,dans
583,0.1.85,la
584,0.1.86,liste
585,0.1.87,princi-
586,0.1.88,pale
587,0.1.89,(type
588,0.1.90,«8.205
589,0.1.91,ti-ti
590,0.1.92,–
591,0.1.93,ak:
592,0.1.94,see
593,0.1.95,Lexical
594,0.1.96,207.»
595,0.1.97,[p.
596,0.1.98,"106]),"
597,0.1.99,et
598,0.1.100,par
599,0.1.101,là-même
600,0.1.102,pratiquement
601,0.1.103,introuvables
602,0.1.104,sans
603,0.1.105,recherche
604,0.1.106,ardue
605,0.1.107,(
606,0.1.108,j’en
607,0.1.109,ai
608,0.1.110,dénombré
609,0.1.111,envi-
610,0.1.112,ron
611,0.1.113,160).
612,0.1.114,En
613,0.1.115,"bref,"
614,0.1.116,240
615,0.1.117,(80
616,0.1.118,+
617,0.1.119,160)3
618,0.1.120,entrées
619,0.1.121,font
620,0.1.122,"défaut,"
621,0.1.123,un
622,0.1.124,nombre
623,0.1.125,plus
624,0.1.126,élevé
625,0.1.127,que
626,0.1.128,les
627,0.1.129,231
628,0.1.130,citées.
629,0.1.131,–
630,0.1.132,Les
631,0.1.133,traductions
632,0.1.134,(et
633,0.1.135,parfois
634,0.1.136,même
635,0.1.137,les
636,0.1.138,translitérations)
637,0.1.139,ne
638,0.1.140,sont
639,0.1.141,pas
640,0.1.142,rarement
641,0.1.143,inexactes;
642,0.1.144,pour
643,0.1.145,ne
644,0.1.146,mentionner
645,0.1.147,qu’un
646,0.1.148,cas
647,0.1.149,(il
648,0.1.150,est
649,0.1.151,vrai
650,0.1.152,"extrême),"
651,0.1.153,le
652,0.1.154,très
653,0.1.155,fréquent
654,0.1.156,a-sˇa
655,0.1.157,3-ge
656,0.1.158,kigˆ
657,0.1.159,2
658,0.1.160,ak
659,0.1.161,«travailler
660,0.1.162,un
661,0.1.163,champ»
662,0.1.164,est
663,0.1.165,enregistré
664,0.1.166,à
665,0.1.167,la
666,0.1.168,p.
667,0.1.169,91
668,0.1.170,s.v.
669,0.1.171,«8.123.4
670,0.1.172,in
671,0.1.173,agricultural
672,0.1.174,context:
673,0.1.175,a
674,0.1.176,-sˇa
675,0.1.177,3
676,0.1.178,gi
677,0.1.179,kin
678,0.1.180,"ak»,"
679,0.1.181,sans
680,0.1.182,traduction
681,0.1.183,(et
682,0.1.184,pour
683,0.1.185,"cause!),"
684,0.1.186,et
685,0.1.187,en
686,0.1.188,ne
687,0.1.189,renvoyant
688,0.1.190,qu’à
689,0.1.191,six
690,0.1.192,textes.
691,0.1.193,Dans
692,0.1.194,les
693,0.1.195,pages
694,0.1.196,qui
695,0.1.197,"suivent,"
696,0.1.198,le
697,0.1.199,lecteur
698,0.1.200,trouvera
699,0.1.201,une
700,0.1.202,discussion
701,0.1.203,du
702,0.1.204,pa-
703,0.1.205,radigme
704,0.1.206,de
705,0.1.207,ak
706,0.1.208,"(2),"
707,0.1.209,une
708,0.1.210,liste
709,0.1.211,des
710,0.1.212,graphies
711,0.1.213,(non-)standard
712,0.1.214,et
713,0.1.215,des
714,0.1.216,gloses
715,0.1.217,de
716,0.1.218,lecture
717,0.1.219,de
718,0.1.220,ak
719,0.1.221,"(3),"
720,0.1.222,quelques
721,0.1.223,ajouts
722,0.1.224,à
723,0.1.225,a
724,0.1.226,k
725,0.1.227,1–7
726,0.1.228,(A/III
727,0.1.229,pp.
728,0.1.230,70–76)
729,0.1.231,"(4),"
730,0.1.232,une
731,0.1.233,liste
732,0.1.234,des
733,0.1.235,«composés»
734,0.1.236,de
735,0.1.237,ak
736,0.1.238,et
737,0.1.239,des
738,0.1.240,expressions
739,0.1.241,idiomatiques
740,0.1.242,formées
741,0.1.243,avec
742,0.1.244,ak
743,0.1.245,"(5),"
744,0.1.246,enfin
745,0.1.247,des
746,0.1.248,remarques
747,0.1.249,de
748,0.1.250,détail
749,0.1.251,concernant
750,0.1.252,le
751,0.1.253,reste
752,0.1.254,du
753,0.1.255,volume
754,0.1.256,(6).
755,0.1.257,2.
756,0.1.258,Le
757,0.1.259,paradigme
758,0.1.260,de
759,0.1.261,AK
760,0.1.262,2.1
761,0.1.263,Bibliographie:
762,0.1.264,W.
763,0.1.265,W.
764,0.1.266,"Hallo,"
765,0.1.267,JANES
766,0.1.268,5
767,0.1.269,(1973)
768,0.1.270,168
769,0.1.271,avec
770,0.1.272,litt.
771,0.1.273,ant.;
772,0.1.274,A.
773,0.1.275,"Cavigneaux,"
774,0.1.276,Zeichenlisten
775,0.1.277,(1976)
776,0.1.278,45–47;
777,0.1.279,D.
778,0.1.280,O.
779,0.1.281,"Edzard,"
780,0.1.282,ZA
781,0.1.283,66
782,0.1.284,(1976)
783,0.1.285,55
784,0.1.286,sq.;
785,0.1.287,M.
786,0.1.288,"Yoshikawa,"
787,0.1.289,JCS
788,0.1.290,29
789,0.1.291,(1977)
790,0.1.292,87
791,0.1.293,sq.;
792,0.1.294,M.
793,0.1.295,A.
794,0.1.296,"Powell,"
795,0.1.297,Mél.
796,0.1.298,Diakonoff
797,0.1.299,(1982)
798,0.1.300,314–319;
799,0.1.301,"Cavigneaux,"
800,0.1.302,ASJ
801,0.1.303,9
802,0.1.304,(1987)
803,0.1.305,49–51;
804,0.1.306,Cavigneaux/F.
805,0.1.307,N.
806,0.1.308,H.
807,0.1.309,"al-Rawi,"
808,0.1.310,ZA
809,0.1.311,83
810,0.1.312,(1993)
811,0.1.313,190;
812,0.1.314,"Cavigneaux/al-Rawi,"
813,0.1.315,ZA
814,0.1.316,85
815,0.1.317,(1995)
816,0.1.318,32
817,0.1.319,sq.;
818,0.1.320,J.
819,0.1.321,"Krecher,"
820,0.1.322,AOAT
821,0.1.323,240
822,0.1.324,(1995)
823,0.1.325,162;
824,0.1.326,"Cavigneaux,"
825,0.1.327,NABU
826,0.1.328,1998/75;
827,0.1.329,M.
828,0.1.330,Schret-
829,0.1.331,"ter,"
830,0.1.332,BiOr.
831,0.1.333,58
832,0.1.334,(2001)
833,0.1.335,154.
834,0.1.336,2.2
835,0.1.337,Il
836,0.1.338,est
837,0.1.339,bien
838,0.1.340,connu
839,0.1.341,qu’à
840,0.1.342,part
841,0.1.343,ak
842,0.1.344,"«faire»,"
843,0.1.345,seuls
844,0.1.346,deux
845,0.1.347,lexèmes
846,0.1.348,ont
847,0.1.349,(partiellement)
848,0.1.350,une
849,0.1.351,finale
850,0.1.352,en
851,0.1.353,-/k/:
852,0.1.354,lu
853,0.1.355,5-k/g
854,0.1.356,«vivre
855,0.1.357,"dans,"
856,0.1.358,se
857,0.1.359,trouver»
858,0.1.360,(ani-
859,0.1.361,"mal,"
860,0.1.362,base
861,0.1.363,sg.)
862,0.1.364,et
863,0.1.365,ka-k/g
864,0.1.366,«bouche»
865,0.1.367,(pour
866,0.1.368,le
867,0.1.369,possible
868,0.1.370,kisˇek
869,0.1.371,2
870,0.1.372,dans
871,0.1.373,AWL
872,0.1.374,118
873,0.1.375,iii
874,0.1.376,"4,"
875,0.1.377,v.
876,0.1.378,infra
877,0.1.379,6
878,0.1.380,ad
879,0.1.381,ad2
880,0.1.382,A).
881,0.1.383,Rappelons
882,0.1.384,brièvement
883,0.1.385,les
884,0.1.386,faits.
885,0.1.387,2
886,0.1.388,Discuté
887,0.1.389,il
888,0.1.390,est
889,0.1.391,vrai
890,0.1.392,aux
891,0.1.393,pp.
892,0.1.394,139
893,0.1.395,sq.
894,0.1.396,s.v.
895,0.1.397,al
896,0.1.398,A
897,0.1.399,"13,"
898,0.1.400,mais
899,0.1.401,il
900,0.1.402,n’y
901,0.1.403,a
902,0.1.404,pas
903,0.1.405,de
904,0.1.406,renvoi
905,0.1.407,à
906,0.1.408,la
907,0.1.409,p.
908,0.1.410,77
909,0.1.411,en-
910,0.1.412,tre
911,0.1.413,addir–ak
912,0.1.414,et
913,0.1.415,a
914,0.1.416,n
915,0.1.417,d
916,0.1.418,ul
917,0.1.419,3–ak.
918,0.1.420,3
919,0.1.421,Non
920,0.1.422,comptées
921,0.1.423,sont
922,0.1.424,les
923,0.1.425,expressions
924,0.1.426,en
925,0.1.427,n
926,0.1.428,a
927,0.1.429,m
928,0.1.430,/
929,0.1.431,n
930,0.1.432,a
931,0.1.433,m
932,0.1.434,2-…
933,0.1.435,+
934,0.1.436,ak
935,0.1.437,(a
936,0.1.438,k
937,0.1.439,"9,"
938,0.1.440,pp.
939,0.1.441,109–115)
940,0.1.442,et
941,0.1.443,les
942,0.1.444,"cas,"
943,0.1.445,assez
944,0.1.446,"rares,"
945,0.1.447,de
946,0.1.448,N
947,0.1.449,ak
948,0.1.450,«traiter
949,0.1.451,N»
950,0.1.452,(comp.
951,0.1.453,a
952,0.1.454,k
953,0.1.455,6)
954,0.1.456,qui
955,0.1.457,ont
956,0.1.458,été
957,0.1.459,intégrés
958,0.1.460,dans
959,0.1.461,la
960,0.1.462,liste
961,0.1.463,des
962,0.1.464,«composés»
963,0.1.465,de
964,0.1.466,ak
965,0.1.467,et
966,0.1.468,des
967,0.1.469,expressions
968,0.1.470,idiomatiques
969,0.1.471,formées
970,0.1.472,avec
971,0.1.473,ak
972,0.1.474,donnée
973,0.1.475,ci-des-
974,0.1.476,sous
975,0.1.477,5.
976,0.2.0,48
977,0.2.1,Pascal
978,0.2.2,Attinger
979,0.2.3,1)
980,0.2.4,lu
981,0.2.5,5-k/g
982,0.2.6,(P.
983,0.2.7,"Steinkeller,"
984,0.2.8,SEL
985,0.2.9,1
986,0.2.10,[1984]
987,0.2.11,1–10
988,0.2.12,et
989,0.2.13,14
990,0.2.14,sq.;
991,0.2.15,P.
992,0.2.16,Micha-
993,0.2.17,"lowski,"
994,0.2.18,ibid.
995,0.2.19,19–22).
996,0.2.20,L’alternance
997,0.2.21,-k/g
998,0.2.22,est
999,0.2.23,un
1000,0.2.24,phénomène
1001,0.2.25,de
1002,0.2.26,nature
1003,0.2.27,dia-
1004,0.2.28,chronique:
1005,0.2.29,Avant
1006,0.2.30,Ur
1007,0.2.31,III
1008,0.2.32,on
1009,0.2.33,a
1010,0.2.34,lu
1011,0.2.35,5-k
1012,0.2.36,(mu-da-lu
1013,0.2.37,5-ka-am
1014,0.2.38,6
1015,0.2.39,[DP
1016,0.2.40,338
1017,0.2.41,i
1018,0.2.42,4]
1019,0.2.43,et
1020,0.2.44,e-lu
1021,0.2.45,5-ka-am
1022,0.2.46,3
1023,0.2.47,[MAD
1024,0.2.48,"4,"
1025,0.2.49,33:6;
1026,0.2.50,cf.
1027,0.2.51,Steinkeller
1028,0.2.52,p.
1029,0.2.53,"6]),"
1030,0.2.54,à
1031,0.2.55,Ur
1032,0.2.56,III
1033,0.2.57,lu
1034,0.2.58,5-k
1035,0.2.59,dans
1036,0.2.60,le
1037,0.2.61,NP
1038,0.2.62,ä
1039,0.2.63,a-ba-lu
1040,0.2.64,5-ke
1041,0.2.65,4
1042,0.2.66,4
1043,0.2.67,(gr.
1044,0.2.68,"standard),"
1045,0.2.69,lu
1046,0.2.70,(
1047,0.2.71,5
1048,0.2.72,)-g
1049,0.2.73,dans
1050,0.2.74,les
1051,0.2.75,graphies
1052,0.2.76,non-standard
1053,0.2.77,de
1054,0.2.78,Nippur
1055,0.2.79,äa-ba-lu
1056,0.2.80,(5)-ge/ge18
1057,0.2.81,(Steinkeller
1058,0.2.82,p.
1059,0.2.83,6;
1060,0.2.84,aussi
1061,0.2.85,NATN
1062,0.2.86,573
1063,0.2.87,rev.
1064,0.2.88,1´)
1065,0.2.89,et
1066,0.2.90,dans
1067,0.2.91,lu
1068,0.2.92,5-ga
1069,0.2.93,(Steinkeller
1070,0.2.94,p.
1071,0.2.95,6
1072,0.2.96,citant
1073,0.2.97,L
1074,0.2.98,"1036),"
1075,0.2.99,à
1076,0.2.100,l’ép.
1077,0.2.101,pB
1078,0.2.102,enfin
1079,0.2.103,lu-g
1080,0.2.104,(Steinkeller
1081,0.2.105,pp.
1082,0.2.106,8
1083,0.2.107,sq.
1084,0.2.108,et
1085,0.2.109,Michalowski;
1086,0.2.110,tous
1087,0.2.111,les
1088,0.2.112,ex.
1089,0.2.113,sûrs
1090,0.2.114,de-
1091,0.2.115,vant
1092,0.2.116,/a/).
1093,0.2.117,En
1094,0.2.118,"bref,"
1095,0.2.119,/luk/
1096,0.2.120,e
1097,0.2.121,évolué
1098,0.2.122,en
1099,0.2.123,/lug/
1100,0.2.124,durant
1101,0.2.125,l’ép.
1102,0.2.126,d’Ur
1103,0.2.127,"III,"
1104,0.2.128,pour
1105,0.2.129,une
1106,0.2.130,raison
1107,0.2.131,que
1108,0.2.132,je
1109,0.2.133,ne
1110,0.2.134,puis
1111,0.2.135,toutefois
1112,0.2.136,préciser.
1113,0.2.137,La
1114,0.2.138,rareté
1115,0.2.139,des
1116,0.2.140,lexèmes
1117,0.2.141,en
1118,0.2.142,-k
1119,0.2.143,a
1120,0.2.144,cer-
1121,0.2.145,tainement
1122,0.2.146,facilité
1123,0.2.147,ce
1124,0.2.148,changement.
1125,0.2.149,2)
1126,0.2.150,ka-k/g
1127,0.2.151,(B.
1128,0.2.152,"Landsberger,"
1129,0.2.153,MSL
1130,0.2.154,9
1131,0.2.155,[1967]
1132,0.2.156,145
1133,0.2.157,et
1134,0.2.158,n.
1135,0.2.159,2;
1136,0.2.160,G.
1137,0.2.161,Farber-
1138,0.2.162,"Flügge,"
1139,0.2.163,StPohl
1140,0.2.164,10
1141,0.2.165,[1973]
1142,0.2.166,84
1143,0.2.167,sq.;
1144,0.2.168,J.
1145,0.2.169,"Krecher,"
1146,0.2.170,ZA
1147,0.2.171,63
1148,0.2.172,[1973]
1149,0.2.173,190
1150,0.2.174,n.
1151,0.2.175,111;
1152,0.2.176,St.
1153,0.2.177,"Lieberman,"
1154,0.2.178,SLOB
1155,0.2.179,[1977]
1156,0.2.180,336
1157,0.2.181,n°
1158,0.2.182,372;
1159,0.2.183,"Krecher,"
1160,0.2.184,ZA
1161,0.2.185,60
1162,0.2.186,[1979]
1163,0.2.187,3).
1164,0.2.188,L’alternance
1165,0.2.189,-k/g
1166,0.2.190,est
1167,0.2.191,conditionnée
1168,0.2.192,tant
1169,0.2.193,diachroniquement
1170,0.2.194,que
1171,0.2.195,phoné-
1172,0.2.196,tiquement.
1173,0.2.197,Devant
1174,0.2.198,"/a/,"
1175,0.2.199,on
1176,0.2.200,a
1177,0.2.201,ka-k
1178,0.2.202,à
1179,0.2.203,l’ép.
1180,0.2.204,présarg.
1181,0.2.205,et
1182,0.2.206,à
1183,0.2.207,partir
1184,0.2.208,de
1185,0.2.209,l’ép.
1186,0.2.210,"pB,"
1187,0.2.211,mais
1188,0.2.212,ka-g
1189,0.2.213,à
1190,0.2.214,Ur
1191,0.2.215,III
1192,0.2.216,(dans
1193,0.2.217,ka-ga-na
1194,0.2.218,[v.s.]
1195,0.2.219,ge-n
1196,0.2.220,«confirmer
1197,0.2.221,dans
1198,0.2.222,sa
1199,0.2.223,"déclaration»),"
1200,0.2.224,devant
1201,0.2.225,/e/
1202,0.2.226,ka-g
1203,0.2.227,(cf.
1204,0.2.228,le
1205,0.2.229,NP
1206,0.2.230,ka-ge
1207,0.2.231,à
1208,0.2.232,Ur
1209,0.2.233,III
1210,0.2.234,[ELS
1211,0.2.235,371
1212,0.2.236,s.v.
1213,0.2.237,«d
1214,0.2.238,"u11-ge»],"
1215,0.2.239,passim
1216,0.2.240,à
1217,0.2.241,l’ép.
1218,0.2.242,pB).
1219,0.2.243,*ka-ke
1220,0.2.244,4
1221,0.2.245,n’est
1222,0.2.246,pas
1223,0.2.247,attesté.
1224,0.2.248,La
1225,0.2.249,raison
1226,0.2.250,de
1227,0.2.251,ce
1228,0.2.252,phénomène
1229,0.2.253,m’échappe
1230,0.2.254,totalement.
1231,0.2.255,En
1232,0.2.256,"bref,"
1233,0.2.257,tant
1234,0.2.258,lu
1235,0.2.259,5-k/g
1236,0.2.260,que
1237,0.2.261,ka-k/g
1238,0.2.262,se
1239,0.2.263,distinguent
1240,0.2.264,sensiblement
1241,0.2.265,de
1242,0.2.266,"ak,"
1243,0.2.267,lequel
1244,0.2.268,ne
1245,0.2.269,peut
1246,0.2.270,être
1247,0.2.271,comparé
1248,0.2.272,qu’au
1249,0.2.273,morphème
1250,0.2.274,du
1251,0.2.275,génitif
1252,0.2.276,{ak}
1253,0.2.277,(v.
1254,0.2.278,en
1255,0.2.279,dernier
1256,0.2.280,lieu
1257,0.2.281,ELS
1258,0.2.282,258
1259,0.2.283,sq.
1260,0.2.284,et
1261,0.2.285,D.
1262,0.2.286,O.
1263,0.2.287,"Edzard,"
1264,0.2.288,Sumerian
1265,0.2.289,"Grammar,"
1266,0.2.290,HdO
1267,0.2.291,71
1268,0.2.292,[Leiden/Boston
1269,0.2.293,2003]
1270,0.2.294,36–38).
1271,0.2.295,{ak}
1272,0.2.296,et
1273,0.2.297,{ak}
1274,0.2.298,ont
1275,0.2.299,en
1276,0.2.300,commun
1277,0.2.301,les
1278,0.2.302,points
1279,0.2.303,suivants:
1280,0.2.304,–
1281,0.2.305,Aphérèse
1282,0.2.306,du
1283,0.2.307,/a/
1284,0.2.308,initial
1285,0.2.309,après
1286,0.2.310,"voyelle,"
1287,0.2.311,régulière
1288,0.2.312,dans
1289,0.2.313,le
1290,0.2.314,cas
1291,0.2.315,du
1292,0.2.316,"génitif,"
1293,0.2.317,probabl.
1294,0.2.318,fréquente
1295,0.2.319,avec
1296,0.2.320,{ak}
1297,0.2.321,(cf.
1298,0.2.322,"2.2.1),"
1299,0.2.323,quoique
1300,0.2.324,la
1301,0.2.325,chose
1302,0.2.326,soit
1303,0.2.327,le
1304,0.2.328,plus
1305,0.2.329,sou-
1306,0.2.330,vent
1307,0.2.331,masquée
1308,0.2.332,par
1309,0.2.333,l’écriture.
1310,0.2.334,–
1311,0.2.335,Apocope
1312,0.2.336,du
1313,0.2.337,/k/
1314,0.2.338,en
1315,0.2.339,finale
1316,0.2.340,absolue
1317,0.2.341,(cf.
1318,0.2.342,3.1.1).
1319,0.2.343,Beaucoup
1320,0.2.344,plus
1321,0.2.345,complexe
1322,0.2.346,est
1323,0.2.347,en
1324,0.2.348,revanche
1325,0.2.349,le
1326,0.2.350,détail
1327,0.2.351,des
1328,0.2.352,graphies
1329,0.2.353,de
1330,0.2.354,{ak}/{ak}
1331,0.2.355,suivi
1332,0.2.356,de
1333,0.2.357,/(
1334,0.2.358,a
1335,0.2.359,)k/
1336,0.2.360,"(génitif),"
1337,0.2.361,/
1338,0.2.362,<a/
1339,0.2.363,"(locatif,"
1340,0.2.364,"nominalisation),"
1341,0.2.365,/
1342,0.2.366,<am/
1343,0.2.367,(copule)
1344,0.2.368,et
1345,0.2.369,/e/
1346,0.2.370,"(ergatif/locatif-terminatif,"
1347,0.2.371,sujet
1348,0.2.372,3e
1349,0.2.373,sg.
1350,0.2.374,marû).
1351,0.2.375,–
1352,0.2.376,Devant
1353,0.2.377,/a
1354,0.2.378,(
1355,0.2.379,k
1356,0.2.380,)
1357,0.2.381,/
1358,0.2.382,(génitif):
1359,0.2.383,{a
1360,0.2.384,k
1361,0.2.385,+
1362,0.2.386,a
1363,0.2.387,k}
1364,0.2.388,est
1365,0.2.389,écrit
1366,0.2.390,(-
1367,0.2.391,a
1368,0.2.392,)-ka
1369,0.2.393,","
1370,0.2.394,{b
1371,0.2.395,+
1372,0.2.396,ak
1373,0.2.397,+
1374,0.2.398,ak}
1375,0.2.399,-ba-ka
1376,0.2.400,(3.1.2.2).
1377,0.2.401,–
1378,0.2.402,Devant
1379,0.2.403,/<a/
1380,0.2.404,"(locatif,"
1381,0.2.405,nominalisation):
1382,0.2.406,{ak
1383,0.2.407,+
1384,0.2.408,<a
1385,0.2.409,}
1386,0.2.410,est
1387,0.2.411,écrit
1388,0.2.412,(-a
1389,0.2.413,)-ka
1390,0.2.414,","
1391,0.2.415,{(…)
1392,0.2.416,ak
1393,0.2.417,+
1394,0.2.418,<a}
1395,0.2.419,ak
1396,0.2.420,=
1397,0.2.421,aka
1398,0.2.422,"(ancien),"
1399,0.2.423,(-)ak-a
1400,0.2.424,(un
1401,0.2.425,exemple
1402,0.2.426,isolé
1403,0.2.427,à
1404,0.2.428,l’ép.
1405,0.2.429,pré-
1406,0.2.430,"sarg.,"
1407,0.2.431,pas
1408,0.2.432,rare
1409,0.2.433,à
1410,0.2.434,Ur
1411,0.2.435,"III,"
1412,0.2.436,quasi
1413,0.2.437,standard
1414,0.2.438,à
1415,0.2.439,partir
1416,0.2.440,de
1417,0.2.441,l’ép.
1418,0.2.442,pB)
1419,0.2.443,"et,"
1420,0.2.444,beaucoup
1421,0.2.445,4
1422,0.2.446,Pour
1423,0.2.447,la
1424,0.2.448,lecture
1425,0.2.449,-
1426,0.2.450,ke
1427,0.2.451,"4,"
1428,0.2.452,cf.
1429,0.2.453,n.
1430,0.2.454,25.
1431,0.3.0,A
1432,0.3.1,propos
1433,0.3.2,de
1434,0.3.3,ak
1435,0.3.4,«faire»
1436,0.3.5,(I)
1437,0.3.6,49
1438,0.3.7,plus
1439,0.3.8,"rarement,"
1440,0.3.9,(-)ak-ka/ga
1441,0.3.10,v.s.
1442,0.3.11,(à
1443,0.3.12,partir
1444,0.3.13,d’Ur
1445,0.3.14,III)
1446,0.3.15,(cf.
1447,0.3.16,"2.2.2,"
1448,0.3.17,"3.1.2.1,"
1449,0.3.18,3.3.2.1
1450,0.3.19,et
1451,0.3.20,3.3.2.2).
1452,0.3.21,–
1453,0.3.22,Devant
1454,0.3.23,/<am/
1455,0.3.24,(copule):
1456,0.3.25,{ak
1457,0.3.26,+
1458,0.3.27,am}
1459,0.3.28,est
1460,0.3.29,écrit
1461,0.3.30,(-a
1462,0.3.31,)-kam
1463,0.3.32,","
1464,0.3.33,{(…)
1465,0.3.34,ak
1466,0.3.35,+
1467,0.3.36,am}
1468,0.3.37,(-)ak-am
1469,0.3.38,3
1470,0.3.39,(à
1471,0.3.40,partir
1472,0.3.41,de
1473,0.3.42,Gudéa;
1474,0.3.43,pour
1475,0.3.44,ak-am
1476,0.3.45,6
1477,0.3.46,=
1478,0.3.47,probabl.
1479,0.3.48,aka-am
1480,0.3.49,6
1481,0.3.50,à
1482,0.3.51,l’ép.
1483,0.3.52,"présarg.,"
1484,0.3.53,v.
1485,0.3.54,2.2.2).
1486,0.3.55,–
1487,0.3.56,Devant
1488,0.3.57,/e/
1489,0.3.58,"(ergatif/locatif-terminatif,"
1490,0.3.59,sujet
1491,0.3.60,3e
1492,0.3.61,sg.
1493,0.3.62,marû):
1494,0.3.63,{ak
1495,0.3.64,+
1496,0.3.65,e}
1497,0.3.66,est
1498,0.3.67,écrit
1499,0.3.68,(-a
1500,0.3.69,)-ke
1501,0.3.70,"4,"
1502,0.3.71,{(…)
1503,0.3.72,ak
1504,0.3.73,+
1505,0.3.74,e}
1506,0.3.75,(-)ak-ke
1507,0.3.76,4
1508,0.3.77,à
1509,0.3.78,époque
1510,0.3.79,"ancienne,"
1511,0.3.80,(-)ak-e
1512,0.3.81,à
1513,0.3.82,partir
1514,0.3.83,de
1515,0.3.84,l’ép.
1516,0.3.85,pB
1517,0.3.86,(3.4.2;
1518,0.3.87,un
1519,0.3.88,ex.
1520,0.3.89,isolé
1521,0.3.90,à
1522,0.3.91,Ur
1523,0.3.92,III
1524,0.3.93,[cf.
1525,0.3.94,n.
1526,0.3.95,36]).
1527,0.3.96,L’interprétation
1528,0.3.97,de
1529,0.3.98,ces
1530,0.3.99,divergences
1531,0.3.100,n’est
1532,0.3.101,pas
1533,0.3.102,évidente.
1534,0.3.103,Soit
1535,0.3.104,{ak}
1536,0.3.105,et
1537,0.3.106,{ak}
1538,0.3.107,ne
1539,0.3.108,sont
1540,0.3.109,pas
1541,0.3.110,totalement
1542,0.3.111,"homophones,"
1543,0.3.112,soit
1544,0.3.113,(plus
1545,0.3.114,vraisemblablement)
1546,0.3.115,les
1547,0.3.116,graphies
1548,0.3.117,(-)ak-a/am
1549,0.3.118,3/e
1550,0.3.119,sont
1551,0.3.120,de
1552,0.3.121,type
1553,0.3.122,morphophonologique.
1554,0.3.123,De
1555,0.3.124,ce
1556,0.3.125,bref
1557,0.3.126,survol
1558,0.3.127,il
1559,0.3.128,ressort
1560,0.3.129,que
1561,0.3.130,ak
1562,0.3.131,est
1563,0.3.132,phonologiquement
1564,0.3.133,"singulier,"
1565,0.3.134,ce
1566,0.3.135,qui
1567,0.3.136,rend
1568,0.3.137,la
1569,0.3.138,reconstruction
1570,0.3.139,de
1571,0.3.140,son
1572,0.3.141,paradigme
1573,0.3.142,très
1574,0.3.143,épineuse
1575,0.3.144,(cf.
1576,0.3.145,l’impor-
1577,0.3.146,tant
1578,0.3.147,article
1579,0.3.148,de
1580,0.3.149,Powell
1581,0.3.150,dans
1582,0.3.151,Mél.
1583,0.3.152,Diakonoff
1584,0.3.153,314–319).
1585,0.3.154,Même
1586,0.3.155,après
1587,0.3.156,avoir
1588,0.3.157,collecté
1589,0.3.158,un
1590,0.3.159,nombre
1591,0.3.160,assez
1592,0.3.161,considérable
1593,0.3.162,de
1594,0.3.163,graphies
1595,0.3.164,non-standard
1596,0.3.165,de
1597,0.3.166,"ak,"
1598,0.3.167,force
1599,0.3.168,m’est
1600,0.3.169,de
1601,0.3.170,constater
1602,0.3.171,que
1603,0.3.172,je
1604,0.3.173,ne
1605,0.3.174,suis
1606,0.3.175,pas
1607,0.3.176,non
1608,0.3.177,plus
1609,0.3.178,capable
1610,0.3.179,de
1611,0.3.180,présenter
1612,0.3.181,un
1613,0.3.182,schéma
1614,0.3.183,réellement
1615,0.3.184,satisfaisant.
1616,0.3.185,Quelques
1617,0.3.186,points
1618,0.3.187,me
1619,0.3.188,semblent
1620,0.3.189,toute-
1621,0.3.190,fois
1622,0.3.191,mériter
1623,0.3.192,d’être
1624,0.3.193,soulignés:
1625,0.3.194,2.2.1
1626,0.3.195,Autant
1627,0.3.196,que
1628,0.3.197,je
1629,0.3.198,puisse
1630,0.3.199,en
1631,0.3.200,"juger,"
1632,0.3.201,ak
1633,0.3.202,est
1634,0.3.203,un
1635,0.3.204,verbe
1636,0.3.205,quasi
1637,0.3.206,régulier.
1638,0.3.207,Il
1639,0.3.208,ne
1640,0.3.209,connaît
1641,0.3.210,ni
1642,0.3.211,variations
1643,0.3.212,hétéronymiques
1644,0.3.213,(type
1645,0.3.214,du11-g/e/di-d
1646,0.3.215,"),"
1647,0.3.216,ni
1648,0.3.217,mo-
1649,0.3.218,difications
1650,0.3.219,phonétiques
1651,0.3.220,imprévisibles
1652,0.3.221,de
1653,0.3.222,la
1654,0.3.223,base
1655,0.3.224,(type
1656,0.3.225,e
1657,0.3.226,3-Ø/e
1658,0.3.227,3-d
1659,0.3.228,")5,"
1660,0.3.229,mais
1661,0.3.230,seulement
1662,0.3.231,deux
1663,0.3.232,allomorphes
1664,0.3.233,/a(
1665,0.3.234,k
1666,0.3.235,)
1667,0.3.236,/
1668,0.3.237,et
1669,0.3.238,"/k/,"
1670,0.3.239,dont
1671,0.3.240,l’apparition
1672,0.3.241,"était,"
1673,0.3.242,selon
1674,0.3.243,toute
1675,0.3.244,"vraisemblance,"
1676,0.3.245,conditionnée
1677,0.3.246,par
1678,0.3.247,l’environnement
1679,0.3.248,phonétique
1680,0.3.249,et/ou
1681,0.3.250,l’accent.
1682,0.3.251,/k/
1683,0.3.252,est
1684,0.3.253,obligatoire
1685,0.3.254,dans
1686,0.3.255,le
1687,0.3.256,participe
1688,0.3.257,marû
1689,0.3.258,(ke
1690,0.3.259,3-d
1691,0.3.260,=
1692,0.3.261,/k/
1693,0.3.262,+
1694,0.3.263,{e
1695,0.3.264,d})
1696,0.3.265,et
1697,0.3.266,probabl.
1698,0.3.267,dans
1699,0.3.268,les
1700,0.3.269,3es
1701,0.3.270,pl.
1702,0.3.271,marû
1703,0.3.272,(-ke
1704,0.3.273,3-ne
1705,0.3.274,"),"
1706,0.3.275,attesté
1707,0.3.276,sinon
1708,0.3.277,sporadique-
1709,0.3.278,"ment,"
1710,0.3.279,aussi
1711,0.3.280,bien
1712,0.3.281,dans
1713,0.3.282,les
1714,0.3.283,formes
1715,0.3.284,"äamtu,"
1716,0.3.285,conjuguées
1717,0.3.286,ou
1718,0.3.287,"non,"
1719,0.3.288,que
1720,0.3.289,dans
1721,0.3.290,les
1722,0.3.291,autres
1723,0.3.292,formes
1724,0.3.293,marû
1725,0.3.294,conjuguées.
1726,0.3.295,Le
1727,0.3.296,détail
1728,0.3.297,"m’échappe,"
1729,0.3.298,mais
1730,0.3.299,il
1731,0.3.300,est
1732,0.3.301,clair
1733,0.3.302,que
1734,0.3.303,/k/
1735,0.3.304,est
1736,0.3.305,particulièrement
1737,0.3.306,fréquent
1738,0.3.307,après
1739,0.3.308,voyelle
1740,0.3.309,et/ou
1741,0.3.310,devant
1742,0.3.311,certains
1743,0.3.312,suffixes
1744,0.3.313,(ou
1745,0.3.314,certaines
1746,0.3.315,séquences
1747,0.3.316,"suffixales),"
1748,0.3.317,qui
1749,0.3.318,ont
1750,0.3.319,dû
1751,0.3.320,entraîner
1752,0.3.321,un
1753,0.3.322,déplacement
1754,0.3.323,de
1755,0.3.324,"l’accent,"
1756,0.3.325,par
1757,0.3.326,ex.
1758,0.3.327,{e
1759,0.3.328,"d},"
1760,0.3.329,peut-être
1761,0.3.330,le
1762,0.3.331,{a}
1763,0.3.332,de
1764,0.3.333,l’impératif
1765,0.3.334,6
1766,0.3.335,(cf.
1767,0.3.336,5
1768,0.3.337,Pour
1769,0.3.338,de
1770,0.3.339,rares
1771,0.3.340,indices
1772,0.3.341,pouvant
1773,0.3.342,éventuellement
1774,0.3.343,plaider
1775,0.3.344,en
1776,0.3.345,ce
1777,0.3.346,"sens,"
1778,0.3.347,cf.
1779,0.3.348,infra
1780,0.3.349,3.1.1
1781,0.3.350,Ur
1782,0.3.351,III
1783,0.3.352,écon./jur.
1784,0.3.353,s.v.
1785,0.3.354,-b
1786,0.3.355,a
1787,0.3.356,-
1788,0.3.357,a
1789,0.3.358,et
1790,0.3.359,-
1791,0.3.360,n
1792,0.3.361,a-
1793,0.3.362,a
1794,0.3.363,;
1795,0.3.364,une
1796,0.3.365,analyse
1797,0.3.366,{b/n
1798,0.3.367,+
1799,0.3.368,ak}
1800,0.3.369,est
1801,0.3.370,à
1802,0.3.371,mon
1803,0.3.372,sens
1804,0.3.373,plus
1805,0.3.374,probable
1806,0.3.375,que
1807,0.3.376,{b/n
1808,0.3.377,+
1809,0.3.378,ak
1810,0.3.379,+
1811,0.3.380,"<a},"
1812,0.3.381,mais
1813,0.3.382,il
1814,0.3.383,est
1815,0.3.384,vrai
1816,0.3.385,que
1817,0.3.386,je
1818,0.3.387,ne
1819,0.3.388,puis
1820,0.3.389,justifier
1821,0.3.390,la
1822,0.3.391,graphie
1823,0.3.392,pleine
1824,0.3.393,C
1825,0.3.394,a-a
1826,0.3.395,au
1827,0.3.396,lieu
1828,0.3.397,de
1829,0.3.398,-C
1830,0.3.399,a
1831,0.3.400,.
1832,0.3.401,En
1833,0.3.402,ce
1834,0.3.403,qui
1835,0.3.404,concerne
1836,0.3.405,la
1837,0.3.406,distinction
1838,0.3.407,"faite,"
1839,0.3.408,avant
1840,0.3.409,l’ép.
1841,0.3.410,"pB,"
1842,0.3.411,entre
1843,0.3.412,-ak-esˇ
1844,0.3.413,2
1845,0.3.414,(3e
1846,0.3.415,pl.
1847,0.3.416,ä.)
1848,0.3.417,et
1849,0.3.418,-ak-ke
1850,0.3.419,4
1851,0.3.420,(3e
1852,0.3.421,sg.
1853,0.3.422,"m.),"
1854,0.3.423,il
1855,0.3.424,convient
1856,0.3.425,de
1857,0.3.426,noter
1858,0.3.427,que
1859,0.3.428,ce
1860,0.3.429,phénomène
1861,0.3.430,n’est
1862,0.3.431,pas
1863,0.3.432,limité
1864,0.3.433,à
1865,0.3.434,"ak,"
1866,0.3.435,et
1867,0.3.436,n’implique
1868,0.3.437,donc
1869,0.3.438,pas
1870,0.3.439,que
1871,0.3.440,la
1872,0.3.441,Bä.
1873,0.3.442,et
1874,0.3.443,la
1875,0.3.444,Bm.
1876,0.3.445,étaient
1877,0.3.446,phonétiquement
1878,0.3.447,distinctes.
1879,0.3.448,6
1880,0.3.449,En
1881,0.3.450,faveur
1882,0.3.451,d’une
1883,0.3.452,accentuation
1884,0.3.453,finale
1885,0.3.454,de
1886,0.3.455,"l’impératif,"
1887,0.3.456,cf.
1888,0.3.457,les
1889,0.3.458,formes
1890,0.3.459,intransitives
1891,0.3.460,B-b
1892,0.3.461,i/
1893,0.3.462,n
1894,0.3.463,i
1895,0.3.464,telle
1896,0.3.465,ge
1897,0.3.466,4-b
1898,0.3.467,i
1899,0.3.468,"«Retourne!»,"
1900,0.3.469,etc.
1901,0.3.470,(ELS
1902,0.3.471,265
1903,0.3.472,et
1904,0.3.473,299).
1905,0.4.0,50
1906,0.4.1,Pascal
1907,0.4.2,Attinger
1908,0.4.3,ka(-ab
1909,0.4.4,)
1910,0.4.5,=
1911,0.4.6,ak(-ab
1912,0.4.7,)
1913,0.4.8,dans
1914,0.4.9,EnlSud
1915,0.4.10,97
1916,0.4.11,L
1917,0.4.12,[Ni.]
1918,0.4.13,et
1919,0.4.14,FI
1920,0.4.15,6
1921,0.4.16,C
1922,0.4.17,"[Ni.])7,"
1923,0.4.18,{en
1924,0.4.19,+
1925,0.4.20,a}
1926,0.4.21,(cf.
1927,0.4.22,a-ra
1928,0.4.23,2
1929,0.4.24,ib2-ak-na-bi
1930,0.4.25,«sa
1931,0.4.26,voie
1932,0.4.27,que
1933,0.4.28,je
1934,0.4.29,dois
1935,0.4.30,faire»
1936,0.4.31,=
1937,0.4.32,«comment
1938,0.4.33,je
1939,0.4.34,dois
1940,0.4.35,procéder»
1941,0.4.36,dans
1942,0.4.37,TMH
1943,0.4.38,"6,"
1944,0.4.39,4:8
1945,0.4.40,et
1946,0.4.41,12
1947,0.4.42,et
1948,0.4.43,15:17
1949,0.4.44,[Ur
1950,0.4.45,"III],"
1951,0.4.46,a-na
1952,0.4.47,ib2-
1953,0.4.48,ak-
1954,0.4.49,na-bi
1955,0.4.50,«ce
1956,0.4.51,que
1957,0.4.52,je
1958,0.4.53,dois
1959,0.4.54,faire»
1960,0.4.55,dans
1961,0.4.56,"Römer,"
1962,0.4.57,AOAT
1963,0.4.58,"240,"
1964,0.4.59,"420:8,"
1965,0.4.60,a-gin7(-)nam(-)ak-na-bi
1966,0.4.61,«comment
1967,0.4.62,je
1968,0.4.63,dois
1969,0.4.64,procéder»
1970,0.4.65,dans
1971,0.4.66,YOS
1972,0.4.67,"11,"
1973,0.4.68,40:10
1974,0.4.69,et
1975,0.4.70,nigˆ
1976,0.4.71,2
1977,0.4.72,ab-ak.ak-na-zu
1978,0.4.73,«ce
1979,0.4.74,que
1980,0.4.75,tu
1981,0.4.76,fais»
1982,0.4.77,dans
1983,0.4.78,SP
1984,0.4.79,"1.37),"
1985,0.4.80,etc.
1986,0.4.81,2.2.2
1987,0.4.82,Quasi
1988,0.4.83,"régulier,"
1989,0.4.84,mais
1990,0.4.85,pas
1991,0.4.86,régulier
1992,0.4.87,(au
1993,0.4.88,moins
1994,0.4.89,au
1995,0.4.90,niveau
1996,0.4.91,graphi-
1997,0.4.92,que)!
1998,0.4.93,Une
1999,0.4.94,forme
2000,0.4.95,fait
2001,0.4.96,en
2002,0.4.97,effet
2003,0.4.98,réellement
2004,0.4.99,"difficulté,"
2005,0.4.100,à
2006,0.4.101,savoir
2007,0.4.102,le
2008,0.4.103,participe
2009,0.4.104,äamtu
2010,0.4.105,ak
2011,0.4.106,(pas
2012,0.4.107,ak-a
2013,0.4.108,!)
2014,0.4.109,attesté
2015,0.4.110,à
2016,0.4.111,époque
2017,0.4.112,ancienne.
2018,0.4.113,La
2019,0.4.114,première
2020,0.4.115,occurrence
2021,0.4.116,de
2022,0.4.117,ak-a
2023,0.4.118,que
2024,0.4.119,je
2025,0.4.120,connaisse
2026,0.4.121,date
2027,0.4.122,de
2028,0.4.123,Sˇ
2029,0.4.124,43
2030,0.4.125,"(Touzalin,"
2031,0.4.126,Aleppo
2032,0.4.127,233:3
2033,0.4.128,"[Um.])8,"
2034,0.4.129,et
2035,0.4.130,avant
2036,0.4.131,l’ép.
2037,0.4.132,"pB,"
2038,0.4.133,je
2039,0.4.134,ne
2040,0.4.135,pourrais
2041,0.4.136,guère
2042,0.4.137,en
2043,0.4.138,citer
2044,0.4.139,plus
2045,0.4.140,de
2046,0.4.141,vingt
2047,0.4.142,"exemples,"
2048,0.4.143,une
2049,0.4.144,quantité
2050,0.4.145,négligeable
2051,0.4.146,face
2052,0.4.147,à
2053,0.4.148,l’énorme
2054,0.4.149,masse
2055,0.4.150,des
2056,0.4.151,ak
2057,0.4.152,«remplaçant»
2058,0.4.153,ak-a
2059,0.4.154,(v.
2060,0.4.155,J.
2061,0.4.156,"Krecher,"
2062,0.4.157,ASJ
2063,0.4.158,15
2064,0.4.159,[1993]
2065,0.4.160,89
2066,0.4.161,sq.).
2067,0.4.162,Cf.
2068,0.4.163,e.g.
2069,0.4.164,la
2070,0.4.165,séquence
2071,0.4.166,fréquente
2072,0.4.167,ge
2073,0.4.168,ga
2074,0.4.169,6-
2075,0.4.170,gˆ
2076,0.4.171,a
2077,0.4.172,2
2078,0.4.173,ge
2079,0.4.174,a
2080,0.4.175,ak
2081,0.4.176,u
2082,0.4.177,3
2083,0.4.178,(
2084,0.4.179,ge
2085,0.4.180,)gilim
2086,0.4.181,sur-ra
2087,0.4.182,"v.s.,"
2088,0.4.183,«qui
2089,0.4.184,ont
2090,0.4.185,transporté
2091,0.4.186,des
2092,0.4.187,"roseaux,"
2093,0.4.188,humidifié(?)/trempé(?)
2094,0.4.189,les
2095,0.4.190,roseaux
2096,0.4.191,et
2097,0.4.192,(tordu
2098,0.4.193,=)
2099,0.4.194,fait
2100,0.4.195,des
2101,0.4.196,‹po-
2102,0.4.197,teaux(?)›»
2103,0.4.198,(MVN
2104,0.4.199,"14,"
2105,0.4.200,510:3–5;
2106,0.4.201,UTAMI
2107,0.4.202,"3,"
2108,0.4.203,1912:3–5
2109,0.4.204,et
2110,0.4.205,2201:3–5;
2111,0.4.206,UTAMI
2112,0.4.207,"4,"
2113,0.4.208,2781:3–5
2114,0.4.209,[ajoute
2115,0.4.210,ge
2116,0.4.211,dar-da
2117,0.4.212,après
2118,0.4.213,ge
2119,0.4.214,a
2120,0.4.215,ak]
2121,0.4.216,et
2122,0.4.217,UTAMI
2123,0.4.218,"5,"
2124,0.4.219,3096:3–5).
2125,0.4.220,A
2126,0.4.221,partir
2127,0.4.222,de
2128,0.4.223,l’ép.
2129,0.4.224,"pB,"
2130,0.4.225,la
2131,0.4.226,graphie
2132,0.4.227,ak-a
2133,0.4.228,devient
2134,0.4.229,"standard,"
2135,0.4.230,sans
2136,0.4.231,supplanter
2137,0.4.232,toutefois
2138,0.4.233,complètement
2139,0.4.234,ak
2140,0.4.235,(avant
2141,0.4.236,tout
2142,0.4.237,dans
2143,0.4.238,l’acception
2144,0.4.239,«qui
2145,0.4.240,est/a
2146,0.4.241,été
2147,0.4.242,fait»
2148,0.4.243,[passif])9.
2149,0.4.244,7
2150,0.4.245,Trois
2151,0.4.246,autres
2152,0.4.247,exemples
2153,0.4.248,"(Suse,"
2154,0.4.249,prov.
2155,0.4.250,inc.)
2156,0.4.251,plaident
2157,0.4.252,en
2158,0.4.253,revanche
2159,0.4.254,pour
2160,0.4.255,la
2161,0.4.256,préservation
2162,0.4.257,du
2163,0.4.258,/a/
2164,0.4.259,initial
2165,0.4.260,(v.
2166,0.4.261,en
2167,0.4.262,général
2168,0.4.263,infra
2169,0.4.264,3.2);
2170,0.4.265,dans
2171,0.4.266,ce
2172,0.4.267,"cas,"
2173,0.4.268,la
2174,0.4.269,finale
2175,0.4.270,du
2176,0.4.271,mot
2177,0.4.272,précédent
2178,0.4.273,jouait
2179,0.4.274,cer-
2180,0.4.275,tainement
2181,0.4.276,un
2182,0.4.277,"rôle,"
2183,0.4.278,du
2184,0.4.279,moins
2185,0.4.280,à
2186,0.4.281,en
2187,0.4.282,juger
2188,0.4.283,par
2189,0.4.284,les
2190,0.4.285,sandhis
2191,0.4.286,du
2192,0.4.287,type
2193,0.4.288,[
2194,0.4.289,gˆ
2195,0.4.290,esˇ-
2196,0.4.291,t]
2197,0.4.292,u
2198,0.4.293,9gˆ
2199,0.4.294,esˇtu(-)ga-
2200,0.4.295,a-ni
2201,0.4.296,=
2202,0.4.297,gˆ
2203,0.4.298,esˇ-
2204,0.4.299,t
2205,0.4.300,u
2206,0.4.301,9gˆ
2207,0.4.302,esˇtu
2208,0.4.303,ak-
2209,0.4.304,n
2210,0.4.305,i
2211,0.4.306,(U-ezinan
2212,0.4.307,162
2213,0.4.308,G1)
2214,0.4.309,ou
2215,0.4.310,e
2216,0.4.311,n
2217,0.4.312,-n
2218,0.4.313,u
2219,0.4.314,-un(-)n
2220,0.4.315,ag-ab
2221,0.4.316,=
2222,0.4.317,en-nu-
2223,0.4.318,u
2224,0.4.319,gˆ
2225,0.4.320,3
2226,0.4.321,ak-
2227,0.4.322,ab
2228,0.4.323,(FI
2229,0.4.324,6
2230,0.4.325,A3).
2231,0.4.326,8
2232,0.4.327,Mais
2233,0.4.328,cf.
2234,0.4.329,ak-
2235,0.4.330,k
2236,0.4.331,[a]
2237,0.4.332,déjà
2238,0.4.333,dans
2239,0.4.334,Sˇ
2240,0.4.335,21
2241,0.4.336,(MVN
2242,0.4.337,"21,"
2243,0.4.338,270
2244,0.4.339,rev.
2245,0.4.340,3
2246,0.4.341,[Um.]).
2247,0.4.342,9
2248,0.4.343,Cf.
2249,0.4.344,infra
2250,0.4.345,3.3
2251,0.4.346,pour
2252,0.4.347,pronom
2253,0.4.348,pers.-
2254,0.4.349,gin
2255,0.4.350,7
2256,0.4.351,ak
2257,0.4.352,«qui
2258,0.4.353,est
2259,0.4.354,fait
2260,0.4.355,comme
2261,0.4.356,moi(/…)»
2262,0.4.357,et
2263,0.4.358,3.3.1
2264,0.4.359,pour
2265,0.4.360,u
2266,0.4.361,m
2267,0.4.362,u
2268,0.4.363,m
2269,0.4.364,"ak,"
2270,0.4.365,partiellement
2271,0.4.366,«qui
2272,0.4.367,a
2273,0.4.368,été
2274,0.4.369,instruit».
2275,0.4.370,Ajouter
2276,0.4.371,par
2277,0.4.372,ex.
2278,0.4.373,a-n
2279,0.4.374,a
2280,0.4.375,ak
2281,0.4.376,=
2282,0.4.377,a-na
2283,0.4.378,mim-ma
2284,0.4.379,sˇa2
2285,0.4.380,in-ne2-ep-sˇu
2286,0.4.381,«tout
2287,0.4.382,ce
2288,0.4.383,qui
2289,0.4.384,a
2290,0.4.385,été
2291,0.4.386,fait»
2292,0.4.387,(Lugale
2293,0.4.388,"112),"
2294,0.4.389,aga/
2295,0.4.390,ag
2296,0.4.391,a
2297,0.4.392,3
2298,0.4.393,zi
2299,0.4.394,ak-me-en
2300,0.4.395,«je
2301,0.4.396,suis
2302,0.4.397,celui
2303,0.4.398,qui
2304,0.4.399,a
2305,0.4.400,été
2306,0.4.401,couronné
2307,0.4.402,de
2308,0.4.403,la
2309,0.4.404,couronne
2310,0.4.405,légitime»
2311,0.4.406,(SˇE
2312,0.4.407,"9),"
2313,0.4.408,(n
2314,0.4.409,igˆ
2315,0.4.410,2(-)ak
2316,0.4.411,«chose
2317,0.4.412,faite»
2318,0.4.413,[passim
2319,0.4.414,à
2320,0.4.415,côté
2321,0.4.416,de
2322,0.4.417,n
2323,0.4.418,igˆ
2324,0.4.419,2ak-
2325,0.4.420,a];
2326,0.4.421,originellement
2327,0.4.422,probabl.
2328,0.4.423,type
2329,0.4.424,s
2330,0.4.425,a
2331,0.4.426,"2-du11!),"
2332,0.4.427,n
2333,0.4.428,igˆ
2334,0.4.429,2-ge17
2335,0.4.430,ak
2336,0.4.431,n
2337,0.4.432,a
2338,0.4.433,m
2339,0.4.434,-
2340,0.4.435,lu
2341,0.4.436,2-
2342,0.4.437,lu
2343,0.4.438,7
2344,0.4.439,(lu)-ka/ke
2345,0.4.440,4
2346,0.4.441,«le
2347,0.4.442,mal
2348,0.4.443,infligé
2349,0.4.444,à
2350,0.4.445,l’humanité»
2351,0.4.446,(GiM
2352,0.4.447,Ni.
2353,0.4.448,v
2354,0.4.449,17;
2355,0.4.450,la
2356,0.4.451,version
2357,0.4.452,de
2358,0.4.453,Tell
2359,0.4.454,Hadad
2360,0.4.455,a
2361,0.4.456,ak-
2362,0.4.457,a
2363,0.4.458,[M
2364,0.4.459,"182]),"
2365,0.4.460,n
2366,0.4.461,igˆ
2367,0.4.462,2-ge17-g
2368,0.4.463,a
2369,0.4.464,ak-b
2370,0.4.465,i
2371,0.4.466,«ce
2372,0.4.467,mal
2373,0.4.468,infligé»
2374,0.4.469,(Sîniddinam-Utu
2375,0.4.470,"38),"
2376,0.4.471,e
2377,0.4.472,sˇe
2378,0.4.473,2
2379,0.4.474,sˇu
2380,0.4.475,ak
2381,0.4.476,«corde
2382,0.4.477,faite
2383,0.4.478,main»
2384,0.4.479,(GiEn.
2385,0.4.480,"276),"
2386,0.4.481,g
2387,0.4.482,e
2388,0.4.483,sˇu
2389,0.4.484,ak
2390,0.4.485,«bâche(?)
2391,0.4.486,de
2392,0.4.487,roseau
2393,0.4.488,faite
2394,0.4.489,main»
2395,0.4.490,(GiEn.
2396,0.4.491,278
2397,0.4.492,//
2398,0.4.493,ge
2399,0.4.494,sˇu
2400,0.4.495,ak-
2401,0.4.496,a
2402,0.4.497,dans
2403,0.4.498,la
2404,0.4.499,version
2405,0.4.500,de
2406,0.4.501,Tell
2407,0.4.502,Haddad)
2408,0.4.503,et
2409,0.4.504,sˇu
2410,0.4.505,ak
2411,0.4.506,«bien
2412,0.4.507,traité»
2413,0.4.508,(Isˇme-Dagan
2414,0.4.509,AB
2415,0.4.510,120).
2416,0.4.511,Dans
2417,0.4.512,l’acception
2418,0.4.513,«qui
2419,0.4.514,a
2420,0.4.515,fait»
2421,0.4.516,(participe
2422,0.4.517,passé
2423,0.4.518,"actif),"
2424,0.4.519,les
2425,0.4.520,exemples
2426,0.4.521,sûrs
2427,0.4.522,sont
2428,0.4.523,"rares,"
2429,0.4.524,d’autant
2430,0.4.525,plus
2431,0.4.526,qu’une
2432,0.4.527,variation
2433,0.4.528,d’ordre
2434,0.4.529,sémantique
2435,0.4.530,(«qui
2436,0.4.531,fait»
2437,0.4.532,//
2438,0.4.533,«qui
2439,0.4.534,a
2440,0.4.535,fait»)
2441,0.4.536,est
2442,0.4.537,parfois
2443,0.4.538,envisageable
2444,0.4.539,(e.g.
2445,0.4.540,Nansˇe
2446,0.4.541,Hy.
2447,0.4.542,141
2448,0.4.543,et
2449,0.4.544,149).
2450,0.4.545,Un
2451,0.4.546,cas
2452,0.4.547,clair
2453,0.4.548,est
2454,0.4.549,DuDr.
2455,0.4.550,194
2456,0.4.551,Z
2457,0.4.552,(Ni.):
2458,0.4.553,u
2459,0.4.554,n
2460,0.4.555,u
2461,0.4.556,k
2462,0.4.557,i-
2463,0.4.558,sˇe
2464,0.4.559,3
2465,0.4.560,n
2466,0.4.561,i
2467,0.4.562,gˆ
2468,0.4.563,2-
2469,0.4.564,munus.usˇ.dam
2470,0.4.565,ak-me-{en}
2471,0.4.566,//
2472,0.4.567,n
2473,0.4.568,igˆ
2474,0.4.569,2-
2475,0.4.570,mussa
2476,0.4.571,xs
2477,0.4.572,a
2478,0.4.573,2
2479,0.4.574,ak-a-me-en
2480,0.4.575,(o
2481,0.4.576,et
2482,0.4.577,probabl.
2483,0.4.578,x)
2484,0.4.579,//
2485,0.4.580,n
2486,0.4.581,igˆ
2487,0.4.582,2-mussa
2488,0.4.583,xs
2489,0.4.584,a
2490,0.4.585,2
2491,0.4.586,ka-me-en
2492,0.4.587,(J’
2493,0.4.588,[prov.
2494,0.4.589,"inc.]),"
2495,0.4.590,«C’est
2496,0.4.591,moi
2497,0.4.592,qui
2498,0.4.593,ai
2499,0.4.594,fait
2500,0.4.595,les
2501,0.4.596,cadeaux
2502,0.4.597,nuptiaux
2503,0.4.598,à
2504,0.4.599,Uruk».
2505,0.5.0,A
2506,0.5.1,propos
2507,0.5.2,de
2508,0.5.3,ak
2509,0.5.4,«faire»
2510,0.5.5,(I)
2511,0.5.6,51
2512,0.5.7,L’interprétation
2513,0.5.8,des
2514,0.5.9,faits
2515,0.5.10,la
2516,0.5.11,plus
2517,0.5.12,simple
2518,0.5.13,est
2519,0.5.14,de
2520,0.5.15,voir
2521,0.5.16,dans
2522,0.5.17,ak
2523,0.5.18,un
2524,0.5.19,«frozen
2525,0.5.20,case
2526,0.5.21,of
2527,0.5.22,Fara
2528,0.5.23,or
2529,0.5.24,earlier
2530,0.5.25,orthograph
2531,0.5.26,where
2532,0.5.27,the
2533,0.5.28,orthographical
2534,0.5.29,representa-
2535,0.5.30,tion
2536,0.5.31,of
2537,0.5.32,-/a/
2538,0.5.33,was
2539,0.5.34,omitted»
2540,0.5.35,"(Krecher,"
2541,0.5.36,ASJ
2542,0.5.37,"15,"
2543,0.5.38,"89),"
2544,0.5.39,quoique
2545,0.5.40,je
2546,0.5.41,ne
2547,0.5.42,voie
2548,0.5.43,pas
2549,0.5.44,pourquoi
2550,0.5.45,la
2551,0.5.46,non-explicitation
2552,0.5.47,de
2553,0.5.48,{<a}
2554,0.5.49,soit
2555,0.5.50,limitée
2556,0.5.51,au
2557,0.5.52,seul
2558,0.5.53,verbe
2559,0.5.54,ak.
2560,0.5.55,Cela
2561,0.5.56,rendrait
2562,0.5.57,toutefois
2563,0.5.58,compte
2564,0.5.59,également
2565,0.5.60,de
2566,0.5.61,ak-am
2567,0.5.62,6
2568,0.5.63,(AWL
2569,0.5.64,2
2570,0.5.65,i
2571,0.5.66,2
2572,0.5.67,et
2573,0.5.68,v
2574,0.5.69,1
2575,0.5.70,sq.
2576,0.5.71,etc.)
2577,0.5.72,et
2578,0.5.73,du
2579,0.5.74,NP
2580,0.5.75,/
2581,0.5.76,dumu
2582,0.5.77,gˆ
2583,0.5.78,a
2584,0.5.79,2-a-na-ak-ke
2585,0.5.80,4
2586,0.5.81,(SR
2587,0.5.82,60
2588,0.5.83,i
2589,0.5.84,2
2590,0.5.85,sq.).
2591,0.5.86,Un
2592,0.5.87,contre-
2593,0.5.88,exemple
2594,0.5.89,possible
2595,0.5.90,est
2596,0.5.91,toutefois
2597,0.5.92,Ent.
2598,0.5.93,41
2599,0.5.94,v
2600,0.5.95,1–6:
2601,0.5.96,en-mete-na
2602,0.5.97,/
2603,0.5.98,lu
2604,0.5.99,2
2605,0.5.100,eg
2606,0.5.101,2
2607,0.5.102,maä
2608,0.5.103,/
2609,0.5.104,dnin-gˆ
2610,0.5.105,i
2611,0.5.106,r2-su
2612,0.5.107,2-ka
2613,0.5.108,/
2614,0.5.109,ak-ka
2615,0.5.110,/
2616,0.5.111,digˆ
2617,0.5.112,ir-ra-ni
2618,0.5.113,/
2619,0.5.114,dsul-utul
2620,0.5.115,6-am
2621,0.5.116,"6,"
2622,0.5.117,pour
2623,0.5.118,autant
2624,0.5.119,que
2625,0.5.120,l’on
2626,0.5.121,analyse
2627,0.5.122,ak-ka
2628,0.5.123,en
2629,0.5.124,{ak
2630,0.5.125,+
2631,0.5.126,<a}
2632,0.5.127,(ainsi
2633,0.5.128,par
2634,0.5.129,ex.
2635,0.5.130,Steible
2636,0.5.131,p.
2637,0.5.132,257)
2638,0.5.133,ou
2639,0.5.134,en
2640,0.5.135,{ak
2641,0.5.136,+
2642,0.5.137,ak}
2643,0.5.138,"(«D’E.,"
2644,0.5.139,l’homme
2645,0.5.140,qui
2646,0.5.141,a
2647,0.5.142,fait
2648,0.5.143,l’immense
2649,0.5.144,canal
2650,0.5.145,de
2651,0.5.146,N.
2652,0.5.147,(…)»).
2653,0.5.148,Si
2654,0.5.149,l’on
2655,0.5.150,rapproche
2656,0.5.151,en
2657,0.5.152,revanche
2658,0.5.153,notre
2659,0.5.154,passage
2660,0.5.155,de
2661,0.5.156,Gudéa
2662,0.5.157,St.
2663,0.5.158,A
2664,0.5.159,iii
2665,0.5.160,7–iv
2666,0.5.161,2
2667,0.5.162,(gu
2668,0.5.163,3-de
2669,0.5.164,2-a
2670,0.5.165,/
2671,0.5.166,lu
2672,0.5.167,2
2673,0.5.168,e
2674,0.5.169,2
2675,0.5.170,du
2676,0.5.171,3-a-ka
2677,0.5.172,/
2678,0.5.173,nam-til
2679,0.5.174,3-la-ni
2680,0.5.175,mu-sud
2681,0.5.176,;
2682,0.5.177,cf.
2683,0.5.178,aussi
2684,0.5.179,St.
2685,0.5.180,C
2686,0.5.181,iii
2687,0.5.182,18–iv
2688,0.5.183,"1,"
2689,0.5.184,St.
2690,0.5.185,I
2691,0.5.186,v
2692,0.5.187,3–6
2693,0.5.188,et
2694,0.5.189,St.
2695,0.5.190,P
2696,0.5.191,v
2697,0.5.192,"3–6),"
2698,0.5.193,les
2699,0.5.194,problèmes
2700,0.5.195,dispa-
2701,0.5.196,raissent:
2702,0.5.197,ak-ka
2703,0.5.198,=
2704,0.5.199,aka-ka
2705,0.5.200,=
2706,0.5.201,{ak
2707,0.5.202,+
2708,0.5.203,ak
2709,0.5.204,+
2710,0.5.205,ak}
2711,0.5.206,(traduire
2712,0.5.207,littéralt
2713,0.5.208,"«D’E.,"
2714,0.5.209,l’homme
2715,0.5.210,de
2716,0.5.211,l’immense
2717,0.5.212,canal
2718,0.5.213,de
2719,0.5.214,N.
2720,0.5.215,fait
2721,0.5.216,(…)»).
2722,0.5.217,La
2723,0.5.218,lecture
2724,0.5.219,aka
2725,0.5.220,de
2726,0.5.221,ak
2727,0.5.222,pourrait
2728,0.5.223,être
2729,0.5.224,également
2730,0.5.225,attestée
2731,0.5.226,dans
2732,0.5.227,les
2733,0.5.228,formes
2734,0.5.229,"conjuguées,"
2735,0.5.230,à
2736,0.5.231,savoir
2737,0.5.232,dans
2738,0.5.233,les
2739,0.5.234,temporelles
2740,0.5.235,du
2741,0.5.236,type
2742,0.5.237,{(
2743,0.5.238,u
2744,0.5.239,4)
2745,0.5.240,V10
2746,0.5.241,+
2747,0.5.242,<a
2748,0.5.243,+
2749,0.5.244,<a(loc.)};
2750,0.5.245,à
2751,0.5.246,l’ép.
2752,0.5.247,"présarg.,"
2753,0.5.248,la
2754,0.5.249,graphie
2755,0.5.250,usuelle
2756,0.5.251,n’est
2757,0.5.252,pas
2758,0.5.253,-ak-a-a
2759,0.5.254,(attestée
2760,0.5.255,seulement
2761,0.5.256,dans
2762,0.5.257,b
2763,0.5.258,e
2764,0.5.259,2-ak-a-a
2765,0.5.260,[DP
2766,0.5.261,251
2767,0.5.262,ii
2768,0.5.263,"5]),"
2769,0.5.264,mais
2770,0.5.265,-ak-a
2771,0.5.266,(e/mu-ak-a
2772,0.5.267,;
2773,0.5.268,cf.
2774,0.5.269,AWEL
2775,0.5.270,175
2776,0.5.271,vi
2777,0.5.272,5
2778,0.5.273,et
2779,0.5.274,259
2780,0.5.275,vi
2781,0.5.276,"1,"
2782,0.5.277,AWL
2783,0.5.278,117
2784,0.5.279,vi
2785,0.5.280,"3,"
2786,0.5.281,DP
2787,0.5.282,238
2788,0.5.283,iii
2789,0.5.284,"2,"
2790,0.5.285,"Sollberger,"
2791,0.5.286,Ge-
2792,0.5.287,nava
2793,0.5.288,"26,"
2794,0.5.289,"57,"
2795,0.5.290,MAH
2796,0.5.291,16248
2797,0.5.292,iii
2798,0.5.293,"5,"
2799,0.5.294,RTC
2800,0.5.295,50
2801,0.5.296,v
2802,0.5.297,4
2803,0.5.298,et
2804,0.5.299,TSA
2805,0.5.300,37
2806,0.5.301,v
2807,0.5.302,6).
2808,0.5.303,A
2809,0.5.304,Ur
2810,0.5.305,"III,"
2811,0.5.306,(
2812,0.5.307,u
2813,0.5.308,4)
2814,0.5.309,(…)-ak-a
2815,0.5.310,n’est
2816,0.5.311,pas
2817,0.5.312,rare
2818,0.5.313,non
2819,0.5.314,plus;
2820,0.5.315,cf.
2821,0.5.316,par
2822,0.5.317,ex.
2823,0.5.318,Amorites
2824,0.5.319,"15:4–6,"
2825,0.5.320,MVN
2826,0.5.321,"11,"
2827,0.5.322,144:17´
2828,0.5.323,et
2829,0.5.324,"183:9–11,"
2830,0.5.325,MVN
2831,0.5.326,18
2832,0.5.327,=
2833,0.5.328,AulOr.-S
2834,0.5.329,"11,"
2835,0.5.330,108
2836,0.5.331,iv
2837,0.5.332,"4,"
2838,0.5.333,MVN
2839,0.5.334,"20,"
2840,0.5.335,31
2841,0.5.336,[=
2842,0.5.337,"d’Agostino,"
2843,0.5.338,ZA
2844,0.5.339,"88,"
2845,0.5.340,2]
2846,0.5.341,9
2847,0.5.342,"sq.,"
2848,0.5.343,OIP
2849,0.5.344,"115,"
2850,0.5.345,"322:18,"
2851,0.5.346,SACT
2852,0.5.347,"1,"
2853,0.5.348,"131:8,"
2854,0.5.349,UCP
2855,0.5.350,9/2/I
2856,0.5.351,4:4
2857,0.5.352,et
2858,0.5.353,peut-être
2859,0.5.354,UET
2860,0.5.355,"3,"
2861,0.5.356,864:15.
2862,0.5.357,Particulièrement
2863,0.5.358,frappant
2864,0.5.359,est
2865,0.5.360,u
2866,0.5.361,4
2867,0.5.362,(…)
2868,0.5.363,ba-a-ak
2869,0.5.364,dans
2870,0.5.365,TIM
2871,0.5.366,"6,"
2872,0.5.367,10:5
2873,0.5.368,"sq.,"
2874,0.5.369,précédé
2875,0.5.370,de
2876,0.5.371,{u
2877,0.5.372,4}
2878,0.5.373,(…)
2879,0.5.374,ba-dab5-
2880,0.5.375,ba-a
2881,0.5.376,à
2882,0.5.377,la
2883,0.5.378,1.
2884,0.5.379,2!
2885,0.5.380,Dans
2886,0.5.381,ce
2887,0.5.382,cas
2888,0.5.383,"toutefois,"
2889,0.5.384,les
2890,0.5.385,faits
2891,0.5.386,sont
2892,0.5.387,un
2893,0.5.388,peu
2894,0.5.389,moins
2895,0.5.390,"clairs,"
2896,0.5.391,d’une
2897,0.5.392,part
2898,0.5.393,parce
2899,0.5.394,que
2900,0.5.395,la
2901,0.5.396,temporelle
2902,0.5.397,{i
2903,0.5.398,3-na-ak}
2904,0.5.399,-ka
2905,0.5.400,"(Kienast/Volk,"
2906,0.5.401,FAOS
2907,0.5.402,"19,"
2908,0.5.403,102
2909,0.5.404,Gir
2910,0.5.405,26:13
2911,0.5.406,[ép.
2912,0.5.407,d’Akkad])
2913,0.5.408,plaide
2914,0.5.409,pour
2915,0.5.410,"/ak(<)a/,"
2916,0.5.411,de
2917,0.5.412,l’autre
2918,0.5.413,parce
2919,0.5.414,qu’une
2920,0.5.415,alternance
2921,0.5.416,comparable
2922,0.5.417,est
2923,0.5.418,attestée
2924,0.5.419,entre
2925,0.5.420,e-me-a
2926,0.5.421,(DP
2927,0.5.422,169
2928,0.5.423,v
2929,0.5.424,5)
2930,0.5.425,et
2931,0.5.426,e-me-a-a
2932,0.5.427,(AWL
2933,0.5.428,160
2934,0.5.429,iv
2935,0.5.430,"4,"
2936,0.5.431,dans
2937,0.5.432,un
2938,0.5.433,contexte
2939,0.5.434,identique).
2940,0.5.435,2.2.3
2941,0.5.436,ak
2942,0.5.437,=
2943,0.5.438,sˇa
2944,0.5.439,5.
2945,0.5.440,Depuis
2946,0.5.441,l’édition
2947,0.5.442,par
2948,0.5.443,W.
2949,0.5.444,van
2950,0.5.445,Soldt
2951,0.5.446,de
2952,0.5.447,HMM
2953,0.5.448,"86–O6,"
2954,0.5.449,un
2955,0.5.450,prisme
2956,0.5.451,de
2957,0.5.452,Tell
2958,0.5.453,Hammam
2959,0.5.454,et-Turkman
2960,0.5.455,qui
2961,0.5.456,«contains
2962,0.5.457,a
2963,0.5.458,bilingual
2964,0.5.459,version
2965,0.5.460,of
2966,0.5.461,Proto-Ea
2967,0.5.462,and
2968,0.5.463,has
2969,0.5.464,the
2970,0.5.465,format
2971,0.5.466,of
2972,0.5.467,Proto-Aa»
2973,0.5.468,(Mél.
2974,0.5.469,Houwink
2975,0.5.470,ten
2976,0.5.471,Cate
2977,0.5.472,[1995]
2978,0.5.473,279–286
2979,0.5.474,et
2980,0.5.475,"289–291),"
2981,0.5.476,il
2982,0.5.477,ne
2983,0.5.478,fait
2984,0.5.479,plus
2985,0.5.480,de
2986,0.5.481,doute
2987,0.5.482,que
2988,0.5.483,sˇa
2989,0.5.484,5(ak)
2990,0.5.485,est
2991,0.5.486,un
2992,0.5.487,verbe
2993,0.5.488,significant
2994,0.5.489,«faire»
2995,0.5.490,(cf.
2996,0.5.491,Side
2997,0.5.492,A
2998,0.5.493,ii
2999,0.5.494,16:
3000,0.5.495,sˇa
3001,0.5.496,ak
3002,0.5.497,=
3003,0.5.498,e-pe2-sˇum).
3004,0.5.499,Ouverte
3005,0.5.500,est
3006,0.5.501,en
3007,0.5.502,revanche
3008,0.5.503,la
3009,0.5.504,question
3010,0.5.505,de
3011,0.5.506,savoir
3012,0.5.507,si
3013,0.5.508,c’est
3014,0.5.509,une
3015,0.5.510,forme
3016,0.5.511,appartenant
3017,0.5.512,au
3018,0.5.513,pa-
3019,0.5.514,10
3020,0.5.515,Forme
3021,0.5.516,verbale
3022,0.5.517,conjuguée.
3023,0.6.0,52
3024,0.6.1,Pascal
3025,0.6.2,Attinger
3026,0.6.3,radigme
3027,0.6.4,de
3028,0.6.5,ak11
3029,0.6.6,ou
3030,0.6.7,un
3031,0.6.8,synonyme
3032,0.6.9,partiel
3033,0.6.10,de
3034,0.6.11,ak
3035,0.6.12,(comp.
3036,0.6.13,l’allemand
3037,0.6.14,«tun»
3038,0.6.15,et
3039,0.6.16,«machen»).
3040,0.6.17,Avant
3041,0.6.18,de
3042,0.6.19,discuter
3043,0.6.20,la
3044,0.6.21,"chose,"
3045,0.6.22,il
3046,0.6.23,n’est
3047,0.6.24,peut-être
3048,0.6.25,pas
3049,0.6.26,inutile
3050,0.6.27,de
3051,0.6.28,rappeler
3052,0.6.29,les
3053,0.6.30,exemples
3054,0.6.31,connus.
3055,0.6.32,1.
3056,0.6.33,UN
3057,0.6.34,B
3058,0.6.35,52
3059,0.6.36,sq.:
3060,0.6.37,(…)
3061,0.6.38,k
3062,0.6.39,i-
3063,0.6.40,b
3064,0.6.41,a
3065,0.6.42,la
3066,0.6.43,sˇa-sˇa
3067,0.6.44,(D
3068,0.6.45,[Ni.]12)
3069,0.6.46,//
3070,0.6.47,ki-ib-la-asˇ
3071,0.6.48,!(-)sˇa
3072,0.6.49,?-sˇ[a
3073,0.6.50,?]
3074,0.6.51,(B
3075,0.6.52,[prov.
3076,0.6.53,inc.]13)
3077,0.6.54,//
3078,0.6.55,ki-
3079,0.6.56,b
3080,0.6.57,a
3081,0.6.58,la
3082,0.6.59,-
3083,0.6.60,a
3084,0.6.61,ak.ak
3085,0.6.62,(A)
3086,0.6.63,«(la
3087,0.6.64,masse)
3088,0.6.65,qui
3089,0.6.66,(fait
3090,0.6.67,sans
3091,0.6.68,cesse
3092,0.6.69,le
3093,0.6.70,pays
3094,0.6.71,=)
3095,0.6.72,se
3096,0.6.73,dé-
3097,0.6.74,chaîne
3098,0.6.75,dans
3099,0.6.76,le
3100,0.6.77,pays
3101,0.6.78,en
3102,0.6.79,révolte».
3103,0.6.80,2.
3104,0.6.81,UN
3105,0.6.82,B
3106,0.6.83,67:
3107,0.6.84,u
3108,0.6.85,4-
3109,0.6.86,r
3110,0.6.87,i-
3111,0.6.88,m
3112,0.6.89,a
3113,0.6.90,p
3114,0.6.91,e
3115,0.6.92,-
3116,0.6.93,e
3117,0.6.94,m
3118,0.6.95,u
3119,0.6.96,-ni-ib-{sˇa}
3120,0.6.97,?-
3121,0.6.98,a
3122,0.6.99,sˇ
3123,0.6.100,(B)14
3124,0.6.101,//
3125,0.6.102,urim
3126,0.6.103,2
3127,0.6.104,k
3128,0.6.105,i-ma
3129,0.6.106,[p]a-e
3130,0.6.107,3
3131,0.6.108,m
3132,0.6.109,u
3133,0.6.110,-
3134,0.6.111,n
3135,0.6.112,i
3136,0.6.113,-
3137,0.6.114,i
3138,0.6.115,b
3139,0.6.116,-ak
3140,0.6.117,(A)
3141,0.6.118,//
3142,0.6.119,[
3143,0.6.120,u
3144,0.6.121,r
3145,0.6.122,i]
3146,0.6.123,m
3147,0.6.124,5
3148,0.6.125,k
3149,0.6.126,i-ma
3150,0.6.127,pa-e
3151,0.6.128,3
3152,0.6.129,[ä]u-mu-ni-ib2-
3153,0.6.130,ak
3154,0.6.131,(D)
3155,0.6.132,«A
3156,0.6.133,"Ur,"
3157,0.6.134,il
3158,0.6.135,(le
3159,0.6.136,trône)
3160,0.6.137,a
3161,0.6.138,été
3162,0.6.139,rendu
3163,0.6.140,resplendissant».
3164,0.6.141,3.
3165,0.6.142,SˇA
3166,0.6.143,78:
3167,0.6.144,{
3168,0.6.145,u
3169,0.6.146,4}
3170,0.6.147,[asˇ]-am
3171,0.6.148,3
3172,0.6.149,n
3173,0.6.150,i
3174,0.6.151,b
3175,0.6.152,r
3176,0.6.153,u
3177,0.6.154,k
3178,0.6.155,i
3179,0.6.156,u
3180,0.6.157,r
3181,0.6.158,i
3182,0.6.159,m
3183,0.6.160,5
3184,0.6.161,k
3185,0.6.162,i-ma
3186,0.6.163,esˇ
3187,0.6.164,3-esˇ
3188,0.6.165,3-
3189,0.6.166,b
3190,0.6.167,i
3191,0.6.168,äu
3192,0.6.169,-
3193,0.6.170,m
3194,0.6.171,u
3195,0.6.172,-
3196,0.6.173,u
3197,0.6.174,n
3198,0.6.175,-asˇ.asˇ?
3199,0.6.176,(YBC
3200,0.6.177,16156;
3201,0.6.178,courtoisie
3202,0.6.179,P.
3203,0.6.180,Delnero)
3204,0.6.181,//
3205,0.6.182,ä
3206,0.6.183,u
3207,0.6.184,-
3208,0.6.185,m
3209,0.6.186,u
3210,0.6.187,(
3211,0.6.188,-
3212,0.6.189,u
3213,0.6.190,n
3214,0.6.191,)-ak
3215,0.6.192,(×
3216,0.6.193,4)
3217,0.6.194,"//,"
3218,0.6.195,«En
3219,0.6.196,un
3220,0.6.197,seul
3221,0.6.198,"jour,"
3222,0.6.199,je
3223,0.6.200,cé-
3224,0.6.201,lébrai
3225,0.6.202,la
3226,0.6.203,fête
3227,0.6.204,esˇesˇ
3228,0.6.205,à
3229,0.6.206,Nippur
3230,0.6.207,et
3231,0.6.208,à
3232,0.6.209,Ur».
3233,0.6.210,On
3234,0.6.211,peut
3235,0.6.212,se
3236,0.6.213,demander
3237,0.6.214,s’il
3238,0.6.215,n’y
3239,0.6.216,a
3240,0.6.217,pas
3241,0.6.218,là
3242,0.6.219,un
3243,0.6.220,jeu
3244,0.6.221,graphi-
3245,0.6.222,que/de
3246,0.6.223,mots
3247,0.6.224,sur
3248,0.6.225,u
3249,0.6.226,4
3250,0.6.227,asˇ-
3251,0.6.228,a
3252,0.6.229,m
3253,0.6.230,3
3254,0.6.231,et
3255,0.6.232,esˇ
3256,0.6.233,3-esˇ
3257,0.6.234,3.
3258,0.6.235,En
3259,0.6.236,faveur
3260,0.6.237,d’une
3261,0.6.238,réelle
3262,0.6.239,variante
3263,0.6.240,plaide
3264,0.6.241,peut-être
3265,0.6.242,VV
3266,0.6.243,(Ni.)
3267,0.6.244,ä
3268,0.6.245,u
3269,0.6.246,-
3270,0.6.247,m
3271,0.6.248,u
3272,0.6.249,!-sar-
3273,0.6.250,a
3274,0.6.251,","
3275,0.6.252,qui
3276,0.6.253,pourrait
3277,0.6.254,s’expliquer
3278,0.6.255,par
3279,0.6.256,sar
3280,0.6.257,=
3281,0.6.258,sˇa
3282,0.6.259,8
3283,0.6.260,(Sa
3284,0.6.261,203
3285,0.6.262,S)
3286,0.6.263,ou
3287,0.6.264,sar
3288,0.6.265,=
3289,0.6.266,nisˇa
3290,0.6.267,x
3291,0.6.268,(ib.
3292,0.6.269,205).
3293,0.6.270,4.
3294,0.6.271,"Cavigneaux/al-Rawi,"
3295,0.6.272,ZA
3296,0.6.273,"85,"
3297,0.6.274,21
3298,0.6.275,MA
3299,0.6.276,7
3300,0.6.277,//:
3301,0.6.278,lu
3302,0.6.279,2-lu
3303,0.6.280,7
3304,0.6.281,n
3305,0.6.282,i
3306,0.6.283,gˆ
3307,0.6.284,2-ak
3308,0.6.285,im-me-eb-sˇa
3309,0.6.286,-
3310,0.6.287,sˇa-ne
3311,0.6.288,2
3312,0.6.289,(MA
3313,0.6.290,[Tell
3314,0.6.291,Haddad])
3315,0.6.292,//
3316,0.6.293,im
3317,0.6.294,-
3318,0.6.295,m
3319,0.6.296,i-ib-sˇa-[…]
3320,0.6.297,(MB
3321,0.6.298,[Tell
3322,0.6.299,Haddad])
3323,0.6.300,/
3324,0.6.301,/
3325,0.6.302,im
3326,0.6.303,-m
3327,0.6.304,i-in-
3328,0.6.305,ak.ak-[n
3329,0.6.306,]e
3330,0.6.307,(C
3331,0.6.308,[prov.
3332,0.6.309,inc.])
3333,0.6.310,//
3334,0.6.311,im
3335,0.6.312,-
3336,0.6.313,m
3337,0.6.314,i-in-ke
3338,0.6.315,4-ke
3339,0.6.316,4-n
3340,0.6.317,e
3341,0.6.318,(U
3342,0.6.319,[Ur])
3343,0.6.320,«Ils
3344,0.6.321,font
3345,0.6.322,des
3346,0.6.323,manipula-
3347,0.6.324,tions
3348,0.6.325,(magiques)
3349,0.6.326,contre
3350,0.6.327,l’homme»;
3351,0.6.328,comp.
3352,0.6.329,YOS
3353,0.6.330,"11,"
3354,0.6.331,70
3355,0.6.332,iii
3356,0.6.333,23
3357,0.6.334,(coll.
3358,0.6.335,"Cavigneaux/al-Rawi,"
3359,0.6.336,op.
3360,0.6.337,cit.
3361,0.6.338,32)
3362,0.6.339,l
3363,0.6.340,u
3364,0.6.341,2-
3365,0.6.342,lu
3366,0.6.343,7
3367,0.6.344,nigˆ
3368,0.6.345,2
3369,0.6.346,ak-ga
3370,0.6.347,im-mi-in-sˇa
3371,0.6.348,4-
3372,0.6.349,sˇa
3373,0.6.350,4-me-esˇ
3374,0.6.351,15.
3375,0.6.352,Pour
3376,0.6.353,les
3377,0.6.354,textes
3378,0.6.355,"lexicaux,"
3379,0.6.356,cf.
3380,0.6.357,Proto-Ea
3381,0.6.358,526
3382,0.6.359,sˇa(-a
3383,0.6.360,)
3384,0.6.361,ak.
3385,0.6.362,–
3386,0.6.363,van
3387,0.6.364,"Soldt,"
3388,0.6.365,Mél.
3389,0.6.366,Houwink
3390,0.6.367,ten
3391,0.6.368,Cate
3392,0.6.369,280
3393,0.6.370,Side
3394,0.6.371,A
3395,0.6.372,ii
3396,0.6.373,16
3397,0.6.374,sˇa
3398,0.6.375,ak
3399,0.6.376,e-pe2-sˇum.
3400,0.6.377,–
3401,0.6.378,Ea
3402,0.6.379,VIII
3403,0.6.380,21
3404,0.6.381,sˇa
3405,0.6.382,2-a
3406,0.6.383,ak
3407,0.6.384,[äa-sa]-{su}.
3408,0.6.385,–
3409,0.6.386,Aa
3410,0.6.387,VIII/1:49
3411,0.6.388,sq.
3412,0.6.389,sˇa
3413,0.6.390,2-a
3414,0.6.391,ak
3415,0.6.392,"äa-sa-su,"
3416,0.6.393,äu-su-su.
3417,0.6.394,–
3418,0.6.395,MSL
3419,0.6.396,"14,"
3420,0.6.397,484:8
3421,0.6.398,(Assur
3422,0.6.399,MA
3423,0.6.400,Excerpt)
3424,0.6.401,{
3425,0.6.402,sˇa}-a
3426,0.6.403,ak
3427,0.6.404,x-[…].
3428,0.6.405,–
3429,0.6.406,Rec.
3430,0.6.407,Ea
3431,0.6.408,172
3432,0.6.409,min
3433,0.6.410,(sˇa
3434,0.6.411,2-a
3435,0.6.412,)
3436,0.6.413,a[k?
3437,0.6.414,äasasu].
3438,0.6.415,–
3439,0.6.416,Ant.
3440,0.6.417,E
3441,0.6.418,iii
3442,0.6.419,19
3443,0.6.420,aksˇa
3444,0.6.421,2-sˇa
3445,0.6.422,2.ak
3446,0.6.423,äu-up-pu-u2
3447,0.6.424,sˇa2
3448,0.6.425,gi.
3449,0.6.426,–
3450,0.6.427,Proto-Izi
3451,0.6.428,II
3452,0.6.429,225
3453,0.6.430,I
3454,0.6.431,nam-mu
3455,0.6.432,?-e-a
3456,0.6.433,asˇ
3457,0.6.434,//
3458,0.6.435,nam-{mu}
3459,0.6.436,?-a
3460,0.6.437,ak
3461,0.6.438,(A);
3462,0.6.439,«asˇ»
3463,0.6.440,pourrait
3464,0.6.441,être
3465,0.6.442,un
3466,0.6.443,ak
3467,0.6.444,non
3468,0.6.445,terminé
3469,0.6.446,(comp.
3470,0.6.447,"Cavigneaux,"
3471,0.6.448,NABU
3472,0.6.449,1998/75).
3473,0.6.450,Quelques
3474,0.6.451,remarques
3475,0.6.452,s’imposent:
3476,0.6.453,–
3477,0.6.454,Un
3478,0.6.455,seul
3479,0.6.456,et
3480,0.6.457,même
3481,0.6.458,texte
3482,0.6.459,peut
3483,0.6.460,avoir
3484,0.6.461,sˇa-sˇa
3485,0.6.462,et
3486,0.6.463,ak
3487,0.6.464,(ex.
3488,0.6.465,"1–2,"
3489,0.6.466,texte
3490,0.6.467,D).
3491,0.6.468,–
3492,0.6.469,Au
3493,0.6.470,niveau
3494,0.6.471,"phonétique,"
3495,0.6.472,/sˇasˇ(
3496,0.6.473,a
3497,0.6.474,)/
3498,0.6.475,v.s.
3499,0.6.476,est
3500,0.6.477,attesté
3501,0.6.478,tant
3502,0.6.479,à
3503,0.6.480,l’initiale
3504,0.6.481,(ex.
3505,0.6.482,1)16
3506,0.6.483,qu’après
3507,0.6.484,/b/
3508,0.6.485,(ex.
3509,0.6.486,2
3510,0.6.487,et
3511,0.6.488,4)
3512,0.6.489,et
3513,0.6.490,peut-être
3514,0.6.491,/n/
3515,0.6.492,(ex.
3516,0.6.493,3).
3517,0.6.494,11
3518,0.6.495,Une
3519,0.6.496,hypothèse
3520,0.6.497,avancée
3521,0.6.498,(avec
3522,0.6.499,prudence)
3523,0.6.500,par
3524,0.6.501,A.
3525,0.6.502,"Cavigneaux,"
3526,0.6.503,qui
3527,0.6.504,envisage
3528,0.6.505,une
3529,0.6.506,palata-
3530,0.6.507,lisation
3531,0.6.508,de
3532,0.6.509,/k/;
3533,0.6.510,cf.
3534,0.6.511,surtout
3535,0.6.512,ASJ
3536,0.6.513,9
3537,0.6.514,(1987)
3538,0.6.515,49–51
3539,0.6.516,et
3540,0.6.517,NABU
3541,0.6.518,1998/75.
3542,0.6.519,12
3543,0.6.520,Texte
3544,0.6.521,datant
3545,0.6.522,peut-être
3546,0.6.523,d’Ur
3547,0.6.524,III;
3548,0.6.525,à
3549,0.6.526,la
3550,0.6.527,l.
3551,0.6.528,67
3552,0.6.529,(ex.
3553,0.6.530,"2),"
3554,0.6.531,D
3555,0.6.532,a
3556,0.6.533,ak!
3557,0.6.534,13
3558,0.6.535,Cavigneaux
3559,0.6.536,(ASJ
3560,0.6.537,"9,"
3561,0.6.538,49)
3562,0.6.539,préfère
3563,0.6.540,lire
3564,0.6.541,ta
3565,0.6.542,?-
3566,0.6.543,sˇ[a
3567,0.6.544,?];
3568,0.6.545,le
3569,0.6.546,asˇ
3570,0.6.547,!
3571,0.6.548,plaide
3572,0.6.549,toutefois
3573,0.6.550,en
3574,0.6.551,faveur
3575,0.6.552,d’un
3576,0.6.553,/sˇ/
3577,0.6.554,initial.
3578,0.6.555,14
3579,0.6.556,Noter
3580,0.6.557,m
3581,0.6.558,u
3582,0.6.559,-
3583,0.6.560,n
3584,0.6.561,i-
3585,0.6.562,ib
3586,0.6.563,-{sˇa}
3587,0.6.564,?-asˇ
3588,0.6.565,aux
3589,0.6.566,ll.
3590,0.6.567,65
3591,0.6.568,(//
3592,0.6.569,m
3593,0.6.570,u
3594,0.6.571,-n
3595,0.6.572,i-ib2-
3596,0.6.573,du(sˇa
3597,0.6.574,4))
3598,0.6.575,et
3599,0.6.576,68.
3600,0.6.577,Dans
3601,0.6.578,ce
3602,0.6.579,"cas,"
3603,0.6.580,on
3604,0.6.581,a
3605,0.6.582,probabl.
3606,0.6.583,affaire
3607,0.6.584,au
3608,0.6.585,verbe
3609,0.6.586,sˇa
3610,0.6.587,4(-asˇ)
3611,0.6.588,"«amener(?)»,"
3612,0.6.589,attesté
3613,0.6.590,par
3614,0.6.591,"ex,"
3615,0.6.592,dans
3616,0.6.593,sˇu
3617,0.6.594,d
3618,0.6.595,u
3619,0.6.596,3
3620,0.6.597,sˇa
3621,0.6.598,4(
3622,0.6.599,-
3623,0.6.600,a
3624,0.6.601,sˇ)
3625,0.6.602,(cf.
3626,0.6.603,P.
3627,0.6.604,"Attinger,"
3628,0.6.605,AfO
3629,0.6.606,46/47
3630,0.6.607,[1999/2000]
3631,0.6.608,264
3632,0.6.609,et
3633,0.6.610,NABU
3634,0.6.611,2001/41
3635,0.6.612,et
3636,0.6.613,n.
3637,0.6.614,9).
3638,0.6.615,Ici
3639,0.6.616,"aussi,"
3640,0.6.617,Cavigneaux
3641,0.6.618,(ASJ
3642,0.6.619,"9,"
3643,0.6.620,49
3644,0.6.621,sq.)
3645,0.6.622,juge
3646,0.6.623,m
3647,0.6.624,u
3648,0.6.625,-
3649,0.6.626,ni-ib-t
3650,0.6.627,a
3651,0.6.628,?-
3652,0.6.629,a
3653,0.6.630,sˇ
3654,0.6.631,épigr.
3655,0.6.632,préférable.
3656,0.6.633,15
3657,0.6.634,Dans
3658,0.6.635,Nungal
3659,0.6.636,16
3660,0.6.637,"I,"
3661,0.6.638,ak.ak(sˇa
3662,0.6.639,5-sˇa
3663,0.6.640,5)-d
3664,0.6.641,am
3665,0.6.642,est
3666,0.6.643,certainement
3667,0.6.644,secondaire;
3668,0.6.645,les
3669,0.6.646,autres
3670,0.6.647,dupl.
3671,0.6.648,ont
3672,0.6.649,sˇa
3673,0.6.650,-
3674,0.6.651,sˇa-
3675,0.6.652,(×
3676,0.6.653,5).
3677,0.6.654,16
3678,0.6.655,Mais
3679,0.6.656,noter
3680,0.6.657,le
3681,0.6.658,sandhi
3682,0.6.659,probable
3683,0.6.660,dans
3684,0.6.661,le
3685,0.6.662,texte
3686,0.6.663,B
3687,0.6.664,(cf.
3688,0.6.665,n.
3689,0.6.666,13)!
3690,0.7.0,A
3691,0.7.1,propos
3692,0.7.2,de
3693,0.7.3,ak
3694,0.7.4,«faire»
3695,0.7.5,(I)
3696,0.7.6,53
3697,0.7.7,–
3698,0.7.8,Morphologiquement
3699,0.7.9,"parlant,"
3700,0.7.10,/sˇasˇ/
3701,0.7.11,est
3702,0.7.12,une
3703,0.7.13,forme
3704,0.7.14,äamtu
3705,0.7.15,(ex.
3706,0.7.16,"2),"
3707,0.7.17,/sˇasˇa
3708,0.7.18,/
3709,0.7.19,une
3710,0.7.20,forme
3711,0.7.21,marû
3712,0.7.22,(ex.
3713,0.7.23,4
3714,0.7.24,et
3715,0.7.25,peut-être
3716,0.7.26,1).
3717,0.7.27,Cela
3718,0.7.28,semble
3719,0.7.29,plaider
3720,0.7.30,pour
3721,0.7.31,un
3722,0.7.32,verbe
3723,0.7.33,de
3724,0.7.34,la
3725,0.7.35,classe
3726,0.7.36,II
3727,0.7.37,(type
3728,0.7.38,gˆ
3729,0.7.39,ar/gˆ
3730,0.7.40,a
3731,0.7.41,2-
3732,0.7.42,gˆ
3733,0.7.43,a
3734,0.7.44,2).
3735,0.7.45,–
3736,0.7.46,asˇ.asˇ?
3737,0.7.47,(ex.
3738,0.7.48,3)
3739,0.7.49,pourrait
3740,0.7.50,être
3741,0.7.51,un
3742,0.7.52,contre-ex.
3743,0.7.53,(mais
3744,0.7.54,noter
3745,0.7.55,-sar
3746,0.7.56,dans
3747,0.7.57,VV!).
3748,0.7.58,–
3749,0.7.59,Dans
3750,0.7.60,l’ex.
3751,0.7.61,"4,"
3752,0.7.62,-sˇa-sˇa
3753,0.7.63,est
3754,0.7.64,//
3755,0.7.65,à
3756,0.7.66,-ke
3757,0.7.67,4-ke
3758,0.7.68,4.
3759,0.7.69,pe-e
3760,0.7.70,mu-ni-ib-
3761,0.7.71,{sˇa}
3762,0.7.72,?-asˇ
3763,0.7.73,(ex.
3764,0.7.74,2)
3765,0.7.75,doit
3766,0.7.76,"être,"
3767,0.7.77,de
3768,0.7.78,son
3769,0.7.79,"côté,"
3770,0.7.80,rapproché
3771,0.7.81,de
3772,0.7.82,pa-e
3773,0.7.83,3
3774,0.7.84,ba-ni-a
3775,0.7.85,(Gud.
3776,0.7.86,Cyl.
3777,0.7.87,A
3778,0.7.88,26:19
3779,0.7.89,[3e
3780,0.7.90,sg.
3781,0.7.91,"ä.]),"
3782,0.7.92,ce
3783,0.7.93,qui
3784,0.7.94,assure
3785,0.7.95,pour
3786,0.7.96,les
3787,0.7.97,f.
3788,0.7.98,ä.
3789,0.7.99,conj.
3790,0.7.100,de
3791,0.7.101,pa-e
3792,0.7.102,3
3793,0.7.103,ak
3794,0.7.104,les
3795,0.7.105,lectures
3796,0.7.106,/sˇa
3797,0.7.107,sˇ/
3798,0.7.108,et
3799,0.7.109,/a(
3800,0.7.110,k
3801,0.7.111,)/.
3802,0.7.112,–
3803,0.7.113,Dans
3804,0.7.114,les
3805,0.7.115,textes
3806,0.7.116,"lex.,"
3807,0.7.117,sˇa
3808,0.7.118,5
3809,0.7.119,est
3810,0.7.120,rendu
3811,0.7.121,le
3812,0.7.122,plus
3813,0.7.123,souvent
3814,0.7.124,par
3815,0.7.125,äasasu
3816,0.7.126,G/D
3817,0.7.127,"«couper,"
3818,0.7.128,briser
3819,0.7.129,(roseaux)».
3820,0.7.130,Cette
3821,0.7.131,traduction
3822,0.7.132,est
3823,0.7.133,toutefois
3824,0.7.134,également
3825,0.7.135,celle
3826,0.7.136,de
3827,0.7.137,(a-ka
3828,0.7.138,ak)
3829,0.7.139,=
3830,0.7.140,{
3831,0.7.141,äu-su2-sum}
3832,0.7.142,dans
3833,0.7.143,MSL
3834,0.7.144,"14,"
3835,0.7.145,120
3836,0.7.146,n°
3837,0.7.147,7
3838,0.7.148,ii
3839,0.7.149,25!
3840,0.7.150,Ces
3841,0.7.151,faits
3842,0.7.152,ne
3843,0.7.153,me
3844,0.7.154,semblent
3845,0.7.155,guère
3846,0.7.156,plaider
3847,0.7.157,pour
3848,0.7.158,une
3849,0.7.159,palatalisation
3850,0.7.160,de
3851,0.7.161,/k/
3852,0.7.162,ou
3853,0.7.163,pour
3854,0.7.164,des
3855,0.7.165,formes
3856,0.7.166,en
3857,0.7.167,distribution
3858,0.7.168,"complémentaire,"
3859,0.7.169,et
3860,0.7.170,je
3861,0.7.171,juge
3862,0.7.172,provisoire-
3863,0.7.173,ment
3864,0.7.174,plus
3865,0.7.175,plausible
3866,0.7.176,l’hypothèse
3867,0.7.177,de
3868,0.7.178,deux
3869,0.7.179,verbes
3870,0.7.180,partiellement
3871,0.7.181,synonymes.
3872,0.7.182,3.
3873,0.7.183,Graphies
3874,0.7.184,(non-)standard
3875,0.7.185,et
3876,0.7.186,gloses
3877,0.7.187,de
3878,0.7.188,lecture
3879,0.7.189,de
3880,0.7.190,AK
3881,0.7.191,Le
3882,0.7.192,lecteur
3883,0.7.193,trouvera
3884,0.7.194,ci-dessous
3885,0.7.195,une
3886,0.7.196,discussion
3887,0.7.197,succincte
3888,0.7.198,des
3889,0.7.199,graphies
3890,0.7.200,standard
3891,0.7.201,et
3892,0.7.202,la
3893,0.7.203,liste
3894,0.7.204,des
3895,0.7.205,graphies
3896,0.7.206,non-standard
3897,0.7.207,de
3898,0.7.208,"ak,"
3899,0.7.209,classées
3900,0.7.210,selon
3901,0.7.211,les
3902,0.7.212,ty-
3903,0.7.213,pes
3904,0.7.214,de
3905,0.7.215,conjugaison
3906,0.7.216,et
3907,0.7.217,les
3908,0.7.218,époques.
3909,0.7.219,3.1
3910,0.7.220,Dans
3911,0.7.221,les
3912,0.7.222,formes
3913,0.7.223,äamtu
3914,0.7.224,conjuguées
3915,0.7.225,non-impératives
3916,0.7.226,3.1.1
3917,0.7.227,En
3918,0.7.228,finale
3919,0.7.229,absolue
3920,0.7.230,Ecrit
3921,0.7.231,régulièrement
3922,0.7.232,ak
3923,0.7.233,=
3924,0.7.234,a
3925,0.7.235,5.
3926,0.7.236,Noter
3927,0.7.237,les
3928,0.7.238,gr.
3929,0.7.239,non-standard
3930,0.7.240,suivantes:
3931,0.7.241,Ebla
3932,0.7.242,-a
3933,0.7.243,=
3934,0.7.244,{ak}:
3935,0.7.245,ba
3936,0.7.246,4-a-da
3937,0.7.247,(BFE
3938,0.7.248,64
3939,0.7.249,n°
3940,0.7.250,9
3941,0.7.251,ii
3942,0.7.252,5);
3943,0.7.253,mu-na-a
3944,0.7.254,(ib.
3945,0.7.255,3);
3946,0.7.256,nu-a-da
3947,0.7.257,(ib.
3948,0.7.258,8).
3949,0.7.259,Comp.
3950,0.7.260,la
3951,0.7.261,valeur
3952,0.7.262,syllabique
3953,0.7.263,a
3954,0.7.264,5
3955,0.7.265,de
3956,0.7.266,ak
3957,0.7.267,à
3958,0.7.268,Abu
3959,0.7.269,Salabiä
3960,0.7.270,(M.
3961,0.7.271,"Krebernik,"
3962,0.7.272,OBO
3963,0.7.273,160/3
3964,0.7.274,[1998]
3965,0.7.275,286
3966,0.7.276,et
3967,0.7.277,n.
3968,0.7.278,541).
3969,0.7.279,-n
3970,0.7.280,a
3971,0.7.281,=
3972,0.7.282,{n
3973,0.7.283,+
3974,0.7.284,ak}:
3975,0.7.285,mun-na
3976,0.7.286,(BFE
3977,0.7.287,74
3978,0.7.288,n°
3979,0.7.289,10
3980,0.7.290,iv
3981,0.7.291,5
3982,0.7.292,et
3983,0.7.293,peut-être
3984,0.7.294,6)
3985,0.7.295,et
3986,0.7.296,m
3987,0.7.297,un
3988,0.7.298,x(bulug3)-n
3989,0.7.299,a
3990,0.7.300,-
3991,0.7.301,n
3992,0.7.302,a
3993,0.7.303,=
3994,0.7.304,{mu
3995,0.7.305,+
3996,0.7.306,na
3997,0.7.307,+
3998,0.7.308,n
3999,0.7.309,+
4000,0.7.310,ak}
4001,0.7.311,(ib.
4002,0.7.312,64
4003,0.7.313,n°
4004,0.7.314,9
4005,0.7.315,i
4006,0.7.316,7;
4007,0.7.317,m
4008,0.7.318,u
4009,0.7.319,-
4010,0.7.320,n
4011,0.7.321,a
4012,0.7.322,-
4013,0.7.323,a
4014,0.7.324,en
4015,0.7.325,ii
4016,0.7.326,3!).
4017,0.7.327,Epoque
4018,0.7.328,d’Akkad
4019,0.7.329,-na-AK
4020,0.7.330,=
4021,0.7.331,{n
4022,0.7.332,+
4023,0.7.333,ak}:
4024,0.7.334,b
4025,0.7.335,a-
4026,0.7.336,n
4027,0.7.337,i-
4028,0.7.338,n
4029,0.7.339,a
4030,0.7.340,(OSP
4031,0.7.341,"2,"
4032,0.7.342,75:17).
4033,0.7.343,"Gudea,"
4034,0.7.344,Ur
4035,0.7.345,III
4036,0.7.346,litt.
4037,0.7.347,-a
4038,0.7.348,=
4039,0.7.349,{ak}:
4040,0.7.350,b
4041,0.7.351,a
4042,0.7.352,-n
4043,0.7.353,i
4044,0.7.354,-a
4045,0.7.355,(Cyl.
4046,0.7.356,A
4047,0.7.357,26:19).
4048,0.7.358,-b
4049,0.7.359,a
4050,0.7.360,=
4051,0.7.361,{b
4052,0.7.362,+
4053,0.7.363,ak}:
4054,0.7.364,b
4055,0.7.365,a-
4056,0.7.366,n
4057,0.7.367,i-
4058,0.7.368,b
4059,0.7.369,a
4060,0.7.370,"(Finkel,"
4061,0.7.371,CM
4062,0.7.372,"10,"
4063,0.7.373,79
4064,0.7.374,=
4065,0.7.375,TMH
4066,0.7.376,"6,"
4067,0.7.377,6:14–18);
4068,0.7.378,ba-ra-ba
4069,0.7.379,(ib.
4070,0.7.380,8
4071,0.7.381,[incertain]);
4072,0.7.382,ib2-b
4073,0.7.383,a
4074,0.7.384,"(Steinkeller,"
4075,0.7.385,Mél.
4076,0.7.386,Wilcke
4077,0.7.387,273
4078,0.7.388,v
4079,0.7.389,22´17).
4080,0.7.390,17
4081,0.7.391,Vu
4082,0.7.392,les
4083,0.7.393,trois
4084,0.7.394,attestations
4085,0.7.395,de
4086,0.7.396,ib2-
4087,0.7.397,b
4088,0.7.398,a
4089,0.7.399,=
4090,0.7.400,{i
4091,0.7.401,+
4092,0.7.402,b
4093,0.7.403,+
4094,0.7.404,ak}
4095,0.7.405,dans
4096,0.7.406,les
4097,0.7.407,doc.
4098,0.7.408,écon.
4099,0.7.409,d’Ur
4100,0.7.410,III
4101,0.7.411,(cf.
4102,0.7.412,3.1.1
4103,0.7.413,Ur
4104,0.7.414,III
4105,0.7.415,écon./jur.
4106,0.7.416,s.v.
4107,0.7.417,-
4108,0.7.418,b
4109,0.7.419,a
4110,0.7.420,=
4111,0.7.421,{b
4112,0.7.422,+
4113,0.7.423,"ak}),"
4114,0.7.424,les
4115,0.7.425,réticences
4116,0.7.426,de
4117,0.7.427,Steinkeller
4118,0.7.428,(p.
4119,0.7.429,80)
4120,0.7.430,me
4121,0.7.431,semblent
4122,0.7.432,injustifiées.
4123,0.8.0,54
4124,0.8.1,Pascal
4125,0.8.2,Attinger
4126,0.8.3,-n
4127,0.8.4,a
4128,0.8.5,=
4129,0.8.6,/n/
4130,0.8.7,+
4131,0.8.8,{ak}:
4132,0.8.9,b
4133,0.8.10,a-
4134,0.8.11,n
4135,0.8.12,i-
4136,0.8.13,n
4137,0.8.14,a
4138,0.8.15,"(Finkel,"
4139,0.8.16,CM
4140,0.8.17,"10,"
4141,0.8.18,79
4142,0.8.19,=
4143,0.8.20,TMH
4144,0.8.21,"6,"
4145,0.8.22,6:7
4146,0.8.23,et
4147,0.8.24,11–13;
4148,0.8.25,"Sigrist,"
4149,0.8.26,ASJ
4150,0.8.27,"12,"
4151,0.8.28,159
4152,0.8.29,i
4153,0.8.30,3
4154,0.8.31,[cf.
4155,0.8.32,pp.
4156,0.8.33,154
4157,0.8.34,sq.]);
4158,0.8.35,[
4159,0.8.36,äe
4160,0.8.37,2]-
4161,0.8.38,m
4162,0.8.39,i-n
4163,0.8.40,a
4164,0.8.41,(Ur-Namma
4165,0.8.42,19:18
4166,0.8.43,ex.
4167,0.8.44,6
4168,0.8.45,//
4169,0.8.46,äe
4170,0.8.47,2-mi-ak);
4171,0.8.48,äe
4172,0.8.49,2-n
4173,0.8.50,a
4174,0.8.51,(Ur-Namma
4175,0.8.52,28:26
4176,0.8.53,et
4177,0.8.54,32
4178,0.8.55,ex.
4179,0.8.56,1);
4180,0.8.57,i
4181,0.8.58,3-n
4182,0.8.59,a
4183,0.8.60,"(Steinkeller,"
4184,0.8.61,Mél.
4185,0.8.62,Wilcke
4186,0.8.63,269
4187,0.8.64,sqq.
4188,0.8.65,i
4189,0.8.66,4
4190,0.8.67,et
4191,0.8.68,passim).
4192,0.8.69,Ur
4193,0.8.70,III
4194,0.8.71,écon./jur.
4195,0.8.72,-a
4196,0.8.73,=
4197,0.8.74,{AK}:
4198,0.8.75,NP
4199,0.8.76,im
4200,0.8.77,-
4201,0.8.78,m
4202,0.8.79,a-sˇi-
4203,0.8.80,a
4204,0.8.81,(CT
4205,0.8.82,"10,"
4206,0.8.83,31
4207,0.8.84,v
4208,0.8.85,5
4209,0.8.86,"[Lag.,"
4210,0.8.87,Sˇ
4211,0.8.88,"43],"
4212,0.8.89,HSS
4213,0.8.90,"4,"
4214,0.8.91,7
4215,0.8.92,i
4216,0.8.93,20
4217,0.8.94,"[Lag.,"
4218,0.8.95,Sˇ
4219,0.8.96,48]
4220,0.8.97,et
4221,0.8.98,MVN
4222,0.8.99,"17,"
4223,0.8.100,55
4224,0.8.101,i
4225,0.8.102,22
4226,0.8.103,"[Lag.,"
4227,0.8.104,AS
4228,0.8.105,4];
4229,0.8.106,comp.
4230,0.8.107,i
4231,0.8.108,m
4232,0.8.109,-m
4233,0.8.110,a-sˇi-ak
4234,0.8.111,dans
4235,0.8.112,SNATBM
4236,0.8.113,264
4237,0.8.114,rev.
4238,0.8.115,12
4239,0.8.116,"[Lag.,"
4240,0.8.117,AS
4241,0.8.118,2]
4242,0.8.119,et
4243,0.8.120,NG
4244,0.8.121,194:35´
4245,0.8.122,"[Lag.,"
4246,0.8.123,AS
4247,0.8.124,7]);
4248,0.8.125,b
4249,0.8.126,a-a
4250,0.8.127,(BCT
4251,0.8.128,"2,"
4252,0.8.129,3:12´
4253,0.8.130,"[Um.,"
4254,0.8.131,Sˇ
4255,0.8.132,25]).
4256,0.8.133,-b
4257,0.8.134,a
4258,0.8.135,=
4259,0.8.136,{b
4260,0.8.137,+
4261,0.8.138,ak}18:
4262,0.8.139,i
4263,0.8.140,3-
4264,0.8.141,n
4265,0.8.142,a-
4266,0.8.143,b
4267,0.8.144,a
4268,0.8.145,(PBS
4269,0.8.146,"13,"
4270,0.8.147,34
4271,0.8.148,[=
4272,0.8.149,"Wilcke,"
4273,0.8.150,AOAT
4274,0.8.151,"267,"
4275,0.8.152,638]
4276,0.8.153,4
4277,0.8.154,"[Ni.,"
4278,0.8.155,s.d.]);
4279,0.8.156,ib2-b
4280,0.8.157,a
4281,0.8.158,(YNER
4282,0.8.159,8
4283,0.8.160,pl.
4284,0.8.161,V
4285,0.8.162,n°
4286,0.8.163,3
4287,0.8.164,[=
4288,0.8.165,YOS
4289,0.8.166,"18,"
4290,0.8.167,122]
4291,0.8.168,iv
4292,0.8.169,4
4293,0.8.170,"[Um.,"
4294,0.8.171,AS
4295,0.8.172,"4],"
4296,0.8.173,NATN
4297,0.8.174,873:9
4298,0.8.175,"[Ni.,"
4299,0.8.176,IS
4300,0.8.177,"6],"
4301,0.8.178,"Owen/Wasilewska,"
4302,0.8.179,JCS
4303,0.8.180,"52,"
4304,0.8.181,17
4305,0.8.182,n°
4306,0.8.183,92:20
4307,0.8.184,"[Um.,"
4308,0.8.185,s.d.]).
4309,0.8.186,-ba
4310,0.8.187,=
4311,0.8.188,{b
4312,0.8.189,a
4313,0.8.190,+
4314,0.8.191,ak}:
4315,0.8.192,NP
4316,0.8.193,e
4317,0.8.194,2-e-a-na-ba
4318,0.8.195,"(Foxvog,"
4319,0.8.196,ASJ
4320,0.8.197,"18,"
4321,0.8.198,49–51/77
4322,0.8.199,sq.
4323,0.8.200,n°
4324,0.8.201,10
4325,0.8.202,i
4326,0.8.203,3
4327,0.8.204,"[Um.,"
4328,0.8.205,Sˇ
4329,0.8.206,46]19;
4330,0.8.207,comp.
4331,0.8.208,e
4332,0.8.209,2-
4333,0.8.210,e
4334,0.8.211,-
4335,0.8.212,a
4336,0.8.213,-
4337,0.8.214,n
4338,0.8.215,a
4339,0.8.216,-
4340,0.8.217,b
4341,0.8.218,a
4342,0.8.219,-ak
4343,0.8.220,dans
4344,0.8.221,UET
4345,0.8.222,"3,"
4346,0.8.223,1118:3
4347,0.8.224,[IS
4348,0.8.225,7]
4349,0.8.226,et
4350,0.8.227,1150:4
4351,0.8.228,[IS
4352,0.8.229,7]);
4353,0.8.230,NT
4354,0.8.231,m
4355,0.8.232,u
4356,0.8.233,-
4357,0.8.234,ri-na-ba
4358,0.8.235,(par
4359,0.8.236,ex.
4360,0.8.237,CTMMA
4361,0.8.238,"1,"
4362,0.8.239,25:24
4363,0.8.240,"[Dr.,"
4364,0.8.241,AS
4365,0.8.242,7]
4366,0.8.243,et
4367,0.8.244,StOr.
4368,0.8.245,"9/1,"
4369,0.8.246,32
4370,0.8.247,n°
4371,0.8.248,27:11
4372,0.8.249,"[Dr.,"
4373,0.8.250,IS
4374,0.8.251,"2]),"
4375,0.8.252,la
4376,0.8.253,gr.
4377,0.8.254,de
4378,0.8.255,"Drehem,"
4379,0.8.256,correspondant
4380,0.8.257,à
4381,0.8.258,m
4382,0.8.259,u
4383,0.8.260,-
4384,0.8.261,r
4385,0.8.262,i-a-na-ba-ak
4386,0.8.263,à
4387,0.8.264,Ur.
4388,0.8.265,L’étymologie
4389,0.8.266,du
4390,0.8.267,nom
4391,0.8.268,n’est
4392,0.8.269,toutefois
4393,0.8.270,pas
4394,0.8.271,assurée
4395,0.8.272,(cf.
4396,0.8.273,A.
4397,0.8.274,R.
4398,0.8.275,"George,"
4399,0.8.276,MC
4400,0.8.277,5
4401,0.8.278,[1993]
4402,0.8.279,128
4403,0.8.280,avec
4404,0.8.281,litt.
4405,0.8.282,ant.;
4406,0.8.283,D.
4407,0.8.284,O.
4408,0.8.285,"Edzard,"
4409,0.8.286,RlA
4410,0.8.287,8
4411,0.8.288,[1993–1997]
4412,0.8.289,433;
4413,0.8.290,W.
4414,0.8.291,W.
4415,0.8.292,"Hallo,"
4416,0.8.293,BiOr.
4417,0.8.294,56
4418,0.8.295,[1999]
4419,0.8.296,355).
4420,0.8.297,-ba-a
4421,0.8.298,=
4422,0.8.299,{b
4423,0.8.300,+
4424,0.8.301,ak}:
4425,0.8.302,Attesté
4426,0.8.303,probabl.
4427,0.8.304,dans
4428,0.8.305,TMH
4429,0.8.306,NF
4430,0.8.307,"1/2,"
4431,0.8.308,291:9
4432,0.8.309,"(Ni.,"
4433,0.8.310,SˇS
4434,0.8.311,2
4435,0.8.312,iii
4436,0.8.313,1)
4437,0.8.314,et
4438,0.8.315,NATN
4439,0.8.316,130:20
4440,0.8.317,"(Ni.,"
4441,0.8.318,SˇS
4442,0.8.319,2
4443,0.8.320,iv
4444,0.8.321,"22),"
4445,0.8.322,deux
4446,0.8.323,textes
4447,0.8.324,très
4448,0.8.325,proches
4449,0.8.326,rédigés
4450,0.8.327,sous
4451,0.8.328,la
4452,0.8.329,responsabilité
4453,0.8.330,de
4454,0.8.331,l
4455,0.8.332,u
4456,0.8.333,ga
4457,0.8.334,l-
4458,0.8.335,ku;
4459,0.8.336,structure:
4460,0.8.337,sˇu-nigˆ
4461,0.8.338,in
4462,0.8.339,2
4463,0.8.340,n
4464,0.8.341,gˆ
4465,0.8.342,urusˇ
4466,0.8.343,u
4467,0.8.344,4
4468,0.8.345,1-sˇe
4469,0.8.346,3
4470,0.8.347,g
4471,0.8.348,u
4472,0.8.349,r
4473,0.8.350,u
4474,0.8.351,m
4475,0.8.352,2
4476,0.8.353,ak
4477,0.8.354,a-sˇa
4478,0.8.355,3
4479,0.8.356,de
4480,0.8.357,n
4481,0.8.358,-
4482,0.8.359,l
4483,0.8.360,i
4484,0.8.361,l
4485,0.8.362,2-
4486,0.8.363,e
4487,0.8.364,-
4488,0.8.365,p
4489,0.8.366,a
4490,0.8.367,3-
4491,0.8.368,d
4492,0.8.369,a
4493,0.8.370,(
4494,0.8.371,-
4495,0.8.372,a
4496,0.8.373,)
4497,0.8.374,(
4498,0.8.375,u
4499,0.8.376,2
4500,0.8.377,ib2-
4501,0.8.378,zi
4502,0.8.379,2
4503,0.8.380,u
4504,0.8.381,3)
4505,0.8.382,al
4506,0.8.383,i
4507,0.8.384,3/ib2-b
4508,0.8.385,a-a
4509,0.8.386,«Total
4510,0.8.387,n
4511,0.8.388,hommes
4512,0.8.389,pour
4513,0.8.390,un
4514,0.8.391,jour;
4515,0.8.392,inspection
4516,0.8.393,du
4517,0.8.394,champ
4518,0.8.395,E.;
4519,0.8.396,ils
4520,0.8.397,ont
4521,0.8.398,(arraché
4522,0.8.399,des
4523,0.8.400,(mauvaises)
4524,0.8.401,herbes
4525,0.8.402,et)
4526,0.8.403,travaillé
4527,0.8.404,à
4528,0.8.405,la
4529,0.8.406,houe
4530,0.8.407,(?)».
4531,0.8.408,L’alternative
4532,0.8.409,serait
4533,0.8.410,d’analyser
4534,0.8.411,i
4535,0.8.412,3/
4536,0.8.413,i
4537,0.8.414,b2-b
4538,0.8.415,a-a
4539,0.8.416,en
4540,0.8.417,{i
4541,0.8.418,+
4542,0.8.419,b
4543,0.8.420,+
4544,0.8.421,ak
4545,0.8.422,+
4546,0.8.423,"’a}20,"
4547,0.8.424,ce
4548,0.8.425,qui
4549,0.8.426,me
4550,0.8.427,semble
4551,0.8.428,toutefois
4552,0.8.429,moins
4553,0.8.430,bien
4554,0.8.431,s’intégrer
4555,0.8.432,dans
4556,0.8.433,le
4557,0.8.434,contexte
4558,0.8.435,et
4559,0.8.436,supposerait
4560,0.8.437,par
4561,0.8.438,ailleurs
4562,0.8.439,l’amuïssement
4563,0.8.440,de
4564,0.8.441,/k/
4565,0.8.442,devant
4566,0.8.443,/<
4567,0.8.444,"/,"
4568,0.8.445,une
4569,0.8.446,évolution
4570,0.8.447,phonétique
4571,0.8.448,douteuse
4572,0.8.449,au
4573,0.8.450,vu
4574,0.8.451,tant
4575,0.8.452,des
4576,0.8.453,formes
4577,0.8.454,plus
4578,0.8.455,ancien-
4579,0.8.456,nes
4580,0.8.457,e
4581,0.8.458,-
4582,0.8.459,d
4583,0.8.460,a
4584,0.8.461,-ak-ka-am
4585,0.8.462,6
4586,0.8.463,(Ukg.
4587,0.8.464,16
4588,0.8.465,viii
4589,0.8.466,3)
4590,0.8.467,et
4591,0.8.468,{i
4592,0.8.469,3-na-ak}-k
4593,0.8.470,a
4594,0.8.471,"(Kienast/Volk,"
4595,0.8.472,FAOS
4596,0.8.473,"19,"
4597,0.8.474,102
4598,0.8.475,Gir
4599,0.8.476,26:13)
4600,0.8.477,que
4601,0.8.478,des
4602,0.8.479,gr.
4603,0.8.480,non-standard
4604,0.8.481,ou
4605,0.8.482,gloses
4606,0.8.483,pB
4607,0.8.484,-ak-ga
4608,0.8.485,","
4609,0.8.486,-ka-a
4610,0.8.487,et
4611,0.8.488,-na-ak-k
4612,0.8.489,a
4613,0.8.490,(v.
4614,0.8.491,infra
4615,0.8.492,3.1.2.1
4616,0.8.493,pB
4617,0.8.494,litt.).
4618,0.8.495,Noter
4619,0.8.496,par
4620,0.8.497,ailleurs
4621,0.8.498,que
4622,0.8.499,le
4623,0.8.500,/k/
4624,0.8.501,est
4625,0.8.502,préservé
4626,0.8.503,devant
4627,0.8.504,le
4628,0.8.505,gén.
4629,0.8.506,/a(
4630,0.8.507,k
4631,0.8.508,)/
4632,0.8.509,(NP
4633,0.8.510,e
4634,0.8.511,2-e-na-ba-ka
4635,0.8.512,dans
4636,0.8.513,NG
4637,0.8.514,"113:5,"
4638,0.8.515,19
4639,0.8.516,et
4640,0.8.517,49;
4641,0.8.518,v.
4642,0.8.519,aussi
4643,0.8.520,le
4644,0.8.521,NT
4645,0.8.522,m
4646,0.8.523,u
4647,0.8.524,-ri-a-na-ba-ak-ka-sˇe
4648,0.8.525,3
4649,0.8.526,[gén.21
4650,0.8.527,+
4651,0.8.528,term.]
4652,0.8.529,dans
4653,0.8.530,UET
4654,0.8.531,"3,"
4655,0.8.532,378:11
4656,0.8.533,[IS
4657,0.8.534,5]).
4658,0.8.535,Comp.
4659,0.8.536,infra
4660,0.8.537,-n
4661,0.8.538,a-a
4662,0.8.539,pour
4663,0.8.540,un
4664,0.8.541,problème
4665,0.8.542,ana-
4666,0.8.543,logue.
4667,0.8.544,Ceci
4668,0.8.545,"dit,"
4669,0.8.546,il
4670,0.8.547,est
4671,0.8.548,vrai
4672,0.8.549,que
4673,0.8.550,je
4674,0.8.551,ne
4675,0.8.552,puis
4676,0.8.553,justifier
4677,0.8.554,la
4678,0.8.555,graphie
4679,0.8.556,pleine
4680,0.8.557,-C
4681,0.8.558,a-a
4682,0.8.559,au
4683,0.8.560,lieu
4684,0.8.561,de
4685,0.8.562,-C
4686,0.8.563,a
4687,0.8.564,.
4688,0.8.565,-n
4689,0.8.566,a
4690,0.8.567,=
4691,0.8.568,/n/
4692,0.8.569,+
4693,0.8.570,{ak}:
4694,0.8.571,b
4695,0.8.572,i
4696,0.8.573,2-
4697,0.8.574,in
4698,0.8.575,-
4699,0.8.576,n
4700,0.8.577,a
4701,0.8.578,(TCS
4702,0.8.579,"1,"
4703,0.8.580,148
4704,0.8.581,[=
4705,0.8.582,LEM
4706,0.8.583,76
4707,0.8.584,=
4708,0.8.585,"Koslova,"
4709,0.8.586,AOAT
4710,0.8.587,"274,"
4711,0.8.588,244/249]
4712,0.8.589,14
4713,0.8.590,et
4714,0.8.591,20
4715,0.8.592,[s.d.]);
4716,0.8.593,ä
4717,0.8.594,e
4718,0.8.595,2-
4719,0.8.596,n
4720,0.8.597,a
4721,0.8.598,(TCS
4722,0.8.599,"1,"
4723,0.8.600,252:4
4724,0.8.601,[s.d.]
4725,0.8.602,et
4726,0.8.603,TCS
4727,0.8.604,"1,"
4728,0.8.605,279
4729,0.8.606,[=
4730,0.8.607,"Owen,"
4731,0.8.608,Or.
4732,0.8.609,"40,"
4733,0.8.610,397]
4734,0.8.611,9
4735,0.8.612,[s.d.]);
4736,0.8.613,in
4737,0.8.614,-
4738,0.8.615,n
4739,0.8.616,a
4740,0.8.617,(CT
4741,0.8.618,"10,"
4742,0.8.619,"44,"
4743,0.8.620,18962
4744,0.8.621,rev.
4745,0.8.622,25
4746,0.8.623,"[Lag.,"
4747,0.8.624,Sˇ
4748,0.8.625,43]
4749,0.8.626,et
4750,0.8.627,SNATBM
4751,0.8.628,373:8
4752,0.8.629,"[Um.,"
4753,0.8.630,AS
4754,0.8.631,5]);
4755,0.8.632,cf.
4756,0.8.633,infra
4757,0.8.634,5.530
4758,0.8.635,zi-isˇ-da
4759,0.8.636,(…)-sˇe
4760,0.8.637,3
4761,0.8.638,(ak).
4762,0.8.639,-na-a
4763,0.8.640,=
4764,0.8.641,{n
4765,0.8.642,+
4766,0.8.643,ak}:
4767,0.8.644,Attesté
4768,0.8.645,peut-être
4769,0.8.646,dans
4770,0.8.647,BE
4771,0.8.648,"3/1,"
4772,0.8.649,84
4773,0.8.650,"(Um.,"
4774,0.8.651,Sˇ
4775,0.8.652,48):
4776,0.8.653,(iii
4777,0.8.654,46)
4778,0.8.655,u
4779,0.8.656,2
4780,0.8.657,sig7-a
4781,0.8.658,/
4782,0.8.659,13
4783,0.8.660,{1/2}
4784,0.8.661,sa
4785,0.8.662,r
4786,0.8.663,{kigˆ
4787,0.8.664,2
4788,0.8.665,ka}
4789,0.8.666,/
4790,0.8.667,kugˆ
4791,0.8.668,-zi-da
4792,0.8.669,/
4793,0.8.670,30
4794,0.8.671,sar
4795,0.8.672,kigˆ
4796,0.8.673,2
4797,0.8.674,{
4798,0.8.675,ka}
4799,0.8.676,/
4800,0.8.677,mu
4801,0.8.678,kigˆ
4802,0.8.679,2
4803,0.8.680,i
4804,0.8.681,7
4805,0.8.682,ka
4806,0.8.683,/
4807,0.8.684,a-ra-
4808,0.8.685,aä-tu
4809,0.8.686,m
4810,0.8.687,-
4811,0.8.688,m
4812,0.8.689,a
4813,0.8.690,-{
4814,0.8.691,ka}-
4815,0.8.692,sˇe
4816,0.8.693,3
4817,0.8.694,/
4818,0.8.695,äe
4819,0.8.696,2-
4820,0.8.697,til
4821,0.8.698,3
4822,0.8.699,b
4823,0.8.700,a-n
4824,0.8.701,a-a
4825,0.8.702,(peu
4826,0.8.703,clair);
4827,0.8.704,ici
4828,0.8.705,"aussi,"
4829,0.8.706,on
4830,0.8.707,peut
4831,0.8.708,hésiter
4832,0.8.709,entre
4833,0.8.710,{b
4834,0.8.711,a
4835,0.8.712,+
4836,0.8.713,n
4837,0.8.714,+
4838,0.8.715,ak}
4839,0.8.716,et
4840,0.8.717,{ba
4841,0.8.718,+
4842,0.8.719,n
4843,0.8.720,+
4844,0.8.721,ak
4845,0.8.722,+
4846,0.8.723,"<a},"
4847,0.8.724,avec
4848,0.8.725,amuïssement
4849,0.8.726,du
4850,0.8.727,/k/
4851,0.8.728,devant
4852,0.8.729,/
4853,0.8.730,</.
4854,0.8.731,V.
4855,0.8.732,en
4856,0.8.733,général
4857,0.8.734,supra
4858,0.8.735,à
4859,0.8.736,propos
4860,0.8.737,de
4861,0.8.738,-
4862,0.8.739,b
4863,0.8.740,a
4864,0.8.741,-
4865,0.8.742,a
4866,0.8.743,.
4867,0.8.744,18
4868,0.8.745,Cf.
4869,0.8.746,"Wilcke,"
4870,0.8.747,AOAT
4871,0.8.748,267
4872,0.8.749,(1999)
4873,0.8.750,627
4874,0.8.751,et
4875,0.8.752,n.
4876,0.8.753,118.
4877,0.8.754,19
4878,0.8.755,Pour
4879,0.8.756,le
4880,0.8.757,génitif
4881,0.8.758,e
4882,0.8.759,2-e-na-ba-ka
4883,0.8.760,(NG
4884,0.8.761,"113:5,"
4885,0.8.762,19
4886,0.8.763,et
4887,0.8.764,49
4888,0.8.765,"[Lag.,"
4889,0.8.766,"s.d.]),"
4890,0.8.767,cf.
4891,0.8.768,infra
4892,0.8.769,3.1.2.2
4893,0.8.770,Ur
4894,0.8.771,III.
4895,0.8.772,20
4896,0.8.773,Ainsi
4897,0.8.774,"Wilcke,"
4898,0.8.775,AOAT
4899,0.8.776,"267,"
4900,0.8.777,127
4901,0.8.778,n.
4902,0.8.779,18:
4903,0.8.780,"«(Männer-Arbeitstage,"
4904,0.8.781,an
4905,0.8.782,denen)
4906,0.8.783,Hackarbeit
4907,0.8.784,verrichtet
4908,0.8.785,wurde».
4909,0.8.786,Sallaberger
4910,0.8.787,me
4911,0.8.788,fait
4912,0.8.789,remarquer
4913,0.8.790,(communication
4914,0.8.791,privée):
4915,0.8.792,«Wäre
4916,0.8.793,*ib2+B+a
4917,0.8.794,in
4918,0.8.795,Ur
4919,0.8.796,III-Urkunden
4920,0.8.797,wahrscheinlich?
4921,0.8.798,Mir
4922,0.8.799,"scheint,"
4923,0.8.800,dass
4924,0.8.801,man
4925,0.8.802,alternativ
4926,0.8.803,for-
4927,0.8.804,muliert:
4928,0.8.805,entweder
4929,0.8.806,ib2-B
4930,0.8.807,v.s.
4931,0.8.808,oder
4932,0.8.809,B-a».
4933,0.8.810,21
4934,0.8.811,Ou
4935,0.8.812,double
4936,0.8.813,génitif
4937,0.8.814,(alternative
4938,0.8.815,proposée
4939,0.8.816,par
4940,0.8.817,Sallaberger).
4941,0.9.0,A
4942,0.9.1,propos
4943,0.9.2,de
4944,0.9.3,ak
4945,0.9.4,«faire»
4946,0.9.5,(I)
4947,0.9.6,55
4948,0.9.7,pB
4949,0.9.8,litt.
4950,0.9.9,(-a):
4951,0.9.10,Dans
4952,0.9.11,FI
4953,0.9.12,D3
4954,0.9.13,(prov.
4955,0.9.14,inc.)
4956,0.9.15,i
4957,0.9.16,"5,"
4958,0.9.17,28
4959,0.9.18,(=
4960,0.9.19,l.
4961,0.9.20,24)
4962,0.9.21,et
4963,0.9.22,30
4964,0.9.23,"sq.,"
4965,0.9.24,-ak
4966,0.9.25,pourrait
4967,0.9.26,recouvrir
4968,0.9.27,-a
4969,0.9.28,(nominalisation)
4970,0.9.29,ou
4971,0.9.30,-am
4972,0.9.31,3
4973,0.9.32,(cf.
4974,0.9.33,surtout
4975,0.9.34,l.
4976,0.9.35,24
4977,0.9.36,t
4978,0.9.37,i
4979,0.9.38,l
4980,0.9.39,3-
4981,0.9.40,a
4982,0.9.41,5
4983,0.9.42,//
4984,0.9.43,tu
4985,0.9.44,-lu
4986,0.9.45,-a
4987,0.9.46,"),"
4988,0.9.47,dans
4989,0.9.48,TplHy.
4990,0.9.49,317
4991,0.9.50,"Ur2,"
4992,0.9.51,c’est
4993,0.9.52,une
4994,0.9.53,gr.
4995,0.9.54,du
4996,0.9.55,loc.
4997,0.9.56,-a.
4998,0.9.57,-a-[x]
4999,0.9.58,=
5000,0.9.59,{ak}:
5001,0.9.60,[b
5002,0.9.61,]
5003,0.9.62,i-{e
5004,0.9.63,-
5005,0.9.64,a}-
5006,0.9.65,[x
5007,0.9.66,]
5008,0.9.67,(InEb.
5009,0.9.68,171
5010,0.9.69,LLL
5011,0.9.70,[Tell
5012,0.9.71,Haddad];
5013,0.9.72,courtoisie
5014,0.9.73,A.
5015,0.9.74,Cavi-
5016,0.9.75,gneaux/M.
5017,0.9.76,Jaques)
5018,0.9.77,//
5019,0.9.78,b
5020,0.9.79,i
5021,0.9.80,2-
5022,0.9.81,A
5023,0.9.82,K
5024,0.9.83,(1re
5025,0.9.84,sg.).
5026,0.9.85,-b
5027,0.9.86,a
5028,0.9.87,=
5029,0.9.88,{b
5030,0.9.89,+
5031,0.9.90,ak}:
5032,0.9.91,ba-ba
5033,0.9.92,(SˇB
5034,0.9.93,64
5035,0.9.94,B
5036,0.9.95,et
5037,0.9.96,C
5038,0.9.97,[Ni.]
5039,0.9.98,//
5040,0.9.99,b
5041,0.9.100,a
5042,0.9.101,-
5043,0.9.102,a
5044,0.9.103,b
5045,0.9.104,-ak
5046,0.9.105,[×
5047,0.9.106,5
5048,0.9.107,?]
5049,0.9.108,//);
5050,0.9.109,u
5051,0.9.110,b
5052,0.9.111,-
5053,0.9.112,b
5054,0.9.113,a
5055,0.9.114,(SP
5056,0.9.115,2.90
5057,0.9.116,TT
5058,0.9.117,et
5059,0.9.118,PPP
5060,0.9.119,[Ni.]
5061,0.9.120,//
5062,0.9.121,u
5063,0.9.122,b
5064,0.9.123,-ak
5065,0.9.124,[×
5066,0.9.125,3]).
5067,0.9.126,-ba
5068,0.9.127,=
5069,0.9.128,{b
5070,0.9.129,a
5071,0.9.130,+
5072,0.9.131,ak}:
5073,0.9.132,sˇa-ba
5074,0.9.133,(SˇC
5075,0.9.134,D
5076,0.9.135,39
5077,0.9.136,[Ni.];
5078,0.9.137,sˇa
5079,0.9.138,-
5080,0.9.139,b
5081,0.9.140,a
5082,0.9.141,-ak
5083,0.9.142,à
5084,0.9.143,la
5085,0.9.144,l.
5086,0.9.145,42).
5087,0.9.146,-
5088,0.9.147,"i-a-ak,"
5089,0.9.148,-ja-ak
5090,0.9.149,=
5091,0.9.150,{ak}
5092,0.9.151,(précédé
5093,0.9.152,de
5094,0.9.153,-sˇi-)
5095,0.9.154,:
5096,0.9.155,[ä]e
5097,0.9.156,2-
5098,0.9.157,em-{
5099,0.9.158,sˇi-i
5100,0.9.159,}-a-a[k]
5101,0.9.160,(Instr.
5102,0.9.161,Sˇur.
5103,0.9.162,80/85
5104,0.9.163,I7
5105,0.9.164,[Ni.]);
5106,0.9.165,*äe
5107,0.9.166,2-em-sˇi-
5108,0.9.167,j
5109,0.9.168,a
5110,0.9.169,-ak
5111,0.9.170,(GiÄ
5112,0.9.171,A
5113,0.9.172,22
5114,0.9.173,NiK22
5115,0.9.174,et
5116,0.9.175,Instr.
5117,0.9.176,Sˇur.
5118,0.9.177,270/263´/260
5119,0.9.178,U2
5120,0.9.179,[Ni.]).
5121,0.9.180,-
5122,0.9.181,i
5123,0.9.182,3/ja
5124,0.9.183,3
5125,0.9.184,=
5126,0.9.185,{ak}:
5127,0.9.186,V.
5128,0.9.187,-ni
5129,0.9.188,=
5130,0.9.189,{ak}.
5131,0.9.190,-ja
5132,0.9.191,=
5133,0.9.192,{ak}
5134,0.9.193,(précédé
5135,0.9.194,de
5136,0.9.195,"{e/j},"
5137,0.9.196,erg.
5138,0.9.197,2e
5139,0.9.198,sg.
5140,0.9.199,ä.:
5141,0.9.200,k
5142,0.9.201,igˆ
5143,0.9.202,2-
5144,0.9.203,sˇu
5145,0.9.204,(
5146,0.9.205,-
5147,0.9.206,){mu-ja}
5148,0.9.207,(Edubbâ
5149,0.9.208,2:84
5150,0.9.209,W
5151,0.9.210,[Kisˇ]
5152,0.9.211,//
5153,0.9.212,k
5154,0.9.213,igˆ
5155,0.9.214,2-
5156,0.9.215,sˇa
5157,0.9.216,4
5158,0.9.217,u
5159,0.9.218,3-mu
5160,0.9.219,(-
5161,0.9.220,e
5162,0.9.221,)
5163,0.9.222,-
5164,0.9.223,ak
5165,0.9.224,//);
5166,0.9.225,u
5167,0.9.226,2-bi-ja
5168,0.9.227,(FI
5169,0.9.228,33
5170,0.9.229,A4
5171,0.9.230,[Tell
5172,0.9.231,Haddad]
5173,0.9.232,//
5174,0.9.233,u
5175,0.9.234,3-
5176,0.9.235,b
5177,0.9.236,i
5178,0.9.237,2-
5179,0.9.238,ak);
5180,0.9.239,u
5181,0.9.240,2-
5182,0.9.241,me-re(-e
5183,0.9.242,)-ja
5184,0.9.243,"(Cavigneaux/al-Rawi,"
5185,0.9.244,ZA
5186,0.9.245,"83,"
5187,0.9.246,181
5188,0.9.247,MA
5189,0.9.248,58
5190,0.9.249,et
5191,0.9.250,60
5192,0.9.251,[Tell
5193,0.9.252,Haddad]).
5194,0.9.253,-n
5195,0.9.254,a
5196,0.9.255,=
5197,0.9.256,{n
5198,0.9.257,+
5199,0.9.258,ak}:
5200,0.9.259,b
5201,0.9.260,i-
5202,0.9.261,n
5203,0.9.262,a
5204,0.9.263,"(Cavigneaux/al-Rawi,"
5205,0.9.264,ZA
5206,0.9.265,"85,"
5207,0.9.266,21
5208,0.9.267,MA
5209,0.9.268,8
5210,0.9.269,sq.
5211,0.9.270,et
5212,0.9.271,MB
5213,0.9.272,8/9
5214,0.9.273,et
5215,0.9.274,10/11
5216,0.9.275,[Tell
5217,0.9.276,Haddad]
5218,0.9.277,//
5219,0.9.278,b
5220,0.9.279,i
5221,0.9.280,2-in
5222,0.9.281,-ak);
5223,0.9.282,b
5224,0.9.283,i
5225,0.9.284,2-
5226,0.9.285,n
5227,0.9.286,a
5228,0.9.287,(TMH
5229,0.9.288,NF
5230,0.9.289,"3,"
5231,0.9.290,26
5232,0.9.291,rev.
5233,0.9.292,9´);
5234,0.9.293,ä
5235,0.9.294,u
5236,0.9.295,-m
5237,0.9.296,u
5238,0.9.297,-n
5239,0.9.298,a
5240,0.9.299,"(Cavigneaux,"
5241,0.9.300,ASJ
5242,0.9.301,"9,"
5243,0.9.302,59
5244,0.9.303,rev.
5245,0.9.304,14–19
5246,0.9.305,[Kisˇ];
5247,0.9.306,cf.
5248,0.9.307,p.
5249,0.9.308,55);
5250,0.9.309,i
5251,0.9.310,3-
5252,0.9.311,n
5253,0.9.312,a
5254,0.9.313,"(SKL,"
5255,0.9.314,texte
5256,0.9.315,Su1
5257,0.9.316,[Suse]
5258,0.9.317,passim;
5259,0.9.318,cf.
5260,0.9.319,Th.
5261,0.9.320,Ja-
5262,0.9.321,"cobsen,"
5263,0.9.322,AS
5264,0.9.323,11
5265,0.9.324,[1939]
5266,0.9.325,34
5267,0.9.326,et
5268,0.9.327,n.
5269,0.9.328,71).
5270,0.9.329,Noter
5271,0.9.330,aussi
5272,0.9.331,la
5273,0.9.332,glose
5274,0.9.333,n
5275,0.9.334,a
5276,0.9.335,à
5277,0.9.336,b
5278,0.9.337,a
5279,0.9.338,-
5280,0.9.339,ni-in-ak
5281,0.9.340,"(Kramer,"
5282,0.9.341,AnSt.
5283,0.9.342,"30,"
5284,0.9.343,7
5285,0.9.344,sq.
5286,0.9.345,=
5287,0.9.346,CT
5288,0.9.347,"58,"
5289,0.9.348,42:79)
5290,0.9.349,et
5291,0.9.350,à
5292,0.9.351,m
5293,0.9.352,u
5294,0.9.353,-
5295,0.9.354,u
5296,0.9.355,n
5297,0.9.356,-ak
5298,0.9.357,"(Thureau-Dangin,"
5299,0.9.358,RA
5300,0.9.359,"19,"
5301,0.9.360,184
5302,0.9.361,sq.
5303,0.9.362,rev.
5304,0.9.363,24).
5305,0.9.364,-ni
5306,0.9.365,=
5307,0.9.366,{ak}
5308,0.9.367,(précédé
5309,0.9.368,ou
5310,0.9.369,suivi
5311,0.9.370,de
5312,0.9.371,/i/):
5313,0.9.372,ä
5314,0.9.373,e
5315,0.9.374,2-
5316,0.9.375,e
5317,0.9.376,m
5318,0.9.377,-
5319,0.9.378,m
5320,0.9.379,a
5321,0.9.380,-
5322,0.9.381,n
5323,0.9.382,i-
5324,0.9.383,i
5325,0.9.384,n-
5326,0.9.385,ni(ni/i3)
5327,0.9.386,(LU
5328,0.9.387,156
5329,0.9.388,W1
5330,0.9.389,[Ur]
5331,0.9.390,//
5332,0.9.391,äe
5333,0.9.392,2-em<<im>>-ma-{ni-in}-ak
5334,0.9.393,"[W,"
5335,0.9.394,Ur]
5336,0.9.395,//
5337,0.9.396,äe
5338,0.9.397,2-
5339,0.9.398,e
5340,0.9.399,m
5341,0.9.400,-
5342,0.9.401,ma-ak
5343,0.9.402,[x
5344,0.9.403,2]
5345,0.9.404,//);
5346,0.9.405,n
5347,0.9.406,a-m
5348,0.9.407,a-ra-
5349,0.9.408,ab-
5350,0.9.409,i
5351,0.9.410,3/ja
5352,0.9.411,3-g
5353,0.9.412,in
5354,0.9.413,7
5355,0.9.414,(InEb.
5356,0.9.415,32
5357,0.9.416,B
5358,0.9.417,[Ur])
5359,0.9.418,//
5360,0.9.419,n
5361,0.9.420,a-
5362,0.9.421,m
5363,0.9.422,a
5364,0.9.423,-
5365,0.9.424,r
5366,0.9.425,a
5367,0.9.426,-
5368,0.9.427,a
5369,0.9.428,b
5370,0.9.429,-ak-g
5371,0.9.430,in
5372,0.9.431,7
5373,0.9.432,//;
5374,0.9.433,comp.
5375,0.9.434,infra
5376,0.9.435,ja
5377,0.9.436,3
5378,0.9.437,=
5379,0.9.438,{ak
5380,0.9.439,+
5381,0.9.440,<
5382,0.9.441,a}
5383,0.9.442,(3.3.2.1
5384,0.9.443,ppB
5385,0.9.444,lex.).
5386,0.9.445,-n
5387,0.9.446,u
5388,0.9.447,=
5389,0.9.448,{n
5390,0.9.449,+
5391,0.9.450,ak}:
5392,0.9.451,p
5393,0.9.452,a
5394,0.9.453,3-
5395,0.9.454,e
5396,0.9.455,sˇi-
5397,0.9.456,m
5398,0.9.457,i-
5399,0.9.458,n
5400,0.9.459,u
5401,0.9.460,(VS
5402,0.9.461,"2,"
5403,0.9.462,4
5404,0.9.463,rev.
5405,0.9.464,ii
5406,0.9.465,24
5407,0.9.466,[«Nanna
5408,0.9.467,N»])
5409,0.9.468,//
5410,0.9.469,sˇi-im-mi-
5411,0.9.470,i
5412,0.9.471,n-ak
5413,0.9.472,(Nanna
5414,0.9.473,O
5415,0.9.474,30;
5416,0.9.475,cf.
5417,0.9.476,P.
5418,0.9.477,"Attinger,"
5419,0.9.478,NABU
5420,0.9.479,2001/41).
5421,0.9.480,-p
5422,0.9.481,a
5423,0.9.482,=
5424,0.9.483,{b
5425,0.9.484,+
5426,0.9.485,ak}:
5427,0.9.486,ap
5428,0.9.487,-
5429,0.9.488,p
5430,0.9.489,a
5431,0.9.490,(InEb.
5432,0.9.491,112–115
5433,0.9.492,LLL
5434,0.9.493,[Tell
5435,0.9.494,Haddad;
5436,0.9.495,courtoisie
5437,0.9.496,A.
5438,0.9.497,Cavi-
5439,0.9.498,gneaux/M.
5440,0.9.499,Jaques])
5441,0.9.500,//
5442,0.9.501,ab
5443,0.9.502,-ak.
5444,0.9.503,pB
5445,0.9.504,lex.
5446,0.9.505,a
5447,0.9.506,=
5448,0.9.507,{ak}:
5449,0.9.508,Proto-Ea
5450,0.9.509,524;
5451,0.9.510,van
5452,0.9.511,"Soldt,"
5453,0.9.512,Mél.
5454,0.9.513,Houwink
5455,0.9.514,ten
5456,0.9.515,Cate
5457,0.9.516,"280,"
5458,0.9.517,Side
5459,0.9.518,A
5460,0.9.519,ii
5461,0.9.520,14
5462,0.9.521,(=
5463,0.9.522,e-pe2-sˇum);
5464,0.9.523,MSL
5465,0.9.524,"14,"
5466,0.9.525,120
5467,0.9.526,n°
5468,0.9.527,7
5469,0.9.528,ii
5470,0.9.529,21
5471,0.9.530,(=
5472,0.9.531,sˇa-ka-nu-um).
5473,0.9.532,(
5474,0.9.533,a-k
5475,0.9.534,a
5476,0.9.535,):
5477,0.9.536,V.
5478,0.9.537,infra
5479,0.9.538,3.3.2.1
5480,0.9.539,pB
5481,0.9.540,lex.
5482,0.9.541,à
5483,0.9.542,propos
5484,0.9.543,de
5485,0.9.544,{ak
5486,0.9.545,+
5487,0.9.546,a}.
5488,0.9.547,n
5489,0.9.548,a
5490,0.9.549,=
5491,0.9.550,{n
5492,0.9.551,+
5493,0.9.552,ak}:
5494,0.9.553,Proto-Ea
5495,0.9.554,525;
5496,0.9.555,van
5497,0.9.556,"Soldt,"
5498,0.9.557,Mél.
5499,0.9.558,Houwink
5500,0.9.559,ten
5501,0.9.560,Cate
5502,0.9.561,"280,"
5503,0.9.562,Side
5504,0.9.563,A
5505,0.9.564,ii
5506,0.9.565,15
5507,0.9.566,(=
5508,0.9.567,e-pe2-sˇum).
5509,0.9.568,ppB
5510,0.9.569,litt.
5511,0.9.570,[…-j]a-ka
5512,0.9.571,//
5513,0.9.572,in-
5514,0.9.573,ak:
5515,0.9.574,"Alster,"
5516,0.9.575,OLP
5517,0.9.576,"21,"
5518,0.9.577,"16,"
5519,0.9.578,4:9
5520,0.9.579,E(mar).
5521,0.9.580,(n
5522,0.9.581,a
5523,0.9.582,):
5524,0.9.583,Cf.
5525,0.9.584,-ak
5526,0.9.585,=
5527,0.9.586,-n
5528,0.9.587,a
5529,0.9.588,3
5530,0.9.589,dans
5531,0.9.590,d
5532,0.9.591,igˆ
5533,0.9.592,ir-
5534,0.9.593,a
5535,0.9.594,-
5536,0.9.595,n
5537,0.9.596,a
5538,0.9.597,3
5539,0.9.598,(Incantation
5540,0.9.599,à
5541,0.9.600,Utu
5542,0.9.601,135
5543,0.9.602,C
5544,0.9.603,+
5545,0.9.604,E
5546,0.9.605,[cassite])
5547,0.9.606,//
5548,0.9.607,[digˆ
5549,0.9.608,ir]-ra-n
5550,0.9.609,a
5551,0.9.610,.
5552,0.9.611,ppB
5553,0.9.612,lex.
5554,0.9.613,a
5555,0.9.614,=
5556,0.9.615,{ak}:
5557,0.9.616,Ea
5558,0.9.617,VIII
5559,0.9.618,23
5560,0.9.619,(=
5561,0.9.620,{e-pe}-sˇum).
5562,0.9.621,(
5563,0.9.622,a-)
5564,0.9.623,ak
5565,0.9.624,=
5566,0.9.625,{ak}:
5567,0.9.626,SbB
5568,0.9.627,291
5569,0.9.628,(=
5570,0.9.629,e-pe-[sˇu]
5571,0.9.630,//
5572,0.9.631,ak-ku!-u2
5573,0.9.632,[nom
5574,0.9.633,du
5575,0.9.634,signe]).
5576,0.9.635,a-[x]
5577,0.9.636,=
5578,0.9.637,{ak}:
5579,0.9.638,Ea
5580,0.9.639,VIII
5581,0.9.640,25
5582,0.9.641,(=
5583,0.9.642,MIN
5584,0.9.643,({e-pe}-sˇum));
5585,0.9.644,probabl.
5586,0.9.645,"a-[ak],"
5587,0.9.646,pas
5588,0.9.647,a-[ka];
5589,0.9.648,comp.
5590,0.9.649,SbB
5591,0.9.650,291).
5592,0.9.651,22
5593,0.9.652,Prov.
5594,0.9.653,inc.
5595,0.9.654,(pas
5596,0.9.655,de
5597,0.9.656,Nippur!);
5598,0.9.657,cf.
5599,0.9.658,M.
5600,0.9.659,"Civil,"
5601,0.9.660,Mél.
5602,0.9.661,Wilcke
5603,0.9.662,77
5604,0.9.663,n.
5605,0.9.664,3.
5606,0.10.0,56
5607,0.10.1,Pascal
5608,0.10.2,Attinger
5609,0.10.3,agˆ
5610,0.10.4,2
5611,0.10.5,=
5612,0.10.6,{ak}
5613,0.10.7,(ES):
5614,0.10.8,Nabnitu
5615,0.10.9,VII
5616,0.10.10,125
5617,0.10.11,(=
5618,0.10.12,5
5619,0.10.13,(e-pe-sˇu)
5620,0.10.14,EME.SAL)
5621,0.10.15,et
5622,0.10.16,126
5623,0.10.17,(=
5624,0.10.18,6
5625,0.10.19,sˇa
5626,0.10.20,up-pu-sˇi)23.
5627,0.10.21,ak
5628,0.10.22,=
5629,0.10.23,{ak}:
5630,0.10.24,Aa
5631,0.10.25,VIII/1:54
5632,0.10.26,(=
5633,0.10.27,MIN
5634,0.10.28,(e-pe-sˇu)).
5635,0.10.29,na-a
5636,0.10.30,=
5637,0.10.31,{n
5638,0.10.32,+
5639,0.10.33,ak}:
5640,0.10.34,Ea
5641,0.10.35,VIII
5642,0.10.36,22
5643,0.10.37,(=
5644,0.10.38,[na-bu]-u2
5645,0.10.39,"),"
5646,0.10.40,Aa
5647,0.10.41,VIII/1:51
5648,0.10.42,sq.
5649,0.10.43,(=
5650,0.10.44,"na-bu-u,"
5651,0.10.45,e-pe-sˇu)
5652,0.10.46,et
5653,0.10.47,Rec.
5654,0.10.48,Ea
5655,0.10.49,B
5656,0.10.50,14
5657,0.10.51,(=
5658,0.10.52,na-[bu-u2]).
5659,0.10.53,3.1.2
5660,0.10.54,Suivies
5661,0.10.55,d’un
5662,0.10.56,suffixe
5663,0.10.57,3.1.2.1
5664,0.10.58,Suivies
5665,0.10.59,de
5666,0.10.60,{
5667,0.10.61,"<a},"
5668,0.10.62,{<a
5669,0.10.63,m
5670,0.10.64,"},"
5671,0.10.65,{
5672,0.10.66,<a
5673,0.10.67,+
5674,0.10.68,"<a(loc.)},"
5675,0.10.69,{<a
5676,0.10.70,+
5677,0.10.71,<am}
5678,0.10.72,Epoque
5679,0.10.73,présarg.
5680,0.10.74,Attestés
5681,0.10.75,sont
5682,0.10.76,b
5683,0.10.77,e
5684,0.10.78,2-ak-a-a
5685,0.10.79,(DP
5686,0.10.80,251
5687,0.10.81,ii
5688,0.10.82,"5),"
5689,0.10.83,e-da-ak-ka-am
5690,0.10.84,6
5691,0.10.85,(Ukg.
5692,0.10.86,16
5693,0.10.87,viii
5694,0.10.88,3)
5695,0.10.89,et
5696,0.10.90,e/m
5697,0.10.91,u
5698,0.10.92,-
5699,0.10.93,ak-a
5700,0.10.94,=
5701,0.10.95,{i/mu
5702,0.10.96,+
5703,0.10.97,n
5704,0.10.98,+
5705,0.10.99,ak
5706,0.10.100,+
5707,0.10.101,<a
5708,0.10.102,+
5709,0.10.103,<a}(?);
5710,0.10.104,cf.
5711,0.10.105,supra
5712,0.10.106,2.2.2
5713,0.10.107,pour
5714,0.10.108,les
5715,0.10.109,difficultés
5716,0.10.110,soulevées
5717,0.10.111,par
5718,0.10.112,ces
5719,0.10.113,formes.
5720,0.10.114,Epoque
5721,0.10.115,sarg.
5722,0.10.116,La
5723,0.10.117,seule
5724,0.10.118,forme
5725,0.10.119,notable
5726,0.10.120,est
5727,0.10.121,la
5728,0.10.122,temporelle
5729,0.10.123,{i
5730,0.10.124,3-na-ak}-k
5731,0.10.125,a
5732,0.10.126,dans
5733,0.10.127,"Kienast/Volk,"
5734,0.10.128,FAOS
5735,0.10.129,"19,"
5736,0.10.130,102
5737,0.10.131,Gir
5738,0.10.132,26:13;
5739,0.10.133,cf.
5740,0.10.134,supra
5741,0.10.135,2.2.2.
5742,0.10.136,Ur
5743,0.10.137,III
5744,0.10.138,écon./jur.
5745,0.10.139,Pour
5746,0.10.140,les
5747,0.10.141,temporelles
5748,0.10.142,(
5749,0.10.143,u
5750,0.10.144,4)
5751,0.10.145,(…)-ak-a
5752,0.10.146,=
5753,0.10.147,{(…)
5754,0.10.148,ak
5755,0.10.149,+
5756,0.10.150,<a
5757,0.10.151,+
5758,0.10.152,"<a}(?),"
5759,0.10.153,cf.
5760,0.10.154,supra
5761,0.10.155,2.2.2.
5762,0.10.156,Noter
5763,0.10.157,la
5764,0.10.158,gr.
5765,0.10.159,non-standard
5766,0.10.160,suivante:
5767,0.10.161,-na-ak-
5768,0.10.162,a
5769,0.10.163,=
5770,0.10.164,{n
5771,0.10.165,+
5772,0.10.166,ak
5773,0.10.167,+
5774,0.10.168,<a
5775,0.10.169,+
5776,0.10.170,<a}(?):
5777,0.10.171,b
5778,0.10.172,a-n
5779,0.10.173,a-ak-
5780,0.10.174,a
5781,0.10.175,(UET
5782,0.10.176,"3,"
5783,0.10.177,864:15´);
5784,0.10.178,i
5785,0.10.179,n
5786,0.10.180,-
5787,0.10.181,n
5788,0.10.182,a
5789,0.10.183,-ak-a
5790,0.10.184,(Amorites
5791,0.10.185,15:6
5792,0.10.186,"[Dr.,"
5793,0.10.187,Sˇ
5794,0.10.188,48]
5795,0.10.189,et
5796,0.10.190,MVN
5797,0.10.191,"11,"
5798,0.10.192,144:17
5799,0.10.193,"[Dr.,"
5800,0.10.194,s.d.]).
5801,0.10.195,pB
5802,0.10.196,litt.
5803,0.10.197,Usuel
5804,0.10.198,est
5805,0.10.199,-ak-
5806,0.10.200,a(…)/am
5807,0.10.201,3
5808,0.10.202,24.
5809,0.10.203,Je
5810,0.10.204,ne
5811,0.10.205,connais
5812,0.10.206,que
5813,0.10.207,trois
5814,0.10.208,gr.
5815,0.10.209,"non-standard,"
5816,0.10.210,qui
5817,0.10.211,plaident
5818,0.10.212,res-
5819,0.10.213,pectivement
5820,0.10.214,pour
5821,0.10.215,"/ag/,"
5822,0.10.216,/k/
5823,0.10.217,et
5824,0.10.218,/ak/!
5825,0.10.219,-ak-ga
5826,0.10.220,=
5827,0.10.221,{ak
5828,0.10.222,+
5829,0.10.223,<a}:
5830,0.10.224,Glose
5831,0.10.225,{x}(-)ak-g
5832,0.10.226,a
5833,0.10.227,à
5834,0.10.228,in-ak-a
5835,0.10.229,dans
5836,0.10.230,Ammisaduqa
5837,0.10.231,1:17
5838,0.10.232,(Ni.).
5839,0.10.233,-ka-a
5840,0.10.234,=
5841,0.10.235,{ak
5842,0.10.236,+
5843,0.10.237,<a}:
5844,0.10.238,b
5845,0.10.239,i
5846,0.10.240,2-
5847,0.10.241,in
5848,0.10.242,-{
5849,0.10.243,ka-a}
5850,0.10.244,-b
5851,0.10.245,[a]
5852,0.10.246,(LSU
5853,0.10.247,72
5854,0.10.248,PP
5855,0.10.249,[prov.
5856,0.10.250,inc.])
5857,0.10.251,//
5858,0.10.252,b
5859,0.10.253,i
5860,0.10.254,2-in-ak-
5861,0.10.255,a-bi
5862,0.10.256,.
5863,0.10.257,-n
5864,0.10.258,a
5865,0.10.259,-ak-ka
5866,0.10.260,=
5867,0.10.261,{n
5868,0.10.262,+
5869,0.10.263,ak
5870,0.10.264,+
5871,0.10.265,<a}:
5872,0.10.266,m
5873,0.10.267,u
5874,0.10.268,-
5875,0.10.269,r
5876,0.10.270,a
5877,0.10.271,-na-ak-k
5878,0.10.272,a
5879,0.10.273,"(Cavigneaux/al-Rawi,"
5880,0.10.274,ZA
5881,0.10.275,"92,"
5882,0.10.276,32
5883,0.10.277,iv
5884,0.10.278,13
5885,0.10.279,[Tell
5886,0.10.280,Haddad]).
5887,0.10.281,3.1.2.2
5888,0.10.282,Suivies
5889,0.10.283,du
5890,0.10.284,génitif
5891,0.10.285,Ur
5892,0.10.286,III
5893,0.10.287,-ba-ka
5894,0.10.288,=
5895,0.10.289,{ba
5896,0.10.290,+
5897,0.10.291,ak
5898,0.10.292,+
5899,0.10.293,ak}:
5900,0.10.294,NP
5901,0.10.295,e
5902,0.10.296,2-e-na-ba-ka
5903,0.10.297,(NG
5904,0.10.298,"113:5,"
5905,0.10.299,19
5906,0.10.300,et
5907,0.10.301,49
5908,0.10.302,"[Lag.,"
5909,0.10.303,s.d.]);
5910,0.10.304,comp.
5911,0.10.305,le
5912,0.10.306,NT
5913,0.10.307,m
5914,0.10.308,u
5915,0.10.309,-
5916,0.10.310,r
5917,0.10.311,i-
5918,0.10.312,a
5919,0.10.313,-
5920,0.10.314,n
5921,0.10.315,a
5922,0.10.316,-
5923,0.10.317,b
5924,0.10.318,a
5925,0.10.319,-ak-ka-sˇe
5926,0.10.320,3
5927,0.10.321,(gén.
5928,0.10.322,(+
5929,0.10.323,gén.)
5930,0.10.324,+
5931,0.10.325,term.)
5932,0.10.326,dans
5933,0.10.327,UET
5934,0.10.328,"3,"
5935,0.10.329,378:11
5936,0.10.330,(IS
5937,0.10.331,5).
5938,0.10.332,Cf.
5939,0.10.333,supra
5940,0.10.334,3.1.1
5941,0.10.335,Ur
5942,0.10.336,III
5943,0.10.337,écon./jur.
5944,0.10.338,s.v.
5945,0.10.339,-b
5946,0.10.340,a
5947,0.10.341,=
5948,0.10.342,{b
5949,0.10.343,a
5950,0.10.344,+
5951,0.10.345,AK}.
5952,0.10.346,3.1.2.3
5953,0.10.347,Suivies
5954,0.10.348,de
5955,0.10.349,-
5956,0.10.350,esˇ/e
5957,0.10.351,sˇ
5958,0.10.352,2(
5959,0.10.353,-
5960,0.10.354,a
5961,0.10.355,)
5962,0.10.356,Ecrit
5963,0.10.357,normalement
5964,0.10.358,-ak-esˇ/esˇ
5965,0.10.359,2(
5966,0.10.360,-
5967,0.10.361,(
5968,0.10.362,sˇ)a
5969,0.10.363,)
5970,0.10.364,(e.g.
5971,0.10.365,bi
5972,0.10.366,2-in-ak-esˇ
5973,0.10.367,2
5974,0.10.368,dans
5975,0.10.369,NG
5976,0.10.370,113:24).
5977,0.10.371,Les
5978,0.10.372,gr.
5979,0.10.373,non-standard
5980,0.10.374,sont
5981,0.10.375,rares
5982,0.10.376,et
5983,0.10.377,plaident
5984,0.10.378,pour
5985,0.10.379,/ag
5986,0.10.380,/
5987,0.10.381,"(pB,"
5988,0.10.382,"ppB),"
5989,0.10.383,/a
5990,0.10.384,k/25
5991,0.10.385,"(pB,"
5992,0.10.386,ppB)
5993,0.10.387,et
5994,0.10.388,/k/
5995,0.10.389,(Ur
5996,0.10.390,"III,"
5997,0.10.391,pB).
5998,0.10.392,23
5999,0.10.393,Cf.
6000,0.10.394,M.
6001,0.10.395,"Schretter,"
6002,0.10.396,Emesal-Studien
6003,0.10.397,145
6004,0.10.398,et
6005,0.10.399,A.
6006,0.10.400,R.
6007,0.10.401,"George,"
6008,0.10.402,OLA
6009,0.10.403,40
6010,0.10.404,(1992)
6011,0.10.405,388;
6012,0.10.406,j’ai
6013,0.10.407,mes
6014,0.10.408,doutes
6015,0.10.409,quant
6016,0.10.410,à
6017,0.10.411,la
6018,0.10.412,correction
6019,0.10.413,de
6020,0.10.414,cette
6021,0.10.415,"équation,"
6022,0.10.416,mais
6023,0.10.417,remarquer
6024,0.10.418,que
6025,0.10.419,dans
6026,0.10.420,LU
6027,0.10.421,"156,"
6028,0.10.422,Ni.
6029,0.10.423,4296
6030,0.10.424,(ISET
6031,0.10.425,"3,"
6032,0.10.426,131)
6033,0.10.427,a
6034,0.10.428,apparemment
6035,0.10.429,«m
6036,0.10.430,e
6037,0.10.431,ä
6038,0.10.432,e
6039,0.10.433,2-em-[ma]-na-agˆ
6040,0.10.434,2»
6041,0.10.435,au
6042,0.10.436,lieu
6043,0.10.437,de
6044,0.10.438,ä
6045,0.10.439,e
6046,0.10.440,2-
6047,0.10.441,e
6048,0.10.442,m
6049,0.10.443,-
6050,0.10.444,m
6051,0.10.445,a
6052,0.10.446,-ak
6053,0.10.447,//.
6054,0.10.448,24
6055,0.10.449,Noter
6056,0.10.450,toutefois
6057,0.10.451,m
6058,0.10.452,a
6059,0.10.453,-
6060,0.10.454,n
6061,0.10.455,i-ak-ke
6062,0.10.456,4-
6063,0.10.457,e
6064,0.10.458,sˇ
6065,0.10.459,2
6066,0.10.460,(SˇY
6067,0.10.461,8)
6068,0.10.462,=
6069,0.10.463,{m
6070,0.10.464,u
6071,0.10.465,+
6072,0.10.466,a
6073,0.10.467,+
6074,0.10.468,n
6075,0.10.469,i
6076,0.10.470,+
6077,0.10.471,ak
6078,0.10.472,+
6079,0.10.473,<a
6080,0.10.474,+
6081,0.10.475,a
6082,0.10.476,k
6083,0.10.477,+
6084,0.10.478,esˇ(adv.)};
6085,0.10.479,ak
6086,0.10.480,recouvre
6087,0.10.481,ici
6088,0.10.482,/a
6089,0.10.483,k
6090,0.10.484,a/
6091,0.10.485,(comp.
6092,0.10.486,m
6093,0.10.487,a
6094,0.10.488,-
6095,0.10.489,n
6096,0.10.490,i
6097,0.10.491,-
6098,0.10.492,de2-
6099,0.10.493,a
6100,0.10.494,-
6101,0.10.495,k
6102,0.10.496,e
6103,0.10.497,4-
6104,0.10.498,e
6105,0.10.499,sˇ
6106,0.10.500,2
6107,0.10.501,à
6108,0.10.502,la
6109,0.10.503,l.
6110,0.10.504,précédente).
6111,0.10.505,25
6112,0.10.506,J’ai
6113,0.10.507,adopté
6114,0.10.508,dans
6115,0.10.509,ces
6116,0.10.510,lignes
6117,0.10.511,la
6118,0.10.512,lecture
6119,0.10.513,ke
6120,0.10.514,4
6121,0.10.515,(pas
6122,0.10.516,g
6123,0.10.517,e
6124,0.10.518,2)
6125,0.10.519,de
6126,0.10.520,"kid,"
6127,0.10.521,laquelle
6128,0.10.522,n’est
6129,0.10.523,toutefois
6130,0.10.524,pas
6131,0.10.525,assurée;
6132,0.10.526,cf.
6133,0.10.527,provisoirement
6134,0.10.528,ELS
6135,0.10.529,"259,"
6136,0.10.530,mais
6137,0.10.531,remarquer
6138,0.10.532,que
6139,0.10.533,la
6140,0.10.534,gr.
6141,0.10.535,non-standard
6142,0.10.536,-ke1
6143,0.10.537,est
6144,0.11.0,A
6145,0.11.1,propos
6146,0.11.2,de
6147,0.11.3,ak
6148,0.11.4,«faire»
6149,0.11.5,(I)
6150,0.11.6,57
6151,0.11.7,Ur
6152,0.11.8,III
6153,0.11.9,-ke
6154,0.11.10,4-
6155,0.11.11,e
6156,0.11.12,sˇ-
6157,0.11.13,sˇa-a
6158,0.11.14,=
6159,0.11.15,{ak
6160,0.11.16,+
6161,0.11.17,esˇ
6162,0.11.18,+
6163,0.11.19,<a
6164,0.11.20,+
6165,0.11.21,<a(
6166,0.11.22,lo
6167,0.11.23,c
6168,0.11.24,.)}:
6169,0.11.25,in-ke
6170,0.11.26,4-esˇ-sˇa
6171,0.11.27,-a
6172,0.11.28,(PDT
6173,0.11.29,"1,"
6174,0.11.30,528:19
6175,0.11.31,"[Dr.,"
6176,0.11.32,SˇS
6177,0.11.33,6]).
6178,0.11.34,pB
6179,0.11.35,litt.
6180,0.11.36,-ak-ge-esˇ
6181,0.11.37,=
6182,0.11.38,{ak
6183,0.11.39,+
6184,0.11.40,esˇ}:
6185,0.11.41,i
6186,0.11.42,3-ak-ge-esˇ
6187,0.11.43,(Ningˆesˇzida
6188,0.11.44,aux
6189,0.11.45,Enfers
6190,0.11.46,48
6191,0.11.47,sq.
6192,0.11.48,E).
6193,0.11.49,-ke
6194,0.11.50,4-
6195,0.11.51,e
6196,0.11.52,sˇ
6197,0.11.53,=
6198,0.11.54,{ak
6199,0.11.55,+
6200,0.11.56,esˇ}:
6201,0.11.57,{m
6202,0.11.58,u}
6203,0.11.59,-na-ke
6204,0.11.60,4-esˇ
6205,0.11.61,(Lugalb.
6206,0.11.62,I
6207,0.11.63,108
6208,0.11.64,G
6209,0.11.65,[Ni.]
6210,0.11.66,//
6211,0.11.67,m
6212,0.11.68,u
6213,0.11.69,-n
6214,0.11.70,a-ak-esˇ
6215,0.11.71,//);
6216,0.11.72,mu-un-ke
6217,0.11.73,4-
6218,0.11.74,e
6219,0.11.75,sˇ
6220,0.11.76,(Enl.
6221,0.11.77,sudr.
6222,0.11.78,142
6223,0.11.79,KKK
6224,0.11.80,//
6225,0.11.81,im
6226,0.11.82,-
6227,0.11.83,m
6228,0.11.84,a
6229,0.11.85,(
6230,0.11.86,-
6231,0.11.87,a
6232,0.11.88,n
6233,0.11.89,)
6234,0.11.90,-
6235,0.11.91,ak-
6236,0.11.92,e
6237,0.11.93,sˇ
6238,0.11.94,(A1
6239,0.11.95,et
6240,0.11.96,P]);
6241,0.11.97,sˇi-ma-an-
6242,0.11.98,ke
6243,0.11.99,4-esˇ
6244,0.11.100,(Isˇme-Dagan
6245,0.11.101,WA
6246,0.11.102,96
6247,0.11.103,[Ur]).
6248,0.11.104,Epigr.
6249,0.11.105,peu
6250,0.11.106,clair
6251,0.11.107,est
6252,0.11.108,li-
6253,0.11.109,bi
6254,0.11.110,2-ke
6255,0.11.111,4-
6256,0.11.112,{x}
6257,0.11.113,dans
6258,0.11.114,Dial.
6259,0.11.115,2:195
6260,0.11.116,A
6261,0.11.117,(Ni.)
6262,0.11.118,//
6263,0.11.119,[li-b
6264,0.11.120,]i
6265,0.11.121,2-in
6266,0.11.122,-ak-esˇ.
6267,0.11.123,-
6268,0.11.124,n
6269,0.11.125,a-ak-
6270,0.11.126,e
6271,0.11.127,sˇ
6272,0.11.128,=
6273,0.11.129,{n
6274,0.11.130,+
6275,0.11.131,ak
6276,0.11.132,+
6277,0.11.133,esˇ}:
6278,0.11.134,m
6279,0.11.135,u
6280,0.11.136,-
6281,0.11.137,[
6282,0.11.138,u
6283,0.11.139,]
6284,0.11.140,n
6285,0.11.141,-
6286,0.11.142,n
6287,0.11.143,a
6288,0.11.144,-ak-esˇ
6289,0.11.145,(U-ezinan
6290,0.11.146,53
6291,0.11.147,B
6292,0.11.148,[Ur])
6293,0.11.149,//
6294,0.11.150,m
6295,0.11.151,u
6296,0.11.152,-u
6297,0.11.153,n
6298,0.11.154,-
6299,0.11.155,ak-esˇ.
6300,0.11.156,(-)n
6301,0.11.157,a-ke
6302,0.11.158,4-en-esˇ
6303,0.11.159,=
6304,0.11.160,/n/
6305,0.11.161,+
6306,0.11.162,{i
6307,0.11.163,+
6308,0.11.164,n
6309,0.11.165,+
6310,0.11.166,ak
6311,0.11.167,+
6312,0.11.168,esˇ}:
6313,0.11.169,u
6314,0.11.170,r-
6315,0.11.171,gin
6316,0.11.172,7(-)na-ke
6317,0.11.173,4-en-esˇ
6318,0.11.174,(GiÄ
6319,0.11.175,A
6320,0.11.176,187
6321,0.11.177,KiA
6322,0.11.178,[Kisˇ])
6323,0.11.179,//
6324,0.11.180,u
6325,0.11.181,r-g
6326,0.11.182,in
6327,0.11.183,7
6328,0.11.184,i
6329,0.11.185,3-ak-en-ze
6330,0.11.186,2-
6331,0.11.187,en
6332,0.11.188,;
6333,0.11.189,la
6334,0.11.190,forme
6335,0.11.191,semble
6336,0.11.192,corrompue.
6337,0.11.193,ppB
6338,0.11.194,litt.
6339,0.11.195,-ak-ge-esˇ
6340,0.11.196,=
6341,0.11.197,{ak
6342,0.11.198,+
6343,0.11.199,esˇ}:
6344,0.11.200,m
6345,0.11.201,u
6346,0.11.202,-
6347,0.11.203,n
6348,0.11.204,i
6349,0.11.205,-
6350,0.11.206,i
6351,0.11.207,n
6352,0.11.208,-ak-ge-esˇ
6353,0.11.209,(CT
6354,0.11.210,"17,"
6355,0.11.211,31:18).
6356,0.11.212,3.2
6357,0.11.213,Dans
6358,0.11.214,les
6359,0.11.215,formes
6360,0.11.216,äamtu
6361,0.11.217,conjuguées
6362,0.11.218,impératives
6363,0.11.219,Dans
6364,0.11.220,les
6365,0.11.221,formes
6366,0.11.222,suivies
6367,0.11.223,de
6368,0.11.224,"{a},"
6369,0.11.225,les
6370,0.11.226,gr.
6371,0.11.227,non-standard
6372,0.11.228,pB
6373,0.11.229,plaident
6374,0.11.230,pour
6375,0.11.231,/k/
6376,0.11.232,(Nippur)
6377,0.11.233,et
6378,0.11.234,/ak/
6379,0.11.235,"(Suse,"
6380,0.11.236,prov.
6381,0.11.237,"inc.),"
6382,0.11.238,dans
6383,0.11.239,les
6384,0.11.240,formes
6385,0.11.241,suivies
6386,0.11.242,de
6387,0.11.243,{n
6388,0.11.244,i}
6389,0.11.245,pour
6390,0.11.246,/a/
6391,0.11.247,(Ur);
6392,0.11.248,cf.
6393,0.11.249,aussi
6394,0.11.250,supra
6395,0.11.251,2.2.1
6396,0.11.252,et
6397,0.11.253,n.
6398,0.11.254,6
6399,0.11.255,et
6400,0.11.256,7.
6401,0.11.257,pB
6402,0.11.258,litt.
6403,0.11.259,a-ni
6404,0.11.260,=
6405,0.11.261,{ak
6406,0.11.262,+
6407,0.11.263,n
6408,0.11.264,i}26:
6409,0.11.265,[
6410,0.11.266,gˆ
6411,0.11.267,esˇ-
6412,0.11.268,t]
6413,0.11.269,u
6414,0.11.270,9gˆ
6415,0.11.271,esˇtu(-)ga-a-ni
6416,0.11.272,(U-ezinan
6417,0.11.273,162
6418,0.11.274,G1
6419,0.11.275,[Ur])
6420,0.11.276,//
6421,0.11.277,gˆ
6422,0.11.278,esˇ-
6423,0.11.279,t
6424,0.11.280,u
6425,0.11.281,9gˆ
6426,0.11.282,esˇt
6427,0.11.283,u
6428,0.11.284,a-[…]
6429,0.11.285,(O2
6430,0.11.286,[Isin])
6431,0.11.287,//
6432,0.11.288,[…]
6433,0.11.289,a-[x]
6434,0.11.290,(L
6435,0.11.291,[Ni.])
6436,0.11.292,//
6437,0.11.293,gˆ
6438,0.11.294,esˇ-
6439,0.11.295,t
6440,0.11.296,u
6441,0.11.297,9gˆ
6442,0.11.298,esˇtu
6443,0.11.299,ak-n
6444,0.11.300,i
6445,0.11.301,(G
6446,0.11.302,[Ni.]).
6447,0.11.303,Que
6448,0.11.304,trois
6449,0.11.305,dupl.
6450,0.11.306,aient
6451,0.11.307,une
6452,0.11.308,gr.
6453,0.11.309,non-standard
6454,0.11.310,est
6455,0.11.311,"surprenant,"
6456,0.11.312,mais
6457,0.11.313,le
6458,0.11.314,passage
6459,0.11.315,ne
6460,0.11.316,me
6461,0.11.317,semble
6462,0.11.318,pas
6463,0.11.319,souffrir
6464,0.11.320,d’au-
6465,0.11.321,tre
6466,0.11.322,interprétation.
6467,0.11.323,ak
6468,0.11.324,//
6469,0.11.325,ak-a
6470,0.11.326,:
6471,0.11.327,FI
6472,0.11.328,37
6473,0.11.329,E
6474,0.11.330,et
6475,0.11.331,F
6476,0.11.332,"(Ni.)(?)27,"
6477,0.11.333,LU
6478,0.11.334,383–384a
6479,0.11.335,J’
6480,0.11.336,(Ni.)
6481,0.11.337,et
6482,0.11.338,V’
6483,0.11.339,(Ur)
6484,0.11.340,//
6485,0.11.341,ak-a
6486,0.11.342,(A
6487,0.11.343,[prov.
6488,0.11.344,inc.])
6489,0.11.345,et
6490,0.11.346,B
6491,0.11.347,[Ni.]);
6492,0.11.348,notable
6493,0.11.349,est
6494,0.11.350,aussi
6495,0.11.351,EnlSud
6496,0.11.352,97
6497,0.11.353,sq.
6498,0.11.354,"L,"
6499,0.11.355,qui
6500,0.11.356,a
6501,0.11.357,k
6502,0.11.358,a
6503,0.11.359,à
6504,0.11.360,la
6505,0.11.361,l.
6506,0.11.362,"97,"
6507,0.11.363,mais
6508,0.11.364,ak
6509,0.11.365,à
6510,0.11.366,la
6511,0.11.367,l.
6512,0.11.368,sui-
6513,0.11.369,vante
6514,0.11.370,(//
6515,0.11.371,ak-a
6516,0.11.372,dans
6517,0.11.373,S1
6518,0.11.374,[Suse])28.
6519,0.11.375,"Ici,"
6520,0.11.376,ak
6521,0.11.377,recouvre
6522,0.11.378,certainement
6523,0.11.379,/a
6524,0.11.380,k
6525,0.11.381,a/
6526,0.11.382,(cf.
6527,0.11.383,2.2.2).
6528,0.11.384,ak-ga-ab
6529,0.11.385,=
6530,0.11.386,{ak
6531,0.11.387,+
6532,0.11.388,a
6533,0.11.389,+
6534,0.11.390,b}:
6535,0.11.391,[b
6536,0.11.392,]ar
6537,0.11.393,!-
6538,0.11.394,ta
6539,0.11.395,m
6540,0.11.396,ak-ga-ab
6541,0.11.397,=
6542,0.11.398,be
6543,0.11.399,2-er
6544,0.11.400,"(Foxvog,"
6545,0.11.401,Mél.
6546,0.11.402,Sjöberg
6547,0.11.403,168
6548,0.11.404,i
6549,0.11.405,17
6550,0.11.406,[prov.
6551,0.11.407,inc.]).
6552,0.11.408,ak-ka-a
6553,0.11.409,=
6554,0.11.410,{ak
6555,0.11.411,+
6556,0.11.412,a}:
6557,0.11.413,RCU
6558,0.11.414,15:13
6559,0.11.415,"(Suse,"
6560,0.11.416,texte
6561,0.11.417,syll.)
6562,0.11.418,=
6563,0.11.419,dim2-usˇ.
6564,0.11.420,ak-ka-a-a
6565,0.11.421,=
6566,0.11.422,{ak
6567,0.11.423,+
6568,0.11.424,a}(?):
6569,0.11.425,RCU
6570,0.11.426,10:17
6571,0.11.427,(Suse)
6572,0.11.428,=
6573,0.11.429,e-pe-sˇa
6574,0.11.430,3
6575,0.11.431,(impér.
6576,0.11.432,2e
6577,0.11.433,pl.!).
6578,0.11.434,ka
6579,0.11.435,=
6580,0.11.436,{ak
6581,0.11.437,+
6582,0.11.438,a}:
6583,0.11.439,EnlSud
6584,0.11.440,97
6585,0.11.441,L
6586,0.11.442,(Ni.)
6587,0.11.443,//
6588,0.11.444,ak-a
6589,0.11.445,(S1
6590,0.11.446,[Suse]);
6591,0.11.447,v.
6592,0.11.448,supra
6593,0.11.449,à
6594,0.11.450,propos
6595,0.11.451,de
6596,0.11.452,ak
6597,0.11.453,//
6598,0.11.454,ak-a
6599,0.11.455,.
6600,0.11.456,k[a]-ab
6601,0.11.457,=
6602,0.11.458,{ak
6603,0.11.459,+
6604,0.11.460,a
6605,0.11.461,+
6606,0.11.462,b}:
6607,0.11.463,FI
6608,0.11.464,6
6609,0.11.465,C
6610,0.11.466,(Ni.)
6611,0.11.467,//
6612,0.11.468,ak-
6613,0.11.469,ab
6614,0.11.470,//.
6615,0.11.471,(-)n
6616,0.11.472,ag-ab
6617,0.11.473,=
6618,0.11.474,/n/
6619,0.11.475,+
6620,0.11.476,{ak
6621,0.11.477,+
6622,0.11.478,a
6623,0.11.479,+
6624,0.11.480,b}:
6625,0.11.481,a
6626,0.11.482,n
6627,0.11.483,-
6628,0.11.484,n
6629,0.11.485,u
6630,0.11.486,-un(-)n
6631,0.11.487,ag-ab
6632,0.11.488,(FI
6633,0.11.489,6
6634,0.11.490,A3;
6635,0.11.491,nag
6636,0.11.492,clair
6637,0.11.493,sur
6638,0.11.494,la
6639,0.11.495,photo)
6640,0.11.496,//
6641,0.11.497,e
6642,0.11.498,n
6643,0.11.499,-n
6644,0.11.500,u
6645,0.11.501,-ugˆ
6646,0.11.502,3
6647,0.11.503,ak-
6648,0.11.504,ab
6649,0.11.505,//.
6650,0.11.506,moins
6651,0.11.507,rare
6652,0.11.508,que
6653,0.11.509,je
6654,0.11.510,ne
6655,0.11.511,le
6656,0.11.512,"croyais,"
6657,0.11.513,et
6658,0.11.514,même
6659,0.11.515,déjà
6660,0.11.516,attestée
6661,0.11.517,à
6662,0.11.518,Ur
6663,0.11.519,III
6664,0.11.520,(MVN
6665,0.11.521,"16,"
6666,0.11.522,657:2
6667,0.11.523,"[Um.,"
6668,0.11.524,IS
6669,0.11.525,2]).
6670,0.11.526,26
6671,0.11.527,Pour
6672,0.11.528,la
6673,0.11.529,lecture
6674,0.11.530,B-n
6675,0.11.531,i
6676,0.11.532,(pas
6677,0.11.533,B-
6678,0.11.534,i
6679,0.11.535,"3),"
6680,0.11.536,cf.
6681,0.11.537,ELS
6682,0.11.538,299;
6683,0.11.539,ajouter
6684,0.11.540,en
6685,0.11.541,-e
6686,0.11.542,//
6687,0.11.543,e3-n
6688,0.11.544,i
6689,0.11.545,(Samsuiluna
6690,0.11.546,A
6691,0.11.547,38)
6692,0.11.548,et
6693,0.11.549,sˇu
6694,0.11.550,b
6695,0.11.551,-n
6696,0.11.552,e
6697,0.11.553,(FI
6698,0.11.554,43
6699,0.11.555,sq.
6700,0.11.556,A4
6701,0.11.557,[Tell
6702,0.11.558,Hadad])
6703,0.11.559,//
6704,0.11.560,sˇu
6705,0.11.561,b
6706,0.11.562,-
6707,0.11.563,n
6708,0.11.564,i
6709,0.11.565,.
6710,0.11.566,27
6711,0.11.567,Dans
6712,0.11.568,a
6713,0.11.569,-sˇa
6714,0.11.570,3
6715,0.11.571,k
6716,0.11.572,i
6717,0.11.573,gˆ
6718,0.11.574,2-
6719,0.11.575,zu
6720,0.11.576,ak
6721,0.11.577,(//
6722,0.11.578,a-sˇa
6723,0.11.579,3
6724,0.11.580,kigˆ
6725,0.11.581,2-za
6726,0.11.582,"[A3,"
6727,0.11.583,prov.
6728,0.11.584,inc.]
6729,0.11.585,//)
6730,0.11.586,n
6731,0.11.587,a-an-na-ab-
6732,0.11.588,b
6733,0.11.589,e
6734,0.11.590,2(-en
6735,0.11.591,);
6736,0.11.592,le
6737,0.11.593,passage
6738,0.11.594,est
6739,0.11.595,toutefois
6740,0.11.596,d’interprétation
6741,0.11.597,"délicate,"
6742,0.11.598,raison
6743,0.11.599,pour
6744,0.11.600,laquelle
6745,0.11.601,je
6746,0.11.602,n’inclus
6747,0.11.603,pas
6748,0.11.604,-z
6749,0.11.605,a
6750,0.11.606,parmi
6751,0.11.607,les
6752,0.11.608,gr.
6753,0.11.609,non-standard
6754,0.11.610,de
6755,0.11.611,l’impératif
6756,0.11.612,(=
6757,0.11.613,{zu
6758,0.11.614,+
6759,0.11.615,ak
6760,0.11.616,+
6761,0.11.617,a}!?).
6762,0.11.618,28
6763,0.11.619,Dans
6764,0.11.620,Äammurapi
6765,0.11.621,A
6766,0.11.622,segment
6767,0.11.623,C
6768,0.11.624,14´
6769,0.11.625,"sq.,"
6770,0.11.626,ak
6771,0.11.627,est
6772,0.11.628,probabl.
6773,0.11.629,aussi
6774,0.11.630,un
6775,0.11.631,"impératif,"
6776,0.11.632,mais
6777,0.11.633,le
6778,0.11.634,contexte
6779,0.11.635,est
6780,0.11.636,cassé.
6781,0.12.0,58
6782,0.12.1,Pascal
6783,0.12.2,Attinger
6784,0.12.3,3.3
6785,0.12.4,Dans
6786,0.12.5,les
6787,0.12.6,formes
6788,0.12.7,äamtu
6789,0.12.8,non
6790,0.12.9,conjuguées
6791,0.12.10,Les
6792,0.12.11,formes
6793,0.12.12,non
6794,0.12.13,conjuguées
6795,0.12.14,de
6796,0.12.15,ak
6797,0.12.16,posent
6798,0.12.17,des
6799,0.12.18,problèmes
6800,0.12.19,particulièrement
6801,0.12.20,"épineux,"
6802,0.12.21,parce
6803,0.12.22,que
6804,0.12.23,le
6805,0.12.24,graphème
6806,0.12.25,ak
6807,0.12.26,peut
6808,0.12.27,recouvrir:
6809,0.12.28,1)
6810,0.12.29,{ak
6811,0.12.30,+
6812,0.12.31,Ø}
6813,0.12.32,=
6814,0.12.33,/a(
6815,0.12.34,k
6816,0.12.35,)(?)/;
6817,0.12.36,2)
6818,0.12.37,{ak
6819,0.12.38,+
6820,0.12.39,<a}
6821,0.12.40,réalisé
6822,0.12.41,probabl.
6823,0.12.42,/ak<a/
6824,0.12.43,v.s.;
6825,0.12.44,3)
6826,0.12.45,{ak
6827,0.12.46,+
6828,0.12.47,e
6829,0.12.48,d
6830,0.12.49,}
6831,0.12.50,=
6832,0.12.51,k
6833,0.12.52,e
6834,0.12.53,3-d
6835,0.12.54,.
6836,0.12.55,Il
6837,0.12.56,s’ensuit
6838,0.12.57,que
6839,0.12.58,nos
6840,0.12.59,interprétations
6841,0.12.60,dépendent
6842,0.12.61,essentiellement
6843,0.12.62,du
6844,0.12.63,"contexte,"
6845,0.12.64,et
6846,0.12.65,que
6847,0.12.66,le
6848,0.12.67,risque
6849,0.12.68,de
6850,0.12.69,s’enfermer
6851,0.12.70,dans
6852,0.12.71,un
6853,0.12.72,cercle
6854,0.12.73,vicieux
6855,0.12.74,n’est
6856,0.12.75,pas
6857,0.12.76,moindre.
6858,0.12.77,Pour
6859,0.12.78,ne
6860,0.12.79,prendre
6861,0.12.80,qu’un
6862,0.12.81,exemple:
6863,0.12.82,Dans
6864,0.12.83,le
6865,0.12.84,topos
6866,0.12.85,fréquent
6867,0.12.86,pronom
6868,0.12.87,pers.-g
6869,0.12.88,in
6870,0.12.89,7
6871,0.12.90,ak
6872,0.12.91,(A/III
6873,0.12.92,"76,"
6874,0.12.93,a
6875,0.12.94,k
6876,0.12.95,"7),"
6877,0.12.96,ak
6878,0.12.97,est
6879,0.12.98,la
6880,0.12.99,forme
6881,0.12.100,de
6882,0.12.101,loin
6883,0.12.102,la
6884,0.12.103,mieux
6885,0.12.104,attestée
6886,0.12.105,(Dial.
6887,0.12.106,3:182
6888,0.12.107,[au
6889,0.12.108,moins
6890,0.12.109,×
6891,0.12.110,"1,"
6892,0.12.111,"Ur],"
6893,0.12.112,Edubbâ
6894,0.12.113,2:84
6895,0.12.114,[×
6896,0.12.115,"4,"
6897,0.12.116,"Ni.,"
6898,0.12.117,"Ur,"
6899,0.12.118,"Kisˇ,"
6900,0.12.119,prov.
6901,0.12.120,"inc.],"
6902,0.12.121,131
6903,0.12.122,[×
6904,0.12.123,"1,"
6905,0.12.124,"Ur],"
6906,0.12.125,158
6907,0.12.126,[×
6908,0.12.127,"2,"
6909,0.12.128,"Ni.],"
6910,0.12.129,GiÄ
6911,0.12.130,A
6912,0.12.131,51
6913,0.12.132,±
6914,0.12.133,//
6915,0.12.134,53
6916,0.12.135,[×
6917,0.12.136,6:
6918,0.12.137,×
6919,0.12.138,5
6920,0.12.139,"Ni.,"
6921,0.12.140,×
6922,0.12.141,1
6923,0.12.142,"Ur],"
6924,0.12.143,Ninsˇatapada-Rim-Sîn
6925,0.12.144,33
6926,0.12.145,[×
6927,0.12.146,"2,"
6928,0.12.147,prov.
6929,0.12.148,inc.];
6930,0.12.149,je
6931,0.12.150,ne
6932,0.12.151,connais
6933,0.12.152,qu’un
6934,0.12.153,seul
6935,0.12.154,ex.
6936,0.12.155,de
6937,0.12.156,ak-
6938,0.12.157,a
6939,0.12.158,(SP
6940,0.12.159,1.149
6941,0.12.160,C
6942,0.12.161,[Ni.])
6943,0.12.162,et
6944,0.12.163,de
6945,0.12.164,ak-e
6946,0.12.165,(Edubbâ
6947,0.12.166,2:158
6948,0.12.167,UU
6949,0.12.168,[prov.
6950,0.12.169,inc.]).
6951,0.12.170,Il
6952,0.12.171,serait
6953,0.12.172,en
6954,0.12.173,conséquence
6955,0.12.174,tentant
6956,0.12.175,de
6957,0.12.176,traduire
6958,0.12.177,non
6959,0.12.178,pas
6960,0.12.179,«qui
6961,0.12.180,est
6962,0.12.181,fait
6963,0.12.182,comme
6964,0.12.183,moi
6965,0.12.184,"(/…)»,"
6966,0.12.185,mais
6967,0.12.186,«qui
6968,0.12.187,agit
6969,0.12.188,comme
6970,0.12.189,moi
6971,0.12.190,(/…)»
6972,0.12.191,(ainsi
6973,0.12.192,par
6974,0.12.193,ex.
6975,0.12.194,K.
6976,0.12.195,"Volk,"
6977,0.12.196,Saeculum
6978,0.12.197,47
6979,0.12.198,[1996]
6980,0.12.199,201).
6981,0.12.200,A
6982,0.12.201,en
6983,0.12.202,juger
6984,0.12.203,toutefois
6985,0.12.204,d’après
6986,0.12.205,les
6987,0.12.206,gr.
6988,0.12.207,"non-standard,"
6989,0.12.208,ak
6990,0.12.209,est
6991,0.12.210,probabl.
6992,0.12.211,une
6993,0.12.212,orthographe
6994,0.12.213,archaïque
6995,0.12.214,de
6996,0.12.215,ak-a
6997,0.12.216,","
6998,0.12.217,conser-
6999,0.12.218,vée
7000,0.12.219,dans
7001,0.12.220,une
7002,0.12.221,expression
7003,0.12.222,qui
7004,0.12.223,devait
7005,0.12.224,être
7006,0.12.225,fréquente
7007,0.12.226,déjà
7008,0.12.227,avant
7009,0.12.228,l’ép.
7010,0.12.229,pB29.
7011,0.12.230,Noter
7012,0.12.231,surtout
7013,0.12.232,a-ka
7014,0.12.233,(GiÄ
7015,0.12.234,A
7016,0.12.235,53
7017,0.12.236,SiD
7018,0.12.237,"[Sippar]),"
7019,0.12.238,-
7020,0.12.239,gin
7021,0.12.240,7(-)na-ka
7022,0.12.241,(Edubbâ
7023,0.12.242,2:158
7024,0.12.243,E
7025,0.12.244,[Ni.]
7026,0.12.245,et
7027,0.12.246,GiÄ
7028,0.12.247,A
7029,0.12.248,51
7030,0.12.249,SiD
7031,0.12.250,[Sippar])
7032,0.12.251,et
7033,0.12.252,gin
7034,0.12.253,7(-)na-ke
7035,0.12.254,4
7036,0.12.255,(Edubbâ
7037,0.12.256,2:84
7038,0.12.257,L
7039,0.12.258,[prov.
7040,0.12.259,inc.]
7041,0.12.260,et
7042,0.12.261,Ur230).
7043,0.12.262,Des
7044,0.12.263,problèmes
7045,0.12.264,com-
7046,0.12.265,parables
7047,0.12.266,sont
7048,0.12.267,soulevés
7049,0.12.268,par
7050,0.12.269,u
7051,0.12.270,m
7052,0.12.271,u
7053,0.12.272,m
7054,0.12.273,ak
7055,0.12.274,(v.
7056,0.12.275,3.3.1).
7057,0.12.276,3.3.1
7058,0.12.277,{ak
7059,0.12.278,+
7060,0.12.279,"Ø},"
7061,0.12.280,{ak
7062,0.12.281,+
7063,0.12.282,ak
7064,0.12.283,+
7065,0.12.284,Ø}
7066,0.12.285,{ak
7067,0.12.286,+
7068,0.12.287,Ø}
7069,0.12.288,et
7070,0.12.289,{ak
7071,0.12.290,+
7072,0.12.291,<a}
7073,0.12.292,ne
7074,0.12.293,commençant
7075,0.12.294,à
7076,0.12.295,être
7077,0.12.296,distingués
7078,0.12.297,graphiquement
7079,0.12.298,qu’à
7080,0.12.299,partir
7081,0.12.300,du
7082,0.12.301,milieu
7083,0.12.302,du
7084,0.12.303,règne
7085,0.12.304,de
7086,0.12.305,Sˇulgi
7087,0.12.306,(cf.
7088,0.12.307,"2.2.2),"
7089,0.12.308,je
7090,0.12.309,limite
7091,0.12.310,ma
7092,0.12.311,discussion
7093,0.12.312,à
7094,0.12.313,l’ép.
7095,0.12.314,pB
7096,0.12.315,(textes
7097,0.12.316,litt.).
7098,0.12.317,ak
7099,0.12.318,recouvre
7100,0.12.319,le
7101,0.12.320,plus
7102,0.12.321,souvent
7103,0.12.322,{B(ä.)
7104,0.12.323,+
7105,0.12.324,Ø}
7106,0.12.325,(type
7107,0.12.326,dub-s
7108,0.12.327,ar
7109,0.12.328,)
7110,0.12.329,ou
7111,0.12.330,{B(m.)
7112,0.12.331,+
7113,0.12.332,e
7114,0.12.333,d
7115,0.12.334,}
7116,0.12.335,(
7117,0.12.336,ke
7118,0.12.337,3-d
7119,0.12.338,"),"
7120,0.12.339,ces
7121,0.12.340,deux
7122,0.12.341,formes
7123,0.12.342,étant
7124,0.12.343,souvent
7125,0.12.344,difficiles
7126,0.12.345,à
7127,0.12.346,distinguer
7128,0.12.347,dans
7129,0.12.348,la
7130,0.12.349,pratique.
7131,0.12.350,Beaucoup
7132,0.12.351,plus
7133,0.12.352,ra-
7134,0.12.353,"rement,"
7135,0.12.354,il
7136,0.12.355,correspond
7137,0.12.356,à
7138,0.12.357,{ak
7139,0.12.358,+
7140,0.12.359,<a}
7141,0.12.360,(cf.
7142,0.12.361,2.2.2
7143,0.12.362,avec
7144,0.12.363,n.
7145,0.12.364,9
7146,0.12.365,et
7147,0.12.366,3.3).
7148,0.12.367,Je
7149,0.12.368,ne
7150,0.12.369,connais
7151,0.12.370,qu’une
7152,0.12.371,éven-
7153,0.12.372,tuelle
7154,0.12.373,gr.
7155,0.12.374,non-standard:
7156,0.12.375,(-)m
7157,0.12.376,a-
7158,0.12.377,k
7159,0.12.378,a
7160,0.12.379,=
7161,0.12.380,/m/
7162,0.12.381,+
7163,0.12.382,{ak
7164,0.12.383,+
7165,0.12.384,Ø}
7166,0.12.385,ou
7167,0.12.386,/m/
7168,0.12.387,+
7169,0.12.388,{ak
7170,0.12.389,+
7171,0.12.390,<a}:
7172,0.12.391,umum(-)ma-ka
7173,0.12.392,(Enlilbani
7174,0.12.393,A
7175,0.12.394,178
7176,0.12.395,E
7177,0.12.396,[Isin])
7178,0.12.397,//
7179,0.12.398,[
7180,0.12.399,u
7181,0.12.400,m
7182,0.12.401,u
7183,0.12.402,]
7184,0.12.403,m
7185,0.12.404,ak
7186,0.12.405,(A).
7187,0.12.406,Que
7188,0.12.407,{ak
7189,0.12.408,+
7190,0.12.409,Ø}
7191,0.12.410,soit
7192,0.12.411,réalisé
7193,0.12.412,/
7194,0.12.413,a
7195,0.12.414,k
7196,0.12.415,a
7197,0.12.416,/
7198,0.12.417,serait
7199,0.12.418,très
7200,0.12.419,surprenant.
7201,0.12.420,Ici
7202,0.12.421,"aussi,"
7203,0.12.422,je
7204,0.12.423,penche
7205,0.12.424,pour
7206,0.12.425,ak
7207,0.12.426,=
7208,0.12.427,{ak
7209,0.12.428,+
7210,0.12.429,<a}31.
7211,0.12.430,3.3.2
7212,0.12.431,{ak
7213,0.12.432,+
7214,0.12.433,<
7215,0.12.434,"a},"
7216,0.12.435,{ak
7217,0.12.436,+
7218,0.12.437,ak
7219,0.12.438,+
7220,0.12.439,<
7221,0.12.440,a}
7222,0.12.441,V.
7223,0.12.442,en
7224,0.12.443,général
7225,0.12.444,supra
7226,0.12.445,2.2.2.
7227,0.12.446,Noter
7228,0.12.447,les
7229,0.12.448,graphies
7230,0.12.449,non-standard
7231,0.12.450,suivantes:
7232,0.12.451,3.3.2.1
7233,0.12.452,{ak
7234,0.12.453,+
7235,0.12.454,<
7236,0.12.455,a}
7237,0.12.456,Ur
7238,0.12.457,III
7239,0.12.458,ak-ga
7240,0.12.459,=
7241,0.12.460,{ak
7242,0.12.461,+
7243,0.12.462,<a}:
7244,0.12.463,TMH
7245,0.12.464,NF
7246,0.12.465,"1/2,"
7247,0.12.466,286:7
7248,0.12.467,"(Ni.,"
7249,0.12.468,s.d.;
7250,0.12.469,cf.
7251,0.12.470,M.
7252,0.12.471,"Civil,"
7253,0.12.472,JCS
7254,0.12.473,32
7255,0.12.474,[1980]
7256,0.12.475,229)
7257,0.12.476,et
7258,0.12.477,UET
7259,0.12.478,"3,"
7260,0.12.479,350:3
7261,0.12.480,(SˇS
7262,0.12.481,7;
7263,0.12.482,coll.
7264,0.12.483,W.
7265,0.12.484,Sallaberger);
7266,0.12.485,pas
7267,0.12.486,rare
7268,0.12.487,à
7269,0.12.488,Isˇan
7270,0.12.489,Mizyad
7271,0.12.490,(cf.
7272,0.12.491,les
7273,0.12.492,exemples
7274,0.12.493,cités
7275,0.12.494,par
7276,0.12.495,M.
7277,0.12.496,"Hilgert,"
7278,0.12.497,HSAO
7279,0.12.498,9
7280,0.12.499,[2004]
7281,0.12.500,75);
7282,0.12.501,AAICAB
7283,0.12.502,I/3
7284,0.12.503,pl.
7285,0.12.504,"192,"
7286,0.12.505,A
7287,0.12.506,37
7288,0.12.507,l.
7289,0.12.508,tr.
7290,0.12.509,iv
7291,0.12.510,1
7292,0.12.511,(Um.
7293,0.12.512,Sˇ
7294,0.12.513,35).
7295,0.12.514,29
7296,0.12.515,Pour
7297,0.12.516,un
7298,0.12.517,phénomène
7299,0.12.518,"comparable,"
7300,0.12.519,cf.
7301,0.12.520,la
7302,0.12.521,construction
7303,0.12.522,archaïque
7304,0.12.523,de
7305,0.12.524,sˇu
7306,0.12.525,ti
7307,0.12.526,(«approcher
7308,0.12.527,qqc.
7309,0.12.528,de
7310,0.12.529,la
7311,0.12.530,main»)
7312,0.12.531,dans
7313,0.12.532,le
7314,0.12.533,topos
7315,0.12.534,a
7316,0.12.535,igi-na
7317,0.12.536,(v.s.)
7318,0.12.537,sˇu
7319,0.12.538,ti
7320,0.12.539,(P.
7321,0.12.540,"Attinger,"
7322,0.12.541,ZA
7323,0.12.542,85
7324,0.12.543,[1995]
7325,0.12.544,137).
7326,0.12.545,30
7327,0.12.546,Suivi
7328,0.12.547,de
7329,0.12.548,k
7330,0.12.549,igˆ
7331,0.12.550,2-
7332,0.12.551,sˇa
7333,0.12.552,4;
7334,0.12.553,vu
7335,0.12.554,u
7336,0.12.555,3-
7337,0.12.556,m
7338,0.12.557,u
7339,0.12.558,-
7340,0.12.559,e
7341,0.12.560,-ak/[ak]
7342,0.12.561,dans
7343,0.12.562,L
7344,0.12.563,et
7345,0.12.564,"Ur2,"
7346,0.12.565,une
7347,0.12.566,réinterprétation
7348,0.12.567,par
7349,0.12.568,l’agentif
7350,0.12.569,({ak
7351,0.12.570,+
7352,0.12.571,e})
7353,0.12.572,semble
7354,0.12.573,peu
7355,0.12.574,vraisemblable.
7356,0.12.575,Envisageable
7357,0.12.576,serait
7358,0.12.577,en
7359,0.12.578,revanche
7360,0.12.579,une
7361,0.12.580,gr.
7362,0.12.581,non-standard
7363,0.12.582,de
7364,0.12.583,k
7365,0.12.584,e
7366,0.12.585,3-
7367,0.12.586,d
7368,0.12.587,.
7369,0.12.588,31
7370,0.12.589,En
7371,0.12.590,"contexte,"
7372,0.12.591,u
7373,0.12.592,m
7374,0.12.593,u
7375,0.12.594,m
7376,0.12.595,ak
7377,0.12.596,(A/III
7378,0.12.597,107
7379,0.12.598,sq.)
7380,0.12.599,est
7381,0.12.600,souvent
7382,0.12.601,"ambigu,"
7383,0.12.602,pouvant
7384,0.12.603,signifier
7385,0.12.604,tant
7386,0.12.605,«qui
7387,0.12.606,instruit»
7388,0.12.607,que
7389,0.12.608,«qui
7390,0.12.609,a
7391,0.12.610,été
7392,0.12.611,"instruit»,"
7393,0.12.612,«qui
7394,0.12.613,se
7395,0.12.614,comporte
7396,0.12.615,en
7397,0.12.616,homme
7398,0.12.617,cultivé».
7399,0.13.0,A
7400,0.13.1,propos
7401,0.13.2,de
7402,0.13.3,ak
7403,0.13.4,«faire»
7404,0.13.5,(I)
7405,0.13.6,59
7406,0.13.7,Ak-ka
7407,0.13.8,=
7408,0.13.9,{ak
7409,0.13.10,+
7410,0.13.11,<
7411,0.13.12,a}:
7412,0.13.13,MVN
7413,0.13.14,"21,"
7414,0.13.15,270:3
7415,0.13.16,"(Um.,"
7416,0.13.17,Sˇ
7417,0.13.18,"21),"
7418,0.13.19,UTAMI
7419,0.13.20,"3,"
7420,0.13.21,1624:2
7421,0.13.22,"(Um.,"
7422,0.13.23,AS
7423,0.13.24,"8),"
7424,0.13.25,MVN
7425,0.13.26,"21,"
7426,0.13.27,81:3
7427,0.13.28,"(Um.,"
7428,0.13.29,SˇS
7429,0.13.30,3)
7430,0.13.31,et
7431,0.13.32,peut-être
7432,0.13.33,UET
7433,0.13.34,"3,"
7434,0.13.35,717:2
7435,0.13.36,(s.d.).
7436,0.13.37,ga
7437,0.13.38,=
7438,0.13.39,{ak
7439,0.13.40,+
7440,0.13.41,<
7441,0.13.42,a}:
7442,0.13.43,"Zettler,"
7443,0.13.44,BBVO
7444,0.13.45,"11,"
7445,0.13.46,"294,"
7446,0.13.47,6
7447,0.13.48,NT
7448,0.13.49,618
7449,0.13.50,rev.
7450,0.13.51,13
7451,0.13.52,"(Ni.,"
7452,0.13.53,SˇS
7453,0.13.54,7);
7454,0.13.55,cf.
7455,0.13.56,M.
7456,0.13.57,Such-
7457,0.13.58,"Gutiérrez,"
7458,0.13.59,MVS
7459,0.13.60,9/I
7460,0.13.61,(2003)
7461,0.13.62,155
7462,0.13.63,et
7463,0.13.64,n.
7464,0.13.65,631.
7465,0.13.66,Peu
7466,0.13.67,claire
7467,0.13.68,est
7468,0.13.69,la
7469,0.13.70,structure
7470,0.13.71,de
7471,0.13.72,p
7472,0.13.73,ara10(-)ga
7473,0.13.74,(dans
7474,0.13.75,i
7475,0.13.76,3-
7476,0.13.77,gˆ
7477,0.13.78,esˇ
7478,0.13.79,R)
7479,0.13.80,au
7480,0.13.81,lieu
7481,0.13.82,du
7482,0.13.83,plus
7483,0.13.84,fréquent
7484,0.13.85,p
7485,0.13.86,ara10
7486,0.13.87,ak
7487,0.13.88,à
7488,0.13.89,Ur
7489,0.13.90,III
7490,0.13.91,(cf.
7491,0.13.92,H.
7492,0.13.93,"Waetzoldt,"
7493,0.13.94,BSA
7494,0.13.95,2
7495,0.13.96,[1985]
7496,0.13.97,84
7497,0.13.98,sq.).
7498,0.13.99,C’est
7499,0.13.100,soit
7500,0.13.101,un
7501,0.13.102,génitif
7502,0.13.103,de
7503,0.13.104,p
7504,0.13.105,a
7505,0.13.106,ra10-
7506,0.13.107,g
7507,0.13.108,«toile
7508,0.13.109,grossière»
7509,0.13.110,(ainsi
7510,0.13.111,probabl.
7511,0.13.112,à
7512,0.13.113,l’ép.
7513,0.13.114,pB
7514,0.13.115,[vu
7515,0.13.116,la
7516,0.13.117,ré-
7517,0.13.118,gularité
7518,0.13.119,de
7519,0.13.120,-g
7520,0.13.121,"a],"
7521,0.13.122,peut-être
7522,0.13.123,suite
7523,0.13.124,à
7524,0.13.125,une
7525,0.13.126,réinterprétation
7526,0.13.127,"fautive),"
7527,0.13.128,soit
7528,0.13.129,une
7529,0.13.130,graphie
7530,0.13.131,non-stan-
7531,0.13.132,dard
7532,0.13.133,de
7533,0.13.134,p
7534,0.13.135,a
7535,0.13.136,ra10
7536,0.13.137,ak.
7537,0.13.138,Comp.
7538,0.13.139,aussi
7539,0.13.140,n
7540,0.13.141,a
7541,0.13.142,m
7542,0.13.143,-
7543,0.13.144,gu
7544,0.13.145,2-ka/ga
7545,0.13.146,à
7546,0.13.147,l’ép.
7547,0.13.148,pB
7548,0.13.149,(v.
7549,0.13.150,infra
7550,0.13.151,5.304
7551,0.13.152,n
7552,0.13.153,am
7553,0.13.154,-gu
7554,0.13.155,2
7555,0.13.156,ak).
7556,0.13.157,ka-asˇ
7557,0.13.158,=
7558,0.13.159,{ak
7559,0.13.160,+
7560,0.13.161,<
7561,0.13.162,a
7562,0.13.163,+
7563,0.13.164,sˇe}(?):
7564,0.13.165,"Zettler,"
7565,0.13.166,BBVO
7566,0.13.167,"11,"
7567,0.13.168,"295,"
7568,0.13.169,6
7569,0.13.170,NT
7570,0.13.171,634:1
7571,0.13.172,"(Ni.,"
7572,0.13.173,SˇS
7573,0.13.174,4);
7574,0.13.175,comp.
7575,0.13.176,ak-
7576,0.13.177,a
7577,0.13.178,sˇ
7578,0.13.179,dans
7579,0.13.180,NG
7580,0.13.181,121:9.
7581,0.13.182,pB
7582,0.13.183,litt.
7583,0.13.184,a-ka
7584,0.13.185,=
7585,0.13.186,{ak
7586,0.13.187,+
7587,0.13.188,<a}:
7588,0.13.189,GiÄ
7589,0.13.190,A
7590,0.13.191,53
7591,0.13.192,SiD
7592,0.13.193,(Sippar)
7593,0.13.194,//
7594,0.13.195,ak
7595,0.13.196,//
7596,0.13.197,(v.
7597,0.13.198,supra
7598,0.13.199,3.3);
7599,0.13.200,"Cavigneaux/al-Rawi,"
7600,0.13.201,ZA
7601,0.13.202,"85,"
7602,0.13.203,21
7603,0.13.204,MA
7604,0.13.205,9
7605,0.13.206,(//
7606,0.13.207,ak(-
7607,0.13.208,a
7608,0.13.209,))
7609,0.13.210,et
7610,0.13.211,171
7611,0.13.212,MA
7612,0.13.213,26
7613,0.13.214,(Tell
7614,0.13.215,Haddad).
7615,0.13.216,ak-ga
7616,0.13.217,=
7617,0.13.218,{ak
7618,0.13.219,+
7619,0.13.220,<a}:
7620,0.13.221,YOS
7621,0.13.222,"11,"
7622,0.13.223,70
7623,0.13.224,iii
7624,0.13.225,23
7625,0.13.226,sq.
7626,0.13.227,(coll.
7627,0.13.228,"Cavigneaux/al-Rawi,"
7628,0.13.229,ZA
7629,0.13.230,"85,"
7630,0.13.231,32);
7631,0.13.232,cf.
7632,0.13.233,in-
7633,0.13.234,versément
7634,0.13.235,ak-g
7635,0.13.236,=
7636,0.13.237,(?)
7637,0.13.238,agˆ
7638,0.13.239,2
7639,0.13.240,(5.23
7640,0.13.241,a
7641,0.13.242,2
7642,0.13.243,«ak»
7643,0.13.244,(
7644,0.13.245,ag
7645,0.13.246,)
7646,0.13.247,(E)).
7647,0.13.248,ak-ka-a
7648,0.13.249,=
7649,0.13.250,{ak
7650,0.13.251,+
7651,0.13.252,<
7652,0.13.253,a}:
7653,0.13.254,n
7654,0.13.255,igˆ
7655,0.13.256,2
7656,0.13.257,ak-
7657,0.13.258,ka
7658,0.13.259,-
7659,0.13.260,a
7660,0.13.261,-
7661,0.13.262,gin
7662,0.13.263,7
7663,0.13.264,"(Cavigneaux/al-Rawi,"
7664,0.13.265,ZA
7665,0.13.266,"85,"
7666,0.13.267,185
7667,0.13.268,MA
7668,0.13.269,11
7669,0.13.270,[Tell
7670,0.13.271,Haddad])
7671,0.13.272,//
7672,0.13.273,n
7673,0.13.274,i
7674,0.13.275,gˆ
7675,0.13.276,2
7676,0.13.277,ak-
7677,0.13.278,a
7678,0.13.279,-
7679,0.13.280,gin
7680,0.13.281,7.
7681,0.13.282,(-)gˆ
7682,0.13.283,a
7683,0.13.284,2-k
7684,0.13.285,a
7685,0.13.286,=
7686,0.13.287,/gˆ/
7687,0.13.288,+
7688,0.13.289,{ak
7689,0.13.290,+
7690,0.13.291,<
7691,0.13.292,a
7692,0.13.293,}:
7693,0.13.294,n
7694,0.13.295,i
7695,0.13.296,gˆ
7696,0.13.297,2(
7697,0.13.298,-
7698,0.13.299,)
7699,0.13.300,gˆ
7700,0.13.301,a
7701,0.13.302,2-
7702,0.13.303,k
7703,0.13.304,a
7704,0.13.305,"(Cavigneaux/al-Rawi,"
7705,0.13.306,ZA
7706,0.13.307,"92,"
7707,0.13.308,26
7708,0.13.309,i
7709,0.13.310,20
7710,0.13.311,et
7711,0.13.312,32
7712,0.13.313,iv
7713,0.13.314,13
7714,0.13.315,[Tell
7715,0.13.316,Haddad]);
7716,0.13.317,n
7717,0.13.318,i
7718,0.13.319,gˆ
7719,0.13.320,2(
7720,0.13.321,-
7721,0.13.322,)
7722,0.13.323,gˆ
7723,0.13.324,a
7724,0.13.325,2-
7725,0.13.326,k
7726,0.13.327,a-
7727,0.13.328,n
7728,0.13.329,e
7729,0.13.330,"(id.,"
7730,0.13.331,ZA
7731,0.13.332,"85,"
7732,0.13.333,25
7733,0.13.334,MA
7734,0.13.335,39
7735,0.13.336,[Tell
7736,0.13.337,Haddaf]
7737,0.13.338,//
7738,0.13.339,n
7739,0.13.340,igˆ
7740,0.13.341,2
7741,0.13.342,a[k]-a-n
7742,0.13.343,i
7743,0.13.344,).
7744,0.13.345,ka
7745,0.13.346,=
7746,0.13.347,{ak
7747,0.13.348,+
7748,0.13.349,<a}:
7749,0.13.350,DuDr.
7750,0.13.351,194
7751,0.13.352,J’
7752,0.13.353,(prov.
7753,0.13.354,inc.)
7754,0.13.355,dans
7755,0.13.356,n
7756,0.13.357,igˆ
7757,0.13.358,2-mussa
7758,0.13.359,xs
7759,0.13.360,a
7760,0.13.361,2
7761,0.13.362,ka-me-en
7762,0.13.363,//
7763,0.13.364,ak-
7764,0.13.365,a-me-en
7765,0.13.366,(probabl.
7766,0.13.367,×
7767,0.13.368,2)
7768,0.13.369,//
7769,0.13.370,ak-
7770,0.13.371,m
7771,0.13.372,e
7772,0.13.373,-{en}
7773,0.13.374,(z);
7774,0.13.375,Emesˇ-enten
7775,0.13.376,192
7776,0.13.377,dans
7777,0.13.378,(enim
7778,0.13.379,äa-ab-lum
7779,0.13.380,)
7780,0.13.381,ka32
7781,0.13.382,//
7782,0.13.383,enim
7783,0.13.384,äa-ab
7784,0.13.385,-lu
7785,0.13.386,m
7786,0.13.387,ak33;
7787,0.13.388,"Cohen,"
7788,0.13.389,Ersˇemma
7789,0.13.390,123
7790,0.13.391,n°
7791,0.13.392,163:24
7792,0.13.393,C
7793,0.13.394,(prov.
7794,0.13.395,inc.)
7795,0.13.396,//
7796,0.13.397,ak-a
7797,0.13.398,;
7798,0.13.399,Lugalb.
7799,0.13.400,II
7800,0.13.401,144
7801,0.13.402,DD
7802,0.13.403,(Ni.)
7803,0.13.404,//
7804,0.13.405,ak
7805,0.13.406,(contexte
7806,0.13.407,obscur).
7807,0.13.408,Comp.
7808,0.13.409,inversément
7809,0.13.410,-ak
7810,0.13.411,=
7811,0.13.412,/k
7812,0.13.413,a/
7813,0.13.414,dans
7814,0.13.415,gˆ
7815,0.13.416,a
7816,0.13.417,2-
7817,0.13.418,{gˆ
7818,0.13.419,esˇ}
7819,0.13.420,!
7820,0.13.421,?-
7821,0.13.422,sˇu
7822,0.13.423,2-a-ak
7823,0.13.424,(Lipit-Esˇtar
7824,0.13.425,A
7825,0.13.426,28
7826,0.13.427,B
7827,0.13.428,[prov.
7828,0.13.429,inc.])
7829,0.13.430,//
7830,0.13.431,gˆ
7831,0.13.432,a
7832,0.13.433,2-gˆ
7833,0.13.434,esˇ-
7834,0.13.435,sˇu
7835,0.13.436,2-a-ka
7836,0.13.437,//.
7837,0.13.438,ka-an-ni
7838,0.13.439,=
7839,0.13.440,{ak
7840,0.13.441,+
7841,0.13.442,<a
7842,0.13.443,+
7843,0.13.444,a
7844,0.13.445,n
7845,0.13.446,i}:
7846,0.13.447,Dans
7847,0.13.448,n
7848,0.13.449,igˆ
7849,0.13.450,2-
7850,0.13.451,äu
7851,0.13.452,!-lu
7852,0.13.453,di-ma
7853,0.13.454,{ka-an-ni}
7854,0.13.455,=
7855,0.13.456,nigˆ
7856,0.13.457,2-ä
7857,0.13.458,u
7858,0.13.459,l
7859,0.13.460,u
7860,0.13.461,d
7861,0.13.462,i
7862,0.13.463,m
7863,0.13.464,2-
7864,0.13.465,m
7865,0.13.466,a
7866,0.13.467,ak-a-ni
7867,0.13.468,"(Cavigneaux/al-Rawi,"
7868,0.13.469,ZA
7869,0.13.470,"92,"
7870,0.13.471,30
7871,0.13.472,iii
7872,0.13.473,1134
7873,0.13.474,[Tell
7874,0.13.475,Haddad]).
7875,0.13.476,(-)n
7876,0.13.477,a-ak
7877,0.13.478,=
7878,0.13.479,/n/
7879,0.13.480,+
7880,0.13.481,{ak
7881,0.13.482,+
7882,0.13.483,<
7883,0.13.484,a
7884,0.13.485,}:
7885,0.13.486,-
7886,0.13.487,gin
7887,0.13.488,7(
7888,0.13.489,-
7889,0.13.490,)
7890,0.13.491,n
7891,0.13.492,a
7892,0.13.493,-ak
7893,0.13.494,=
7894,0.13.495,-
7895,0.13.496,gin
7896,0.13.497,7
7897,0.13.498,ak
7898,0.13.499,(Edubbâ
7899,0.13.500,2:131
7900,0.13.501,Ur4);
7901,0.13.502,cf.
7902,0.13.503,su-
7903,0.13.504,pra
7904,0.13.505,3.3.
7905,0.13.506,(-)n
7906,0.13.507,a
7907,0.13.508,-
7908,0.13.509,k
7909,0.13.510,a
7910,0.13.511,=
7911,0.13.512,/n/
7912,0.13.513,+
7913,0.13.514,{ak
7914,0.13.515,+
7915,0.13.516,<
7916,0.13.517,a}:
7917,0.13.518,-gin
7918,0.13.519,7(-)na-ka
7919,0.13.520,=
7920,0.13.521,gin
7921,0.13.522,7
7922,0.13.523,ak
7923,0.13.524,(Edubbâ
7924,0.13.525,2:158
7925,0.13.526,E
7926,0.13.527,[Ni.]
7927,0.13.528,et
7928,0.13.529,GiÄ
7929,0.13.530,A
7930,0.13.531,51
7931,0.13.532,SiD
7932,0.13.533,[Sippar]);
7933,0.13.534,cf.
7934,0.13.535,supra
7935,0.13.536,3.3.
7936,0.13.537,(-)n
7937,0.13.538,a-ke
7938,0.13.539,4
7939,0.13.540,=
7940,0.13.541,/n/
7941,0.13.542,+
7942,0.13.543,{ak
7943,0.13.544,+
7944,0.13.545,<
7945,0.13.546,a}(?):
7946,0.13.547,Cf.
7947,0.13.548,3.3
7948,0.13.549,et
7949,0.13.550,n.
7950,0.13.551,30.
7951,0.13.552,pB
7952,0.13.553,lex.
7953,0.13.554,a-ka
7954,0.13.555,=
7955,0.13.556,{ak
7956,0.13.557,+
7957,0.13.558,<a}:
7958,0.13.559,Proto-Ea
7959,0.13.560,528
7960,0.13.561,et
7961,0.13.562,MSL
7962,0.13.563,"14,"
7963,0.13.564,120
7964,0.13.565,n°
7965,0.13.566,7
7966,0.13.567,ii
7967,0.13.568,22–25
7968,0.13.569,=
7969,0.13.570,"pataqum,"
7970,0.13.571,"kanasˇum,"
7971,0.13.572,za-
7972,0.13.573,qapum
7973,0.13.574,et
7974,0.13.575,äussusum
7975,0.13.576,ppB
7976,0.13.577,litt.
7977,0.13.578,(-)k
7978,0.13.579,a
7979,0.13.580,=
7980,0.13.581,(/gˆ/)
7981,0.13.582,+
7982,0.13.583,{ak
7983,0.13.584,(+
7984,0.13.585,<
7985,0.13.586,a
7986,0.13.587,)}:
7987,0.13.588,sˇi-{
7988,0.13.589,iq}
7989,0.13.590,-qa-a-ri(-)ka
7990,0.13.591,"(Cooper,"
7991,0.13.592,ZA
7992,0.13.593,"62,"
7993,0.13.594,72:16
7994,0.13.595,ST).
7995,0.13.596,J’ignore
7996,0.13.597,si
7997,0.13.598,(-)k
7998,0.13.599,a
7999,0.13.600,recouvre
8000,0.13.601,{ak
8001,0.13.602,+
8002,0.13.603,"<a},"
8003,0.13.604,/gˆ/
8004,0.13.605,+
8005,0.13.606,"{ak},"
8006,0.13.607,ou
8007,0.13.608,même
8008,0.13.609,/gˆ/
8009,0.13.610,+
8010,0.13.611,{ak
8011,0.13.612,+
8012,0.13.613,<a}
8013,0.13.614,(/garikka/);
8014,0.13.615,vu
8015,0.13.616,l’absence
8016,0.13.617,de
8017,0.13.618,"gémination,"
8018,0.13.619,cette
8019,0.13.620,dernière
8020,0.13.621,possibilité
8021,0.13.622,est
8022,0.13.623,la
8023,0.13.624,moins
8024,0.13.625,vraisemblable.
8025,0.13.626,32
8026,0.13.627,Variante
8027,0.13.628,citée
8028,0.13.629,par
8029,0.13.630,le
8030,0.13.631,PSD
8031,0.13.632,A/III
8032,0.13.633,"88,"
8033,0.13.634,8.105;
8034,0.13.635,on
8035,0.13.636,peut
8036,0.13.637,hésiter
8037,0.13.638,entre
8038,0.13.639,d
8039,0.13.640,u11
8040,0.13.641,et
8041,0.13.642,k
8042,0.13.643,a
8043,0.13.644,(à
8044,0.13.645,mon
8045,0.13.646,sens
8046,0.13.647,le
8047,0.13.648,plus
8048,0.13.649,probable).
8049,0.13.650,33
8050,0.13.651,Précédé
8051,0.13.652,de
8052,0.13.653,sa-a
8053,0.13.654,et
8054,0.13.655,suivi
8055,0.13.656,de
8056,0.13.657,du11-
8057,0.13.658,ga
8058,0.13.659,","
8059,0.13.660,ce
8060,0.13.661,qui
8061,0.13.662,plaide
8062,0.13.663,pour
8063,0.13.664,ak
8064,0.13.665,=
8065,0.13.666,{ak
8066,0.13.667,+
8067,0.13.668,<
8068,0.13.669,a}.
8069,0.13.670,34
8070,0.13.671,{ka-an
8071,0.13.672,-n
8072,0.13.673,i}
8073,0.13.674,a
8074,0.13.675,peut-être
8075,0.13.676,été
8076,0.13.677,raturé.
8077,0.14.0,60
8078,0.14.1,Pascal
8079,0.14.2,Attinger
8080,0.14.3,ppB
8081,0.14.4,lex.
8082,0.14.5,ja
8083,0.14.6,3
8084,0.14.7,=
8085,0.14.8,{ak
8086,0.14.9,+
8087,0.14.10,<
8088,0.14.11,a}:
8089,0.14.12,gˆesˇzu
8090,0.14.13,2
8091,0.14.14,pesˇ
8092,0.14.15,ni
8093,0.14.16,gˆ
8094,0.14.17,esˇnimbarx
8095,0.14.18,(Ää.
8096,0.14.19,III
8097,0.14.20,372
8098,0.14.21,S1
8099,0.14.22,[néobab.])
8100,0.14.23,//
8101,0.14.24,gˆ
8102,0.14.25,esˇzu
8103,0.14.26,2
8104,0.14.27,pesˇ
8105,0.14.28,5
8106,0.14.29,ak-
8107,0.14.30,a
8108,0.14.31,gˆ
8109,0.14.32,esˇnimbarx.
8110,0.14.33,3.3.2.2
8111,0.14.34,{ak
8112,0.14.35,+
8113,0.14.36,ak
8114,0.14.37,+
8115,0.14.38,<
8116,0.14.39,a}
8117,0.14.40,pB
8118,0.14.41,litt.
8119,0.14.42,ak-ka-ka
8120,0.14.43,=
8121,0.14.44,{ak
8122,0.14.45,+
8123,0.14.46,ak
8124,0.14.47,+
8125,0.14.48,<a}
8126,0.14.49,:
8127,0.14.50,ak-ka-ka-bi
8128,0.14.51,=
8129,0.14.52,ak.ak-a-bi
8130,0.14.53,"(Cavigneaux/al-Rawi,"
8131,0.14.54,ZA
8132,0.14.55,"92,"
8133,0.14.56,30
8134,0.14.57,iii
8135,0.14.58,14
8136,0.14.59,[Tell
8137,0.14.60,Haddad]).
8138,0.14.61,3.4
8139,0.14.62,Dans
8140,0.14.63,les
8141,0.14.64,formes
8142,0.14.65,marû
8143,0.14.66,conjuguées
8144,0.14.67,A
8145,0.14.68,la
8146,0.14.69,3e
8147,0.14.70,"sg.,"
8148,0.14.71,graphie
8149,0.14.72,standard
8150,0.14.73,et
8151,0.14.74,non-standard
8152,0.14.75,plaident
8153,0.14.76,pour
8154,0.14.77,a
8155,0.14.78,5-k
8156,0.14.79,ou
8157,0.14.80,ak
8158,0.14.81,","
8159,0.14.82,l’apérèse
8160,0.14.83,du
8161,0.14.84,/a/
8162,0.14.85,initial
8163,0.14.86,étant
8164,0.14.87,assez
8165,0.14.88,exceptionnelle.
8166,0.14.89,A
8167,0.14.90,la
8168,0.14.91,3e
8169,0.14.92,pl.
8170,0.14.93,en
8171,0.14.94,"revanche,"
8172,0.14.95,/k/
8173,0.14.96,(-ke
8174,0.14.97,3-n
8175,0.14.98,e
8176,0.14.99,)
8177,0.14.100,semble
8178,0.14.101,as-
8179,0.14.102,suré;
8180,0.14.103,la
8181,0.14.104,même
8182,0.14.105,chose
8183,0.14.106,vaut
8184,0.14.107,peut-être
8185,0.14.108,pour
8186,0.14.109,les
8187,0.14.110,1res
8188,0.14.111,et
8189,0.14.112,2es
8190,0.14.113,sg.
8191,0.14.114,(et
8192,0.14.115,pl.?)
8193,0.14.116,après
8194,0.14.117,voyelle
8195,0.14.118,et
8196,0.14.119,partiel-
8197,0.14.120,lement
8198,0.14.121,après
8199,0.14.122,consonne
8200,0.14.123,(cf.
8201,0.14.124,a
8202,0.14.125,-
8203,0.14.126,r
8204,0.14.127,a
8205,0.14.128,2
8206,0.14.129,ib2-ak-n
8207,0.14.130,a-b
8208,0.14.131,i
8209,0.14.132,«sa
8210,0.14.133,voie
8211,0.14.134,que
8212,0.14.135,je
8213,0.14.136,dois
8214,0.14.137,faire»
8215,0.14.138,=
8216,0.14.139,«comment
8217,0.14.140,je
8218,0.14.141,dois
8219,0.14.142,procéder»
8220,0.14.143,[TMH
8221,0.14.144,"6,"
8222,0.14.145,4:8
8223,0.14.146,et
8224,0.14.147,12
8225,0.14.148,et
8226,0.14.149,15:17;
8227,0.14.150,Ur
8228,0.14.151,III]
8229,0.14.152,et
8230,0.14.153,infra
8231,0.14.154,3.4.1
8232,0.14.155,pB
8233,0.14.156,litt.
8234,0.14.157,s.v.
8235,0.14.158,-m
8236,0.14.159,u
8237,0.14.160,-ke
8238,0.14.161,4
8239,0.14.162,=
8240,0.14.163,{m
8241,0.14.164,u
8242,0.14.165,+
8243,0.14.166,ak
8244,0.14.167,+
8245,0.14.168,e
8246,0.14.169,"n},"
8247,0.14.170,a-na
8248,0.14.171,ib2-
8249,0.14.172,ak-
8250,0.14.173,n
8251,0.14.174,a-
8252,0.14.175,b
8253,0.14.176,i
8254,0.14.177,«ce
8255,0.14.178,que
8256,0.14.179,je
8257,0.14.180,dois
8258,0.14.181,faire»
8259,0.14.182,"[Römer,"
8260,0.14.183,AOAT
8261,0.14.184,"240,"
8262,0.14.185,"420:8],"
8263,0.14.186,a-gin
8264,0.14.187,7(
8265,0.14.188,-
8266,0.14.189,)
8267,0.14.190,n
8268,0.14.191,a
8269,0.14.192,m
8270,0.14.193,-a
8271,0.14.194,k-
8272,0.14.195,n
8273,0.14.196,a-
8274,0.14.197,b
8275,0.14.198,i
8276,0.14.199,«comment
8277,0.14.200,je
8278,0.14.201,dois
8279,0.14.202,procéder»
8280,0.14.203,[YOS
8281,0.14.204,"11,"
8282,0.14.205,"40:10],"
8283,0.14.206,n
8284,0.14.207,igˆ
8285,0.14.208,2
8286,0.14.209,a
8287,0.14.210,b
8288,0.14.211,-
8289,0.14.212,ak.ak-na-zu
8290,0.14.213,«ce
8291,0.14.214,que
8292,0.14.215,tu
8293,0.14.216,fais»
8294,0.14.217,[SP
8295,0.14.218,"1.37]),"
8296,0.14.219,mais
8297,0.14.220,des
8298,0.14.221,formes
8299,0.14.222,avec
8300,0.14.223,/a/
8301,0.14.224,initial
8302,0.14.225,sont
8303,0.14.226,loin
8304,0.14.227,d’être
8305,0.14.228,rares
8306,0.14.229,(avant
8307,0.14.230,tout
8308,0.14.231,à
8309,0.14.232,l’ép.
8310,0.14.233,"ppB,"
8311,0.14.234,toujours
8312,0.14.235,après
8313,0.14.236,consonne).
8314,0.14.237,3.4.1
8315,0.14.238,1re
8316,0.14.239,et
8317,0.14.240,2e
8318,0.14.241,sg.
8319,0.14.242,et
8320,0.14.243,pl.
8321,0.14.244,marû
8322,0.14.245,A
8323,0.14.246,Ur
8324,0.14.247,III
8325,0.14.248,suivi
8326,0.14.249,de
8327,0.14.250,{<a}
8328,0.14.251,écrit
8329,0.14.252,-ak-
8330,0.14.253,n
8331,0.14.254,a-
8332,0.14.255,(v.
8333,0.14.256,supra
8334,0.14.257,"3.4),"
8335,0.14.258,ensuite
8336,0.14.259,-ak-en(-de
8337,0.14.260,3-en/
8338,0.14.261,-
8339,0.14.262,ze
8340,0.14.263,2-en
8341,0.14.264,"),"
8342,0.14.265,"et,"
8343,0.14.266,suivi
8344,0.14.267,de
8345,0.14.268,"{<a},"
8346,0.14.269,ak(.ak)-
8347,0.14.270,n
8348,0.14.271,a
8349,0.14.272,-
8350,0.14.273,(v.
8351,0.14.274,supra
8352,0.14.275,3.4)
8353,0.14.276,ou
8354,0.14.277,-ak-en
8355,0.14.278,-n
8356,0.14.279,a(-)
8357,0.14.280,(par
8358,0.14.281,ex.
8359,0.14.282,UHF
8360,0.14.283,"192,"
8361,0.14.284,717
8362,0.14.285,et
8363,0.14.286,822).
8364,0.14.287,Noter
8365,0.14.288,les
8366,0.14.289,gr.
8367,0.14.290,non-standard
8368,0.14.291,suivantes:
8369,0.14.292,pB
8370,0.14.293,litt.
8371,0.14.294,-ba-ke
8372,0.14.295,4
8373,0.14.296,=
8374,0.14.297,{b
8375,0.14.298,+
8376,0.14.299,ak
8377,0.14.300,+
8378,0.14.301,e
8379,0.14.302,n}
8380,0.14.303,(1re
8381,0.14.304,sg.):
8382,0.14.305,mu-na-ab-ba-k[e
8383,0.14.306,4]
8384,0.14.307,(U-ezinan
8385,0.14.308,O1
8386,0.14.309,[Ni.])
8387,0.14.310,//
8388,0.14.311,m
8389,0.14.312,u
8390,0.14.313,-
8391,0.14.314,n
8392,0.14.315,-
8393,0.14.316,a
8394,0.14.317,b
8395,0.14.318,-ak-
8396,0.14.319,e
8397,0.14.320,//.
8398,0.14.321,-kigˆ
8399,0.14.322,2-
8400,0.14.323,ne
8401,0.14.324,//
8402,0.14.325,-ak.ne
8403,0.14.326,(1re
8404,0.14.327,sg.):
8405,0.14.328,{i
8406,0.14.329,3-
8407,0.14.330,kigˆ
8408,0.14.331,2-
8409,0.14.332,ne}
8410,0.14.333,(GiTa.
8411,0.14.334,132
8412,0.14.335,Ma
8413,0.14.336,[Tell
8414,0.14.337,Haddad])
8415,0.14.338,//
8416,0.14.339,i
8417,0.14.340,3-
8418,0.14.341,ak.ne
8419,0.14.342,(Mb);
8420,0.14.343,peu
8421,0.14.344,clair.
8422,0.14.345,-mu-ke
8423,0.14.346,4
8424,0.14.347,=
8425,0.14.348,{m
8426,0.14.349,u
8427,0.14.350,+
8428,0.14.351,ak
8429,0.14.352,+
8430,0.14.353,e
8431,0.14.354,n}
8432,0.14.355,(2e
8433,0.14.356,sg.):
8434,0.14.357,nam-mu-ke
8435,0.14.358,4
8436,0.14.359,(Instr.
8437,0.14.360,Sˇur.
8438,0.14.361,61/66
8439,0.14.362,K1
8440,0.14.363,[Kisˇ])
8441,0.14.364,//
8442,0.14.365,n
8443,0.14.366,a
8444,0.14.367,m
8445,0.14.368,-
8446,0.14.369,m
8447,0.14.370,u
8448,0.14.371,-ak-{en}
8449,0.14.372,(Ur
8450,0.14.373,3)
8451,0.14.374,//
8452,0.14.375,n
8453,0.14.376,am
8454,0.14.377,-
8455,0.14.378,mu.e.ak-
8456,0.14.379,e
8457,0.14.380,n
8458,0.14.381,(P
8459,0.14.382,[prov.
8460,0.14.383,inc.])
8461,0.14.384,//
8462,0.14.385,[…
8463,0.14.386,m
8464,0.14.387,]
8465,0.14.388,u
8466,0.14.389,-
8467,0.14.390,g
8468,0.14.391,u
8469,0.14.392,7-me-en
8470,0.14.393,(Ur1)
8471,0.14.394,//.
8472,0.14.395,mu.e
8473,0.14.396,étant
8474,0.14.397,certainement
8475,0.14.398,prononcé
8476,0.14.399,"/me/,"
8477,0.14.400,cette
8478,0.14.401,gr.
8479,0.14.402,plaide
8480,0.14.403,également
8481,0.14.404,pour
8482,0.14.405,/nam-
8483,0.14.406,meken/
8484,0.14.407,v.s.;
8485,0.14.408,[…
8486,0.14.409,m
8487,0.14.410,]u
8488,0.14.411,-
8489,0.14.412,gu
8490,0.14.413,7-me-en
8491,0.14.414,est
8492,0.14.415,singulier
8493,0.14.416,(et
8494,0.14.417,"fautif!),"
8495,0.14.418,mais
8496,0.14.419,-g
8497,0.14.420,u
8498,0.14.421,7-
8499,0.14.422,doit
8500,0.14.423,remonter
8501,0.14.424,à
8502,0.14.425,/ke/.
8503,0.14.426,-mu.e.ak-en
8504,0.14.427,=
8505,0.14.428,{m
8506,0.14.429,u
8507,0.14.430,+
8508,0.14.431,ak
8509,0.14.432,+
8510,0.14.433,en}:
8511,0.14.434,Cf.
8512,0.14.435,s.v.
8513,0.14.436,-m
8514,0.14.437,u
8515,0.14.438,-ke
8516,0.14.439,4.
8517,0.14.440,-m
8518,0.14.441,u
8519,0.14.442,-
8520,0.14.443,gu
8521,0.14.444,7-me-en
8522,0.14.445,:
8523,0.14.446,Cf.
8524,0.14.447,s.v.
8525,0.14.448,-mu-ke
8526,0.14.449,4.
8527,0.14.450,ppB
8528,0.14.451,litt.
8529,0.14.452,-b
8530,0.14.453,a
8531,0.14.454,-ak-
8532,0.14.455,a
8533,0.14.456,=
8534,0.14.457,{b
8535,0.14.458,+
8536,0.14.459,ak
8537,0.14.460,+
8538,0.14.461,e
8539,0.14.462,n
8540,0.14.463,}
8541,0.14.464,(2e
8542,0.14.465,sg.):
8543,0.14.466,ib2-ba-ak-
8544,0.14.467,a
8545,0.14.468,(Misˇ
8546,0.14.469,Pî
8547,0.14.470,6/8:25
8548,0.14.471,A
8549,0.14.472,et
8550,0.14.473,D)
8551,0.14.474,//
8552,0.14.475,ib2-ba-
8553,0.14.476,ak-a-en
8554,0.14.477,(C)
8555,0.14.478,//
8556,0.14.479,[i]b2-ba-ke
8557,0.14.480,4
8558,0.14.481,(B).
8559,0.14.482,-b
8560,0.14.483,a
8561,0.14.484,-ak-a-en
8562,0.14.485,=
8563,0.14.486,{b
8564,0.14.487,+
8565,0.14.488,ak
8566,0.14.489,+
8567,0.14.490,en
8568,0.14.491,}:
8569,0.14.492,Cf.
8570,0.14.493,s.v.
8571,0.14.494,-b
8572,0.14.495,a-ak-a
8573,0.14.496,.
8574,0.14.497,-ba-ke
8575,0.14.498,4
8576,0.14.499,=
8577,0.14.500,{b
8578,0.14.501,+
8579,0.14.502,ak
8580,0.14.503,+
8581,0.14.504,e
8582,0.14.505,n}:
8583,0.14.506,Cf.
8584,0.14.507,s.v.
8585,0.14.508,-
8586,0.14.509,b
8587,0.14.510,a
8588,0.14.511,-ak-a
8589,0.14.512,.
8590,0.14.513,-n
8591,0.14.514,a
8592,0.14.515,-
8593,0.14.516,a
8594,0.14.517,k
8595,0.14.518,35-ke1
8596,0.14.519,=
8597,0.14.520,{n
8598,0.14.521,+
8599,0.14.522,ak
8600,0.14.523,+
8601,0.14.524,en}
8602,0.14.525,(2e
8603,0.14.526,sg.):
8604,0.14.527,mu-un-na-ak-ke
8605,0.14.528,"(Alster,"
8606,0.14.529,OLP
8607,0.14.530,"21,"
8608,0.14.531,4:19
8609,0.14.532,E(mar)
8610,0.14.533,version
8611,0.14.534,syll.)
8612,0.14.535,//m
8613,0.14.536,u
8614,0.14.537,-
8615,0.14.538,u
8616,0.14.539,n
8617,0.14.540,-
8618,0.14.541,n
8619,0.14.542,a-
8620,0.14.543,n
8621,0.14.544,a
8622,0.14.545,(ib.
8623,0.14.546,version
8624,0.14.547,«standard»!).
8625,0.14.548,35
8626,0.14.549,Translitération
8627,0.14.550,-
8628,0.14.551,a
8629,0.14.552,k
8630,0.14.553,-
8631,0.14.554,parce
8632,0.14.555,que
8633,0.14.556,c’est
8634,0.14.557,un
8635,0.14.558,texte
8636,0.14.559,syll.
8637,0.14.560,(-
8638,0.14.561,a
8639,0.14.562,5-
8640,0.14.563,peu
8641,0.14.564,vraisemblable).
8642,0.15.0,A
8643,0.15.1,propos
8644,0.15.2,de
8645,0.15.3,ak
8646,0.15.4,«faire»
8647,0.15.5,(I)
8648,0.15.6,61
8649,0.15.7,-na-ka
8650,0.15.8,=
8651,0.15.9,{n
8652,0.15.10,+
8653,0.15.11,ak
8654,0.15.12,+
8655,0.15.13,e
8656,0.15.14,n}:
8657,0.15.15,Cf.
8658,0.15.16,s.v.
8659,0.15.17,-na-ak-ke1
8660,0.15.18,-
8661,0.15.19,na-k
8662,0.15.20,e
8663,0.15.21,4
8664,0.15.22,=
8665,0.15.23,/n/
8666,0.15.24,+
8667,0.15.25,{ak
8668,0.15.26,+
8669,0.15.27,e
8670,0.15.28,n}
8671,0.15.29,(2e
8672,0.15.30,sg.):
8673,0.15.31,mu-an-na-ke
8674,0.15.32,4
8675,0.15.33,(Examenstext
8676,0.15.34,A
8677,0.15.35,51
8678,0.15.36,O
8679,0.15.37,[Uruk]
8680,0.15.38,//
8681,0.15.39,na-
8682,0.15.40,an
8683,0.15.41,-ak-a
8684,0.15.42,//.
8685,0.15.43,3.4.2
8686,0.15.44,3e
8687,0.15.45,sg.
8688,0.15.46,marû
8689,0.15.47,V.
8690,0.15.48,en
8691,0.15.49,général
8692,0.15.50,"Klein,"
8693,0.15.51,SˇP
8694,0.15.52,p.
8695,0.15.53,29
8696,0.15.54,et
8697,0.15.55,n.
8698,0.15.56,162.
8699,0.15.57,Avant
8700,0.15.58,l’ép.
8701,0.15.59,pB
8702,0.15.60,écrit
8703,0.15.61,normalement
8704,0.15.62,-ak-ke
8705,0.15.63,"4,"
8706,0.15.64,en-
8707,0.15.65,suite
8708,0.15.66,-ak-e
8709,0.15.67,(usuel)36
8710,0.15.68,ou
8711,0.15.69,-ak-
8712,0.15.70,k
8713,0.15.71,e
8714,0.15.72,4
8715,0.15.73,(surtout
8716,0.15.74,dans
8717,0.15.75,les
8718,0.15.76,hymnes
8719,0.15.77,de
8720,0.15.78,Sˇulgi
8721,0.15.79,dont
8722,0.15.80,l’orthographie
8723,0.15.81,n’a
8724,0.15.82,pas
8725,0.15.83,été
8726,0.15.84,"modernisée,"
8727,0.15.85,très
8728,0.15.86,rarement
8729,0.15.87,sinon).
8730,0.15.88,Noter
8731,0.15.89,les
8732,0.15.90,gr.
8733,0.15.91,non-standard
8734,0.15.92,suivantes:
8735,0.15.93,Ur
8736,0.15.94,III
8737,0.15.95,-a-ke
8738,0.15.96,4
8739,0.15.97,=
8740,0.15.98,{ak
8741,0.15.99,+
8742,0.15.100,e}:
8743,0.15.101,i
8744,0.15.102,3-a-ke
8745,0.15.103,4
8746,0.15.104,(TMH
8747,0.15.105,NF
8748,0.15.106,"1/2,"
8749,0.15.107,294:7
8750,0.15.108,"[Ni.,"
8751,0.15.109,SˇS
8752,0.15.110,5]).
8753,0.15.111,-
8754,0.15.112,b
8755,0.15.113,a-ak-
8756,0.15.114,k
8757,0.15.115,e
8758,0.15.116,4
8759,0.15.117,=
8760,0.15.118,{b
8761,0.15.119,+
8762,0.15.120,ak
8763,0.15.121,+
8764,0.15.122,e}:
8765,0.15.123,i
8766,0.15.124,3-
8767,0.15.125,b
8768,0.15.126,a
8769,0.15.127,-ak-ke
8770,0.15.128,4
8771,0.15.129,(UNT
8772,0.15.130,32
8773,0.15.131,i
8774,0.15.132,2
8775,0.15.133,[partiellement
8776,0.15.134,"cassé],"
8777,0.15.135,iii
8778,0.15.136,"6,"
8779,0.15.137,rev.
8780,0.15.138,i
8781,0.15.139,9
8782,0.15.140,et
8783,0.15.141,[rev.
8784,0.15.142,ii
8785,0.15.143,1]
8786,0.15.144,"[Lag.,"
8787,0.15.145,s.d.]).
8788,0.15.146,-ke
8789,0.15.147,4
8790,0.15.148,=
8791,0.15.149,{ak
8792,0.15.150,+
8793,0.15.151,e}:
8794,0.15.152,äe
8795,0.15.153,2-ma-ke
8796,0.15.154,4
8797,0.15.155,(TCS
8798,0.15.156,"1,"
8799,0.15.157,198:9).
8800,0.15.158,pB
8801,0.15.159,litt.
8802,0.15.160,-ak-
8803,0.15.161,k
8804,0.15.162,e1
8805,0.15.163,=
8806,0.15.164,{ak
8807,0.15.165,+
8808,0.15.166,e}:
8809,0.15.167,b
8810,0.15.168,a
8811,0.15.169,-ak-
8812,0.15.170,k
8813,0.15.171,e
8814,0.15.172,"(Cavigneaux/al-Rawi,"
8815,0.15.173,ZA
8816,0.15.174,"92,"
8817,0.15.175,28
8818,0.15.176,ii
8819,0.15.177,14
8820,0.15.178,[Tell
8821,0.15.179,Haddad]).
8822,0.15.180,-ke
8823,0.15.181,4
8824,0.15.182,=
8825,0.15.183,{ak
8826,0.15.184,+
8827,0.15.185,e}:
8828,0.15.186,e-
8829,0.15.187,ke
8830,0.15.188,4
8831,0.15.189,(CA
8832,0.15.190,221
8833,0.15.191,Y2
8834,0.15.192,"[Ni.,"
8835,0.15.193,mais
8836,0.15.194,très
8837,0.15.195,fautif]
8838,0.15.196,//
8839,0.15.197,äe
8840,0.15.198,2-
8841,0.15.199,ak-e);
8842,0.15.200,n
8843,0.15.201,a-ke
8844,0.15.202,4
8845,0.15.203,(FI
8846,0.15.204,79
8847,0.15.205,A4
8848,0.15.206,[Tell
8849,0.15.207,Haddad])
8850,0.15.208,//
8851,0.15.209,na
8852,0.15.210,-
8853,0.15.211,a
8854,0.15.212,n
8855,0.15.213,-ak-
8856,0.15.214,e
8857,0.15.215,//;
8858,0.15.216,cf.
8859,0.15.217,infra
8860,0.15.218,5.464
8861,0.15.219,sˇu(-)äu
8862,0.15.220,m
8863,0.15.221,ak.
8864,0.15.222,-
8865,0.15.223,n
8866,0.15.224,a-ak-e
8867,0.15.225,=
8868,0.15.226,{n
8869,0.15.227,i
8870,0.15.228,+
8871,0.15.229,ak
8872,0.15.230,+
8873,0.15.231,e}:
8874,0.15.232,n
8875,0.15.233,a
8876,0.15.234,-
8877,0.15.235,a
8878,0.15.236,n
8879,0.15.237,-
8880,0.15.238,n
8881,0.15.239,a
8882,0.15.240,-ak-e
8883,0.15.241,(FI
8884,0.15.242,79
8885,0.15.243,A3
8886,0.15.244,[prov.
8887,0.15.245,inc.]
8888,0.15.246,//
8889,0.15.247,n
8890,0.15.248,a-an-ak-e
8891,0.15.249,//;
8892,0.15.250,cf.
8893,0.15.251,infra
8894,0.15.252,5.464
8895,0.15.253,sˇu
8896,0.15.254,(-)äu
8897,0.15.255,m
8898,0.15.256,ak);
8899,0.15.257,RCU
8900,0.15.258,22:34
8901,0.15.259,B
8902,0.15.260,et
8903,0.15.261,C
8904,0.15.262,(Ni.)
8905,0.15.263,//
8906,0.15.264,n
8907,0.15.265,a-an-ak-e
8908,0.15.266,(var.
8909,0.15.267,citée
8910,0.15.268,par
8911,0.15.269,le
8912,0.15.270,PSD
8913,0.15.271,A/III
8914,0.15.272,"110,"
8915,0.15.273,9.10);
8916,0.15.274,[…]-
8917,0.15.275,n
8918,0.15.276,a
8919,0.15.277,-
8920,0.15.278,ak-e
8921,0.15.279,(Isˇme-Dagan
8922,0.15.280,A
8923,0.15.281,400
8924,0.15.282,I
8925,0.15.283,[Ur]
8926,0.15.284,//
8927,0.15.285,ä
8928,0.15.286,u
8929,0.15.287,-
8930,0.15.288,m
8931,0.15.289,u
8932,0.15.290,-
8933,0.15.291,u
8934,0.15.292,n
8935,0.15.293,-ak-e
8936,0.15.294,).
8937,0.15.295,-na-e
8938,0.15.296,=
8939,0.15.297,{n
8940,0.15.298,i
8941,0.15.299,+
8942,0.15.300,ak
8943,0.15.301,+
8944,0.15.302,e}:
8945,0.15.303,na-na-e
8946,0.15.304,(FI
8947,0.15.305,79
8948,0.15.306,C3
8949,0.15.307,[prov.
8950,0.15.308,inc.])
8951,0.15.309,//
8952,0.15.310,n
8953,0.15.311,a-an-ak-e
8954,0.15.312,//
8955,0.15.313,(cf.
8956,0.15.314,infra
8957,0.15.315,5.464
8958,0.15.316,sˇu
8959,0.15.317,(-)äu
8960,0.15.318,m
8961,0.15.319,ak);
8962,0.15.320,l’amuïssement
8963,0.15.321,du
8964,0.15.322,/k/
8965,0.15.323,intervocalique
8966,0.15.324,mérite
8967,0.15.325,d’être
8968,0.15.326,"relevé,"
8969,0.15.327,car
8970,0.15.328,la
8971,0.15.329,chose
8972,0.15.330,est
8973,0.15.331,très
8974,0.15.332,rare.
8975,0.15.333,-na-ka
8976,0.15.334,=
8977,0.15.335,{n
8978,0.15.336,i
8979,0.15.337,+
8980,0.15.338,ak
8981,0.15.339,+
8982,0.15.340,e}:
8983,0.15.341,m
8984,0.15.342,u
8985,0.15.343,-
8986,0.15.344,n
8987,0.15.345,a
8988,0.15.346,-
8989,0.15.347,k
8990,0.15.348,a
8991,0.15.349,(a-ab-ba
8992,0.15.350,ä
8993,0.15.351,.
8994,0.15.352,108
8995,0.15.353,B
8996,0.15.354,[=
8997,0.15.355,CLAM
8998,0.15.356,380:18])
8999,0.15.357,//
9000,0.15.358,m
9001,0.15.359,u
9002,0.15.360,-
9003,0.15.361,u
9004,0.15.362,n
9005,0.15.363,-ak-e
9006,0.15.364,(A
9007,0.15.365,=
9008,0.15.366,CLAM
9009,0.15.367,377:a+37).
9010,0.15.368,-na-ke1
9011,0.15.369,=
9012,0.15.370,{n
9013,0.15.371,+
9014,0.15.372,i
9015,0.15.373,+
9016,0.15.374,ak
9017,0.15.375,+
9018,0.15.376,e}:
9019,0.15.377,n
9020,0.15.378,u
9021,0.15.379,-
9022,0.15.380,m
9023,0.15.381,u
9024,0.15.382,-
9025,0.15.383,u
9026,0.15.384,n
9027,0.15.385,-
9028,0.15.386,n
9029,0.15.387,a-
9030,0.15.388,k
9031,0.15.389,e
9032,0.15.390,"(Cavigneaux/al-Rawi,"
9033,0.15.391,Iraq
9034,0.15.392,"55,"
9035,0.15.393,102:32
9036,0.15.394,[Tell
9037,0.15.395,Haddad]).
9038,0.15.396,-pa-ke
9039,0.15.397,4
9040,0.15.398,=
9041,0.15.399,{b
9042,0.15.400,+
9043,0.15.401,ak
9044,0.15.402,+
9045,0.15.403,e}:
9046,0.15.404,äa
9047,0.15.405,-
9048,0.15.406,r
9049,0.15.407,a
9050,0.15.408,-
9051,0.15.409,a
9052,0.15.410,p
9053,0.15.411,-
9054,0.15.412,p
9055,0.15.413,a
9056,0.15.414,-{ke
9057,0.15.415,4}
9058,0.15.416,(FI
9059,0.15.417,40
9060,0.15.418,A4
9061,0.15.419,[Tell
9062,0.15.420,Haddad])
9063,0.15.421,//
9064,0.15.422,äa-ra-
9065,0.15.423,ab-ak-e
9066,0.15.424,//.
9067,0.15.425,pB
9068,0.15.426,lex.
9069,0.15.427,a-ki
9070,0.15.428,=
9071,0.15.429,{ak
9072,0.15.430,+
9073,0.15.431,e}
9074,0.15.432,(?):
9075,0.15.433,a-
9076,0.15.434,k
9077,0.15.435,i
9078,0.15.436,{ak}
9079,0.15.437,"e-pe2-sˇum,"
9080,0.15.438,{na}-bu-u
9081,0.15.439,(van
9082,0.15.440,"Soldt,"
9083,0.15.441,Mél.
9084,0.15.442,Houwink
9085,0.15.443,ten
9086,0.15.444,Cate
9087,0.15.445,281
9088,0.15.446,Side
9089,0.15.447,A
9090,0.15.448,ii
9091,0.15.449,19
9092,0.15.450,sq.
9093,0.15.451,[Tell
9094,0.15.452,Hammam
9095,0.15.453,et-Turkman]);
9096,0.15.454,comme
9097,0.15.455,k
9098,0.15.456,i
9099,0.15.457,ak
9100,0.15.458,{e}-pe2-sˇum
9101,0.15.459,est
9102,0.15.460,enregistré
9103,0.15.461,à
9104,0.15.462,la
9105,0.15.463,l.
9106,0.15.464,"17,"
9107,0.15.465,a
9108,0.15.466,-k
9109,0.15.467,i
9110,0.15.468,recouvre
9111,0.15.469,plus
9112,0.15.470,probabl.
9113,0.15.471,{ak
9114,0.15.472,+
9115,0.15.473,e}
9116,0.15.474,que
9117,0.15.475,{ak
9118,0.15.476,+
9119,0.15.477,e
9120,0.15.478,d}
9121,0.15.479,(
9122,0.15.480,ke
9123,0.15.481,3-d
9124,0.15.482,).
9125,0.15.483,3.4.3
9126,0.15.484,3e
9127,0.15.485,pl.
9128,0.15.486,marû
9129,0.15.487,La
9130,0.15.488,gr.
9131,0.15.489,standard
9132,0.15.490,est
9133,0.15.491,-ak-
9134,0.15.492,n
9135,0.15.493,e
9136,0.15.494,"(passim),"
9137,0.15.495,-ak-e-ne
9138,0.15.496,n’étant
9139,0.15.497,attesté
9140,0.15.498,que
9141,0.15.499,sporadiquement
9142,0.15.500,à
9143,0.15.501,l’ép.
9144,0.15.502,pB
9145,0.15.503,(cf.
9146,0.15.504,par
9147,0.15.505,ex.
9148,0.15.506,DuGˆ
9149,0.15.507,esˇt.
9150,0.15.508,17
9151,0.15.509,"[Ur],"
9152,0.15.510,In.
9153,0.15.511,sˇag.
9154,0.15.512,185
9155,0.15.513,Q
9156,0.15.514,"[Ni.],"
9157,0.15.515,Musˇen-ku6
9158,0.15.516,143
9159,0.15.517,G
9160,0.15.518,[prov.
9161,0.15.519,inc.]
9162,0.15.520,et
9163,0.15.521,Nmsˇ.
9164,0.15.522,116
9165,0.15.523,NiC).
9166,0.15.524,Cela
9167,0.15.525,plaide
9168,0.15.526,pour
9169,0.15.527,une
9170,0.15.528,lecture
9171,0.15.529,-
9172,0.15.530,ke
9173,0.15.531,3-
9174,0.15.532,n
9175,0.15.533,e
9176,0.15.534,","
9177,0.15.535,laquelle
9178,0.15.536,est
9179,0.15.537,confirmée
9180,0.15.538,par
9181,0.15.539,les
9182,0.15.540,gr.
9183,0.15.541,non-standard
9184,0.15.542,-ke1-
9185,0.15.543,n
9186,0.15.544,e
9187,0.15.545,","
9188,0.15.546,-
9189,0.15.547,k
9190,0.15.548,e
9191,0.15.549,4-ne
9192,0.15.550,et
9193,0.15.551,-ke
9194,0.15.552,4-e-ne
9195,0.15.553,(cf.
9196,0.15.554,déjà
9197,0.15.555,D.
9198,0.15.556,O.
9199,0.15.557,"Edzard,"
9200,0.15.558,ZA
9201,0.15.559,66
9202,0.15.560,[1976]
9203,0.15.561,56
9204,0.15.562,et
9205,0.15.563,n.
9206,0.15.564,220).
9207,0.15.565,3.4.3.1
9208,0.15.566,Formes
9209,0.15.567,non
9210,0.15.568,redoublées
9211,0.15.569,pB
9212,0.15.570,litt.
9213,0.15.571,-ke1-ne
9214,0.15.572,=
9215,0.15.573,{ak
9216,0.15.574,+
9217,0.15.575,en
9218,0.15.576,e}:
9219,0.15.577,n
9220,0.15.578,u
9221,0.15.579,-
9222,0.15.580,m
9223,0.15.581,u
9224,0.15.582,-
9225,0.15.583,u
9226,0.15.584,n
9227,0.15.585,-
9228,0.15.586,k
9229,0.15.587,e-
9230,0.15.588,n
9231,0.15.589,e
9232,0.15.590,(VS
9233,0.15.591,"2,"
9234,0.15.592,rev.
9235,0.15.593,ii
9236,0.15.594,3´
9237,0.15.595,et
9238,0.15.596,5´).
9239,0.15.597,36
9240,0.15.598,L’ex.
9241,0.15.599,le
9242,0.15.600,plus
9243,0.15.601,ancien
9244,0.15.602,que
9245,0.15.603,je
9246,0.15.604,connaisse
9247,0.15.605,est
9248,0.15.606,äe
9249,0.15.607,2-
9250,0.15.608,m
9251,0.15.609,u
9252,0.15.610,-
9253,0.15.611,n
9254,0.15.612,a
9255,0.15.613,-ak-e
9256,0.15.614,(TCS
9257,0.15.615,"1,"
9258,0.15.616,199:6
9259,0.15.617,[s.d.]).
9260,0.16.0,62
9261,0.16.1,Pascal
9262,0.16.2,Attinger
9263,0.16.3,-
9264,0.16.4,k
9265,0.16.5,e
9266,0.16.6,4-ne
9267,0.16.7,=
9268,0.16.8,{ak
9269,0.16.9,+
9270,0.16.10,ene}:
9271,0.16.11,m
9272,0.16.12,a-ra-ke
9273,0.16.13,4-ne
9274,0.16.14,(Nmsˇ.
9275,0.16.15,116
9276,0.16.16,NiQ)
9277,0.16.17,//
9278,0.16.18,ma-ra-ab-ke
9279,0.16.19,4-
9280,0.16.20,n
9281,0.16.21,e
9282,0.16.22,(NiTT
9283,0.16.23,et
9284,0.16.24,LaC3)
9285,0.16.25,//
9286,0.16.26,m
9287,0.16.27,a
9288,0.16.28,-
9289,0.16.29,r
9290,0.16.30,a
9291,0.16.31,-ak-
9292,0.16.32,n
9293,0.16.33,e
9294,0.16.34,(x
9295,0.16.35,3)
9296,0.16.36,//.
9297,0.16.37,ppB
9298,0.16.38,litt.
9299,0.16.39,-
9300,0.16.40,k
9301,0.16.41,e
9302,0.16.42,4-e-ne
9303,0.16.43,=
9304,0.16.44,{ak
9305,0.16.45,+
9306,0.16.46,en
9307,0.16.47,e}:
9308,0.16.48,äa-ma-ab-ke
9309,0.16.49,4-e-ne
9310,0.16.50,(Angim
9311,0.16.51,161
9312,0.16.52,cC
9313,0.16.53,[mA])
9314,0.16.54,//
9315,0.16.55,ä
9316,0.16.56,a-ma-
9317,0.16.57,ak-n
9318,0.16.58,e
9319,0.16.59,(version
9320,0.16.60,pB).
9321,0.16.61,3.4.3.2
9322,0.16.62,Formes
9323,0.16.63,redoublées
9324,0.16.64,pB
9325,0.16.65,litt.
9326,0.16.66,-
9327,0.16.67,k
9328,0.16.68,e
9329,0.16.69,4-ke
9330,0.16.70,4-ne
9331,0.16.71,=
9332,0.16.72,{ak
9333,0.16.73,+
9334,0.16.74,ak
9335,0.16.75,+
9336,0.16.76,ene}:
9337,0.16.77,im-mi-in-ke
9338,0.16.78,4-ke
9339,0.16.79,4-n
9340,0.16.80,e
9341,0.16.81,"(Cavigneaux/al-Rawi,"
9342,0.16.82,ZA
9343,0.16.83,"85,"
9344,0.16.84,21
9345,0.16.85,U
9346,0.16.86,4´
9347,0.16.87,[Ur])
9348,0.16.88,//
9349,0.16.89,im
9350,0.16.90,-
9351,0.16.91,m
9352,0.16.92,i-
9353,0.16.93,in
9354,0.16.94,-ak.ak-[n
9355,0.16.95,]e
9356,0.16.96,(C
9357,0.16.97,6)
9358,0.16.98,//;
9359,0.16.99,cf.
9360,0.16.100,supra
9361,0.16.101,2.2.3
9362,0.16.102,ex.
9363,0.16.103,4.
9364,0.16.104,3.5
9365,0.16.105,Forme
9366,0.16.106,marû
9367,0.16.107,non
9368,0.16.108,conjuguée
9369,0.16.109,Que
9370,0.16.110,{ak
9371,0.16.111,+
9372,0.16.112,e
9373,0.16.113,d}
9374,0.16.114,était
9375,0.16.115,prononcé
9376,0.16.116,ke
9377,0.16.117,3-d
9378,0.16.118,","
9379,0.16.119,avec
9380,0.16.120,aphérèse
9381,0.16.121,du
9382,0.16.122,/a/
9383,0.16.123,"initial,"
9384,0.16.124,a
9385,0.16.125,été
9386,0.16.126,bien
9387,0.16.127,mis
9388,0.16.128,en
9389,0.16.129,évidence
9390,0.16.130,par
9391,0.16.131,M.
9392,0.16.132,A.
9393,0.16.133,Powell
9394,0.16.134,(Mél.
9395,0.16.135,Diakonoff
9396,0.16.136,"314–319,"
9397,0.16.137,surtout
9398,0.16.138,317
9399,0.16.139,"sq.),"
9400,0.16.140,et
9401,0.16.141,les
9402,0.16.142,quelques
9403,0.16.143,gr.
9404,0.16.144,non-standard
9405,0.16.145,nouvelles
9406,0.16.146,ne
9407,0.16.147,font
9408,0.16.148,que
9409,0.16.149,confirmer
9410,0.16.150,son
9411,0.16.151,hypothèse.
9412,0.16.152,pB
9413,0.16.153,litt./textes
9414,0.16.154,math.
9415,0.16.155,g
9416,0.16.156,e18(?):
9417,0.16.157,{
9418,0.16.158,hub2-sar}(-)gin7
9419,0.16.159,(InEb.
9420,0.16.160,3
9421,0.16.161,JJJ
9422,0.16.162,[Tell
9423,0.16.163,Haddad];
9424,0.16.164,courtoisie
9425,0.16.165,A.
9426,0.16.166,Cavigneaux/
9427,0.16.167,M.
9428,0.16.168,Jaques)
9429,0.16.169,//
9430,0.16.170,äu
9431,0.16.171,b2-
9432,0.16.172,sa
9433,0.16.173,r
9434,0.16.174,(
9435,0.16.175,-
9436,0.16.176,)
9437,0.16.177,re
9438,0.16.178,-
9439,0.16.179,gin7
9440,0.16.180,(B
9441,0.16.181,[Ur])
9442,0.16.182,//
9443,0.16.183,äu
9444,0.16.184,b2-dar
9445,0.16.185,ak
9446,0.16.186,(×
9447,0.16.187,5).
9448,0.16.188,Soit
9449,0.16.189,on
9450,0.16.190,a
9451,0.16.191,affaire
9452,0.16.192,à
9453,0.16.193,une
9454,0.16.194,gr.
9455,0.16.195,non-standard
9456,0.16.196,de
9457,0.16.197,ke
9458,0.16.198,3-d
9459,0.16.199,(lire
9460,0.16.200,ge18
9461,0.16.201,//
9462,0.16.202,(-r
9463,0.16.203,")e-ge18,"
9464,0.16.204,/e/
9465,0.16.205,remontant
9466,0.16.206,au
9467,0.16.207,/a/
9468,0.16.208,initial
9469,0.16.209,ex-
9470,0.16.210,ceptionellement
9471,0.16.211,"préservé),"
9472,0.16.212,soit
9473,0.16.213,à
9474,0.16.214,une
9475,0.16.215,contamination
9476,0.16.216,par
9477,0.16.217,SˇA
9478,0.16.218,48
9479,0.16.219,äu
9480,0.16.220,b2
9481,0.16.221,s
9482,0.16.222,ar-s
9483,0.16.223,ar-re-g
9484,0.16.224,in
9485,0.16.225,7
9486,0.16.226,(remarquer
9487,0.16.227,que
9488,0.16.228,les
9489,0.16.229,deux
9490,0.16.230,dupl.
9491,0.16.231,ont
9492,0.16.232,äu
9493,0.16.233,b2-sar
9494,0.16.234,[comme
9495,0.16.235,dans
9496,0.16.236,"SˇA!],"
9497,0.16.237,pas
9498,0.16.238,äu
9499,0.16.239,b2-dar
9500,0.16.240,).
9501,0.16.241,gid
9502,0.16.242,2:
9503,0.16.243,gid
9504,0.16.244,2-da-zu-ne
9505,0.16.245,(textes
9506,0.16.246,math.);
9507,0.16.247,cf.
9508,0.16.248,"Powell,"
9509,0.16.249,op.
9510,0.16.250,cit.
9511,0.16.251,317
9512,0.16.252,et
9513,0.16.253,319
9514,0.16.254,n.
9515,0.16.255,26.
9516,0.16.256,ke
9517,0.16.257,:
9518,0.16.258,Dans
9519,0.16.259,ke-ta
9520,0.16.260,=
9521,0.16.261,ke
9522,0.16.262,3-
9523,0.16.263,d
9524,0.16.264,a
9525,0.16.265,(UET
9526,0.16.266,"6,"
9527,0.16.267,123:45
9528,0.16.268,[catalogue
9529,0.16.269,littéraire]
9530,0.16.270,=
9531,0.16.271,incipit
9532,0.16.272,de
9533,0.16.273,LSU)
9534,0.16.274,et
9535,0.16.275,peut-être
9536,0.16.276,k
9537,0.16.277,i-gˆ
9538,0.16.278,u10-
9539,0.16.279,ta
9540,0.16.280,(SumLet.
9541,0.16.281,B
9542,0.16.282,16:15
9543,0.16.283,A
9544,0.16.284,et
9545,0.16.285,B
9546,0.16.286,[Ur]
9547,0.16.287,//
9548,0.16.288,ak-
9549,0.16.289,gˆ
9550,0.16.290,u10-ta
9551,0.16.291,(F
9552,0.16.292,et
9553,0.16.293,I
9554,0.16.294,[Ni.]);
9555,0.16.295,sur
9556,0.16.296,les
9557,0.16.297,problèmes
9558,0.16.298,suscités
9559,0.16.299,par
9560,0.16.300,ce
9561,0.16.301,"passage,"
9562,0.16.302,v.
9563,0.16.303,infra
9564,0.16.304,5.257
9565,0.16.305,l
9566,0.16.306,i
9567,0.16.307,b
9568,0.16.308,-
9569,0.16.309,b
9570,0.16.310,a
9571,0.16.311,r
9572,0.16.312,ak.
9573,0.16.313,ke-ek-ke
9574,0.16.314,=
9575,0.16.315,ke
9576,0.16.316,3-ke
9577,0.16.317,3:
9578,0.16.318,RCU
9579,0.16.319,10:15
9580,0.16.320,(Suse).
9581,0.16.321,ke
9582,0.16.322,4:
9583,0.16.323,ke
9584,0.16.324,4-
9585,0.16.325,ta
9586,0.16.326,(FI
9587,0.16.327,72
9588,0.16.328,A4
9589,0.16.329,[Tell
9590,0.16.330,Haddad])
9591,0.16.331,//
9592,0.16.332,ke
9593,0.16.333,3-de
9594,0.16.334,3.
9595,0.16.335,ke
9596,0.16.336,4
9597,0.16.337,!
9598,0.16.338,?-
9599,0.16.339,k
9600,0.16.340,e
9601,0.16.341,4
9602,0.16.342,!
9603,0.16.343,?-e-de
9604,0.16.344,3
9605,0.16.345,=
9606,0.16.346,ke
9607,0.16.347,3-
9608,0.16.348,k
9609,0.16.349,e
9610,0.16.350,3-
9611,0.16.351,d
9612,0.16.352,e
9613,0.16.353,3(?):
9614,0.16.354,SˇA
9615,0.16.355,37
9616,0.16.356,CC
9617,0.16.357,(Suse;
9618,0.16.358,lecture
9619,0.16.359,proposée
9620,0.16.360,par
9621,0.16.361,M.-C.
9622,0.16.362,"Ludwig,"
9623,0.16.363,Santag
9624,0.16.364,2
9625,0.16.365,[1990]
9626,0.16.366,146)
9627,0.16.367,//
9628,0.16.368,ke
9629,0.16.369,3-
9630,0.16.370,k
9631,0.16.371,e
9632,0.16.372,3-de
9633,0.16.373,3;
9634,0.16.374,épigr.
9635,0.16.375,très
9636,0.16.376,incertain.
9637,0.16.377,kin(?):
9638,0.16.378,Dans
9639,0.16.379,les
9640,0.16.380,textes
9641,0.16.381,"math.,"
9642,0.16.382,ke
9643,0.16.383,3-da-zu-ne
9644,0.16.384,n’alterne
9645,0.16.385,pas
9646,0.16.386,seulement
9647,0.16.387,avec
9648,0.16.388,gid
9649,0.16.389,2-da-
9650,0.16.390,z
9651,0.16.391,u
9652,0.16.392,-n
9653,0.16.393,e
9654,0.16.394,(v.
9655,0.16.395,"supra),"
9656,0.16.396,mais
9657,0.16.397,aussi
9658,0.16.398,avec
9659,0.16.399,kin-
9660,0.16.400,da-zu-ne
9661,0.16.401,","
9662,0.16.402,kin-ta-zu(-un
9663,0.16.403,)-ne
9664,0.16.404,et
9665,0.16.405,kin-zu
9666,0.16.406,2-
9667,0.16.407,n
9668,0.16.408,e
9669,0.16.409,(cf.
9670,0.16.410,J.
9671,0.16.411,"Friberg,"
9672,0.16.412,RA
9673,0.16.413,94
9674,0.16.414,[2000]
9675,0.16.415,"165,"
9676,0.16.416,"168,"
9677,0.16.417,"169,"
9678,0.16.418,170
9679,0.16.419,et
9680,0.16.420,171).
9681,0.16.421,On
9682,0.16.422,peut
9683,0.16.423,hésiter
9684,0.16.424,entre
9685,0.16.425,k
9686,0.16.426,igˆ
9687,0.16.427,2
9688,0.16.428,«cher-
9689,0.16.429,cher»
9690,0.16.430,et
9691,0.16.431,une
9692,0.16.432,gr.
9693,0.16.433,non-standard
9694,0.16.434,de
9695,0.16.435,ke
9696,0.16.436,3-d
9697,0.16.437,(lire
9698,0.16.438,kin-da-zu-ne
9699,0.16.439,<
9700,0.16.440,/kiddazune/?).
9701,0.16.441,k
9702,0.16.442,i
9703,0.16.443,t
9704,0.16.444,2(tag4):
9705,0.16.445,k
9706,0.16.446,it
9707,0.16.447,2-ta-zu-un-ne
9708,0.16.448,"(Baqir,"
9709,0.16.449,Sumer
9710,0.16.450,"6,"
9711,0.16.451,42/pl.
9712,0.16.452,1
9713,0.16.453,sq.
9714,0.16.454,[après
9715,0.16.455,p.
9716,0.16.456,54]
9717,0.16.457,6
9718,0.16.458,[Tell
9719,0.16.459,"Harmal,"
9720,0.16.460,texte
9721,0.16.461,math.]);
9722,0.16.462,cf.
9723,0.16.463,A.
9724,0.16.464,Cavigneaux/F.
9725,0.16.465,N.
9726,0.16.466,H.
9727,0.16.467,"al-Rawi,"
9728,0.16.468,ZA
9729,0.16.469,83
9730,0.16.470,(1993)
9731,0.16.471,190
9732,0.16.472,n.
9733,0.16.473,23.
9734,0.16.474,(-)na-ke
9735,0.16.475,4
9736,0.16.476,=
9737,0.16.477,/n/
9738,0.16.478,+
9739,0.16.479,/ak
9740,0.16.480,e/(?):
9741,0.16.481,Pour
9742,0.16.482,-
9743,0.16.483,g
9744,0.16.484,in
9745,0.16.485,7(-)na-ke
9746,0.16.486,4
9747,0.16.487,dans
9748,0.16.488,Edubbâ
9749,0.16.489,2:84
9750,0.16.490,L
9751,0.16.491,(prov.
9752,0.16.492,inc.)
9753,0.16.493,et
9754,0.16.494,"Ur2,"
9755,0.16.495,cf.
9756,0.16.496,supra
9757,0.16.497,3.3
9758,0.16.498,et
9759,0.16.499,n.
9760,0.16.500,30.
9761,0.16.501,(-)re-ge18
9762,0.16.502,=
9763,0.16.503,/r/
9764,0.16.504,+
9765,0.16.505,/a
9766,0.16.506,k
9767,0.16.507,e/(?):
9768,0.16.508,Cf.
9769,0.16.509,s.v.
9770,0.16.510,g
9771,0.16.511,e18.
9772,0.16.512,Noter
9773,0.16.513,inversément
9774,0.16.514,que
9775,0.16.515,ak
9776,0.16.516,est
9777,0.16.517,une
9778,0.16.518,gr.
9779,0.16.519,non-standard
9780,0.16.520,pour:
9781,0.16.521,k
9782,0.16.522,ad
9783,0.16.523,4/
9784,0.16.524,kid
9785,0.16.525,5
9786,0.16.526,dans
9787,0.16.527,g
9788,0.16.528,alam
9789,0.16.529,ke
9790,0.16.530,3-de
9791,0.16.531,3
9792,0.16.532,(EJN
9793,0.16.533,74
9794,0.16.534,H)
9795,0.16.535,//
9796,0.16.536,ga
9797,0.16.537,la
9798,0.16.538,m
9799,0.16.539,ka
9800,0.16.540,d
9801,0.16.541,4-dam/e
9802,0.16.542,//.
9803,0.16.543,–
9804,0.16.544,«kara2»
9805,0.16.545,dans
9806,0.16.546,n
9807,0.16.547,u
9808,0.16.548,-
9809,0.16.549,kara2.ak-de
9810,0.16.550,3
9811,0.16.551,(RCU
9812,0.16.552,1:27
9813,0.16.553,G
9814,0.16.554,[Ni.])
9815,0.16.555,//
9816,0.16.556,n
9817,0.16.557,u
9818,0.16.558,-
9819,0.16.559,kara2.kara2-de
9820,0.16.560,3
9821,0.16.561,=
9822,0.16.562,peut-être
9823,0.16.563,/nukerkede/
9824,0.16.564,v.s.
9825,0.16.565,//.
9826,0.16.566,pB
9827,0.16.567,lex.
9828,0.16.568,ke
9829,0.16.569,(
9830,0.16.570,-
9831,0.16.571,e
9832,0.16.572,)
9833,0.16.573,:
9834,0.16.574,Proto-Ea
9835,0.16.575,527
9836,0.16.576,et
9837,0.16.577,van
9838,0.16.578,"Soldt,"
9839,0.16.579,Mél.
9840,0.16.580,Houwink
9841,0.16.581,ten
9842,0.16.582,Cate
9843,0.16.583,"280,"
9844,0.16.584,Side
9845,0.16.585,A
9846,0.16.586,ii
9847,0.16.587,17
9848,0.16.588,(=
9849,0.16.589,{e}-pe2-sˇum).
9850,0.17.0,A
9851,0.17.1,propos
9852,0.17.2,de
9853,0.17.3,ak
9854,0.17.4,«faire»
9855,0.17.5,(I)
9856,0.17.6,63
9857,0.17.7,ppB
9858,0.17.8,litt.
9859,0.17.9,(k
9860,0.17.10,i
9861,0.17.11,3):
9862,0.17.12,ak
9863,0.17.13,est
9864,0.17.14,une
9865,0.17.15,gr.
9866,0.17.16,non-standard
9867,0.17.17,de
9868,0.17.18,k
9869,0.17.19,i
9870,0.17.20,dans
9871,0.17.21,k
9872,0.17.22,i
9873,0.17.23,3
9874,0.17.24,a
9875,0.17.25,=
9876,0.17.26,k
9877,0.17.27,i
9878,0.17.28,agˆ
9879,0.17.29,2
9880,0.17.30,(Incantation
9881,0.17.31,à
9882,0.17.32,Utu
9883,0.17.33,235
9884,0.17.34,B
9885,0.17.35,[néobab.?]).
9886,0.17.36,ppB
9887,0.17.37,lex.
9888,0.17.38,ke
9889,0.17.39,4:
9890,0.17.40,Erimä.
9891,0.17.41,II
9892,0.17.42,173
9893,0.17.43,A.
9894,0.17.44,k
9895,0.17.45,i
9896,0.17.46,-i
9897,0.17.47,:
9898,0.17.48,Ea
9899,0.17.49,VIII
9900,0.17.50,24
9901,0.17.51,et
9902,0.17.52,Aa
9903,0.17.53,"VIII/1:53,"
9904,0.17.54,dans
9905,0.17.55,les
9906,0.17.56,deux
9907,0.17.57,cas
9908,0.17.58,traduit
9909,0.17.59,par
9910,0.17.60,epesˇu.
9911,0.17.61,4.
9912,0.17.62,Ajouts
9913,0.17.63,et
9914,0.17.64,corrections
9915,0.17.65,au
9916,0.17.66,PSD
9917,0.17.67,A/III
9918,0.17.68,"70–76,"
9919,0.17.69,ak
9920,0.17.70,1–7
9921,0.17.71,Le
9922,0.17.72,lecteur
9923,0.17.73,trouvera
9924,0.17.74,ci-dessous
9925,0.17.75,quelques
9926,0.17.76,ajouts
9927,0.17.77,et
9928,0.17.78,corrections
9929,0.17.79,au
9930,0.17.80,PSD
9931,0.17.81,A/III
9932,0.17.82,"70–76,"
9933,0.17.83,ak
9934,0.17.84,1–7.
9935,0.17.85,Dans
9936,0.17.86,ces
9937,0.17.87,"lignes,"
9938,0.17.88,je
9939,0.17.89,renonce
9940,0.17.90,en
9941,0.17.91,général
9942,0.17.92,à
9943,0.17.93,ajouter
9944,0.17.94,des
9945,0.17.95,"références,"
9946,0.17.96,à
9947,0.17.97,moins
9948,0.17.98,que
9949,0.17.99,je
9950,0.17.100,ne
9951,0.17.101,les
9952,0.17.102,juge
9953,0.17.103,intéressantes
9954,0.17.104,pour
9955,0.17.105,une
9956,0.17.106,quelconque
9957,0.17.107,raison.
9958,0.17.108,1.3
9959,0.17.109,a-n
9960,0.17.110,a(-am
9961,0.17.111,3)
9962,0.17.112,ak
9963,0.17.113,Cf.
9964,0.17.114,A/III
9965,0.17.115,115
9966,0.17.116,sq.
9967,0.17.117,bil.
9968,0.17.118,1
9969,0.17.119,et
9970,0.17.120,120
9971,0.17.121,lex.
9972,0.17.122,5.
9973,0.17.123,Egalement
9974,0.17.124,dans
9975,0.17.125,les
9976,0.17.126,NP
9977,0.17.127,présarg.
9978,0.17.128,e
9979,0.17.129,2-
9980,0.17.130,e-a-n
9981,0.17.131,a-ak
9982,0.17.132,(Struve
9983,0.17.133,"43),"
9984,0.17.134,e
9985,0.17.135,g
9986,0.17.136,2-
9987,0.17.137,ge
9988,0.17.138,-
9989,0.17.139,a
9990,0.17.140,-
9991,0.17.141,n
9992,0.17.142,a
9993,0.17.143,-ak
9994,0.17.144,"(ib.),"
9995,0.17.145,en-ne
9996,0.17.146,2-a-na-ak
9997,0.17.147,(AWEL
9998,0.17.148,19
9999,0.17.149,ii
10000,0.17.150,"5),"
10001,0.17.151,eri-gˆ
10002,0.17.152,u10-a-n
10003,0.17.153,a-ak
10004,0.17.154,(Struve
10005,0.17.155,"201),"
10006,0.17.156,gˆ
10007,0.17.157,a
10008,0.17.158,2-
10009,0.17.159,a
10010,0.17.160,-
10011,0.17.161,n
10012,0.17.162,a
10013,0.17.163,-ak
10014,0.17.164,(SR
10015,0.17.165,60
10016,0.17.166,i
10017,0.17.167,3)
10018,0.17.168,s
10019,0.17.169,e
10020,0.17.170,s
10021,0.17.171,-e-a-na-ak
10022,0.17.172,(Struve
10023,0.17.173,"169),"
10024,0.17.174,dans
10025,0.17.175,le
10026,0.17.176,NP
10027,0.17.177,d’Ur
10028,0.17.178,III
10029,0.17.179,e
10030,0.17.180,2-e(-a
10031,0.17.181,)-na-ba(-ak)
10032,0.17.182,et
10033,0.17.183,peut-être
10034,0.17.184,dans
10035,0.17.185,le
10036,0.17.186,NT
10037,0.17.187,m
10038,0.17.188,u-ri-a-na-
10039,0.17.189,ba-ak/mu-ri-na-ba
10040,0.17.190,(v.
10041,0.17.191,supra
10042,0.17.192,3.1.1
10043,0.17.193,Ur
10044,0.17.194,III
10045,0.17.195,écon./jur.
10046,0.17.196,s.v.
10047,0.17.197,-b
10048,0.17.198,a
10049,0.17.199,=
10050,0.17.200,{b
10051,0.17.201,+
10052,0.17.202,ak}
10053,0.17.203,et
10054,0.17.204,3.1.2.2
10055,0.17.205,Ur
10056,0.17.206,III
10057,0.17.207,s.v.
10058,0.17.208,-b
10059,0.17.209,a-k
10060,0.17.210,a
10061,0.17.211,).
10062,0.17.212,1.4
10063,0.17.213,a-n
10064,0.17.214,a-g
10065,0.17.215,in
10066,0.17.216,7
10067,0.17.217,ak
10068,0.17.218,Cf.
10069,0.17.219,A/III
10070,0.17.220,115
10071,0.17.221,sq.
10072,0.17.222,bil.
10073,0.17.223,1.
10074,0.17.224,3.1
10075,0.17.225,"«faire,"
10076,0.17.226,"façonner,"
10077,0.17.227,construire»
10078,0.17.228,On
10079,0.17.229,pourrait
10080,0.17.230,multiplier
10081,0.17.231,les
10082,0.17.232,exemples
10083,0.17.233,ad
10084,0.17.234,libitum.
10085,0.17.235,J’ai
10086,0.17.236,relevé
10087,0.17.237,encore
10088,0.17.238,au
10089,0.17.239,hasard
10090,0.17.240,de
10091,0.17.241,mes
10092,0.17.242,lectures:
10093,0.17.243,a
10094,0.17.244,2
10095,0.17.245,kala-ga
10096,0.17.246,«côtés
10097,0.17.247,solides
10098,0.17.248,(d’un
10099,0.17.249,panier)»
10100,0.17.250,(FI
10101,0.17.251,"21),"
10102,0.17.252,ad
10103,0.17.253,"«poutre,"
10104,0.17.254,radeau»
10105,0.17.255,(passim;
10106,0.17.256,pour
10107,0.17.257,quelques
10108,0.17.258,"références,"
10109,0.17.259,cf.
10110,0.17.260,A/III
10111,0.17.261,"6,"
10112,0.17.262,"1.2),"
10113,0.17.263,ad-t
10114,0.17.264,ab
10115,0.17.265,ur-ra
10116,0.17.266,«collier/laisse
10117,0.17.267,de
10118,0.17.268,chien»
10119,0.17.269,(MVN
10120,0.17.270,"1,"
10121,0.17.271,"225:3),"
10122,0.17.272,u
10123,0.17.273,r
10124,0.17.274,u
10125,0.17.275,d
10126,0.17.276,aalan
10127,0.17.277,«statue
10128,0.17.278,de
10129,0.17.279,cuivre»
10130,0.17.280,(Isˇme-Dagan
10131,0.17.281,A
10132,0.17.282,"300),"
10133,0.17.283,d
10134,0.17.284,a
10135,0.17.285,p
10136,0.17.286,u
10137,0.17.287,2
10138,0.17.288,«bord
10139,0.17.289,de
10140,0.17.290,puits»
10141,0.17.291,(InSˇuk.
10142,0.17.292,[9]4
10143,0.17.293,//
10144,0.17.294,[264]
10145,0.17.295,±
10146,0.17.296,//
10147,0.17.297,"142),"
10148,0.17.298,d
10149,0.17.299,a
10150,0.17.300,tur.tur
10151,0.17.301,«…»
10152,0.17.302,(SP
10153,0.17.303,3.87)
10154,0.17.304,e
10155,0.17.305,2
10156,0.17.306,u
10157,0.17.307,d
10158,0.17.308,u
10159,0.17.309,«bergerie»
10160,0.17.310,(UTAMI
10161,0.17.311,"4,"
10162,0.17.312,"2397:8),"
10163,0.17.313,g
10164,0.17.314,al
10165,0.17.315,z
10166,0.17.316,a
10167,0.17.317,b
10168,0.17.318,a
10169,0.17.319,r
10170,0.17.320,un
10171,0.17.321,grand
10172,0.17.322,récipient
10173,0.17.323,en
10174,0.17.324,bronze
10175,0.17.325,(MVN
10176,0.17.326,"14,"
10177,0.17.327,443:2;
10178,0.17.328,ou
10179,0.17.329,"«traiter»?),"
10180,0.17.330,g
10181,0.17.331,eg
10182,0.17.332,i
10183,0.17.333,l
10184,0.17.334,i
10185,0.17.335,m
10186,0.17.336,s
10187,0.17.337,u
10188,0.17.338,r-
10189,0.17.339,r
10190,0.17.340,a
10191,0.17.341,littéralt
10192,0.17.342,«poteaux(?)
10193,0.17.343,de
10194,0.17.344,roseaux
10195,0.17.345,tordus»
10196,0.17.346,(Roches-
10197,0.17.347,ter
10198,0.17.348,"174:9),"
10199,0.17.349,g
10200,0.17.350,u
10201,0.17.351,«fil»
10202,0.17.352,(SNATBM
10203,0.17.353,260
10204,0.17.354,iii
10205,0.17.355,"24),"
10206,0.17.356,g
10207,0.17.357,u
10208,0.17.358,-
10209,0.17.359,kilib
10210,0.17.360,«balle»
10211,0.17.361,(TIM
10212,0.17.362,"6,"
10213,0.17.363,1
10214,0.17.364,vi
10215,0.17.365,"4´),"
10216,0.17.366,g
10217,0.17.367,eg
10218,0.17.368,u
10219,0.17.369,r-d
10220,0.17.370,a
10221,0.17.371,un
10222,0.17.372,panier
10223,0.17.373,de
10224,0.17.374,roseau
10225,0.17.375,(Nabnitu
10226,0.17.376,VII
10227,0.17.377,133
10228,0.17.378,=
10229,0.17.379,A/III
10230,0.17.380,123
10231,0.17.381,lex.
10232,0.17.382,"53),"
10233,0.17.383,u
10234,0.17.384,r
10235,0.17.385,u
10236,0.17.386,d
10237,0.17.387,agur
10238,0.17.388,x(sˇe.kin)
10239,0.17.389,«faucille»
10240,0.17.390,(MVN
10241,0.17.391,18
10242,0.17.392,=
10243,0.17.393,AulOr.-S
10244,0.17.394,"11,"
10245,0.17.395,"424:2),"
10246,0.17.396,gˆ
10247,0.17.397,esˇ-a-nagˆ
10248,0.17.398,"(…),"
10249,0.17.399,littéralt
10250,0.17.400,"«Wassertränkholz»,"
10251,0.17.401,d’où
10252,0.17.402,«(hölzerne)
10253,0.17.403,Grabkammer»
10254,0.17.404,(Sallaberger)
10255,0.17.405,(TIM
10256,0.17.406,"6,"
10257,0.17.407,10:5
10258,0.17.408,sq.;
10259,0.17.409,cf.
10260,0.17.410,C.
10261,0.17.411,"Wilcke,"
10262,0.17.412,Mél.
10263,0.17.413,Vajda
10264,0.17.414,"254),"
10265,0.17.415,gˆ
10266,0.17.416,esˇ-
10267,0.17.417,n
10268,0.17.418,u
10269,0.17.419,2
10270,0.17.420,(…)
10271,0.17.421,«lit
10272,0.17.422,(…)»
10273,0.17.423,(UET
10274,0.17.424,"3,"
10275,0.17.425,"772:3–5)37,"
10276,0.17.426,ib2(.)sa
10277,0.17.427,«…»
10278,0.17.428,"(Peat,"
10279,0.17.429,JCS
10280,0.17.430,"28,"
10281,0.17.431,215
10282,0.17.432,n°
10283,0.17.433,27:4
10284,0.17.434,et
10285,0.17.435,"Kutscher,"
10286,0.17.436,Tel-Aviv
10287,0.17.437,"7,"
10288,0.17.438,173
10289,0.17.439,n°
10290,0.17.440,"2:3),"
10291,0.17.441,dl
10292,0.17.442,a
10293,0.17.443,m
10294,0.17.444,m
10295,0.17.445,a
10296,0.17.446,dsˇu
10297,0.17.447,-
10298,0.17.448,dsu
10299,0.17.449,en
10300,0.17.450,«(la
10301,0.17.451,statue
10302,0.17.452,d’)un
10303,0.17.453,génie
10304,0.17.454,de
10305,0.17.455,Sˇ.»
10306,0.17.456,"(Owen,"
10307,0.17.457,ASJ
10308,0.17.458,"19,"
10309,0.17.459,161/217
10310,0.17.460,n°
10311,0.17.461,"50:2),"
10312,0.17.462,m
10313,0.17.463,a
10314,0.17.464,2
10315,0.17.465,«bateau»
10316,0.17.466,"(Jean,"
10317,0.17.467,SˇA
10318,0.17.468,pl.
10319,0.17.469,"75:11´),"
10320,0.17.470,m
10321,0.17.471,a
10322,0.17.472,2(-)da-g
10323,0.17.473,a
10324,0.17.474,«…»
10325,0.17.475,(CST
10326,0.17.476,"585:3),"
10327,0.17.477,m
10328,0.17.478,a
10329,0.17.479,2-
10330,0.17.480,la
10331,0.17.481,2(-
10332,0.17.482,a
10333,0.17.483,)
10334,0.17.484,«radeau»
10335,0.17.485,(AnOr.
10336,0.17.486,"1,"
10337,0.17.487,62:7
10338,0.17.488,et
10339,0.17.489,UTAMI
10340,0.17.490,"3,"
10341,0.17.491,"1911:2),"
10342,0.17.492,g
10343,0.17.493,e
10344,0.17.494,-
10345,0.17.495,muru
10346,0.17.496,12
10347,0.17.497,une
10348,0.17.498,natte
10349,0.17.499,de
10350,0.17.500,roseau
10351,0.17.501,(SP
10352,0.17.502,14.46;
10353,0.17.503,cf.
10354,0.17.504,B.
10355,0.17.505,"Alster,"
10356,0.17.506,NABU
10357,0.17.507,"1999/88),"
10358,0.17.508,n
10359,0.17.509,i
10360,0.17.510,gˆ
10361,0.17.511,2-tab
10362,0.17.512,«Erhit-
10363,0.17.513,zer
10364,0.17.514,(=
10365,0.17.515,Ofen‹platte›?)»
10366,0.17.516,(GiEn.
10367,0.17.517,7;
10368,0.17.518,trad.
10369,0.17.519,de
10370,0.17.520,"Sallaberger,"
10371,0.17.521,Töpfer
10372,0.17.522,"105),"
10373,0.17.523,p
10374,0.17.524,is
10375,0.17.525,agˆ
10376,0.17.526,im
10377,0.17.527,s
10378,0.17.528,ar
10379,0.17.529,«cor-
10380,0.17.530,beille
10381,0.17.531,pour
10382,0.17.532,tablettes
10383,0.17.533,écrites»
10384,0.17.534,(MVN
10385,0.17.535,18
10386,0.17.536,=
10387,0.17.537,AulOr.-S
10388,0.17.538,"11,"
10389,0.17.539,188:3
10390,0.17.540,et
10391,0.17.541,YOS
10392,0.17.542,"4,"
10393,0.17.543,"168:3),"
10394,0.17.544,sa
10395,0.17.545,2-
10396,0.17.546,d
10397,0.17.547,u
10398,0.17.548,8
10399,0.17.549,«…»
10400,0.17.550,"(passim),"
10401,0.17.551,su
10402,0.17.552,k
10403,0.17.553,u
10404,0.17.554,5-kesˇe
10405,0.17.555,2
10406,0.17.556,=
10407,0.17.557,"tiqnu,"
10408,0.17.558,une
10409,0.17.559,parure
10410,0.17.560,(pour
10411,0.17.561,le
10412,0.17.562,cou/la
10413,0.17.563,tête)
10414,0.17.564,"(Kramer,"
10415,0.17.565,AnSt.
10416,0.17.566,"30,"
10417,0.17.567,7
10418,0.17.568,sq.
10419,0.17.569,=
10420,0.17.570,CT
10421,0.17.571,"58,"
10422,0.17.572,42
10423,0.17.573,l.
10424,0.17.574,"79),"
10425,0.17.575,sˇa
10426,0.17.576,3-
10427,0.17.577,t
10428,0.17.578,u
10429,0.17.579,k
10430,0.17.580,u
10431,0.17.581,5
10432,0.17.582,«matelas(?)»38
10433,0.17.583,(CST
10434,0.17.584,"606:2),"
10435,0.17.585,u
10436,0.17.586,r
10437,0.17.587,u
10438,0.17.588,d
10439,0.17.589,asˇen
10440,0.17.590,un
10441,0.17.591,chaudron
10442,0.17.592,en
10443,0.17.593,cuivre
10444,0.17.594,(MVN
10445,0.17.595,"18,"
10446,0.17.596,407
10447,0.17.597,rev.
10448,0.17.598,"1),"
10449,0.17.599,sˇu
10450,0.17.600,-
10451,0.17.601,n
10452,0.17.602,ir
10453,0.17.603,«emblème»
10454,0.17.604,(Inana
10455,0.17.605,D
10456,0.17.606,"201)39,"
10457,0.17.607,z
10458,0.17.608,a
10459,0.17.609,3-
10460,0.17.610,d
10461,0.17.611,u
10462,0.17.612,8
10463,0.17.613,«jambages
10464,0.17.614,37
10465,0.17.615,A
10466,0.17.616,distinguer
10467,0.17.617,de
10468,0.17.618,m
10469,0.17.619,u
10470,0.17.620,-
10471,0.17.621,nu
10472,0.17.622,2
10473,0.17.623,(…)
10474,0.17.624,ak
10475,0.17.625,(ES)
10476,0.17.626,«préparer
10477,0.17.627,un
10478,0.17.628,lit
10479,0.17.629,(…)»
10480,0.17.630,(Inana
10481,0.17.631,G
10482,0.17.632,50).
10483,0.17.633,38
10484,0.17.634,Ou
10485,0.17.635,«Geflecht»
10486,0.17.636,d’après
10487,0.17.637,W.
10488,0.17.638,Röllig/H.
10489,0.17.639,"Waetzoldt,"
10490,0.17.640,RlA
10491,0.17.641,8
10492,0.17.642,(1993–1997)
10493,0.17.643,327.
10494,0.17.644,39
10495,0.17.645,A
10496,0.17.646,dinstinguer
10497,0.17.647,de
10498,0.17.648,sˇu
10499,0.17.649,-
10500,0.17.650,n
10501,0.17.651,i
10502,0.17.652,r
10503,0.17.653,ak
10504,0.17.654,dans
10505,0.17.655,lu
10506,0.17.656,2
10507,0.17.657,sˇu
10508,0.17.658,-
10509,0.17.659,n
10510,0.17.660,i
10511,0.17.661,r
10512,0.17.662,ak.ak
10513,0.17.663,=
10514,0.17.664,muäammis
10515,0.17.665,sˇur[ini
10516,0.17.666,"],"
10517,0.17.667,«qui
10518,0.17.668,dé-
10519,0.17.669,pouille
10520,0.17.670,(de
10521,0.17.671,leurs
10522,0.17.672,métaux/pierres
10523,0.17.673,précieux)
10524,0.17.674,les
10525,0.17.675,emblèmes»
10526,0.17.676,(A/III
10527,0.17.677,129
10528,0.17.678,lex.
10529,0.17.679,201).
10530,0.18.0,64
10531,0.18.1,Pascal
10532,0.18.2,Attinger
10533,0.18.3,(de
10534,0.18.4,"porte)»,"
10535,0.18.5,«montants
10536,0.18.6,de
10537,0.18.7,porte»
10538,0.18.8,(GiM
10539,0.18.9,N
10540,0.18.10,v
10541,0.18.11,8
10542,0.18.12,et
10543,0.18.13,peut-être
10544,0.18.14,Lugale
10545,0.18.15,646)40
10546,0.18.16,et
10547,0.18.17,z
10548,0.18.18,i
10549,0.18.19,3
10550,0.18.20,«farine»
10551,0.18.21,(SP
10552,0.18.22,26
10553,0.18.23,D
10554,0.18.24,10).
10555,0.18.25,3.2
10556,0.18.26,"«traiter,"
10557,0.18.27,préparer»
10558,0.18.28,Pour
10559,0.18.29,le
10560,0.18.30,très
10561,0.18.31,fréquent
10562,0.18.32,i
10563,0.18.33,3(
10564,0.18.34,-
10565,0.18.35,gˆ
10566,0.18.36,esˇ/nun/sˇaä
10567,0.18.37,a/udu/
10568,0.18.38,etc.)
10569,0.18.39,"ak,"
10570,0.18.40,littéralt
10571,0.18.41,«faire
10572,0.18.42,l’huile
10573,0.18.43,(…)
10574,0.18.44,sur
10575,0.18.45,qqc.
10576,0.18.46,(le
10577,0.18.47,plus
10578,0.18.48,souvent
10579,0.18.49,au
10580,0.18.50,loc.-term.41)»
10581,0.18.51,=
10582,0.18.52,"«frotter,"
10583,0.18.53,"imbiber,"
10584,0.18.54,oindre
10585,0.18.55,qqc.
10586,0.18.56,d’huile
10587,0.18.57,"(/…)»,"
10588,0.18.58,voir
10589,0.18.59,infra
10590,0.18.60,5.186;
10591,0.18.61,comp.
10592,0.18.62,aussi
10593,0.18.63,a
10594,0.18.64,ak
10595,0.18.65,(B
10596,0.18.66,1)
10597,0.18.67,«traiter
10598,0.18.68,qqc.
10599,0.18.69,à
10600,0.18.70,l’eau»
10601,0.18.71,(5.2)42.
10602,0.18.72,Ajouter
10603,0.18.73,par
10604,0.18.74,ex.
10605,0.18.75,gˆ
10606,0.18.76,esˇa
10607,0.18.77,l
10608,0.18.78,d
10609,0.18.79,u
10610,0.18.80,3(-
10611,0.18.81,a
10612,0.18.82,)-
10613,0.18.83,b
10614,0.18.84,i
10615,0.18.85,(//)
10616,0.18.86,«toutes
10617,0.18.87,sortes
10618,0.18.88,de
10619,0.18.89,pioches»
10620,0.18.90,(FI
10621,0.18.91,"4043),"
10622,0.18.92,k
10623,0.18.93,asˇ-de
10624,0.18.94,2
10625,0.18.95,«banquet»
10626,0.18.96,(SP
10627,0.18.97,"13.14),"
10628,0.18.98,sˇe
10629,0.18.99,i
10630,0.18.100,3
10631,0.18.101,sik
10632,0.18.102,i
10633,0.18.103,"«orge,"
10634,0.18.104,graisse
10635,0.18.105,et
10636,0.18.106,laine»
10637,0.18.107,(Rim-Sîn
10638,0.18.108,A
10639,0.18.109,"19),"
10640,0.18.110,différents
10641,0.18.111,pro-
10642,0.18.112,duits
10643,0.18.113,aromatiques
10644,0.18.114,(Lugalb.
10645,0.18.115,I
10646,0.18.116,107
10647,0.18.117,"sq.),"
10648,0.18.118,etc.
10649,0.18.119,On
10650,0.18.120,pourrait
10651,0.18.121,enfin
10652,0.18.122,ranger
10653,0.18.123,ici
10654,0.18.124,(faute
10655,0.18.125,de
10656,0.18.126,mieux!)
10657,0.18.127,les
10658,0.18.128,expressions
10659,0.18.129,du
10660,0.18.130,type
10661,0.18.131,animal
10662,0.18.132,femelle
10663,0.18.133,animal
10664,0.18.134,mâle-e
10665,0.18.135,ak
10666,0.18.136,ou
10667,0.18.137,animal
10668,0.18.138,mâle
10669,0.18.139,animale
10670,0.18.140,femelle-e
10671,0.18.141,"ak,"
10672,0.18.142,où
10673,0.18.143,ak
10674,0.18.144,peut
10675,0.18.145,être
10676,0.18.146,rendu
10677,0.18.147,librement
10678,0.18.148,par
10679,0.18.149,«mettre
10680,0.18.150,à
10681,0.18.151,disposition
10682,0.18.152,(pour
10683,0.18.153,la
10684,0.18.154,reproduction)»;
10685,0.18.155,cf.
10686,0.18.156,ab2
10687,0.18.157,m
10688,0.18.158,aä
10689,0.18.159,2
10690,0.18.160,(…)
10691,0.18.161,am-e
10692,0.18.162,ke
10693,0.18.163,3-de
10694,0.18.164,3
10695,0.18.165,(PDT
10696,0.18.166,"1,"
10697,0.18.167,"498:1–4),"
10698,0.18.168,u
10699,0.18.169,d
10700,0.18.170,5
10701,0.18.171,*
10702,0.18.172,su
10703,0.18.173,4
10704,0.18.174,masˇ
10705,0.18.175,2
10706,0.18.176,!
10707,0.18.177,?-e
10708,0.18.178,ke
10709,0.18.179,3-de
10710,0.18.180,3
10711,0.18.181,(CST
10712,0.18.182,136:1
10713,0.18.183,sq.;
10714,0.18.184,cf.
10715,0.18.185,MVN
10716,0.18.186,12
10717,0.18.187,p.
10718,0.18.188,100)
10719,0.18.189,et
10720,0.18.190,gud-ab2
10721,0.18.191,a
10722,0.18.192,b2-e
10723,0.18.193,ke
10724,0.18.194,3-de
10725,0.18.195,3
10726,0.18.196,(SACT
10727,0.18.197,"1,"
10728,0.18.198,8:1
10729,0.18.199,sq.).
10730,0.18.200,3.3
10731,0.18.201,x
10732,0.18.202,-
10733,0.18.203,ta
10734,0.18.204,ak
10735,0.18.205,«faire
10736,0.18.206,qqc.
10737,0.18.207,de/avec
10738,0.18.208,qqc.»
10739,0.18.209,Une
10740,0.18.210,autre
10741,0.18.211,acception
10742,0.18.212,est
10743,0.18.213,«retirer/enlever
10744,0.18.214,qqc.
10745,0.18.215,de
10746,0.18.216,qqc.»
10747,0.18.217,(cf.
10748,0.18.218,par
10749,0.18.219,ex.
10750,0.18.220,UET
10751,0.18.221,"3,"
10752,0.18.222,1382:1´
10753,0.18.223,sq.
10754,0.18.224,sˇu-nigˆ
10755,0.18.225,in
10756,0.18.226,2
10757,0.18.227,n
10758,0.18.228,g
10759,0.18.229,u
10760,0.18.230,r
10761,0.18.231,/{sˇa
10762,0.18.232,3}
10763,0.18.233,nigˆ
10764,0.18.234,2-gur11-ra-t
10765,0.18.235,a
10766,0.18.236,ba-
10767,0.18.237,ra-ak
10768,0.18.238,«total
10769,0.18.239,n
10770,0.18.240,"gur,"
10771,0.18.241,ils
10772,0.18.242,ont
10773,0.18.243,été
10774,0.18.244,prélevés
10775,0.18.245,des
10776,0.18.246,biens
10777,0.18.247,disponibles»).
10778,0.18.248,Comp.
10779,0.18.249,MVN
10780,0.18.250,"16,"
10781,0.18.251,1638:4
10782,0.18.252,sq.:
10783,0.18.253,8
10784,0.18.254,m
10785,0.18.255,u
10786,0.18.256,r
10787,0.18.257,g
10788,0.18.258,u
10789,0.18.259,2-
10790,0.18.260,b
10791,0.18.261,a
10792,0.18.262,(«carapaces
10793,0.18.263,de
10794,0.18.264,tortue»)
10795,0.18.265,/
10796,0.18.266,gˆ
10797,0.18.267,esˇg
10798,0.18.268,u-za
10799,0.18.269,sˇa
10800,0.18.270,3
10801,0.18.271,e
10802,0.18.272,2-masˇ-ka
10803,0.18.273,ba-ra-ak.
10804,0.18.274,D’interprétation
10805,0.18.275,"difficile,"
10806,0.18.276,mais
10807,0.18.277,probabl.
10808,0.18.278,à
10809,0.18.279,ranger
10810,0.18.280,"ici,"
10811,0.18.281,est
10812,0.18.282,Houe
10813,0.18.283,araire
10814,0.18.284,114:
10815,0.18.285,gˆ
10816,0.18.286,esˇdal-ta
10817,0.18.287,(//)
10818,0.18.288,ku
10819,0.18.289,r-
10820,0.18.290,r
10821,0.18.291,a
10822,0.18.292,u
10823,0.18.293,m
10824,0.18.294,-
10825,0.18.295,ta
10826,0.18.296,-ak-
10827,0.18.297,en
10828,0.18.298,/e
10829,0.18.299,"(//),"
10830,0.18.300,littéralt
10831,0.18.301,«Après
10832,0.18.302,qu’on
10833,0.18.303,t’a44
10834,0.18.304,fait
10835,0.18.305,loin
10836,0.18.306,des
10837,0.18.307,poutres
10838,0.18.308,en
10839,0.18.309,une
10840,0.18.310,‹montagne›»
10841,0.18.311,=
10842,0.18.312,«Après
10843,0.18.313,qu’on
10844,0.18.314,t’a
10845,0.18.315,dégagé
10846,0.18.316,des
10847,0.18.317,poutres
10848,0.18.318,et
10849,0.18.319,mis
10850,0.18.320,en
10851,0.18.321,tas»
10852,0.18.322,(conj.).
10853,0.18.323,3.4
10854,0.18.324,x
10855,0.18.325,-
10856,0.18.326,sˇe
10857,0.18.327,3
10858,0.18.328,«faire
10859,0.18.329,N1
10860,0.18.330,en
10861,0.18.331,"N2»,"
10862,0.18.332,«transformer
10863,0.18.333,N1
10864,0.18.334,en
10865,0.18.335,"N2»,"
10866,0.18.336,«faire
10867,0.18.337,N2
10868,0.18.338,avec
10869,0.18.339,N1».
10870,0.18.340,V.
10871,0.18.341,aussi
10872,0.18.342,5.176
10873,0.18.343,äab2/
10874,0.18.344,äabx-sˇe
10875,0.18.345,3
10876,0.18.346,"ak,"
10877,0.18.347,5.504
10878,0.18.348,uä-
10879,0.18.349,sˇe
10880,0.18.350,3
10881,0.18.351,ak
10882,0.18.352,et
10883,0.18.353,5.530
10884,0.18.354,zi-isˇ-da
10885,0.18.355,(…)-sˇe
10886,0.18.356,3
10887,0.18.357,ak.
10888,0.18.358,Ajouter
10889,0.18.359,les
10890,0.18.360,expressions
10891,0.18.361,"suivantes,"
10892,0.18.362,d’interprétation
10893,0.18.363,souvent
10894,0.18.364,difficile:
10895,0.18.365,ab2-ki(-sˇe
10896,0.18.366,3)
10897,0.18.367,ak
10898,0.18.368,«faire
10899,0.18.369,(des
10900,0.18.370,sillons)
10901,0.18.371,en
10902,0.18.372,abki»
10903,0.18.373,(A/II
10904,0.18.374,170
10905,0.18.375,sq.
10906,0.18.376,et
10907,0.18.377,R.
10908,0.18.378,de
10909,0.18.379,Maaijer/B.
10910,0.18.380,"Jagersma,"
10911,0.18.381,AfO
10912,0.18.382,44/45
10913,0.18.383,[1997/1998]
10914,0.18.384,287
10915,0.18.385,"sq.),"
10916,0.18.386,gˆ
10917,0.18.387,esˇga
10918,0.18.388,r
10919,0.18.389,a
10920,0.18.390,d
10921,0.18.391,in
10922,0.18.392,bad-
10923,0.18.393,sˇe
10924,0.18.394,3
10925,0.18.395,n
10926,0.18.396,u
10927,0.18.397,-ak
10928,0.18.398,(TSA
10929,0.18.399,28
10930,0.18.400,v
10931,0.18.401,"4),"
10932,0.18.402,gˆ
10933,0.18.403,esˇnu
10934,0.18.404,x/
10935,0.18.405,gˆ
10936,0.18.406,esˇ-
10937,0.18.407,n
10938,0.18.408,u
10939,0.18.409,2
10940,0.18.410,bois-
10941,0.18.411,sˇe
10942,0.18.412,3
10943,0.18.413,(nu-)ak
10944,0.18.414,(DP
10945,0.18.415,490
10946,0.18.416,i
10947,0.18.417,1
10948,0.18.418,sq.
10949,0.18.419,et
10950,0.18.420,ii
10951,0.18.421,"1),"
10952,0.18.422,"(poutres,"
10953,0.18.423,"planches,"
10954,0.18.424,montants
10955,0.18.425,de
10956,0.18.426,portes
10957,0.18.427,et
10958,0.18.428,roseaux)
10959,0.18.429,nigˆ
10960,0.18.430,2-ub5-
10961,0.18.431,b
10962,0.18.432,a
10963,0.18.433,-
10964,0.18.434,sˇe
10965,0.18.435,345
10966,0.18.436,b
10967,0.18.437,a
10968,0.18.438,-ak
10969,0.18.439,(UET
10970,0.18.440,"3,"
10971,0.18.441,781:1–6)
10972,0.18.442,et
10973,0.18.443,peut-être
10974,0.18.444,b
10975,0.18.445,i
10976,0.18.446,-
10977,0.18.447,sˇe
10978,0.18.448,ki-ba-la-sˇe
10979,0.18.449,ak-ka
10980,0.18.450,=
10981,0.18.451,(?)
10982,0.18.452,p
10983,0.18.453,esˇ
10984,0.18.454,2-e
10985,0.18.455,ki-bala-sˇe
10986,0.18.456,3
10987,0.18.457,ak-
10988,0.18.458,a
10989,0.18.459,littéralt
10990,0.18.460,«(endroit)
10991,0.18.461,que
10992,0.18.462,les
10993,0.18.463,souris
10994,0.18.464,ont
10995,0.18.465,fait
10996,0.18.466,en
10997,0.18.467,un
10998,0.18.468,endroit
10999,0.18.469,mis
11000,0.18.470,sens
11001,0.18.471,dessus
11002,0.18.472,dessous»
11003,0.18.473,"(Cavigneaux/al-Rawi,"
11004,0.18.474,ZA
11005,0.18.475,"92,"
11006,0.18.476,32
11007,0.18.477,iv
11008,0.18.478,8).
11009,0.18.479,3.6
11010,0.18.480,V.
11011,0.18.481,5.121
11012,0.18.482,gi16-sa(-
11013,0.18.483,asˇ/esˇ
11014,0.18.484,2)
11015,0.18.485,ak.
11016,0.18.486,4.
11017,0.18.487,ak
11018,0.18.488,ne
11019,0.18.489,signifie
11020,0.18.490,pas
11021,0.18.491,"«placer»,"
11022,0.18.492,mais
11023,0.18.493,peut
11024,0.18.494,tout
11025,0.18.495,au
11026,0.18.496,plus
11027,0.18.497,être
11028,0.18.498,rendu
11029,0.18.499,librement
11030,0.18.500,ainsi.
11031,0.18.501,Pour
11032,0.18.502,"4.1,"
11033,0.18.503,v.
11034,0.18.504,infra
11035,0.18.505,5.261
11036,0.18.506,kusˇlu.ub2:lu.ub2.sˇir
11037,0.18.507,ak
11038,0.18.508,"(etc.),"
11039,0.18.509,pour
11040,0.18.510,4.2
11041,0.18.511,5.32
11042,0.18.512,ag
11043,0.18.513,a/
11044,0.18.514,ag
11045,0.18.515,a
11046,0.18.516,3
11047,0.18.517,zi
11048,0.18.518,ak46
11049,0.18.519,et
11050,0.18.520,pour
11051,0.18.521,4.3
11052,0.18.522,5.275
11053,0.18.523,t
11054,0.18.524,u
11055,0.18.525,9m
11056,0.18.526,u
11057,0.18.527,-
11058,0.18.528,u
11059,0.18.529,n
11060,0.18.530,-
11061,0.18.531,bu
11062,0.18.532,ak.
11063,0.18.533,5.2
11064,0.18.534,V.
11065,0.18.535,5.521
11066,0.18.536,usˇu
11067,0.18.537,3
11068,0.18.538,gigˆ
11069,0.18.539,4
11070,0.18.540,ak.
11071,0.18.541,6.
11072,0.18.542,Noter
11073,0.18.543,aussi
11074,0.18.544,lu
11075,0.18.545,2
11076,0.18.546,za
11077,0.18.547,-
11078,0.18.548,gin
11079,0.18.549,3-na
11080,0.18.550,ke
11081,0.18.551,3-de
11082,0.18.552,3
11083,0.18.553,(erg.)
11084,0.18.554,«l’homme
11085,0.18.555,qui
11086,0.18.556,travaille
11087,0.18.557,le
11088,0.18.558,lapis»
11089,0.18.559,(InDesc.
11090,0.18.560,45
11091,0.18.561,//
11092,0.18.562,54
11093,0.18.563,//
11094,0.18.564,62
11095,0.18.565,texte
11096,0.18.566,c).
11097,0.18.567,6.1
11098,0.18.568,et
11099,0.18.569,6.3
11100,0.18.570,V.
11101,0.18.571,5.186
11102,0.18.572,i
11103,0.18.573,3(-gˆ
11104,0.18.574,esˇ/nun/sˇaäa/
11105,0.18.575,u
11106,0.18.576,d
11107,0.18.577,u
11108,0.18.578,","
11109,0.18.579,etc.)
11110,0.18.580,ak.
11111,0.18.581,40
11112,0.18.582,Probabl.
11113,0.18.583,pas
11114,0.18.584,dans
11115,0.18.585,le
11116,0.18.586,sens
11117,0.18.587,de
11118,0.18.588,"«construire»,"
11119,0.18.589,mais
11120,0.18.590,de
11121,0.18.591,«former»;
11122,0.18.592,cf.
11123,0.18.593,A.
11124,0.18.594,R.
11125,0.18.595,"George,"
11126,0.18.596,The
11127,0.18.597,Ba-
11128,0.18.598,bylonian
11129,0.18.599,Gilgamesh
11130,0.18.600,Epic
11131,0.18.601,(2003)
11132,0.18.602,126
11133,0.18.603,sq.
11134,0.18.604,41
11135,0.18.605,Dans
11136,0.18.606,«Lafont
11137,0.18.607,Tello
11138,0.18.608,"359:1–2»,"
11139,0.18.609,lire
11140,0.18.610,tu
11141,0.18.611,9-g
11142,0.18.612,e
11143,0.18.613,.
11144,0.18.614,42
11145,0.18.615,Les
11146,0.18.616,traductions
11147,0.18.617,du
11148,0.18.618,type
11149,0.18.619,«oil
11150,0.18.620,for
11151,0.18.621,preparing
11152,0.18.622,a
11153,0.18.623,water
11154,0.18.624,skin»
11155,0.18.625,ou
11156,0.18.626,«oil
11157,0.18.627,was
11158,0.18.628,prepared
11159,0.18.629,for
11160,0.18.630,the
11161,0.18.631,door
11162,0.18.632,[…]»
11163,0.18.633,ne
11164,0.18.634,sont
11165,0.18.635,pas
11166,0.18.636,précises.
11167,0.18.637,43
11168,0.18.638,La
11169,0.18.639,traduction
11170,0.18.640,de
11171,0.18.641,Civil
11172,0.18.642,(p.
11173,0.18.643,31)
11174,0.18.644,«The
11175,0.18.645,hoe
11176,0.18.646,should
11177,0.18.647,work
11178,0.18.648,everything»
11179,0.18.649,implique
11180,0.18.650,que
11181,0.18.651,l’ergatif
11182,0.18.652,ferait
11183,0.18.653,défaut
11184,0.18.654,dans
11185,0.18.655,tous
11186,0.18.656,les
11187,0.18.657,dupl.
11188,0.18.658,(×
11189,0.18.659,7).
11190,0.18.660,44
11191,0.18.661,"L’araire,"
11192,0.18.662,ou
11193,0.18.663,plus
11194,0.18.664,précisément
11195,0.18.665,les
11196,0.18.666,troncs
11197,0.18.667,de
11198,0.18.668,bois
11199,0.18.669,avec
11200,0.18.670,lesquels
11201,0.18.671,il
11202,0.18.672,sera
11203,0.18.673,construit.
11204,0.18.674,45
11205,0.18.675,D’après
11206,0.18.676,Civil
11207,0.18.677,(Houe
11208,0.18.678,araire
11209,0.18.679,p.
11210,0.18.680,"110),"
11211,0.18.681,désignerait
11212,0.18.682,une
11213,0.18.683,sorte
11214,0.18.684,de
11215,0.18.685,palissade.
11216,0.18.686,46
11217,0.18.687,Obscur
11218,0.18.688,est
11219,0.18.689,LU
11220,0.18.690,219
11221,0.18.691,W
11222,0.18.692,et
11223,0.18.693,"E’,"
11224,0.18.694,mais
11225,0.18.695,remarquer
11226,0.18.696,que
11227,0.18.697,les
11228,0.18.698,deux
11229,0.18.699,dupl.
11230,0.18.700,ont
11231,0.18.701,s
11232,0.18.702,agˆ
11233,0.18.703,(-)sˇe3
11234,0.18.704,(pas
11235,0.18.705,tu
11236,0.18.706,9!)
11237,0.18.707,la-ba-an-ak-
11238,0.18.708,e
11239,0.18.709,.
11240,0.18.710,à
11241,0.18.711,suivre
