pdf,pages,avg_cer,avg_wer,chars_ref,chars_hyp,words_ref,words_hyp
"AKT 1, 1990.pdf",1,0.1425,0.2083,3866,3772,540,582
"AKT 2, 1995.pdf",1,0.095,0.095,3416,3525,485,452
"AKT 4, 2006.pdf",1,0.095,0.095,2305,2274,416,446
AKT 4.pdf,1,0.095,0.095,2070,2169,318,320
"AKT 4b, 2006.pdf",1,0.095,0.095,691,666,117,116
Albayrak_1998_3UHKB_Koloni caginda_p1-14.pdf,2,0.08549999999999999,0.095,1582,1565,243,241
Albayrak_2000_ArAn4_testament.pdf,3,0.10386666666666666,0.10426666666666667,4382,4498,639,634
Albayrak_2001_AMMY2000_ma'usu.PDF,3,0.0998,0.10706666666666668,3394,3334,469,465
