{
  "analysis_timestamp": "2025-09-24T21:15:48.510133",
  "modes_analyzed": [
    "eval_research_results_akkadian"
  ],
  "comparison_data": {
    "eval_research_results_akkadian": {
      "total_documents": 11,
      "total_pages": 84,
      "successful_pages": 81,
      "success_rate": 0.9642857142857143,
      "total_text_elements": 4787,
      "avg_text_elements_per_page": 56.98809523809524,
      "total_processing_time": 3596.4178285598755,
      "avg_processing_time_per_page": 42.814497959046136,
      "avg_confidence": 0.9326419753086419,
      "confidence_std": 0.09142268709707335,
      "total_corrections": 0,
      "total_akkadian_translations": 0,
      "confidence_scores": [
        0.961,
        0.986,
        0.97,
        0.974,
        0.977,
        0.98,
        0.976,
        0.965,
        0.976,
        0.977,
        0.971,
        0.965,
        0.975,
        0.961,
        0.957,
        0.967,
        0.964,
        0.969,
        0.979,
        0.969,
        0.977,
        0.977,
        0.973,
        0.974,
        0.958,
        0.965,
        0.975,
        0.981,
        0.967,
        0.971,
        0.977,
        0.985,
        0.964,
        0.979,
        0.983,
        0.941,
        0.943,
        0.946,
        0.919,
        0.941,
        0.946,
        0.937,
        0.991,
        0.721,
        0.738,
        0.633,
        0.744,
        0.879,
        0.675,
        0.686,
        0.7,
        0.744,
        0.972,
        0.951,
        0.95,
        0.918,
        0.967,
        0.977,
        0.969,
        0.97,
        0.969,
        0.978,
        0.982,
        0.983,
        0.968,
        0.966,
        0.962,
        0.967,
        0.765,
        0.918,
        0.851,
        0.991,
        0.981,
        0.977,
        0.987,
        0.969,
        0.969,
        0.988,
        0.986,
        0.99,
        0.614
      ],
      "total_word_count": 15462,
      "total_token_count": 2468,
      "avg_word_count_per_page": 184.07142857142858,
      "avg_token_count_per_page": 29.38095238095238,
      "time_per_text_element": 0.7512884538458064,
      "time_per_word": 0.23259719496571438,
      "time_per_token": 1.4572195415558653,
      "avg_cpu_percent": 976.9480769230769,
      "avg_memory_mb": 2225.3318810096152
    }
  },
  "recommendations": [
    "✅ **Excellent success rate** (96.4%) - eval_research_results_akkadian mode is performing well",
    "🔥 **High CPU usage** (976.9%) - Consider optimizing for better efficiency",
    "🧠 **High memory usage** (2225MB) - Consider memory optimization",
    "⚠️ **Slow processing speed** (0.2326s/word) - Consider optimization"
  ]
}