,text,orientation,language,mean_confidence,used_original_text,time,scale
0,"


INCISED MARKS
ON LATE HELLADIC AND LATE MINOAN III POTTERY

A Thesis
by
NICOLLE ELISE HIRSCHFELD

Submitted to the Office of Graduate Studies of
Texas A&M University
in partial fulfillment of the requirements for the degree of

MASTER OF ARTS

December 1990

Major Subject: Anthropology",0,eng,95.35937375555555,False,1648426673.619402,1.75
1,"


INCISED MARKS
ON LATE HELLADIC AND LATE MINOAN III POTTERY

A Thesis
by
NICOLLE ELISE HIRSCHFELD

Approved as to style and content by:

 

“Chivap 7. Baas Cw)

orge F. Bass
(Chair of Committee)

f

fucdeih Lv Vow hI }
Frederick H. van Doorninck, Jr. Vaughn M.Bry4at; Jr.
(Member) (Head of Department)

Dice 2 Oa

hn phe
Diana Delia
(Member)

 

 

December 1990",0,eng,76.09675483606559,False,1648426674.015172,1.75
2,"


ABSTRACT

Incised Marks on Late Helladic and Late Minoan II Pottery. (December 1990)
Nicolle Elise Hirschfeld, B.A., Bryn Mawr College
Chair of Advisory Committee: Dr. George F. Bass

A careful look at Late Helladic/ Late Minoan III pottery marked with incised signs
leads to two observations. First, the incised signs are related in form and method of
application, as well as the types of vessels to which they are applied and the
chronological range and distribution of those vessels.. These common features suggest
systematic use of incised marks. Second, this system is directly related to potmarking
practices of contemporary Cyprus.

Cypriot signs on Mycenaean vessels found on Cyprus or in the Near East can be
explained as having been marked in Cyprus, but the incised Mycenaean vases found in
the Aegean are more difficult to understand. The increasing number of incised vessels
found in the Argolid and the fact that they are fine-ware vases makes it difficult to think
of them as “returnables.” In view of other evidence of highly-organized trade between
the Argolid and Cyprus, it is proposed that the vessels bearing incised marks were
designated for export to Cyprus while still on the mainland and there marked according
to the practices appropriate to their destination. There is no precedent or logical reason to
suggest that Mycenaeans employed such marks; more likely, Cypriots themselves incised
the signs.

No pattern can be discerned which might indicate the function of the marks. No
particular sign or combination of signs is peculiar to a certain shape, decorative motif,
geographical region, or context. In fact, this lack of patterning in the appearance of the
marks must itself provide some clue to the meaning of the signs. In default of other
possible explanations, it is proposed that the diversity of signs is best explained as
reflecting personal marks of those (Cypriots) handling the merchandise: traders,
shippers or warehousers.",0,eng,95.33454604458599,False,1648426675.078329,1.75
3,"


ACKNOWLEDGEMENTS

Iam deeply grateful to the many people who have helped me in the course of this
project. I thank especially T.G. Palaima who not only sparked my interest in the topic,
but also spent many hours advising, critiquing, and encouraging my work. Likewise, J.
Rutter gave of his time and effort far beyond any call of duty. As much as the tangible
advice which both of them have given me, I value the standards of scholarship and
teaching which they have set by example.

Those who volunteered for formal duties took them seriously, and I am glad to
acknowledge their willing help: G.F. Bass, D. Delia, and F. H. van Doorninck, Jr.

No less important has been the help abundantly offered by teachers, colleagues,
and friends: P. Astrém, J. Bennet, E. L. Bennett, Jr., J. Benson, P. Betancourt, G.
Cadogan, N. Coldstream, J.-C. Courtois, C. Fowler, D. Frankel, E. French, C.
Haldane, H. Haskell, S. Hood, B. Kling, C. LeDoux, M. Lynch, F.-G. Maier, C. Mee,
P. Mountjoy, V. Moustoukki, C. Pulak, C. Shelmerdine, A. and S. Sherratt, E.
Vermeule, C. Williams, F. Wolsky, J. Wright, M. Yon, and C. Zerner. Iam especially
grateful to V. Karageorghis, A. South Todd, and S. Swiny and family.

None of this would have been possible without the generosity of the Cyprus
Department of Antiquities and the staff of its various museums; the Department of Greek
and Roman Antiquities of the British Museum; the Ashmolean Museum; The University
Museum, Mediterranean Section (Philadephia); and the collections of the Institute of
Archaeology and University College London.

Finally, but fundamentally, I acknowledge with thanks those institutions which
have financially supported this undertaking: the Mellon 1984 Foundation, the
Archaeological Institute of America (Olivia James Traveling Fellowship), and the Cyprus
American Archaeological Institute (CAARI.

I, of course, remain solely responsible for errors and shortcomings in this work.",0,eng,93.83813169902912,False,1648426676.12742,1.75
4,"


TABLE OF CONTENTS

 

 
 
 

CHRONOLOGICAL RANGE... 1... esc e eect eee ee eee eens 7

GEOGRAPHICAL DISTRIBUTION ........ 0. cece ee eee teers 14
Introduction 0.6... eee eee eect eee een ees
Cyprus ... : : :
Near East

  
   
 
 

Italy, Sicily, Sardin oon
Geographical Distribution: Summary .
BS) 00 dh 38
FS 36: Three-handled Piriform Jar . 0.6... 6. eee ee eee eee eee eee 38
FS 164: Large Stirrup Jar 2... eee eee eens 41
CATALOGUE OF SIGNS 2.6... eee eee eee eee 46
Classification Method

 

Cypro-Minoan Signs .
Timing of Marking",0,eng,53.71357047826086,False,1648426678.020183,1.75
5,"


 
 

SUMMARY, INTERPRETATION AND CONCLUSIONS ................. 70

A Cypriot Marking System

Cypriots in the Argolid . . .

Handlers' Marks ...........

Questions for Further Research ....
BIBLIOGRAPHY ...... 0... 0c cece cece cece c cence eee eeee 88
APPENDIX I: CATALOGUE OF LH/LM III VASES WITH INCISED MARKS . .98
APPENDIX II: INCISED MARKS ON LH/LM III COARSE WARES ........ 226
APPENDIX I: CATALOGUE OF INCISED MARKS ...............5.. 229",0,eng,75.5050030882353,False,1648426678.4740732,1.75
6,"


LIST OF TABLES
TABLE Page

1, Vessels with Incised Marks: Chronological Range..............0.0.0005
2. Vessels with Incised Marks: Geographical Distribution .
3. Incised Marks: Cypro-Minoan & Linear B Equivalencies
4. Vessels with Multiple Preserved Incised Handles or Signs................
5. Late Bronze Age Methods of Marking Aegean Export Ceramics

   

 

 ",0,eng,90.69058944680854,False,1648426678.8422358,1.75
7,"


LIST OF FIGURES
FIGURE Page

1, Distribution of Vessels with Incised Marks: Cyprus .............0.0000-
2. Distribution of Vessels with Incised Marks: Near East
3. CM Inscriptions on Pottery: Various Orientations
4. Inscribed Marks: CM Signs . .

5. A CM? Mark

    
 
 

8. Variations within a Sign Type? . 2.6.2... ec e cece cece e ee ues 63",0,eng,76.8529350877193,False,1648426679.213804,1.75
8,"


ABBREVIATIONS

The following list contains only those references cited often enough to merit use of
abbreviated titles within the foomotes.

Acts Cyprus/Crete

Acts of the International Archaeological Symposium ""The
Relations between Cyprus and Crete, ca. 2000-500
BC.,"" 16th-22nd April 1978 (Nicosia 1979).

Akerstrém, Kadmos 13 (1974)

Alasial
Alasia 1

Alasia 1

AlasiaIV

Apliki
Archaeology/Dodecanese

ARDA

Athienou

Balensi, diss.

Bamboula
“Bamboula, Kourion,""

Bennet, Kommos 1

Benson, Berytus 14 (1961)

Akerstrém, A. ""Drei Mykenische Geftissfragmente in
Nauplia,"" Kadmos 13 (1974) 44-47,

Schaeffer, C. et al. Alasia 1 (Paris 1971).

Courtois, J.-C. Alasia Il: Les tombes d'Enkomi. Le
mobilier funéraire (Paris 1981).

Courtois, J.-C. Alasia Ill: Les objets des niveaux stratifiés
d'Enkomi (Paris 1984).

Lagarce, E., J. Lagarce. Alasia TV: Deux tombes du
Chypriote Récent d'Enkomi (Chypre) Tombes 1851 et
1907 Paris 1985).

du Plat Taylor, J. ""A Late Bronze Age Settlement at
Apliki, Cyprus,"" AJ 32 (1952) 133-66.

Dietz, S., I. Papachristodoulou, eds. Archaeology in the
Dodecanese (Copenhagen 1988).

Annual Report of the Department of Antiquities

Ben-Tor, A., T. Dothan. Excavations at Athienou,
Cyprus 1971-1972 (Qedem 10, Jerusalem 1983).

Balensi, J. Les fouilles de R.W. Hamilton a Tell Abu
Hawam, Ph.D. dissertation, Palais Universitaire de
Strasbourg, 1980.

Benson, J. Bamboula at Kourion: The Necropolis and the
Finds (Philadelphia 1972).

Benson, J.,O. Masson. “Cypro-Minoan Inscriptions
from Bamboula, Kourion,"" AJA 64 (1960) 145-51.

Bennet, J. ""Marks on Bronze Age Pottery from
Kommos,"" in J. Shaw, ed., Kommos I, forthcoming.
(J. Bennet, Dept. of Classics,University of Wisconsin,
Madison].

Benson, J. ""Coarse Ware Stirrup Jars of the Aegean,""
Berytus 14 (1961) 37-51.",0,eng,91.07137676171875,False,1648426680.279225,1.75
9,"


_ BMCV

Casson, Ancient Cyprus

CBMW

Walters, H. Catalogue of the Greek and Etruscan Vases
in the British Museum Vol I Part 2: Cypriote, Italian, and
Etruscan Pottery (London 1912),

Casson, S. Ancient Cyprus: Its Art and Archaeology.
(London 1937).

Catling, H. Cypriot Bronzework in the Mycenaean
World (Oxford Monographs on Classical Archaeology,
Oxford 1964).

Chadwick, Mycenae Tablets III

Chronology

Corpus céramique d'Enkomi

Chadwick, J., ed. The Mycenae Tablets Mi (TAPS 52,
Philadelphia 1963).

Furumark, A. The Chronology of Mycenaean Pottery
(Stockholm 1941).

Courtois, J.-C. Corpus céramique d'Enkomi
(forthcoming).

[J.-C. Courtois, Centre de Recherches Archéologiques,
Maison l'Orient Méditerranéen, Université Lyon 2].

Courtois and Lagarce, Enkomi

CVA Cyprus 1
CVA Cyprus 2

Cyprominoica

Deir el Balah
Dikaios, Enkomi

Dikaios, GCM2
Déhl, Kadmos 18 (1979)

Courtois, J.-C., E. Lagarce, J. Lagarce. Enkomi et le
Bronze Récent a Chypre (Nicosia 1986).

Karageorghis, V. Corpus Vasorum Antiquorum:
Cyprus 1, Cyprus Museum 1 (Nicosia 1963).

Karageorghis, V. Corpus Vasorum Antiquorum:
Cyprus 2, Private Collections 1 (Nicosia 1965).

Masson, E. Cyprominoica: Répertoires, documents de
Ras Shamra, essais d'interpretation (SIMA 31, Goteborg
1974).

Dothan, T. Excavations at the Cemetery of Deir el Balah
(Qedem 10, Jerusalem 1978).

Dikaios, P. Enkomi: Excavations 1948-1958 [Mainz
1969 (Vol.D, 1971 (Vol.ID}.

Dikaios, P. Guide to the Cyprus Museum (Nicosia n.d.).
Déhl, H. “Bronzezeitliche Graffiti und Dipinti aus Tiryns

II: Nach dem Brand eingeritzte und gemalte Zeichen,""
Kadmos 18 (1979) 47-70.",0,eng,91.09813834061137,False,1648426681.224412,1.75
10,"


Enkomi-Alasia
Excavations in Cyprus
Gelidonya
Gjerstad, Studies

Greek and Cypriot Pottery

Hala Sultan Tekke 1
Hala Sultan Tekke 3
Hala Sultan Tekke 5
Hamilton, QDAP 4 (1935)

Hankey, Acts Cyprus/Crete

Hankey, BSA 62 (1967)

Haskell, (fc.).

KAD II
Kalopsidha
Kanta, LM IIT

Kition 1

Schaeffer, C. Enkomi-Alasia: Nouvelles missions en
Chypre 1946-1950 (Paris 1952).

Murray, A., A. Smith, H. Walters. Excavations
in Cyprus (1900. Reprint, Oxford 1969).

Bass, G. Cape Gelidonya: A Bronze Age Shipwreck
(TAPS 57, Philadelphia 1967).

Gjerstad, E. Studies on Prehistoric Cyprus (Uppsala
1926).

Jones, R., et al. Greek and Cypriot Pottery: A Review of
Scientific Studies. (Fitch Laboratory Occasional Paper 1,
Athens 1986).

Astrém, P., D. Bailey, V.Karageorghis. Hala Sultan
Tekke 1 (SIMA 45:1, Goteborg 1976).

Astrém, P., G. Hult, M. Olofsson. Hala Sultan Tekke 3:
Excavations 1972 (SIMA 45:3, Géteborg 1977).

Obrink, U. Hala Sultan Tekke 5: Excavations in Area 22
1971-1973 and 1975-1978 (SIMA 45:5, Géteborg 1979).

Hamilton, R.W. “Excavations at Tell Abu Hawam,""
QDAP 4 (1935).

Hankey, V. ""Crete, Cyprus and the south-eastern
Mediterranean, 1400-1200 B.C.,"" in Acts Cyprus/Crete,
~57.

Hankey, V. ""Mycenaean Pottery in the Middle East:
Notes on Finds since 1951,"" BSA 62 (1967) 107-48.

H. Haskell (Southwestern University, Georgetown, TX):
research in progress, in conjunction with R. Jones (Fitch
Laboratory, British School at Athens) and H. Catling.

South Todd, A. Kalavasos-Ayios Dhimitrios Il (SIMA,
Géteborg, forthcoming).

Astrém, P. Excavations at Kalopsidha and Ayios lakovos
in Cyprus (SIMA 2, Géteborg 1966).

Kanta, A. The Late Minoan III Period in Crete (SIMA 58,
Géteborg 1980).

Karageorghis, V. Excavations at Kition: I. The Tombs
(Nicosia 1974),",0,eng,91.45085032319392,False,1648426682.2153192,1.75
11,"


—

| Kition V

Kition-Bamboula

Kling, Mycenaean INC:1b

Kling, Western Cyprus: Co:

Leonard

Maa-Palaeokastro

Masson, BCH 81 (1957)

Karageorghis, V., M. Demas. Excavations at Kition:
V. The Pre-Phoenician Levels (Nicosia 1985).

Caubet, A., M. Yon. Kition-Bamboula IIT: Le
sondage L-N 13 (Bronze Récent et Géométrique I) (Paris
1985).

Kling, B. Mycenaean IIIC:1b and Related Pottery in
Cyprus (SIMA 87, Gdteborg 1989).

nections

Kling, B. ""Pottery Classification and Relative
Chronology of the LC IIC- LC IIIA Periods,"" in D. Rupp,
ed., Western Cyprus: Connections (SIMA 77, Goteborg
1987) 97-111.

Leonard, A. ""An Index to the Mycenaean Pottery from
the Southeastern Mediterranean Littoral,"" excerpt from
Ph.D.dissertation, University of Chicago, 1976. [On file
at the Blegen Library, American School of Classical
Studies, Athens].

Karageorghis, V., M. Demas. Excavations at Maa-
Palaeokastro 1979-1986 (Nicosia 1988).

Masson, O. ""Cylindres et cachets chypriotes portant des
caractéres chypro-minoens,"" BCH 81 (1957) 6-37.

""Minoika in Cyprus,” BSA 55 (1960)

Minos V

Missions en Chypre

Mitford, Kadmos X (1971)

MP

Mycenaean Decorated Pottery

Catling, H., V. Karageorghis. ""Minoika in Cyprus,""
BSA 55 (1960) 109-27.

Masson, O. “Répertoire des inscriptions chypro-
minoennes,"" Minos V (1957) 9-27.

Schaeffer, C. Missions en Chypre 1932-1935 (Paris
1936).

Mitford, T. ""The Cypro-Minoan Inscriptions of Old
Paphos,"" Kadmos X (1971) 87-96.

Furumark, A. The Mycenaean Pottery: Analysis and
Classification (Stockholm 1941).

Mountjoy, P. Mycenaean Decorated Pottery: A Guide to
Identification (SIMA 73, Goteborg 1986).

Mycenaean Pictorial Vase Painting

Karageorghis, V., E. Vermeule. Mycenaean Pictorial
Vase Painting (Cambridge, MA 1982).",0,eng,91.73926011475409,False,1648426683.215494,1.75
12,"


 

Myres, Cesnola

Nouveaux Documents

Olivier, AA (1988)

Myres, J. Handbook of the Cesnola Collection of
Antiquities from Cyprus (New York 1914).

Karageorghis, V. Nouveaux documents pour l'étude du
Bronze Récent a Chypre: Recueil critique et commenté.
(Etudes Chypriotes TIL, Paris 1965).

Olivier, J.-P. ""Tirynthian Graffiti: Ausgrabungen in
Tiryns 1982/83,"" AA (1988) 253-68.

Palaima et al, Kadmos 23 (1984)

""Prolegomena""

Pyla-Kokkinokremos

Raison, VIP

RDAC
SCE IIL

SCE Iv:IC

Sjéqvist, Problems
Stubbings, MPL

Ugaritica IT
Ugaritica VI
Wace and Blegen

Palaima, T., P. Betancourt, G. Myer. ""An Inscribed
Stirrup Jar of Cretan Origin from Bamboula, Cyprus,""
Kadmos 23 (1984) 65-73,

Daniel, J. “Prolegomena to the Cypro-Minoan Script,""
AJA 45 (1941) 249-82.

Karageorghis, V. Pyla-Kokkinokremos: A Late 13th-
cenmey BC Fortified Settlement in Cyprus (Nicosia
1984).

Raison, J. Les vases a inscriptions peintes de lage
mycénien (Rome 1968).

Report of the Department of Antiquities, Cyprus

Persson, A.W. “Appendix I: More Cypro-Minoan
Inscriptions,"" in E. Gjerstad et al., The Swedish Cyprus
Expedition: Finds and Results of the Excavations in
Cyprus 1927-1931 Vol. Il (Stockholm 1937) 601-18.

Astrém, P. The Swedish Cyprus Expedition Vol. IV Part
IC: The Late Cypriote Bronze Age: Architecture and
Pottery. (Lund 1972).

SjOqvist, E. Problems of the Late Cypriote Bronze Age
(Stockholm 1940).

Stubbings, F. Mycenaean Pottery from the Levant
(Cambridge 1951).

Schaeffer, C. Ugaritica Il (Paris 1949).
Schaeffer, C., et al. Ugaritica VIL (Paris 1978).
French, E., C. Zerner, eds. Wace and Blegen:

Mycenaean Pottery in the Eastern Mediterranean (Athens
1991 [forthcoming]).",0,eng,91.24584300411522,False,1648426684.1833532,1.75
13,"


 

Abbreviations used within this paper:

xiv

centimeter(s)
Cypro-Minoan
dark-on-light
est

light-on-dark

no date

preserved

stirrup jar

section
topographical point",0,eng,94.33600521052631,False,1648426684.4837918,1.75
14,"


INTRODUCTION

 

Although Aegean pottery was a significant export commodity during the Late
Helladic/Late Minoan IIIA-B (ca.1400-1200 BCE) period, little is known of the actual
process of exchange. Written records survivng in Aegean and Near Eastern archives
directly document the transfer of goods, but uneven preservation and difficulties in
interpretation limit the usefulness of these documents for explaining the processes by
which Aegean pottery reached the Near East.

Research has, necessarily, first concentrated on establishing the simple facts of
exchange based on archaeological evidence: what and how much was being sent where.
The publication of Mycenaean goods found at various sites in the eastern Mediterranean
and Near Eastern goods found in the Aegean constitutes the primary stage of
documenting Mycenaean pottery exchange mechanisms.!

Subsequent analysis of these ""facts of exchange""—comparing them by site or
region, types, and quantities—addresses questions such as who was transporting the
pottery and for what specific purpose (why). With respect to the Mycenaean vases
found outside of the Aegean, one approach has been to examine closely the vessels types
themselves. For example, A. Leonard's detailed study of the particular Mycenaean
ceramic forms which reached Syro-Palestine suggests that specific market demands were
being met by the Mycenaean imports.? B. Gittlen hypothesizes a similar organized
market orientation for the Cypro-Palestinian trade. In contrast, V. Hankey's analysis of
the Mycenaean pottery at Amman postulates religious or political motivations for the
appearance of Mycenaean wares at this site.4 Studies such as these have concentrated on
examination of features such as decoration, shape, and fabric of the exchanged ceramics.

 

The American Journal of Archaeology is used as the model for style and format of this
thesis.

1Bibliography of Mycenaean pottery found outside of the Aegean is listed infra,
Geographical Distribution. For Near Eastern goods found in the Aegean, see E.
Cline, Ph.D. dissertation, University of Pennsylvania, forthcoming.

2A. Leonard Jr., ""Considerations of Morphological Variation in the Mycenaean Pottery
from the Southeastern Mediterranean,"" BASOR 241 (1981) 87-104.

3B. Gittlen, ""The Cultural and Chronological Implications of the Cypro-Palestinian
Trade during the Late Bronze Age,"" BASOR 241 (1981) 49-59.

4V. Hankey, ""A Late Bronze Age Temple at Amman: I. The Aegean Pottery,” Levant 6
(1974) 131-59.",0,eng,94.81996658171745,False,1648426685.7959502,1.75
15,"


 

an. This thesis focuses on another feature of Aegean pottery which potentially offers
direst evidence of the exchange process, namely the various types of marks incised on
pottery. Not all marks applied to pottery are necessarily connected with facilitating
exchange or marketing; however, this is one common reason for marking ceramic wares
and thus the signs which are found on Aegean pottery should be examined as possible
evidence for the mechanisms of pottery export during LH/LM II. In this period, three
different means of marking Minoan and Mycenaean ceramic pottery are preserved:

(1) Linear B painted inscriptions are most often found on coarse-ware stirrup jars
and are almost always painted before firing. The precise function of these inscriptions is
debated, but it seems clear that their limited appearance is connected with a very specific
aspect of LH/LM IIIB exchange between the mainland and Crete.5

(2) Painted single marks are a very different phenomenon from the Linear B
inscriptions. They appear on a wide variety of open and closed shapes throughout the
Aegean, Crete, Cyprus, and the Near East; and they seem to be applied both before and
after firing. The meaning of these marks and any connection they might have with other
marking systems have not been fully studied.§

(3) Finally, a limited number of vessels carry incised signs, engraved either
before or after firing. The particular stage when marks were made is of fundamental
importance, for pre-firing marks are directly related to the manufacturin, 1g Process so that,
whatever the significance of such marks, we at least know that they were intentionally
placed on the vessels as part of the production of the vase, whereas marks incised after
firing may have been applied at any stage of production, exchange, use or reuse of the
vessel. Both pre- and post-fired signs may be associated with a wide range of meanings:
identification of contents, origin, destination, owner, or distributor, for example. In the
Aegean, although pre-firing incised marks were routinely used during the Middle Bronze

 

SE, Hallager, “The Inscribed Stirrup Jars: Implications for Late Minoan IIIB Crete,”
AJA 91 (1987) 171-90, with references to earlier studies.

®See, however, Raison, VIP, 213-16 and Stubbings, MPL, 45-52 for some discussion
of these painted single marks.

7, Rutter informed me that LH III Mycenaean cooking pots sometimes carry impressed
marks; these merit study, but because of (a) their (apparent) lack of direct relevance to the
Problems of Mycenaean exported wares, (b) the scanty publication of these impressed
Pieces, (c) time limitations on my part, I have not considered them within the context of
this paper. I thank J. Rutter for bringing them to my attention.",0,eng,94.34435731746032,False,1648426687.17775,1.75
16,"


 

and early Mycenaean periods, incised marks (either before or after firing) are very rarely
found on LH/LM ITI Aegean pottery, and then—with few exceptions—only in the
Argolid.

The situation on Cyprus, however, contrasts sharply with that in the Aegean, for
on this island the practice of marking pottery with incised signs was by no means
exceptional. In fact, it is commonplace. On local Cypriot pottery from Late Bronze Age
contexts on Cyprus, there exist at least five hundred incised vessels or sherds of all sorts
of wares,9 but especially local (Plain White Wheelmade) domestic jugs and jars. Signs
were incised both before and after firing, though marks incised after firing are far more
common. Cypro-Minoan (CM) inscriptions (i.e., actual sequences of two or more CM
signs) are not uncommon on these domestic vessels, and single marks are often assumed
to be CM characters. And it is also on Cyprus that most Aegean wares with incised
signs appear.

It is reasonable to surmise, given both the relative quantity of marked Mycenaean
wares in Cyprus in contrast to their rarity within the contemporary Aegean and the style
of marking, that the practice of incising signs on Aegean wares is somehow intimately
connected with Cyprus, We then must ask how the Argolid, the single other area with a
significant number of these distinctively marked vessels, fits into a Cyprus-oriented
picture.

The following thesis concentrates on three points:

(1) Establishing a catalogue of all known Aegean vessels carrying incised marks.

(2) Analyzing this information with respect to the following questions:

(a) Does the complete collection of vases marked with incised signs
confirm the immediate impression that these incised marks are in some way connected
with Cyprus? If so, how can the presence of vases with incised marks outside of
Cyprus be explained?

 

8For example, at Tiryns [H. Déhl, “Bronzezeitliche Graffiti aus Tiryns I: Vor dem
Brand eingeritze Zeichen,” Kadmos 17 (1978) 115-20], Kea [A. Bikaki, Keos IV, Ayia
Trini: The Potters’ Marks (Mainz 1984), Phylakopi [C. Edgar, A. Evans, “The Pottery
Marks,” Excavations at Phylakopi in Melos (JHS Suppl. 4, 1904) 177-85], and Lerna
{C. Zerner, Wace and Blegen] numerous finds attest to well-developed marking systems
consisting of combinations of short slashes and punches incised or impressed before
firing.

*Unpublished catalogue; assembled during my year of research in the museums of
Cyprus, 1988-1989.",0,eng,94.28795801285347,False,1648426688.471225,1.75
17,"


  
 

(b) Can the function(s) of the incised signs be determined? How does
this fit into explanations developed for (2a)? Do the marks directly document exchange

4 processes?",0,eng,94.66823929629629,False,1648426688.7523808,1.75
18,"


   
 

THE SAMPLE

This study encompasses all marks incised on all kinds of ceramics—coarse and
fine fabrics, common domestic as well as special-purpose vessels—manufactured on the
Mycenaean mainland or Crete during the LH/LM III period.

Because of general inattention paid to coarse and utilitarian wares, it is certain that
published reports of marks on such fabrics only partially represent the extent of the
practice of marking domestic vessels.!° Those listed in Appendix II are all that are
known to me through publications. The most notable—and only common—
characteristic of the marked vases listed is their scarcity relative to the total amount of
pottery excavated. To what degree this scarcity is a function of biased observation and
publication as opposed to a real absence of marked domestic ceramics can only be
ascertained by further direct contact with excavators and re-examination of (unsorted)
pottery assemblages. Thus, the marked domestic vessels listed in this report are to be
regarded only as a provisional indication of the marking practices associated with
domestic wares. The only statement which can be made with some degree of confidence
is that there is no indication of widespread use of marks of any sort, such as is attested in
the Middle Bronze and early Mycenaean Aegean or in Late Bronze II Cyprus.

The one shape to which the above bias in observation and publication probably
does not apply is the large coarse stirrup jar, FS 164. The function of the vessel itself, as
well as the amount of research associated with this particular shape, set it aside from
other coarse vessels. It differs in function in that, although certainly suitable for
domestic storage, it is also characteristically used for long-distance transport. In terms of
documentation, this particular vessel has been and continues to be a focus of several
research projects,!! and so its occurrences have become reasonably well documented.
Consequently, it is fair to conclude that the marked coarse stirrup jars listed in this report
represent all presently known examples.

In contrast to the coarse wares, marks on fine fabrics are much more likely to
have been noted; thus the reported sample has a greater chance of accurately reflecting

10For example, supra n.7.
11(Supra n.5). Research currently being conducted by H. Haskell (Southwestern

University, Georgetown, TX), R. Jones (Fitch Laboratory, British School at Athens)
and H. Catling aims at comprehensive scientific and typological analyses of these jars.",0,eng,95.41112382871536,False,1648426690.0828018,1.75
19,"


   
 

ij ancient patterns of use. All fine wares which were certainly or probably manufactured in
| the Aegean during the LH/LM II period and were marked by incised signs are included
_ in this analysis (Appendix I); pottery definitely made in Cyprus (for example, Mycenaean
TIC:1b ware) or the Near East is not.

Thus, the appendices list all known examples of LH/LM III wares with incised
marks, but can be considered comprehensive only with respect to the marked fine-ware
vessels and large coarse stirrup jars. This report concentrates on the latter two
categories.",0,eng,92.04742917204302,False,1648426690.5330071,1.75
20,"


  
   
  
   

CHRONOLOGICAL RANGE

With only a handful of exceptions, the Aegean vessels with incised marks that
p. ban be closely dated by either ceramic typology or stratigraphical context fall within the

LH TIA-B range; of those which can be dated more specifically within this range, most
are LH/LM LIB (ca.1300-1200 BCE) in date (Table 1).

There does not seem to be any overlap between the widespread use of potters’
marks (incised before firing) during the Middle and early Late Bronze Age and the later
LH/LM II use of inscribed marks.2

The marking system discussed in this paper does not appear at all outside the
general bounds of LH/LM I'3,

Three vessels seem to indicate the use of such marks already in early LH IIIA. A
Pictorial style amphoroid krater from a tomb at Enkomi!4 is dated primarily by stylistic
criteria. A large coarse-ware stirrup jar handle found at Kourion Bamboula!5 is dated
stratigraphically. According to published information, this piece comes from a context
contemporary with LH IIA1.16 It is not clear to me whether the third piece—a fragment
from a large coarse-ware stirrup jar!7 found at Minet el Beidha—is dated by style or
stratigraphy, but it is regularly published as LM IIIA1.

 

According to J. Rutter, the potters' marking system continued to be used up until LH
IIB at Tsoungiza (Argolid). The earliest dated use of the post-fired marking system is
LH DA1. Thus, at present, there seems to be no chronological overlap between the
earlier and later methods of marking, but the interval was very short.

13Based on published descriptions or photos, those vases marked “No Date (ND)” on
my chart probably also can be assigned to a LH/LM III, but the separate category is
maintained until this assumption can be justified in detail.

MEnk.T.7/11.
5Kourion B1137.

16Found in Area A stratum A:3, which is dated to LC IIA [Bamboula, 118; also, J.
Benson, ""Bamboula at Kourion, The Stratification of the Settlement,"" RDAC (1970)
40]. Contra this date is the stylistic date assigned by P. Astrém in SCE IV:1C, 336. The
only way to resolve this discrepancy would be to check the context again (i.e. study the
finds and the notebooks describing the excavation process and observations). Until this
is done, I accept the excavator's dating rather than the typological criteria which assigns
most such large coarse stirrup jars date to IIIB.

17™MeB Dep.213.",0,eng,92.71336046700507,False,1648426691.7771661,1.75
21,"


Table 1. Vessels with Incised Marks: Chronological Range

 

 

 

 

 

 

 

 

 

 

 

 

 

 

 

m | mal | ma2 | maAB | mazB | mB | UB? | pre-MC | No date| Totals
1 2 4 2 53 | 12 4 78
2? 4 22 24 1 2 35
fine 1 26 5 3 2 37
SIs
H Other 1 1 1 1 2 6
SIs
(| tars 2 1 4 7
Closed 8 1
I Amphoroid 1 1 1 1 4
rater
Bell krater/ 3 7 10
deep bowl
Krater? 2 2
Bowl? 1 1 2
Kylix 1 1
Cup 1 1
Mug, 1 1
Fragments oud 3 4
KE 4 321 9 nN 9 125 | 20 | 4? 16 | 197

 

 

 ",0,eng,82.65204805084745,False,1648426692.185062,1.75
22,"


Table I(continued)

   
  

(1) If both stratigraphic and typological dates are available, object is listed
according to typological date.

q It is not clear whether the dates given to the objects published by Dhl are based

on stylistic criteria or on contextual data. However, since in a few cases he offers dates

|. for objects which have no specific provenience (ex: TI Neg.639), it is clear that at least

sometimes the date is based on ceramic typology. For the purposes of this paper, all

dates given by Déhl are assumed to be typological dates.

(2) Minoan/Mycenaean designation is listed according to published (excavators')
classifications. This distinction, especially in the case of coarse stirrup jars, is liable to
revision [H. Haskell, (fc).]. However, although place of manufacture may change,
relative chronological dates will probably remain the same. Thus, for example, an LM
IIB jar may be reassigned to LH HIB or vice-versa, but the IIIB date remains constant.

(3) Certain major deposits or ceramic designations together provide the bulk of
chronological data:

Sjéqvist's designation ""Levanto-Helladic."" Vases described as “Levanto-
Helladic"" in Sjéqvist's publications are here designated as LH DIB [B. Kling, Western
Cyprus: Connections, 120-25].

FS 36 piriform jars. FS 36 piriform jars are dated to LH IB as per Furumark's
definition [MP, 590].

Epichosis deposit, Tiryns. Vases from the “Epichosis"" deposit at Tiryns are
dated to LH IB by context. However, it does remain to be verified to what extent the

Pieces with incised marks themselves Provided dating criteria for the deposit.

Enkomi T.18, side-chamber and lower burial.",0,eng,92.71201597665369,False,1648426693.091448,1.75
23,"


10

Table I (continued)

  

Kalavasos-Ayios Dhimitrios. All finds from settlement strata are dated to

LCC. There are tombs which predate the settlement [A.South Todd, ""The Late Bronze
Age in the Vasilikos Valley,"" Praktika tou Deuterou Diethnous Kypriologikou Synedriou
(Nicosia 1982) 118], an Archaic well [A.K. South, ""Kalavasos-Ayios Dhimitrios 1983,”
RDAC (1984) 227], and a limited scatter of Roman objects on the surface [A.K.South,
""“Kalavasos-Ayios Dhimitrios 1983"" RDAC (1984) p.15 no.4] but in all other Tespects
the Kalavasos-Ayios Dhimitrios settlement is a one-period site, dated to LC IC by the
excavator [A.K. South, ""Contacts and Contrasts in Late Bronze Age Cyprus: The
Vasilikos Valley and the West,"" in D.W.Rupp, ed., Western Cyprus: Connections
(SIMA 87, Giteborg 1987) 85]. Thus, a LC HC date may be accepted as almost certain
even for objects from very shallow, surface, or disturbed contexts,

Ugarit Récent 3, especially MeB T.VI. Equivalencies for the Ugarit levels are as
follows:

Ugarit Recent 2 = 1450-1365 = LC ITA = LH/LM IIA1
Ugarit Recent 3 = 1365-1185 = LC IB-IIA1 = LH INA2- LH MIC1 early
=LM DIA2 - LMUIC

J.-C. Courtois, “Ugarit grid, strata, and find-localizations: a Teassessment,"" Zeitschrift
des Deutsches Palastina-Vereins 90 (1974) 97-114; J.-C. Courtois, Alasia IH, 8; H.
Catling in Greek and Cypriot Pottery , p. 596 table 7.13. [1 am told that the absolute
dates given above for Ugarit Récent 3 may now be considered almost wholly
synonymous with LH IIB, according to the chronology advocated by V. Hankey and P.
Warren, but I have not had an opportunity to check this. If this is indeed so, then the
number of inscribed vessels assigned to IMB would increase].",0,eng,91.03177165693431,False,1648426694.058805,1.75
24,"


so8

    
   
   
  

The frequency with which inscribed marks were used may increase slightly
g ULA2; eight finds are attributed specifically to this period. However, the sample
Hg too small to determine whether this slightly larger number is indicative of a gradual
ase in the use of this method of marking, or whether it is indicative only of
F continued, low-level use of incised marks.
é [One handle fragment (Kommos I5), possibly from a large coarse stirrup jar, is
i assigned to an LM IIA context by the excavators; I have (inadvertantly) incorporated it
F into the specifically IILA2 category on Table 1].

The practice of incising marks on Aegean wares occurs primarily during LH/LM.
TB. 125 of the 197 marked vases can be dated specifically to this period. Another 20
are probably LH IIB in date. And, given the preponderance of vessels with a
specifically IIIB date, it can be hypothesized that most vases falling into the general
“TIIA-B” or “IMA2-B” categories probably date to the later period. Thus 64% of marked
vessels can be fairly dated to IIIB, another 10% are probably IIB, and a further 8% are
| likely to be (= 82% total!)

The use of incised marks ends suddenly, coterminous with the end of IB.!8 On
Cyprus, only one possible Aegean vessel with an incised mark can be dated to IIC: the
base of a bowl (B438) found in a LC IIC-IIIA context at Kourion-Bamboula.!9 Two

18There are marked Aegean vessels found in Cypriot contexts which are post-LH IIIB in
date. In all cases, the inscribed vessels themselves, however, date to LH/LM IIA-B.
There are two possible explanations: (1) the inscribed IIB vases were inscribed
sometime in the IIIB period, but not deposited until much later, or (2) the IIIB vases
could have been inscribed close to the time of deposition, which would have been some
time after their arrival on the island. Since most inscribed Aegean IIIB vases are found in
contemporary (LC IC) contexts, I believe that inscribed Aegean IB vessels in later
contexts were probably inscribed during IIB.

19Two other Mycenaean IIIC:1b vessels with incised marks are known to me: (1)
MaaPk 234, a fragmentary FS 284 skyphos found in a disturbed LC IIIA context [Maa
Palaeokastro: 170, 318 (ceramic typology), 261 (stratigraphic context)] and (2) Enk
5837/20, a handle fragment from a Mycenaean IC:1b bowl, found in a LC IIIA context
[Enkomi: 757 (ceramic typology), 204 (stratigraphic context)]. Both are similarly
marked: three parallel slashes incised at the base of a handle. I have recorded one set as
having been inscribed before firing and the other as after firing, but given the other
similarities between the marks (form of marks, their location on vessel, and type of
Vessel), these vases need to be re-examined in order to determine if this discrepancy
Teally does exist.

The marks on these two vessels bear no specific resemblances to the Cypro-
Minoan signs of earlier Aegean wares: a series of parallel lines is found only on the
coarse stirrup jar from Akanthou-Moulos (Akanthou-Moulos CS 997 no.30.) Such
Parallel lines, however, are often found on local wares [for example, the many Plain",0,eng,92.01286795610687,False,1648426695.677517,1.75
25,"


12

   

: Bigns, one certainly CM 108, are engraved on the base. The fragment is published by its
© excavators (Daniel and Benson) as “LC II Decorated ware”,20 a designation based
primarily on fabric and shape. There has been—and continues to be—a great deal of
confusion concerning the definition of this ware (including its place of manufacture) and
the date of its appearance. B. Kling, who has begun to sort through this problem,
cautions that Benson, like many others, was not certain of how to differentiate between
Mycenaean and LC II (i.e. local Cypriot) wares.2! Thus, the designation of this bowl
as a Mycenaean IIIC vessel (rather than a late LH IIIB) must be held in question until it
has been examined by an expert. Its stratigraphical context is not of much help, since
although basically LC IIC (LH IIB) in date, some pieces characteristic of LC IIA
(Mycenaean IIIC:1b) begin to appear in the same level.22 In summary,.the excavator's
classification of this bowl as Mycenaean IIC:1b (rather than LH IIB) is not at all certain
and cannot be resolved on the basis of published evidence. Its stratigraphical context
leans toward an earlier date, but this is by no means firm. If the bowl is indeed

 

White Wheelmade jar handles from Kouklia: Mitford, Kadmos 10 (1971) 87-96] and
their appearance on these two locally-produced (Kling, Mycenaean IIIC:1b, 91-94)
Mycenaean IlIC:1b vessels may well be related to a marking system used internally on
Cyprus (which may not have had any direct relation to the marking system used on
Aegean wares). This impression is reinforced by two other oddities of these marks in
terms of the features of marks which appear on Aegean wares. First, the location of the
marks is unusual. The few earlier marked open shapes with horizontal Joop handles
carry signs prominently at mid-handle or under the base, but not at the base of the
handle. [See Enk, 1848/11 for a mark at mid-handle; Enk.T.82, CM 1943/II-20/1,
Kourion B1063, Kit. T.4+5/108, Kit.T.4+5/116 with signs under base. The mark on
the deep bowl from Midea (Dendra), dated to Mycenaean IIB2, may be a close parallel
to the Mycenaean IIIC:1b examples from Cyprus, although it is difficult to judge on the
basis of the published photo and description. At this point, it is impossible to tell if this
similarity is coincidental, or evidence of a specific mark used with open bowls/skyphoi,
or a chronological development (end IMIB-IIC) in the marking system.] Second, smaller
open shapes are rarely marked even at the flourit of inscribed signs on the Aegean wares.
Thus these two vessels bear no real resemblance to the marking practices on LH/LM
UIA-B vessels. Indeed, their idiosyncracies—scarcity, the unusual form and location of
the mark, and their appearance on small open vessels—suggest an entirely unrelated
origin and function for these particular marks,

20Prolegomena,” 275 no. 9; Bamboula, 81.
21Kling, Western Cyprus: Connections, 99-100.

223, Benson “Bamboula at Kourion, The Stratification of the Settlement” RDAC (1969)
20-21.",0,eng,92.84990775604838,False,1648426697.2517178,1.75
26,"


   

13

which carries a CM
C:1b, it would be the only such example known to me
rcenaean IC:1b,",0,eng,85.90428977777778,False,1648426697.506577,1.75
27,"


     
 
    
  
 

GEOGRAPHICAL DISTRIBUTION

Hntroduction

The 197 incised vases were found mostly on Cyprus, but substantial numbers
fave also been reported in the Near East and on the Greek mainland (Table 2). Thus, the
| farks are distributed over a wide area of the Mediterranean, though by no means in all
‘ reas where Mycenaean pottery is found; noticeable lacunae are the Troad and the Black
; Sea region, Rhodes and the Dodecanese, the Cyclades, and the mainland outside of the
Argolid. In Egypt and Crete, too, marked Aegean vessels are extremely rare.

In order to discuss the distribution patterns of marked Aegean wares, a necessary
first step is to try to determine to what extent the known marks constitute a representative
sample of ancient patterns of usage: do the distribution patterns of marked Aegean wares
known at present accurately reflect their use in antiquity? Of course, many factors,
natural and human, affect this correlation, but two seem especially pertinent to this
general regional survey of the potmark distribution:

(1) Thoroughness of publication: are potmarks (of all kinds) consistently noticed
and published?

(2) Extent of excavation and survey: does the recovered material adequately
Tepresent the geographical, chronological, and functional parameters?

With respect to publication, one bias which immediately springs to mind is the
scrupulous attention paid to Late Bronze Age potmarks by excavators on Cyprus almost
from the earliest organized excavations on the island onward. This focus contrasts
sharply with the attention awarded to this subject elsewhere in the eastern Mediterranean.
On Cyprus, already the earliest excavators—the Swedish Cyprus Expedition, S. Casson
and M. Markides*4—collected and noted potmarks; as a consequence, there survive
drawings of incised and painted marks and inscriptions known to them from
contemporary finds as well as antiquities collections, Interest in potmarks was further
fanned by the meticulous publications of J.F. Daniel of the finds from Kourion

 

roghitter, M. Formation Processes of the Archaeological Record (Albuquerque, NM
7).

SCE (1927-31); S. Casson, Ancient Cyprus (1937); M. Markides, ""Excavations,""
Cyprus, Annual Report of the Curator of Antiquities (1916) 4-21, esp. 16-20.

14",0,eng,93.41771723099416,False,1648426698.704947,1.75
28,"


Piriform | Large | Large | Other | Jars | Closed | Open/ | Totals
Jars fine coarse | SJs Frgs.
SIs SIs
12 5 8 2 1 11 39
1 1 2
1 1 2
8 2 1 1 3 3 18
18 1 22 21
1 4 1 6
4 6 1 li
2 1 2 5
1 1
1 1
1 1
2 2
1 1
3 3
provenienced 1 2 3 1 _| 3 10
49 15 25 3 7 2 18 123
Ugarit/RS/MeB 19 4 2 2 27
1 1
Byblos 1 1
| | TAH 5 1 1 1 8
| | Beth Shan 1 1
| | Deirel Balah | 1 1
if 26 3 5 3 {-~]— 2 a 39
| [ANATOLIA
Gelidonya 1 1
Ul Burun 1 1
~~ 1 1 _ _ _ — 2
AEGEAN
Crete 4 4
Tiryns 3 15 6 24
Mycenae 1 1
Asine 1 1
Midea 1 1 2
Argolid 1 1
3 18 4 - _ 7 1 33
78 37 35 6 7 9 21 197

 

 

Table 2. Vessels with Incised Marks: Geographical Distribution

15

 

 

 

 

 

 

 

 

 

 

 

 

 

 

 

 

 

 

 

 

 

 ",0,eng,87.19593297395834,False,1648426699.33494,1.75
29,"


 

16

Bamboula.*5 More recently, the work of O. Masson, P. Astrom, P. Dikaios and
especially the continuing studies by E. Masson have kept the CM script and potmarking
systems matters of high visibility among Cypriot excavators.26 As a consequence of this
early and continuing scholarly interest, Cypriot site publications and survey reports have
generally documented finds of inscribed objects, including marked fine- and coarse-ware
pottery. Thus it can be assumed that a large number of potmarks found on Cyprus have
been noted in publications.

Elsewhere in the Mediterranean, no such general interest in Late Bronze Age
potmarks has been expressed; documentation is sporadic, limited to a few particular
sites, Actually, this does not seem to be much of a problem in the Near East, at least
with respect to specifically Aegean wares. Because Mycenaean/Minoan finds are exotic
items and important chronological indicators, they are almost always mentioned in
publications and any unusual features are detailed.27 It seems unlikely that any incised
marks have been neglected. What is difficult to judge, however, is the kinds of marking
systems on local wares, and their possible associations with the marks on Aegean
vessels,

Within the Aegean itself, little attention has been paid to potmarks.28 For
example, although an extensive system of potters’ marks existed during Middle and early
Late Bronze Age, until recently only one article documented it.29 For the Late Bronze

 

2«Prolegomena.” See also T. Palaima, ""Cypro-Minoan Scripts: Problems of Historical
Context,"" in Y, Duhoux, T. Palaima, J. Bennet, eds., Problems in Decipherment
(BCILL 49, Louvain-la-Neuve 1989) for a historical survey of the history of CM
scholarship and Daniel's and Markides' role within it.

260. Masson, “Répertoire des inscriptions chypro-minoennes” Minos 5 (1957) 9-27; P.

strom, “Pot Marks of the Late Bronze Age from Cyprus,” OpAth 9 (1969) 151-59: P.
Dikaios, Enkomi, App.V; “The Cypro-Minoan Inscriptions,” 881-91; E. Masson,
eeieminotea and numerous specialized articles in various publications (see especially

27The most complete listing appears in the unpublished dissertation: A. Leonard Jr., “
Index to the Mycenaean Pottery from the Southeastern Mediterranean Littoral,” Ph.D.
dissertation, University of Chicago, 1976.

287, Palaima, Review of A. Bikaki, Keos IV. Ayia Irini. The Potters’ Marks (Mainz
1984) in AJA 89 (1985) 539-30. Reports of early excavations on Melos [BSA 1902-03]
mention marked pottery discarded by the excavators!

29C. Edgar, A. Evans, “The Pottery Marks,” Excavations at Phylakopi in Melos, (JHS
Suppl. 4, 1904) 177-85; for more recent work, see articles on the material from Kea [A.
Bikaki, Keos IV, Ayia Irini: The Potters’ Marks (Mainz 1984)], Tiryns [H. Déhl,",0,eng,93.3104936997636,False,1648426700.777448,1.75
30,"


 

17

Age, in spite of the interest in Linear B and Linear B-related topics, only in the past few
years have the many potmarks (some claimed to be Linear B characters) excavated at
Tiryns been published.*0 Similarly, J. Bennet’s contribution to the Kommos publication
is the first thorough analysis of potmarks in use at a Cretan site.31

Thus, the early and persistent interest of Cypriot excavators in potmarks contrasts
with the situation elsewhere in the eastern Mediterranean, It may be that this interest has
resulted in attributing too great an emphasis to the number and range of potmarks found
in Cyprus.

Even more difficult to assess is a second potential skew in the data: the degree to
which excavations have provided a representative sample of material. Do the excavated
finds provide an accurate basis from which to construct distribution patterns? To what
extent are they the result of varying degrees of archaeological activity in different areas?
The Argolid, for example, has yielded a comparatively greater proportion of Mycenaean
material than many other areas of the mainland; is the concentration of marks here a
function of a greater pool of data, or is there a real qualitative difference?

Not only are the relative quantities of material excavated important in assessing
the validity of a claim, but also the zypes of material must be considered. Incised marks
occur on particular shapes, particularly large closed storage vessels. In looking at
material from various regions and types of sites, does the variety in the kinds of samples
found allow fair comparisons?

A fair evaluation of the significance of Patterns in distribution of marked Aegean
wares would involve, then, a discussion of the overall distribution (quantities and types)
of Aegean wares throughout the Mediterranean. But such a study is clearly beyond the
scope of this thesis. What follows, instead, is a very basic discussion of the Mycenaean
finds from various areas of the Mediterranean specifically in relation to the question of

 

Déhl, “Bronzezeithche Graffiti aus Tiryns I: Vor dem Brand eingeritzte Zeichen,”
Kadmos 17 (1978) 113-50, esp. 115-20}, Lerna [C. Zerner, Wace and Blegen], the
marked Minyan vases [J. Crouwel, ""Pot-Marks on Grey Minyan Ware,"" Kadmos 12
(1973) 101-08], and the Early Helladic marks from Lithares [T. Tzavella-Evjen,
“Potters' Marks from Lithares,"" Kadmos 19 (1980) 93-96]. This is by no means a
complete listing of works on Aegean Bronze Age potmarks.

3°DShl, Kadmos 18 (1979); Olivier, AA (1988).

31J, Bennet, Kommos I.",0,eng,93.97161671253072,False,1648426702.0985658,1.75
31,"


 

18

whether the distribution of potmarks known at present accurately reflects ancient
distribution patterns.

Cyprus

The number of Aegean vessels with incised marks found on Cyprus (123) is
much greater than the number found anywhere else. The range of marked shapes
contrasts sharply with the limited repertories found everywhere else except at Ugarit.
Note especially the number of open and Pictorial vases found on Cyprus.

The high proportion of marks reported from Cyprus is in part the product of
thorough publication (supra pp.14-17). Extensive excavation is also a factor in the size
and quality of the sample, for the number of LC IC (=LH IIB) excavated sites is
substantial.

The sites are spread throughout the island (though concentrated on the southem
coast; Figure 1), and functional contexts include teligious and public centers, industrial
areas, domestic quarters of varying luxury, and many burials. Mycenaean pottery has
been found at most sites, though the amount and types vary a great deal. With very few
exceptions, every site with Mycenaean wares includes some vessels with incised marks.
(Almost every Late Bronze Age site on the island also includes local pottery with incised
marks or inscriptions). Not surprisingly, those sites more cosmopolitan in tone, with
greater amounts and varieties of imports, yield larger numbers of marked Aegean wares:
Enkomi, Hala Sultan Tekke, and Kition. The greatest variety of marked shapes is found
at these sites.

Near East

Outside of Ugarit, very few marked vessels have been reported from the Near
East (Figure 2).

The number of marked Aegean vessels (27) found in the region of Ugarit is
comparable to the quantity found at Hala Sultan Tekke on Cyprus. This is more than
from any other site outside of Cyprus. Tiryns runs a close second to Ugarit, but the
latter again distinguishes itself by the wide Tange of marked shapes found. In contrast to
sites elsewhere in the Mediterranean, the shapes on which marks occur at Ugarit are
almost as wide-ranging as those on Cyprus. These comparisons of the marked vessels",0,eng,95.04039005654762,False,1648426703.2023911,1.75
32,"19 snad&D :syso pastouy yim sassa, fo [ ans Ly   uopanoy > EFT ANOY sostaeqey @pleL weITNS eTEH * uorara etka * erayay®        nousyyay” eaeupdaey’ * PITTdy epueyg” yuoxug noysuryy?  ",0,eng,21.4370762,False,1648426704.9025128,1.75
33,"


 

 

 

Alalakh

   
   
   

Ugarit

Ras Shamra

Minet el
Beidha

[Byblos

Tell Abu Hawam

  

‘Beth Shan

 

 

Figure 2.Distribution of Vessels with Incised Marks: Near East

20",0,eng,88.67432273913043,False,1648426705.209532,1.75
34,"


21

found in the region of Ugarit and on Cyprus add to the picture of close ties between the
two areas formed on other grounds.32

Elsewhere in the Near East, finds of marked Mycenaean wares are few and far
between: only twelve vases, eight of which come from Tell Abu Hawam. As discussed
above, given the attention with which Aegean pottery found in the Near East is treated,
there seems little reason to suspect that published records have failed to mention
potmarks. On the other hand unpublished potmarks may be lurking within storerooms,
as J. Balensi informed me is the case with material from Tell Abu Hawam. It is difficult
to ascertain if other such situations exist, but V. Hankey (whose specialty is Mycenaean
pottery in the southeastern Mediterranean) knows of no other unpublished marks,33 and
thus it is a reasonable assumption that, with the exception of Tell Abu Hawam, known
potmarks on Aegean wares found in the Near East have been published.

The total number of Mycenaean ware fragments in the Near East exceeds 1,10034
pieces, and so the reported thirteen incised marks are indeed a meager lot. It should be
noted, however, that most of the Mycenaean ceramic finds in Syro-Palestinian contexts
are extremely fragmentary—often only scraps of body sherds. Handles—the favored
Place to incise marks—are hardly preserved at all. Thus, the ratio of ca. 1:100 is
probably not indicative of the actual sitation. Nevertheless, the very few marks relative
to the total number of finds makes a convincing contrast to the situation in Cyprus.

Also, although closed shapes (especially stirrup jars) predominate among
Mycenaean LH IIIA-B imports to Near Eastern sites, relatively few are of the specific
types (FS 164, FS 36, Pictorial style)35 most often marked with incised signs. Thus the
nature of the sample itself would not lead one to expect the presence of many marked
vases. But the lack of marks on the closed vases found in the Near East does emphasize

 

32For example, formal CM inscriptions have been discovered at Ras Shamra. They are
found nowhere else outside of Cyprus.

331 am grateful to both scholars—J. Balensi and V. Hankey—for generously offering
information.

34Most Mycenaean ceramics found in the Near East are listed in an excerpt from A.
Leonard, “An Index to the Mycenaean Pottery from the Southeastern Mediterranean
Littoral,” Ph.D. dissertation, University of Chicago, 1976.

35Leonard lists only 19 FS 36 piriform jars (85 piriform jars total) and 3 FS 164 stirrup
jars (303 stirrup jars total).",0,eng,95.10620174457831,False,1648426706.510983,1.75
35,"


 

22

the close association between specific shapes and wares and marks: only certain types of
large closed storage vessels exported from the Aegean were apt to be marked.

All of the incised Aegean vessels are found at sites where there is also evidence
of Cypriot contact. There is nothing unusual about this, since in fact all sites with
Mycenaean finds evince a far greater number of Cypriot wares. This observation is the
basis of V. Hankey’s theory that Mycenaean objects arrived in the Near East via Cyprus:

“Except for Tell el Amarna, all sites in the south-eastern Mediterranean seem to
have imported far more Cypriote Base Ring I and White Slip II than Mycenaean
pottery. The explanation for this seems to be that the best and the bulk of the
Mycenaean exports went to Cyprus. The empty Cargo space was then loaded.
with Cypriote goods for onward trading . . .""36

Thus, the marked Aegean vessels found in the Near East can be explained as having
come via Cyprus, and they do not detract from the hypothesis that the practice of
marking Aegean wares was specifically associated with Cyprus.

One word of caution should be added. Almost half of the finds from the Ugarit
area come from a single tomb, Minet el Beidha T.VI, and most of the Syro-Palestinian
finds come from a single site, Tell Abu Hawam. These two contexts substantially alter
the picture of distribution, and serve as a reminder that the data base for these marked
vessels is still small enough to be significantly skewed by fairly small-scale finds.

Egypt

One stirrup jar with an incised mark was reportedly found at Hawara;37 I have
not included it in the catalogue or discussions because of lack of further information.
Also missing from this report is a discussion of the general nature of Mycenaean pottery
found in Egypt.

Turkey

With the exception of the material from Troy and substantial deposits at Miletus,
Tasos, and Miisgebi, Mycenaean finds in Turkey are relatively scarce. They are
sporadically published: Troy, Miisgebi, and the scattered tomb groups are well-

—

36V. Hankey, “Mycenaean trade with the south-eastern Mediterranean,” Mélanges de
Université Saint-Joseph 46 (1970- 1971) 20-21.

371 thank V. Hankey for bringing this piece to my attention.",0,eng,94.35345947860964,False,1648426707.688002,1.75
36,"


 

23

documented,?8 but the large numbers of vessels from Miletus and Iasos are still only
briefly mentioned in preliminary reports.

By far the largest number of imported Mycenaean vessels is found at Troy
(Levels VI f-h); approximately 750 imported sherds have been found in the course of
excavations preceding the current project. They date primarily to LH IIA2-B. Closed
and open shapes appear in roughly equal proportions; among closed shapes, especially
characteristic are jars, piriform jars (FS 45), alabastra, large and small stirrup jars (FS
164 and 171) and various other jars. None of the Mycenaean vessels is reported to be
marked.

Excavations have recently been resumed at Troy and begun at nearby Besiktepe.
The director, M. Korfmann, was kind enough to answer my queries; he Teports that no
potmarks—on Mycenaean or other wares—have been discovered thus far during the
current excavations.

Outside Troy, Mycenaean finds are scattered lightly along much of the west
Coast, penetrating inland only along river drainages and even then not very far. The
finds range in date from LH ILA2 to LH IJIC (though these latest are mosly, if not all,
local imitations), and consist almost entirely of fine-ware closed vessels from tomb
contexts. None are marked.

In addition, three coastal sites have been interpreted as possible Mycenaean
settlements, based primarily on the presence of large amounts of Mycenaean pottery:
Miletus, Iasos, and Miisgebi.

The final report for the Miletus material is forthcoming; publication of the
(apparently) large numbers of Mycenaean sherds in the preliminary reports is extremely
brief. Aegean-type ceramic fragments are found in both settlement and tomb contexts,
and date from MM III through the end of LH NIC. The range of shapes cannot be
determined from the existing reports. Recent clay analyses may indicate that the bulk of
the “Mycenaean” vessels found at Miletus were locally-produced.39 No marks have

 

38Two reviews of the Mycenaean finds in Turkey provide the relevant bibliography for
each site/find: C. Ozgiinel, “Bati Anadolu ve Icerlerinde Miken Etkinlikleri” Belleten
XLVI (1984) 697-743; C. Mee “Aegean Trade and Settlement in Anatolia in the Second
Millenium BC” Anatolian Studies 28 (1978) 121-55. These two sources, and the primary
material referenced within them, provide the bibliography for the following section of
this paper.

39K, Gddecken “A Contribution to the Early History of Miletus: The Settlement in
Mycenaean Times and its Connections Overseas,” in E. French, K. Wardle, eds.,
Problems in Greek Prehistory (BSA 1989) 307-17. Until the data which support the",0,eng,93.73463795853657,False,1648426709.026931,1.75
37,"


24

been reported specifically on imported Mycenaean vessels, but apparently they do occur
‘on some “local Mycenaean” vases:

“The engraved signs on some of the Miletus made Containers for trade goods
suggest the knowledge and use of linear scripts.”""40

At Iasos, too, evidence of contact with the Aegean extends from Middle Minoan
through Late Mycenaean periods. Aegean wares occur in both settlement and burial
contexts. Because this site, too, is thus far published only as a series of preliminary
reports, few details are given and it is difficult to ascertain whether any vases were
marked. Mee states that unlike Miletus, most of the Mycenaean wares are imports from
the Argolid rather than local imitations.41

The third possible Mycenaean settlement site is in the vicinity of Misgebi, where
48 tombs containing circa 200 intact Mycenaean vases were found. These are fully
published.42 Closed shapes @iriform jars, stirrup jars, jars, Pyxides/alabastra) are
predominant, but open shapes are also present. The bulk of the finds are LH IA2-B,
though both earlier and later specimens occur. Many are imports from the Argolid,
others are reported to be “Dodecanesian” or “Rhodian.” None is marked.43

The incomplete publication of the substantial Mycenaean finds from Miletus and
Tasos makes it difficult to state Certainly that incised marks on imported Mycenaean wares
are not found in Turkey. But at Troy, Misgebi, and all other scattered sites, no
Mycenaean ceramic imports are marked, although many are appropriate candidates by
virtue of their date (IMB) and basic shapes (storage vessels, some large). The fairly large
deposits at some sites contrast with scanty finds known in general and serve as a

 

 

40K, Gédecken (supra n. 39) 314.
41R. Jones, C. Mee (supra n.39) 130.

42Y, Boysal, Katalog der Vasen in Bodrum I: Mykenisch-Protogeometrisch (Ankara
1969).

3Ozgiinel (supra n. 38) 733.",0,eng,93.64352245150502,False,1648426710.046401,1.75
38,"


 

 

25

reminder that the extent and nature of Mycenaean presence in coastal Asia Minor is
hardly known.

The Mycenaean ceramics found in Turkey indicate that connections with the
Argolid were predominant and ties with Rhodes and the Dodecanese were also
significant.4 However, Cypriot finds in Turkey are few during the LC IIC (=LH IIB)
period, though the ship wrecked at Ulu Burun does show that the sea routes in use
certainly provided potential trading connections between Cyprus and coastal Asia Minor.

Rhodes and the Dodecanese

No Aegean wares with incised marks have been reported from Rhodes or the
Dodecanese.

Mycenaean pottery—both open and closed shapes—is plentiful in this region
during the Late Bronze III, mainly found in large cemeteries on Rhodes and Cos and in
scattered tomb groups on Kalymnos, Karpathos, and Astypalaia.

Mycenaean finds on Rhodes are especially numerous and well-published, but the
Tegion as a whole has also been the subject of fairly detailed surveys,‘ and several areas
have been the focus of specific studies.46 Thus, the corpus of Mycenaean and Minoan
wares has been extensively documented and the publication record should not be
considered a factor in the lack of potmarks reported. Confirmation of this came from the
response of two scholars (M. Benzi, C. Mee) interested especially in the Mycenaean
pottery of this region, neither of whom was able to recall having seen any LH IIA-B
marks heretofore unpublished.47

But two features of the archaeological record do stand out in connection with the
subject of potmarks. First, Mycenaean ceramics in the Dodecanese are most numerous

 

44Qzgiinel (supra no. 38) 721-22 states that mainland Mycenaean contact with eastern
Anatolia (as far north as Pitane) during the LH INIB-C was routed via the Dodecanese.

45R, Hope Simpson, J. Lazenby, “Notes from the Dodecanese” BSA 57 (1962) 154-75;
“Notes from the Dodecanese II” BSA 65 (1970) 47-78, “Notes from the Dodecanese IT”
BSA 68 (1973) 127-180.

46For example, E. Melas, The Islands of Karpathos, Saros and Kasos in the Neolithic
and Bronze Age (SIMA 68, Goteborg 1985).

47M. Benzi knew of one unpublished sign from a LH IC vessel, however, which I
have not yet been able to examine.",0,eng,93.45917408333332,False,1648426711.206638,1.75
39,"


 

26

in the IILA2 period. By DIB, at least on the island of Rhodes, a dramatic decrease in the
number of tombs, and consequently in grave goods, including Mycenaean wares, is
observed.‘® Interpretations of the reasons for this change vary widely. Mee sees this
decrease in quantity, as well as a corresponding stylistic Stagnation in the ceramic
corpus, as evidence of decreasing trade/contact between Rhodes and the Argolid.49 He
further supports his assessment of the situation on Rhodes with evidence of instability in
other parts of the eastern Aegean during the IIIB period.5° Benzi, on the other hand,
argues that although the decreased number of finds indicates depopulation for some
reason, the quality of the finds gives no evidence for a cut-off of contact with the
Argolid, nor for any other economic crisis.5! The arguments are ultimately based on
ceramic analyses and regional site distribution studies which are difficult for someone not
intimately familiar with the material to judge. However, neither side denies a substantial
decrease in the quantity of IIB wares; this may be a (partial) explanation for the lack of
potmarks (which are primarily a IIB phenomenon) found in the region.

A second factor is the ceramic assemblage itself. The types of Mycenaean
vessels found on Rhodes and elsewhere in the Dodecanese range widely in form, though
certain types, distinct in shape and decoration, are particularly characteristic of this
region, Because of their specific distribution, they are labelled “Rhodo-Mycenaean”
wares.52 Their situation is comparable to the category of Mycenaean vessels found in
Cyprus and Syro-Palestine, referred to as “Levanto-Helladic” or “Levanto-Mycenaean”
types. Rhodo- and Levanto-Mycenaean wares are stylistically distinct and geographically
mutually exclusive, though the kinds of shapes found in the Dodecanese are often similar
in basic form to those marked shapes found on Cyprus.°3 The number of large closed

 

48M. Benzi, “Mycenaean Pottery Later than LH IIIA:1 from the Italian Excavations at
Trianda on Rhodes,” Archaeology/Dodecanese (1988) 62-64; C. Mee, Rhodes in the
Bronze Age (Warminster 1982) 87-88.

49C, Mee (supra n. 48) 88.

50C, Mee, “The LH IIIB Period in the Dodecanese, “Archaeology/Dodecanese (1988)
56-58.

51M. Benzi (supra n. 48) 62-67.
S2Stubbings, MPL, 11-20; MP, 540-41.
53For example, the large piriform jar shape is found throughout the eastern

Mediterranean. However, certain variants of the basic shape are characteristically found
in specific areas: FS 36 on Cyprus and in the Levant, FS 34-35 on Rhodes.",0,eng,93.84296755527637,False,1648426712.507904,1.75
40,"


 

27

storage vessels offered seemingly comparable material for marking. But, in fact, none
is, and like the situation in the Near East, this emphasizes the close ties between the use
of marks and their association with very particular vessels. It is precisely the difference
in ceramic repertories which may account for the lack of potmarks found on Rhodes. C.
Mee very kindly offered the following observations:

“T suspect that the reason for the lack of marks on the Rhodian pottery is that it is
quite different from the Levanto-Helladic material which you saw in Cyprus. It
is striking that the pottery found in the Eastern Aegean does not have much in
common with the Mycenaean pottery from Cyprus. The lack of chariot kraters
on Rhodes illustrates this well. On the other hand, analysis has demonstrated
that much of the LHIIIA2-B pottery from Ialysos is imported from the Argolid
and the same is of course true of the chariot kraters . . . This being so, | am
inclined to interpret the differences between Rhodian and Cypriot pottery in terms
of a fairly sophisticated approach to trade, the manufacturing centers in the
Argolid producing different shapes for different markets*4 despite the fact that the
route to Cyprus was presumably via Rhodes.”55

The paucity of Cypriot finds on Rhodes—only six or seven pieces dating to LCII—also
points to the absence of large-scale commercial connections between Cyprus and Rhodes
during the time marks were being incised on LH IIB vessels.56

Thus, the lack of inscribed marks on Aegean wares in the Dodecanese does not
seem to be due to either insubstantial publication or excavation. Rather, two historical
factors may be more pertinent: (1) a possible decrease in (commercial) ties with the
mainland during LH IMB, and (2) the presence of a different Mycenaean ceramic
assemblage which does not include the shapes which elsewhere are specifically
associated with incised marks.

 

54Or, as J. Rutter suggested to me, perhaps different Argive centers supplied different
eastern regions with Mycenaean exports.

55Personal communication: 8 November 1989.

56p, Astrém, “Relations between Cyprus and the Dodecanese in the Bronze Age”
Archaeology/Dodecanese (1988) 76-79. The author emphasizes that the Cypriot finds on
Rhodes are indicative of constant contact throughout this period; much more striking, to
my mind, is the evidently small scale of those contacts.",0,eng,94.29157386753248,False,1648426713.743092,1.75
41,"


 

28

Cyclades

In spite of the extensive use of potter’s marks (before firing) during Middle
Cycladic and early Late Cycladic, local wares in Late Cycladic II contexts are rarely
marked. No imported LH Il or LM Il vessels with marks have been reported from the
Cyclades, but whether this is an accurate picture of the situation is unclear, for relatively
few Cycladic sites post-dating LM IB have been excavated or published.

Ayia Irini is the one well published site. One section of the final report includes
an extensive discussion of the potters’ (i.e. pre-firing) marks found there.57 Although in
preceding periods the practice of marking pottery is copiously attested, only five pieces
from Period VII (=LH II) levels are marked, the marks on all of which fit into the
tradition of the immediately preceding stratum (=LMIB) which suggests that many if not
all may be earlier cast-ups. This statistic, however, may be misleading since the amount
of Period VIII stratified material recovered at Ayia Irini is far less than for earlier periods.
Bikaki notes that:

“Relatively little pottery of Period VII had been found. Therefore the paucity of

pieces cannot be used as evidence either that the practice of marking pots
continued or that it came to an end.”58

At Phylakopi, like Ayia Irini, potters' marks are abundantly attested in Middle
and early Late Cycladic, but later evidence peters out. The final publication of the LH
MHC shrine area lists only one coarse-ware cooking tripod, its leg incised with an “X”.59
Mycenaean material from this locale is mostly deep bowls and kylikes, none of which are
marked. Publication of the LH IIIA megaron is still forthcoming, but there is no mention
of potmarks in preliminary reports of this area or any other. Because most of the IIB
remains have yet to be published and because those IIIB vessels which have been
published are not of the types which are characteristically marked, it is difficult to
ascertain whether the apparent lack of incised marks at this site is meaningful.

 

51A.H. Bikaki Keos IV, Ayia Irini: The Potters’ Marks (Mainz 1984).
S8Bikaki (supra no. 57) 40.

59P, Mountjoy in C. Renfrew, The Archaeology of Cult: The Sanctuary at Phylakopi
(BSA Suppl. 18, 1985) p.194 fig. 5.22 no. 378, p.196 no. 378.",0,eng,93.97356438258576,False,1648426714.862445,1.75
42,"


 

29

Other sites whose preliminary reports indicate significant LH IB-period remains
are Koukounaries (Paros) and Ayios Andreas (Siphnos), but preliminary publications do
not mention any potmarks on local or imported LH III wares.

Mainland Greece

Twenty-eight marks incised onto Mycenaean fine-ware vessels have been
reported from the mainland. All come from the Argolid, primarily from Tiryns. With
respect to plain and coarse wares, marks incised either before or after firing are extremely
rare; none are found on coarse stirrup jars.

In order to evaluate the significance of these statements, two questions must be
addressed:

(1) Is the published record an accurate reflection of the finds? Have incised
marks on local plain and coarse wares consistently been noticed and reported with the
same attention given to fine wares? .

(2) To what extent has the concentration of archaeological activity in the Argolid
skewed the sample?

In answering the first question, it should be noted that although Linear B and
Linear B-related objects (the coarse stirrup jars with painted inscriptions, for example)
have been a focus of attention among Mycenaean archaeologists, potmarks have never
been treated with the zeal accorded them in Cyprus by those interested in CM. Potmarks
in the Mycenaean world have not been completely ignored, but only recently have they
been given much attention in site reports. A primary concern in addressing the question
of potmarks in the LH II Aegean, then, is to find out whether this lack of discussion is
due to a lack of material or rather a lack of interest.

Three hints suggest that perhaps the absence of potmarks in site reports might be
due to oversight. First, recent publications‘! of finds from Tiryns include reports on
LH II potmarks found there. Almost all post-firing marks are incised onto fine-ware
vessels (especially stirrup jars), but there are also a very few local plain ware pots with
pre-firing marks. Second, E. French has kindly informed me that there are unpublished
potmarks—perhaps in substantial numbers—among material excavated at Mycenae.

 

0A. Evans, The Palace of Minos at Knossos Vol. IV Part 2 (New York 1964) 755-58;
J. Chadwick, ed., The Mycenae Tablets I (TAPS 52, Philadelphia 1962) 73-74.

“1Déhl, Kadmos 18 (1979); Olivier, AA (1988).",0,eng,93.74570539782015,False,1648426716.06209,1.75
43,"


 

30

Third, two sherds with incised signs were recently found in Thessaly, and their
discovery there serves as a reminder negative evidence is tenuous.®? It also emphasizes
that plain wares, and not just the fine, decorated Mycenaean luxury wares, must be
carefully scrutinized for evidence of marking systems. These three notes show that the
practice of incising marks on both fine and plain wares was known, and hint that more
potmarks exist than have been acknowledged in print.

On the other hand, there is no reason to think that a widespread marking
system(s) on the mainland has gone unnoticed. If published evidence and the memory of
an expert (P. Mountjoy)® can serve as guides, incised signs on plain wares are few in
number and mostly pre-firing (potters') marks. If one concentrates specifically on the
shapes and wares which characteristically bear post-firing marks elsewhere—namely
fine, decorated Mycenaean wares and coarse stirrup jars—it seems clear that the number
of incised marks omitted from standard preliminary and final publications is low. Since
fine wares are usually considered an important indication of chronology and contact, they
are often published in great detail. It seems a fair assumption that potmarks would
have been noticed and mentioned. None have. Furthermore, at a recent meeting of
archaeologists interested specifically in Mycenaean pottery,®5 I was able to address
directly the question of whether incised potmarks have been found but not published.
With the exception of E. French’s mention of the unpublished finds from Mycenae, no
other examples of incised marks on Mycenaean fine wares in LH III contexts were

62K. Gallis,"" ""Evdetberc yo. mV ekankoon per ms @eooadtas, evés opyavapévov
ovotiLatos ovuPoAwv ext ayyelov Kote tv exoxt{ tov XaAKoo,"" Archaeologia
29 (Dec.1988) 58-63.

63] thank P. Mountjoy for taking time to discuss with me the question of incised marks
on mainland wares.

64For example, A. Papadopoulos’ study of Mycenaean finds in Achaea [Mycenaean
Achaea (SIMA 55, Goteborg 1979)], Bryan Feuer’s discussion of Thessaly [The
Northern ‘Mycenaean Border in Thessaly (BAR International Series 176, Oxford 1983)},
Symeonoglou's work on the Thebes material [Kadmeia I (SIMA 35, Goteborg 1973)},
P. Mountjoy's study of the ceramics from Orchomenos [Orchomenos V. Mycenaean
Pottery from Orchomenos, Eutresis and other Boeotian Sites (Munich 1983)] and Athens
[Four Early Mycenaean Wells from the South Slope of the Acropolis at Athens
(Miscellanea Graeca 4, Gent 1981)] ceramics, and C. Shelmerdine's thesis on the
Nichoria pottery [""Late Helladic IIA2-IIIB Pottery from Nichoria and the Bronze Age
History of Messenia,"" Ph.D. dissertation, Harvard University, 1977].

§5Athens, December 1989: Wace and Blegen.",0,eng,91.43735498817966,False,1648426717.55022,1.75
44,"


 

31

brought to my attention. Also, with regard to coarse stirrup jars, H. Haskell—who is
currently conducting an intensive study of these vessels with R. Jones of the Fitch
Laboratory, British School of Archaeology in Athens—confirms that no large coarse
stirrup jar with incised signs and a mainland provenience is known to him. Thus, I
conclude that the impression that incised marks are hardly found on local pottery—fine
or plain—in the LH III Mycenaean mainland is a fair assessment of the artifactual record.

The second, and much more difficult question to assess, is whether the artifacts
excavated thus far reflect ancient practices and Patterns of use. For example, is the
observation that all incised marks found thus far come from the Argolid related to the fact
that it is precisely this area that has been the focus of excavation and study of Mycenaean
material? Certainly, less is known of Mycenaean and Mycenaean-period sites elsewhere
on the mainland. For this reason, my argument that incised marks appear exclusively in
the Argolid must be accepted as Provisional, and in need of constant re-evaluation as
more Mycenaean material from outside the Argolid is published.

Still, there is enough evidence from other areas to justify setting forth this
observation as a hypothesis. It is not based entirely on negative argument, since, for
example, substantial finds of comparable Mycenaean pottery have been found at sites
such as Athens, Pylos, Gla, Thebes, and Orchomenos as well as collected in various
regional surveys.®6 It is not within my expertise to enumerate or evaluate the quantities
and types of Mycenaean wares found throughout the mainland; a glance at the
(forthcoming) published proceedings of the Wace and Blegen conference does, however,
give a fair summation of our knowledge.67 While it is clear that far less is known of the
Mycenaean world outside of the Argolid, it also seems fair to say that the sample is large

 

66Athens: S, Immerwahr, The Athenian Agora XII: The Neolithic and Bronze Age
(Princeton 1971) 96-147; M. Pantelidou, ""A‘ mpdiotopikar AGivar,"" (Athens 1976);
P. Mountjoy, (supra n. 64). Pylos: C. Blegen, M. Rawson, The Palace of Nestor in
Western Messenia Vol. 1 (Princeton 1966). Nichoria: C. Shelmerdine (supra n. 64).
Thebes: references in S. Symeonoglou, The Topography of Thebes (Princeton 1985);
S. Symeonoglou (supra n. 64); K. Demakopoulou and D. Konsola, Thebes Museum
Guide. Surveys: R. Hope Simpson and O.T.P.K. Dickinson, A Gazeteer of Aegean
Civilization in the Late Bronze Age (SIMA 52, Giteborg 1979); more up-to-date projects
only published, if at all, in preliminary reports (CABBAGE in Boeotia, Stanford
Southeastern Argolid survey, Nemea Valley Archaeological Project).

®1Wace and Blegen; see also E. French, K. Wardle, eds., Problems in Greek Prehistory
(BSA 1986), esp. Klaus Kilian “Mycenaeans Up To Date, Trends and Changes in
Recent Research” 127-33; and Mycenaean Decorated. Pottery,",0,eng,93.52402397430406,False,1648426719.0626519,1.75
45,"


 

32

and diverse enough to give a reasonable basis for the following hypotheses: (1) the
practice of incising marks on any pottery at all was highly unusual, and (2) the
concentration of post-firing signs in the Argolid is a significant observation.

Crete

As in the rest of the Aegean, the reported number of local (LM II] vessels with
incised marks is almost negligible.68 I have not had the opportunity as extensive a
contact with Minoan specialists as I have had with Mycenaean experts, and so I cannot
verify with the same assurance for Crete as for the mainland that the lack of published
marks reflects a corresponding dearth of material evidence. However, three scholars (S.
Hood, P. Warren, and P. Betancourt)®? who concentrate on Minoan Crete have kindly
taken time to discuss this question with me, and agreed with the conclusions drawn from
the published record: evidence of a local practice of marking pottery is limited to a
handful of signs. The lack of marks apparent in the written record is in accord with the
excavated evidence, But a note of caution must be interjected. Recent publication of the
finds from Kommos does indicate that perhaps marking of local wares during LM III
was not quite as limited as might have been concluded from earlier literature. The
number of marked LM III vessels at this site is still meager (possibly five from the entire
site°), but the range of vessel types extends beyond the coarse stirrup jars exclusively
noted elsewhere on Crete. This study of the Kommos material serves as a warning that
careful re-examination of stored finds may reveal more extensive evidence of marking

 

®8Possibly three vessels from LM III contexts at Kommos (nos. 6, 11, and 12 in
Bennet, Kommos I; no.12 also in J. Shaw, et al., “Excavations at Kommos (Crete)
During 1977,” Hesperia 47 (1978) p. 128-29, pl 36f; no.11 in J. Shaw, “Excavations
at Kommos (Crete) during 1984-1986"" Hesperia 55 (1986) pl 58a. A further two (nos.
8, 9; Kommos I) possibly local, are assigned generally to LBA.

From Khania, a single stirrup jar fragment (KHZ 16, in E. Hallager,.M.
Votsakis, “KH Inscriptions 1976,” AAA (1976) 215-19.

From Knossos three (maybe four) coarse Stirrup jar fragments [M. Popham,
The Destruction of the Palace at Knossos (SIMA 12, Géteborg 1970) 74, pl 28g and
possibly 28e]. Also from Knossos, at Makritikos, another stirrup jar [S. Hood, P. de
Jong, “A Late Minoan III “Kitchen” at Makritikos (Knossos),” BSA 53-54 (1958-59)
193 no. 35, fig. 8, pl 47c]. I thank S. Hood for bringing this piece to my attention.

From Amnisos: a stirrup jar, said to have incised marks (AD 23 (1968) Chr.
B’2 pp. 402-03, pl 36) =Herakleion 18213.

§9] am very grateful for the time taken to answer my questions.

70(Supra n. 68).",0,eng,94.33075376282052,False,1648426720.481051,1.75
46,"


 

33

on LM III pottery. However, there is no reason to think that marked vessels would
surface in any substantial quantity. So, as in the rest of the Aegean, local vases bearing
incised marks stand out as exceptional on Crete in relation to the huge quantities of
unmarked pottery excavated on the island.

Whether the excavated material provides an adequate indication of ancient
patterns of distribution is, as usual, questionable. As we have seen, incised marks are
found primarily in LH IIB contexts. But in Crete, archaeological attention has generally
focused on earlier (Minoan) history; Mycenaean Crete is still something of a mystery.
Recent work has, however, begun to tackle the subject; Kanta’s survey of LM III sites
summarizes the state-of-knowledge as of 1979,71 and excavations at Khania (Kastelli),72
Palaikastro (Kastri), and Kommos73 have provided substantial new evidence. Yet the
evidence is still very spotty, and our understanding of activities on Crete during LM II is
very tentative. Any hypothesis concerning phenomena of this period must be constantly
renewed in light of new evidence.

Still, in spite of the limited material available for study, the evidence from
Khania, Palaikastro, and Kommos convinces me that it is reasonable to begin to evaluate
the extent of potmarking systems in LM III Crete. At each of these three sites fairly
large-scale excavation projects have recently unearthed an extensive Tange, quality, and
quantity of material: purposefully marked pots, moreover, were objects of note. Surely
this is adequate basis for preliminary hypothesis, especially since in this case the
question concems an evaluation of presence or absence of specific material, rather than
more refined observations. At all of these sites there is very little, if any, evidence for
the use of potmarks. So, although the archaeological evidence for this period is beset
with serious lacunae, there are some indications that marking pots with incised signs was
tare in LM II Crete.

‘With only two exceptions,”4 those local LM II vessels which bear incised marks
are large coarse stirrup jars (eight, possibly nine, total). Of these, four (five?) were

 

7Kanta, LM III.

72Most recently, E, Hallager, “The Greek-Swedish Excavations at Khania,""
Tlexpaypéva tod E’ AteBvod¢ KpntoAoyixod ZeveSpiov,"" Vol. A (Herakleion
1986) 139-54, with further bibliography on p. 139 no. 1.

73Supra n. 68 for most recent publication; further references therein.

74Bennet, Kommos I: no. 6 (conical cup) and no.11 (large coarse ware vessel).",0,eng,93.61721955555555,False,1648426721.743042,1.75
47,"


 

34

incised before firing and also differ in other respects from the signs incised after firing on
Cyprus: the signs are incised upon the false-spout discs rather than on the handles, and at
least one sign is certainly Linear B.75 These characteristics seem to associate the pre-
firing signs more closely with the tradition of painted Linear B inscriptions or painted
single signs rather than with the conventions of post-firing signs and thus they are not
considered in the general discussion of Ppost-firing marks.

The signs on the other four jars, 76 as far as I have information,”7 conform to the
characteristics of incised marks on stirrup jars found on Cyprus and in the Near East:
post-firing, single signs cut boldly, one per handle. These four, then, are included in the
catalogue, and must be considered in any discussion of distribution patterns of post-
firing marks. Because they are so unusual within their Context, it is tempting to see them
as possible imports, thus explaining their uniqueness on Crete. But there are two
arguments against this: (1) their geographical distribution over the island @e., not
confined to coastal or major redistribution Sites), and (2) even more significantly, the
description of the Kommos jar as of local fabric, Thus, it is difficult to argue that these
jars—or the marks inscribed upon them—are anything but local products.

Italy, Sicily, Sardinia
No Mycenaean fine wares imported to these regions are marked with incised
signs. I have not yet studied the range of Mycenaean ceramics found in these areas.

Geographical Distribution: Summary

A brief summary of the quantities and types of Mycenaean wares distributed
throughout the eastern Mediterranean indicates that there often is sufficient relevant
material to allow regional comparison of the number of imported Aegean vases bearing
incised signs. Cyprus contains by far the greatest number and widest tange of such
marked vessels, and, as such, serves as the “yardstick” by which other areas are
evaluated.

ee
7SKHZ 16 (supra n. 68) is incised with a wa.

78Those found at Makritikos, Amnisos, Kommos and Tripiti.

For the Amnisos stirrup jar, I have very little information about the marks themselves.
I don’t know exactly the form of the signs, nor how they are arranged upon the vessel.",0,eng,94.1798789302949,False,1648426722.934464,1.75
48,"


35

Variation in the amount of imported Aegean vessels found (and published) in the
different regions is tremendous. But only the Cyclades, Egypt, and perhaps Turkey
beyond the Troad”8 have insufficient quantities of published Mycenaean vases to allow
comparison with other areas. The lack of potmarks in these areas is not a significant
observation because the sample of Mycenaean pottery is so small.

A second criterion for valid comparison is the quality of the sample itself. The
shapes which are most commonly marked in Cyprus are specific types of large closed
storage vessels: large fine and coarse stirrup jars (FS 164), “Levanto-Mycenaean”
piriform jars (FS 36), as well as various smaller stirrup jars and jugs. It seems most
likely—though it does not necessarily follow—that these shapes, or at least their
equivalents, would be incised in other regions. /f this assumption is valid, then these
shapes should be present in the regions being compared. In fact, because it is most often
closed shapes which are Mycenaean exports, comparison on a general level among
regions is not seriously hindered by this criterion.

But one point which becomes quite clear in comparing the occurrences of shapes
and marks regionally is that potmarks are associated only with very specific forms. For
example, although basically similar piriform jars are found throughout the eastern
Mediterranean, it is apparently only a single variation (FS 36) that is marked.79 Thus, in
this case, geographical distribution of marks is coincident with geographical distribution
of a certain shape. The situation is not quite so clear for FS 164 jars, for the distribution
of the shape is much wider than the distribution of marked examples of this shape.
Perhaps this is partially a function of the loose definition of FS 164; if variations of this
category were sorted out, then perhaps here too there would be a coincidence of marks
and particular variation in vessel types.

In any case, there is sufficient comparable material from the various regions to
allow the following observations and hypotheses:

8The last by virtue of the large number of unpublished—rather than undiscovered—
artifacts.

79This is true in almost every case where sufficient fragments of a vessel are preserved to
determine its specific shape. There are, however, exceptions: two handles from FS 35
jars (TAH 47-1616, Enk 20.230), and a further two possibly from FS 35 (TI acrop? TI
Neg. 562, though both are also listed as possible FS 36). Many of the marked piriform
fragments are too small to determine specific classification, though most are
provisionally attributed to FS 36 independently by their various excavators.",0,eng,95.14912036829837,False,1648426724.2939389,1.75
49,"


 

36

(1) Potmarks on Mycenaean wares are far more common on Cyprus than
anywhere else in the eastern Mediterranean. They appear on a far wider range of shapes
here than elsewhere, and they are distributed to sites of all kinds throughout the island.
Finally, only on Cyprus (and perhaps in the Near East8° ) does there appear to exist a
pervasive and well-documented system of marking local wares,

(2) The lack of potmarks on Mycenaean wares in the following areas is probably
significant: Rhodes and the Dodecanese, the mainland outside of the Argolid, and maybe
Crete.

(3) Ugarit is the only area outside of Cyprus with both a significant quantity and
a wide range of shapes of marked vessels.

(4) The Argolid is the only area in the Aegean with a large number of incised
vessels. Most are found at Tiryns, though there are indications that Mycenae may also
have yielded a substantial number. In contrast to Ugarit, however, the marks are almost
entirely confined to stirrup jars.

(5) Marks on Mycenaean ware found outside of Cyprus, Ugarit and the Argolid
are very rare and sporadic. Two possible exceptions are Miletus and Tell Abu Hawam.

(6) No particular mark or combination of marks correlates significantly with any
particular region, or any site within a region.

(7) The geographical distribution of Mycenaean potmarks outside of Cyprus
seems to correspond with areas of substantial contact with Cyprus—especially the
Argolid and Ugarit, less so the Near East. The lack of marks on Rhodes and in the
Dodecanese, generally assumed to have been in frequent contact with Cyprus at this
time, must be explained.

Finally, having tried to defend a valid basis for the statements listed above, I now
end on a note of caution. The fragile basis of this data base is emphasized by the great
difference which single deposits have made on its configuration. The marked vases from
T.VI at Minet el Beidha comprise almost half of the finds from the Ugarit area; the
incised stirrup jars found in the Epichosis deposit at Tiryns make up one-third of the
recorded sample from the Argolid. Excavations at Mycenae and Tell Abu Hawam hint
that substantial amounts of data may be unpublished. Thus, the hypotheses presented

 

80/f the marked “Canaanite” jars are an indication of a local (Syro-Palestinian) marking
system(s).",0,eng,95.40169756217617,False,1648426725.4937332,1.75
50,"


37

above are intended as an evaluation of present evidence and in need of constant re-
evaluation in light of new finds.",0,eng,96.09419704545454,False,1648426725.748716,1.75
51,"


 

38

SHAPES

Incised marks are found on a limited range of shapes, mostly large stirrup jars or
piriform jars. Moreover, as became apparent in the survey of geographical distribution,
only specific forms of these shapes carried incised marks. This is most readily apparent
among piriform jars, where marks occur almost exclusively on FS 36 types. With
regard to stirrup jars, almost only the large ones (FS 164) are incised. Marks occur on
other shapes sporadically.

The following section of this paper examines those specific shapes which are
characteristically marked with the following question in mind: Are there any particular
features of these vessel-types which give clues to the reason(s) for their association with
this particular marking system?

FS 36: Three-Handled Piriform Jar

Seventy-eight piriform jars are marked with incised signs. Twenty-eight are well
enough preserved to be identified as coming from the specific type of piriform jar
designated as FS 36; another eleven are probably FS 36. Only three are identifiable as
other variants of piriform jars: one FS 44 or 45,81 three (2) FS 3582 and one undefined
smaller piriform jar.83 The other fragments are too small to be specifically identified,
though the high proportion of FS 36 shapes among the marked piriform jars suggests
that most of these probably come from the same shape.

FS 36 is a large (average H.: 35 cm) three-handled piriform jar. The physical
feature which sets it apart from other contemporary piriform jar shapes (FS 35, 37, 39,
40, and 48)84 is its high, narrow neck which is concave in profile and often splays
outward toward the top.85 Furumark classified it as a specifically LH IIB shape,86

 

81Kourion B1112; Kourion B1113, B1114, B1115 are also identified as FS 44-45 by
Benson (Bamboula, 115-116), but as FS 36 in SCE IV:IC, 295.

82Enk.20.230, TAH 47-1616, also possibly TI Neg.562.
83HST 694.

84Mycenaean Decorated Pottery, 96.

8SNouveaux Documents, 219.

86MP, 590.",0,eng,94.59541315189874,False,1648426726.7832608,1.75
52,"


 

39

and recent finds support that dating. Whether this particular shape typically contained a
specific product is unknown.

FS 36 is one of about a dozen distinct forms which are chararcteristically found
in Cyprus and the Near East, but are only rarely found elsewhere in the Mediterranean.87
This class of pottery, which is commonly referred to as Levanto-Mycenaean, has been
the subject of extensive discussion especially by archaeologists working on Cyprus and
in the Levant. The fundamental issue is whether these particular vessels were
manufactured on the Mycenaean mainland,88 or whether they were the product of
regional workshop(s) on Cyprus and perhaps in the Levant.89 This question is relevant
to the study of incised marks in that the Place of origin, trade route, and destination all
have bearing upon deciding when, where, and for what purpose the marks were incised.

Discussion of the origin of Levanto-Mycenaean vessels is based on three aspects
of the pottery: (1) geographical distribution, (2) stylistic features, and (3) technical
features. None of these has yet been shown to provide conclusive evidence for either
mainland or regional production. The first argument revolves around the concentration
of Levanto-Mycenaean shapes on Cyprus and in the Levant. One interpretation is that
this distribution reflects a clustering of products around regional manufacturing centers.
On the other hand, the same distribution pattern can be viewed as a consequence of
specialized export from a production center to specific markets.90 The second and third
arguments are based upon the pottery itself. Certain stylistic features and some shapes of
the Levanto-Mycenaean repertory are thought to be derived from either Near Eastern

 

87The shapes which are defined as. Levanto-Mycenaean are most thoroughly discussed in
Stubbings, MPL: FS 36, 95, 116, 139, 191, 210, 223, 228-29, 232, 243-44, 296, 310;
and Nouveaux Documents, 201-30.

88Gjerstad, Studies, 218-20; Catling, CBMW, 35-54, esp. 48-49; H. Catling in Greek
and Cypriot Pottery, 574, 579-80, 590-91; E. Slenzka, Tiryns, Forschungen und
Berichte VI: Figiirlich Bemalte Mycenische Keramik aus Tiryns (Mainz am Rhein 1974)
88-102; perhaps Hankey, BSA 62 (1967) 145-47,

89Myres, Cesnola, 46-50; Casson, Ancient Cyprus, 42-53; Sjéqvist, Problems, 65-73,
92-97, 121; MP, 540; Stubbings, MPL (supra n.87); Nouveaux Documents, 201-30; S.
Sherratt, ""Regional Variation in the Pottery of Late Helladic IIIB,"" BSA 75 (1980) 175-
202, esp.195-96,

Greek and Cypriot Pottery, 602-03 lists several comparable examples in the context of
Archaic and Classical Athenian Pottery trade. .",0,eng,93.5182517437186,False,1648426728.125001,1.75
53,"


40

prototypes or native Cypriot wares.°! The incorporation of such elements undoubtedly
reflects regional influences on pottery production, but whether the Oriental elements were
innovations necessarily developed in provincial centers or whether they could also have
been a product of mainland workshops is difficult to judge. Argument for either
alternative becomes essentially a subjective evaluation of the flexibility of the Mycenaean
potting process: Were foreign elements absorbed by mainland potters, or is their
presence necessarily indicative of regional manufacture? Can Levanto-Mycenaean
innovations in shape and decoration be attributed to Mycenaen potters working either at
home or abroad, or are they more likely to be the work of foreign potters producing their
own version of mainland Mycenaean ware? Finally, with respect to technical features,
Levanto-Mycenaean vessels are virtually indistinguishable from vases produced on the
mainland. No difference in paint or fabric or firing methods can be discerned visually.
Proponents for Argive manufacture argue that the quality of clay, paint, and firing are
evidence of mainland production;92 those who advocate regional manufacture explain
similarities in fabric and paint as a result of similar technical processes.%3 Unfortunately,
no systematic clay analysis of specifically Levanto-Myceneaen pottery has been
undertaken to determine the origin of clay used in Levanto-Mycenaean vases.%4 In sum,
neither distribution patterns, stylistic features, nor fabric analyses provide conclusive
evidence for the place of production of Levanto-Mycenaean vases.

However, although the Levanto-Mycenaean vases themselves do not provide
certain evidence of their place of manufacture, there is indirect evidence which suggests
that these vases most likely were manufactured on the mainland. A close analogy to the
Levanto-Mycenaean pottery is provided by the Mycenaean pottery found on Rhodes. The
Rhodo-Mycenaean pottery, like the Levanto-Mycenaean, is distinctive in its particular

Nouveaux Documents, 201-30; Sherratt (supra n.89) p.196 no.77.
92Gjerstad, Studies, 220.
%3Nouveaux Documents, 208-09; Casson, Ancient Cyprus, 52; Sjéqvist, Problems, 93.

54The only specific reference in the literature is the analysis of a single FS 36 three-
handled piriform jar from Deir el-Balah, which concludes that the jar is of Cypriot origin
(I. Perlman, F. Asaro, T. Dothan, ""Provenance of the Deir el-Balah Coffins,"" JEJ 23
(1973) 151]. The authors are quick to point out that a Cypriot origin for all such jars
should not be generalized from the evidence of a single sample. Given the lack of
adequate control groups for Cypriot sites (Greek and Cypriot Pottery, 574), I wonder
how certain the claim of Cypriot origin can be.",0,eng,94.21625746913581,False,1648426729.562716,1.75
54,"


 

41

shapes and its restricted distibution. Fabric analyses of Rhodo-Mycenaean vessels
indicate that these distinctive shapes were exported from the Argolid rather than made on
the island of Rhodes where they are almost exclusively found.95

In summary, the piriform jars which carry incised signs are, when adequately
preserved, almost always identifiable as FS 36, a Levanto-Helladic shape. The fact that
incised marks occur specifically on a class of pottery known to have strong associations
with the island of Cyprus adds support to the hypothesis that incised marks on Aegean
vases are closely connected with Cypriot marking practices.

FS 164: Large Stirrup Jar

This class of stirrup jars is well-known for the painted Linear B inscriptions
which occur on vessels found on the Greek mainland and Crete. Marked vessels have
also been found on Cyprus, but these “inscriptions” are very different from the Aegean
inscribed examples: the Cypriot examples were incised after firing rather than painted
before firing, they consist of only one or two isolated signs, and their signs are derived
from the CM syllabary rather than Linear B.

FS 164 is Furumark’s “catch-all” category for stirrup jars whose height exceeds
30cm. He also described the type as “domestic,” but no further specifications are given,
and the examples listed in Mycenaean Pottery include a variety of shapes, fabric, and
decorative schemes.% Consequently, a great Tange of stirrup jar types have since been
designated as “FS 164”. Heights can range up to 60cm and the shapes vary from
distinctly piriform to almost globular ovoid. Both fine and coarse fabrics are included
and decoration encompasses a variety of techniques (dark-on-light and light-on-dark),
syntaxes (banded and patterned), and motives (wavy line, octopus, etc.).

The different types of large stirrup jars must be significant in some respect;
perhaps a specific type reflects a certain manufacturing center, or maybe the jars’
intended contents. It is postulated, for example, that the coarse FS 164 jars decorated
with octopus motifs are specifically Cretan products. But no systematic study of the FS
164 category as a whole has been published, although some specific types within this

 

95C. Mee, R. Jones, ""Spectographic Analyses of Mycenaean Pottery from Talysos on
Rhodes: Results and Implications,"" JFA 5 (1978) 461-74, esp.468-69; Greek and
Cypriot Pottery, 510.

S°MP, 610.",0,eng,95.20610495212767,False,1648426730.808107,1.75
55,"


 

 

42

category have been discussed at length (for example: octopus stirrup jars, “oatmeal” ware
jars). Fortunately, an intensive investigation of at least the coarse stirrup jars is currently
underway, and a specific classification is in preparation.97 I know of no comparable
work being done with the large fine-ware stirrup jars. Until such studies are completed,
it is extremely difficult to evaluate possible associations between incised marks and
specific types of large stirrup jars.

Still, as a first step in a discussion of incised marks on large stirrup jars, the
following section of this paper lists and discusses the basic types upon which incised
marks appear. Few interpretations can be made on the basis of present information, but
it is hoped that the discussion below will provide a useful basis for further evaluation in
light of new data.

Seventy-two large stirrup jars with incised marks have been preserved: thirty-five
Coarse-ware, thirty-seven fine-ware, and one of uncertain fabric.

FS 164: Coarse

The coarse stirrup jars vary in fabric, shape, and decoration. With one
exception®® incised marks are only found on coarse stirrup jars decorated in the dark-on-
light scheme.

Eleven of the coarse stirrup jars are decorated with some variation of the octopus
motif.99 In a widely-cited article published in 1960, V. Karageorghis and H. Catling
determined that certain octopus stirrup jars were of Minoan origin, based on their
distinctive fabric, certain stylistic commonalities of the octopus motifs, and the consistent

 

97 Already begun in H. Haskell, “Coarse-ware Stirrup Jars at Mycenae,” BSA 76 (1981)
225-38 in conjunction with J.A, Riley, “Petrological Examination of Coarse-Ware
Stirrup Jars from Mycenae,” BSA 76 (1981) 335-39. A much grander project is now
well under way, under the auspices of the Fitch laboratory (British School of
Archaeology, Athens) and organized by H. Haskell, H. Catling and R. Jones.

98MeB Dep. 213, decorated with white running spirals on a dark ground.

9°Which is approximately one-third of the total number of coarse stirrup jars with incised
marks: Kourion BM C501 (octopus); Enk.Fr.T.12/36 (single deep wavy line); San
Antonio (octopus); Dhenia 1937/IV-13/1 (single? wavy line); CM A 1580 (?) (octopus);
Amnisos (single deep wavy line); MeB T.V. (single deep wavy line); MeB T.II (single
deep wavy line); Athienou 2156/3112 (single deep wavy line);Kourion B1129 (two deep
wavy lines); Dhenia 1938/X-10/2 (single deep wavy line). The jar in Erlangen is too
fragmentary to determine certainly whether the two bands preserved at the shoulder
T are octopus design, or whether they are themselves the only decoration.",0,eng,93.96599775180722,False,1648426732.159009,1.75
56,"


43

combination of octopus motif and large stirrup jar shape.! Their conclusions seem to
have been accepted to a large extent, and current Cypriot excavation reports often cite
their criteria as basis for assigning a “LM IIIB” designation to coarse stirrup jar
fragments. However, I believe this to be somewhat misleading. The criteria expressed
in the Karageorghis and Catling article are vague, both with respect to the description of
the fabric and in terms of which features of the motif can be considered Minoan. If one
reads carefully through the catalogue of Minoan stirrup jars presented by Karageorghis
and Catling, no specific feature consistently appears in all examples, 101 Only very
general characteristics can be extrapolated from these descriptions as indicating Minoan
origin, namely: octopus decoration (in various styles), fabric characterized by a heavy
grit temper, and (usually) a matt slip.

Excavation reports which classify coarse stirrup jar fragments as Minoan with
Teference to this article usually do not justify their comparisons explicitly. But I believe
that until more specific criteria have been established, the automatic classification of
sherds as “Minoan” merely because they evince some fragment of octopus design and/or
a rather coarse, heavy-tempered fabric should be questioned. First, the octopus motif
varies a great deal, ranging from elaborate representations to schematic abstractions of
wavy lines. In view of the great differences in representation, certainly there is no
reason to assume common origin on the basis of the appearance of the same general
motif.102 Second, the fabrics described as Minoan by Karageorghis and Catling
encompass a broad range of hardness, temper, and surface finish. Their general
description corresponds to the kind of fabric generally referred to as “oatmeal” ware,
although this specific term is not used in the BSA (1960) article. The origin(s) of this
fabric has long been debated. The term was coined in the Troy publications (1953) and
was considered to be indicative of Cretan manufacture.!93 However, Benson, in his

 

10H. Catling, V. Karageorghis, “Minoika in Cyprus,” BSA 55 (1960) 118-22.

101For example, fabric description varies a great deal: It can be hard (nos. 23, 24, 25,
27), medium-hard (nos. 28, 29) or rather soft (nos. 30, 31). Its temper is characterized
by heavy grits, but more specific description is given only twice—no. 27 has mica and
brown grits, no. 29 has red, brown, and black grits. Nor is clay color consistent.

102The octopus motif when it appears specifically on coarse stirrup jars is usually
assumed to be Cretan, but not always. See M. Popham, The Last Days of the Palace at
Knossos (SIMA 5, Goteborg 1964) 18; Kanta, LM III , 294, 296.

103, Blegen, J. Caskey, M. Rawson, Troy III (Princeton 1953) 305: “The biscuit in all
instances is firm but very rough, containing many minute pebbles; the exterior is coated",0,eng,94.35546327253219,False,1648426733.584875,1.75
57,"


 

study of coarse stirrup jars (1961), emphasized the great variety in fabrics subsequently
classified as “oatmeal,” and argued that at least some were made in mainland Greece,104
The term “oatmeal” is still somewhat haphazardly applied, and argument as to its place(s)
of production has continued to waver back and forth. The early stylistic and visual
observations are being re-evaluated by scientific analyses, but no definitive conclusions
have been reached.!05 Rather, the complexity of establishing typologies and origins has
been emphasized. Recent discussions reiterate the caution promulgated by Benson in his
pioneering study of coarse ware stirrup jars: “We are not only free, but actually obliged
to treat each particular vase or group of vases on its own merits in an attempt to decide on
provenance.” Finally, the particular shapes upon which octopus designs occur vary a
great deal. Even among those few which carry incised marks and are well-enough
preserved for shape to be ascertained, forms are quite different. Whether any (or all)
particular variants are specifically Minoan is not clearly stated in the literature.

A single coarse stirrup jar with simple banded decoration carries an incised
mark.!07 The twenty-one other coarse stirrup jar fragments do not preserve traces of the
main body decoration. Sometimes the disc and handle fragments do preserve various
patterns of ornament!08 and perhaps when stylistic typologies are developed for coarse
stirrup jars, these secondary decorations will provide clues to the main decorative
schemes.

In summary, incised marks on coarse stirrup jars seem to be particularly
associated with octopus decoration. Note, however, that there are many differences

 

with a semilustrous slip which partially conceals the coarse texture. All were probably
imported from the same locality.”

10Benson, Berytus XIV (1961) 40-42.

105See R. Jones, “Linear B inscribed and other coarse ware stirrup jars,” in Greek and
Cypriot Pottery, 477-93, esp. 489-93 for a review of various scientific analyses of these
jars.

106Benson, Berytus XIV (1961) 41.
107Tripiti; but see also (supra n.99) re: Erlangen fragment.
108Discs are generally decorated with concentric circles or outlined; handles are solidly

painted (with a reserved triangle at disc junction) or decorated with a single (sometimes
wavy) vertical line or with two vertical lines outlining the edges of the handle.",0,eng,94.34414896467392,False,1648426734.830528,1.75
58,"


 

45

among these vases with regard to the specific form of this motif, as well as fabric and
shape differences. Their origin in Crete is possible, but not by any means certain.

FS 164: Fine

Large stirrup jars are also made of fine fabric, often indistinguishable in texture
from the clay used for smaller finely-decorated Mycenaean pottery. There exists no
specific discussion of fine-ware FS 164 jars as far as I know.

Eight! of the thirty-seven fine FS 164 stirrup jars with incised si gns are
(almost) completely preserved, and all of these carry banded decoration only. The
arrangement of the bands, the shapes of the jars, and the fabrics vary, although three jars
from Enkomi T.18 (nos. 53, 54, 55) and one from Athienou (2134 and 3042/1) are close
parallels.

The remaining examples are too fragmentary to determine their main decoration,
but certain pattems are characteristic of the subsidiary ornamentation: discs are decorated
with concentric circles of varying elaboration, and handle ornamentation can be solid, or
outlined along both edges, or with a single straight or wavy vertical line.

 

10°Enk.Br.T.48/967; Enk.Sw.T.18/53, 54, 55; KAD 40; Athienou 2134 and 3042/1;
Larnaca Museum 53; Cesnola 775; also possibly Enk.1957.SS.",0,eng,94.99229770202021,False,1648426735.548379,1.75
59,"


 

46

CATALOGUE OF SIGNS

Classification Method

This catalogue of incised marks on Aegean wares includes all published examples
as well as most of the unpublished pieces known to me!!0_jn total, at least 55 different
signs on 197 vases. A few signs (usually simpler types) are frequently repeated, but
many are either unique or occur only two or three times.

Optimally, the catalogue should be organized so that its categories reflect
differences which were significant to those who inscribed or “read” the marks. And, at
first glance, it seems an obvious process to distinguish sign-types. But closer
examination reveals the problem so often encountered in constructing typologies: types
cannot be easily separated into distinct categories.!11 While some marks—especially
simple forms—are obviously the same and others obviously idiosyncratic, there are
those which bear recognizable general similarities but whose individual features may
vary greatly. The greatest difficulty in organizing this corpus of potmarks lies in
deciding whether forms with slight variations were intended to represent different signs
or deliberate modifications of a particular sign, or if the idiosyncracies are irrelevant to
the value of a sign.112

One suggested method of organization is to arrange the signs according to the
classification established for signs of the formal Cypro-Minoan inscriptions.!!3 This

 

U0There are reportedly a number of unpublished marks from the excavations at Mycenae
and Tell Abu Hawam, as well as a single sign from Hawara, which I have not been able
to include in this study. (This information given by kindness of Drs. E. French, J.
Balensi, and V. Hankey).

11Ford, J., ""The Type Concept Revisited,"" American Anthropologist 56 (1954) 42-53.

N2Idiosyncracies which don’t change the value of a sign may be, for example, simple
mistakes of oversight or sloppiness, or the result of an inexperienced or uninformed
hand cutting the mark. Such mistakes are interesting in relation to understanding the
marking process itself—who cut the sign, what he understood of its meaning—but not in
Tespect to understanding the intended value of a sign. For discussion of such problems
with respect to the Linear B syllabary, see T. Palaima, Scribes of Pylos (Incunabula
Graeca 87, Rome 1988) chapter 1.

13Such an approach is implicit in publications which classify potmarks according to
Cypro-Minoan designations. A ""formal"" inscription consists of two or more signs in
sequence [L. Godartt, J.-P. Olivier, Recueil des inscriptions en Linéaire A Vol. I (Etudes",0,eng,94.48892771501272,False,1648426736.844071,1.75
60,"


 

47

makes some sense because the potmarking system is clearly derived from, or heavily
influenced by, the CM system (infra, CM Signs). However, theoretical and practical
considerations render such an approach undesirable.

From a theoretical point of view, automatic identification of potmarks with CM
signs assumes (or at least encourages the assumption) that the potmarks are specifically
CM signs and that those who inscribed the potmarks had the formal signs clearly in
mind. In fact, although the potmarking system and the CM system are clearly related
somehow, the specific nature and extent of the ties are not certain.114 Ordering the
potmarks specifically in accordance with the formal writing system precludes
independent assessment of the relation between these systems.

Practical difficulties also mitigate against a catalogue based on CM signs. First,
the potmarks include a large number of signs which are not listed in the formal Tepertory.
While some of the potmarks seem to be CM signs which simply have not yet appeared in
the limited number of formal inscriptions found to date, this cannot be assumed for all of
the potmarks unattested in the CM repertoire. Until a sign is attested as CM by its
inclusion in the context of a formal CM inscription it should not be automatically added
to the CM sign-list. Thus, many potmarks could not be incorporated into a catalogue of
specifically CM signs.

Second, the published CM sign-list does not provide enough information to
allow a careful comparison with the potmarks. The immediate shortcoming of the
standard lists is that only a few examples of each sign are illustrated, rather than the
whole range of examples known from formal inscriptions.!5 Thus, one gets only a
limited sense of the features which distinguish one sign from another. Close
examination of the sign lists in the course of trying to “fit in” the potmarks leads to great
confusion: Signs extremely close or exactly the same in form are sometimes categorized
separately (CM #38 and 113; 95 and 96). Conversely, signs which seem quite different

 

Crétoises XXI, Paris 1976) xi-xii]. The formal CM sign list .as compiled by E. Masson
is set forth in Cyprominoica, 12-15.

14T, Palaima, ""Cypro-Minoan Scripts: Problems of Historical Context,” in Y. Duhoux,
T. Palaima, J. Bennet, eds., Problems in Decipherment (BCILL 49, Louvain-la-Neuve
1989) 145-47.

'5Contrast the limited illustration of CM signs with the full corpus of signs published
for Linear B archives: J.-P. Olivier, Les scribes de Cnossos (Incunabla Graeca 17,
Rome 1967); T. Palaima, (supra n.112); L. Godart, J.-P. Olivier (supra n. 113).",0,eng,94.63207126540284,False,1648426738.1711411,1.75
61,"


48

in appearance are catalogued together (CM #73; 74; 97; 108; 110; 114). Sometimes
changes in orientation differentiate signs (CM # 8 and 9; 16 and 82; 19 and 20; 29 and
57; 44 and 45; 50 and 81; 104 and 106) but elsewhere this is not considered significant
(CM #31;16 34), The addition of a short slash (“flag“), generally to an extremity of a
sign, is usually (CM #9 and 10; 11 and 12; 30 and 31; 53, 54 and 55; 65 and 66; 69 and
70 and 71; 82, 83 and 84; 87 and 88; 91 and 92; 99 and 100) but not always (CM #19;
37; 41; 113) a feature which differentiates between signs. In short, the distinction
between CM signs as catalogued in the published repertoire is not always inherently
obvious, nor do these CM lists provide consistent guidelines as to what sorts of criteria
distinguish forms. Because only select examples are listed, it is difficult to comprehend
the magnitude or frequency of variation characteristic of any particular sign. It becomes
a problem, then, to fit potmarks into these often fuzzily defined categories.

Another difficulty in using the CM sign-lists is the lack of readily accessible
information concerning the context of each sign. This is vital information because,
unfortunately, the published repertoire of CM signs is based not only on formal texts and
inscriptions but also on isolated signs occurring on seals, bronze objects, and pottery. In
cases where a particular sign is also represented in true CM inscriptions, the inclusion of
single signs from other media does not violate the basis of the repertoire. But in other
cases (CM #31, 98, 108 for example) it seems that the sign in the formal repertoire is
defined only on the basis of isolated (i.e. not in the context of an inscription)
occurrences. Thus, assigning a potmark to a particular CM category might be a circular
argument, since indeed it might have been this same mark which established a category
or the inclusion of a particular variant within a category in the first place. Admittedly,
instances of such circumstances are few, but the point is that the CM repertoire to which
it is proposed that the potmarks be compared is not a reliable listing of signs which
certainly occur in formal CM inscriptions but rather a hodge-podge of marks from
different media. Adding more potmarks to the system would only further confuse
attempts to differentiate between true CM signs, signs possibly derived from or
influenced by CM, and non-CM signs.

In fact, the inclusion of signs from different media may explain some of the odd
groupings in the formal lists (ex: CM #108; 110). Perhaps the variations apparent within

116See E. Masson, “Les syllabaires chypro-minoens: mises au point, compléments et
définitions a la lumiére des documents nouveaux,” RDAC (1985) p. 147 fig. 2a, p. 148
no. 31.",0,eng,95.53797923382045,False,1648426739.6141272,1.75
62,"


49

these categories are the result of different ductus. That the medium into which a sign is
inscribed may have a significant effect on the form of signs is well illustrated by the
contrast in forms of Linear B signs which are scratched onto wet clay tablets and those
which are painted onto the shoulders of coarse SJs.!17_ The corpus of Linear B
inscriptions is large enough that the vital features of each sign have been distinguished,
and variants due to ductus or individual hand can be fairly securely identified. But the
extent to which ductus is an explanation for variations in the listed CM signs cannot be
judged without more information.

Thus, the formal repertoire of CM-signs is an inadequate basis for organizing a
catalogue of potmarks. It does not provide clearly defined categories, nor does it include
all the marks attested on pottery. Also, using the formal signary to order the potmarks
lessens the possibility of fairly addressing the nature of the relationship between these
two notational systems.

The catalogue presented below, then, is devised independently of any direct
reference to other notational systems and is based solely upon the features of the
inscribed marks themselves. (Similarities with the symbols of specific script systems—
Linear B and CM—are, however, noted where appropriate). This method eliminates the
problems of trying to fit the potmarks into a pre-determined, rigid system, although
difficulties remain: how narrowly should categories be defined? What sorts of
variations should be considered significant, which intentional and which without
meaning?

Because the corpus is so diverse and there are no predictable patterns of sign
formation, there are no inherently “logical” ways to group similar signs. Also, in most
instances there is not enough repetition of a particular sign to indicate clearly which
features are “standard” and so serve as bases by which variations can be evaluated. Even
in cases where several examples of each variation exist—which increases the possibility
that these “variants” do indeed represent separate values rather than haphazard
idiosyncracies—there are no independent criteria which confirm their identification as
separate types.118

117See A. Sacconi, Corpus delle Iscrizioni Vascolari in Lineare B (Incunabula Graeca
LVI, Rome 1974) 193-203.

18For example, in the cases of 4 and A , or | and Y , no distinct patterns of one
variation peculiar to a certain shape, decoration, or findspot exist to reinforce a
hypothesis that the variations are intentional and specifically differ in function or
application.",0,eng,94.95481916953318,False,1648426741.007905,1.75
63,"


50

Two kinds of variations in particular are repeatedly attested among the potmarks,
and a decision of whether or not to consider them as features which indicate distinct
signs significantly alters the structure of this catalogue.

The first is changes in orientation—i.e., appearances of the same sign reversed or
inverted. In part, such changes in direction might well be explained as a consequence of
their appearance on pot handles and bases, whose surfaces present several possible
directions of orientation. There are, for example, inscriptions on plain ware Cypriot
pottery which run horizontally and others which run vertically along the length of a
handle (Figure 3). Differences in the orientation of potmarks perhaps reflect varying
vantage points of the inscriber rather than indicating qualitative differences in the marks
themselves. It is possible also that the different directions of some potmarks were due to
“{lliterate” inscribers, copying symbols without understanding clearly what features gave
them their meaning and thus prone to making errors. And indeed this explanation
probably does explain some instances of inversion or reversal. But it is also true that an
examination of these marks which appear on handles, at least, show a great degree of
regularity: in those cases where the “correct” orientation of a sign!19 is known, almost
always they are placed with their vertical axes parallel to the length of the handle, and
with the top of the sign pointing up towards the top of the handle. The consistent
orientation of these signs suggests standardization of the marking process in this respect
and raises the possibility that differences in orientation were deliberate rather than
haphazard occurrences.

It is noteworthy, then, that the formal CM corpus includes—and differentiates
between—signs which are the same in every respect except orientation. Not always (CM.
#31) but usually (CM 8 and 9; 16 and 82; 19 and 20; 29 and 57; 44 and 45; 50 and 81;
104 and106) a change in direction is taken to represent a different value for a sign.
Though the conventions of the formal script cannot be assumed to hold true for
potmarks, the CM repertoire seems to indicate that changes in orientation were
considered significant in a notational system which clearly influenced the potmark

119The assessment of “correct” orientation is based upon two different criteria (1)
Potmarks which are clearly derived from the CM syllabary and whose correct positioning
is thus clearly understood from formal inscriptions, and (2) potmarks such as 4 , which
occur so frequently ‘and regularly in a particular position on a vase that this may be
assumed to reflect their standard orientation.",0,eng,95.79791133488372,False,1648426742.530591,1.75
64,"


51

 

Katydhata CM Al496

—

\

FURY,

ty Kay
/

in Kitton 11/5189 “\

Figure 3. CM Inscriptions on Pottery: Various Orientations

     ",0,eng,67.31773859090907,False,1648426743.93914,1.75
65,"


 

52

repertoire, Likewise, it is plausible that variations in the orientation of potmarks were
deliberate.

In organizing this catalogue, I have adopted a compromise stance: signs of fairly
similar form are classified together as one type, but then separated into subgroups within
a type according to their orientation.120

A second frequent feature of variation among the potmarks is the occasional
addition of a short slash (“flag”), generally to the extremity of a sign. The only clue as to
whether this feature might be an important one is again the formal Cypro-Minoan
system. As with changes in orientation, the “flag” is usually (CM #9 and 10; 11 and 12;
30 and 31; 53, 54 and 55; 65 and 66; 69, 70 and 71; 82, 83, and 84; 87 and 88; 91 and
92; 99 and 100) but not always (CM #19; 37; 41; 113)}the differentiating feature between
signs. Again, although I have argued that the published CM repertoire is an unreliable
basis for detailed potmark studies, it is the one contemporary—and certainly on some
level, related—indication of features considered significant within a notational system.
Thus, provisionally, signs with “flags” are separated into different subcategories within a
type.

Other variations among signs are idiosyncratic, none occur consistently.
Deciding whether or not to include certain variations within a sign-type is admittedly
subjective. The one general rule which I have followed is to create separate categories
for doubtful cases. This may result in an overly-refined catalogue, but it seems the wiser
approach for the following reasons:

(1) The CM repertory—though it refers mostly to a formal script rather than
specifically to the potmarking system—does indicate that there is no logical way to
predict which sorts of features separate signs; at this point in the study of the syllabary,
there is no sense of what magnitude of variation is permissible within a sign-group. In
some cases a short slash tacked to an extremity is reason enough to establish separate
categories; in other instances signs quite different in appearance are assigned to the same
category. In light of this uncertain guide, it seems wiser to err on the side of caution and
to separate possible distinctions at first.

(2) Additional finds of CM inscriptions and potmarks as well as careful re-study
of known texts will undoubtedly refine present classification. In applying new criteria to

 

120A similar procedure was adopted in the early stages of Linear A studies: J. Raison and
M. Pope, Index du Linéaire A (Roma 1971), and now L. Godart, J.-P. Olivier (supra n.
113).",0,eng,95.36886028266034,False,1648426745.218312,1.75
66,"


53

long familiar data, it will be easier to combine overly separated groups than to re-sort
excessively general categories.

The catalogue is organized so that signs which are basically similar are grouped
together under a single type, but variations are noted by separate subcategories. In this
way, both general similarities and possible significant differences are noted, The
signs/groups are arranged in order of increasing complexity. -

Cypro-Minoan Signs

Signs incised on Aegean wares are often simple in form and these—depending
upon one’s approach—may be interpreted as CM, Linear B or simply abstract marks
which are not directly related to any script. Examination of the complex marks,
however, provides more substantial indication as to the basis of this marking system.
Seventeen!2! of the complex marks are certainly identical to signs attested in formal CM
inscriptions (Figure 4, Table 3). In contrast, none of the complex potmarks show certain
connections with the Linear B script, nor with any other contemporary scripts or making
systems known to me. These observations suggest to me that the incised signs
appearing on Aegean vessels are evidence of a marking system based upon the CM
script.

Two notes must be appended to this statement:

(1) Not all the marks are necessarily specific CM characters, but certainly the
proportion of signs which must be or can be CM is great enough to suggest that the
formal script was the inspiration for the incised marks. Although I list only seventeen
certain matches, there are probably more.

Many of the simpler marks can be matched with CM signs; their simple form
prevents the assumption that they necessarily were derived from this script, but certainly
does not lessen the possibility that they were. In fact, in light of the attested CM signs
among the complex marks, it is reasonable to postulate these simpler signs which
Correlate with CM characters as also having been influenced by the formal writing
system.

 

121Seventeen if grouped according to the criteria set forth supra, Classification
Method; fourteen if grouped according to the standard CM repertoire (thus published in
my article in Wace and Blegen).",0,eng,95.47232501149425,False,1648426746.357904,1.75
67,      CM 108 #46 * CM 108 #47 cM 104 #48     CM 41 #29 4. Inscribed Marks: CM CM: Designations according to Cyprominoica #: Designations according to Appendix III 34,0,eng,85.64437162068967,False,1648426747.0448399,2.2604166666666665
68,        cM 13 #17 cM 31 CM 102 f cM 65 #364 CM 66. #36B CM 38 #37 > OM 26 #19A Figure 4 (continued) 55,0,eng,76.07839831999999,False,1648426748.8248389,1.75
69,CM 104   #35A-C 4 56,0,deu,78.4761964,False,1648426749.3405728,2.2604166666666665
70,"


 

Table 3. Incised Marks: Cypro-Minoan & Linear B Equivalencies

Linear B Potmark

Linear B

 

 

 

 

 

 

""1"" 24B
""10"" 24C

da 25A

 

 

 

 

 

TO
_pa 25E

 

 

 

 

e?

 

 

 

@

 

 

se. A

 

 

 

 

 

 

 

 

 

 

 

38/113

 

 

57

 

 

 

t

 

 

 

 

 

 

 

 

 

 

 

 

 

 

 

 

 

 

 

 

 

 

 

 

 

 

* Numbered according to Appendix III: ""Catalogue of Incised Marks on LH/LM III Vases.""

**Numbered as in Cyprominoica, pp.13-15, figs.2-4.",0,eng,84.74405162,False,1648426749.7718248,1.75
71,"


 

38

In addition, there are signs among the marks inscribed on Aegean wares which,
although as yet unattested in the formal CM repertoire, nevertheless are likely to
represent specifically CM signs. It must be kept in'mind that the CM script is barely
known—comparatively few formal texts exist, and they include only some 2450 signs
total (or less than a page and a half of running text);!22 moreover, the entire repertoire of
signs has not been identified.!23 Thus it is likely that several complex signs which
cannot be identified with characters in the formal CM repertoires but are paralleled by
signs incised on local Cypriote pottery may well represent CM signs so far unattested in
the formal inscriptions.

For example, the Ny sign, which occurs several times on Aegean wares, is also
found as an isolated sign on a Canaanite jar handle found at Kition-Bamboula!4 and as
part of an “inscription” consisting of two signs on a Canaanite jar handle from Pyla-
Verghi (Figure 5).125 The appearance of this complex sign on different wares from
widely-separated contexts within the island of Cyprus suggests that it reflects a
commonly known sign or symbol. Its appearance in an “inscription” suggests that it is,
indeed, a CM character that heretofore has not been attested in the limited formal CM
repertoire. The brevity of the inscription and the simple nature of its second sign prevent
a certain identification of these signs as specifically CM, but given the frequent

 

1227,G, Palaima (supra n.114) 123-25.

123Contra E. Masson, [“Les syllabaires chypre-minoens: mises au point, compléments
et definitions a la lumiére des documents nouveaux,” RDAC (1985) 149] who bases her
statement on the relatively few new signs which are identified with each new discovery
of a CM text. Yet, though the bulk of signs seems to be known, new finds do reveal
new characters [ex: E. Masson, “Premiers documents chypro-minoeus du site
Kalavassos—Ayios Dhimitrios” RDAC (1983) 135}. And, though the range of items in
the CM corpus is gradually expanding, the bulk of formal CM writing is attested on a
few tablets, six cylinders, and many “boules”. The cylinders and “boules”, by their
shape, seem to have had specialized functions; some of the tablets, on the internal
evidence, may have used a specialized vocabulary. These few, restricted texts may
contain a large proportion of the CM characters, but certainly not all.

124Kition-Bamboula, p. 179 no. 342, fig. 80:342.
125H. Catling, “Unpublished Finds from Cyprus: (1) Graffiti in the Late Cypriot Linear

Script, (II) Imported Greek Pottery at Chytroi,” RDAC (1989) p. 324:14, fig. I:14, pl.
XLIV no. 14.",0,eng,94.03951538139535,False,1648426751.154017,1.75
72,"


59

 

Pyla Verghi (Canaanite) KitBam KEF-102 (Canaanite)

q

CM A1580 (coarse stirrup jar)

\

So

cA, Lapithos T.502/98c
\ (large fine stirrup jar)

Figure 5.A CM? Mark",0,eng,82.41242907407407,False,1648426751.4743402,1.75
73,"


appearance of similar short CM inscriptions on Cypriot wares, the probability that this,
too, is CM is very high. .

Similarly, the sign | , found on two Mycenaean vessels, is closely paralleled by
a sign on a coarse ware jug from Dromolaxia T.1/51 (Figure 6).!26 A Canaanite (?)
handle found at Kalavassos-Ayios Dhimitrios also carries a similar sign.127 Since these
signs occur as isolated marks rather than in the context of an inscription, they cannot be
argued to be specifically CM. But their appearance on local Cypriot wares attests the use
of the signs by Cypriots. Thus, they support the hypothesis that these marks are to be
considered a Cypriot practice, even though they do not point specifically to the use of the
CM script.

‘There are also signs on Mycenaean wares which are unattested in the formal CM
repertory but are found in inscriptions or in isolation on local pottery (Figure 7). Signs
within the context of an inscription are evidence of specifically CM characters; isolated
signs on local pottery reaffirm the Cypriot practice of marking pottery with the same
sorts of signs as those found on imported Aegean wares.

Finally, the local marked wares sometimes exhibit variations of a basic sign type
in combination with CM characters (Figure 8). These inscriptions are too short and
nonspecific to prove that all the variations are intended to represent the same sign, but
they do certainly point out that the range of signs incorporated into CM inscriptions is
much greater than that reflected in the published repertory. Many of the categories in this
corpus which have not yet been assigned CM parallels may indeed be variations of signs
represented in the formal inscriptions.

Further examination of inscribed signs—both potmarks and inscriptions—on
pottery found on Cyprus will undoubtedly reveal other parallels for the signs on Aegean
wares. Continued study especially of the CM inscriptions found on pottery should
reveal a much clearer picture of the range of CM signs, as well as the variation found
within a specific sign-type.

(2) The second matter which must be addressed is the identification of certain of
the marks incised on Aegean wares as Linear B signs. Just as marks incised on vases
found in Cyprus have been compared to—and often just assumed to be—CM signs,
marks incised on vases found on the mainland and Crete have often been compared with

 

1265, Admiraal, “Late Bronze Age Tombs from Dromolaxia,” RDAC (1982) 45.
127KAD 799.",0,eng,94.78465018826405,False,1648426752.720895,1.75
74,Dromolaxia 1.1/5? coarse local wheelmade jug Lc I-end LC II This same sign found on: NeB T.VI/1k (piriform jar) MeB T.VI (mug) KAD 799 Canaanite jar? tc TIC Figure 6. Another CM? Mark,0,eng,85.16834281818183,False,1648426753.3722181,1.75
75,"Enkomi 1306/1 Plain White Wheelmade jug (local) #26A, 23B Katydhata 7.85 Plain White ware (local) #38 KitBam KEF-302 Canaanite jar #16F Enkomi 1761 Plain ware jug #49 Enkomi i (unpublished) HST F1639 rm 31 layer 3b #50 Canaanite? #22 # Designates incised mark on Aegean vessel (Appendix 111) 7. More Possible CM Marks 62",0,eng,90.07539653703705,False,1648426754.2156959,2.2604166666666665
76,63 — Enkomi 1901/2 Plain ware (local) Le TIC KitBam KEF-217 Plain wheelmade jug (local) > ia LC LIB-111A — 1 nkomi 1692 Plain White Wheelmade jug (local) LCEIB-C Enkomi 2568/4 = —— HST F1548 layer 4 Canaanite Kourion B803 Plain wheelmade 1 LC IIA-B Figure 8. Variations within a Sign Type?,0,eng,75.66407457692308,False,1648426756.27381,2.0865384615384617
77,"


Linear B signs. Specifically, incised signs on vases from Tiryns,!28 Asine,!129 and
Kommos!3° have been identified as Linear B characters.
: The marks on the vases from the Argolid which have been claimed as Linear B
: are either too simple in form to make the identification compelling, and often can just as
convincingly be compared to CM signs. In fact, the publication of the Tiryns marks lists
possible CM values alongside most marks for which a Linear B correction has been
proposed,131

The only other mark for which a Linear B identification has been suggested is the
coarse stirrup jar handle from Kommos, whose sign J. Bennet identifies as Linear B je.
Although at first glance this identification is tempting, in the perspective of inscribed
marks as a whole the identification is not convincing. The sign is fairly simple—an X
with a flag at the two upper ends. X’s and variations of X’s are found in both Linear B
and CM systems, although this particular form is only known in Linear B. However, it
is quite clear that one characteristic feature of CM is the addition of “flags” to the
extremities of signs and thus this particular form would certainly not be out of place
among CM signs. I do not claim this sign as CM—only that it is too simple to be
definitely Linear B, and its features are not uncharacteristic of features associated with
the formal script.!32 This argument would not be a serious objection on its own, but
given the number of attested CM potmarks on Aegean wares and the lack of any other
convincing Linear B identifications the burden of proof lies in demonstrating that this
mark is positively a Linear B sign. The simple nature of the sign itself and the coarse
incision technique make this difficult to do.

Thus, in the face of the CM signs certainly attested among the potmarks on
Aegean wares, the few, simple signs proposed as proof of the use or influence of Linear

 

 

8A. Akerstrém, Kadmos 13 (1974) 44-47; Chadwick, Mycenae Tablets Il, 74; Déhl,
Kadmos 18 p. 52 nos. 86, 88; p. 53 nos. 90, 91, 92; Olivier, AA (1989) p. 256 nos.
16, 17, 18, 20, 21; p. 259 nos. 22, 23, 24, 25.

129B. Frizell “A Late Helladic Graffito from Asine,” Kadmos 16 (1977) 176-78.
130Bennet, Kommos I, no. 12.

131 Olivier, AA (1988) nos. 16, 21, 24, 25.

132The other characteristic of the Linear B Je, the curves of its lines (X'rather than’X’),

may simply be a result of the wet clay in which it is incised and cannot be judged in this
sign scratched into hard clay.",0,eng,93.54527086936936,False,1648426757.53839,1.75
78,"


65

B within the marking system are not sufficient. If one accepts the proposition of a CM-
basis for the potmarks, a great number of the simpler signs can be included as examples
of the extensive influence of the formal script upon this potmarking system.

Timing of Marking

In formulating any general interpretations, it is important to determine whether
these CM-related signs on Aegean wares were incised before or after firing. When this
distinction has been noted in publication, the incised signs are almost always classified as
post-firing marks, but only exceptionally are the particular observations which would
support such a classification specifically discussed. Until recently, only J.F, Daniel
treated the matter in any detail;!33_ §. Casson mentioned in an off-hand way that the
incisions cut through paint,!34 and other publications generally limit any comment to a
categorical comment without any explanation at all.135 Most recent publications of these
marks either assume post-firing—presumably based on “common sense” or the weight
of analogy to the other marks published as post-firing—or do not even bother to mention
this aspect of the marks.!36 Thus, the common perception of these incised marks as
post-firing phenomena is an implicit point of view, treated in detail only in J.F. Daniel’s
single footnote.

However, two recent publications have challenged this widespread assumption of
incised marks on Aegean wares as a post-firing practice. The publication of Late Bronze
Age material from Kition-Bamboula includes seven fine-ware Mycenaean sherds with
incised marks, all described as having been incised before firing.137 The authors very

 

133“Prolegomena,” p. 273 no. 56.
134Casson, Ancient Cyprus, 77.

135§0, for example, Persson in SCE Ill, App. I, 601: “The majority of these consist of
cone or a couple of signs which—as regards the vases—usually have, after the baking,
been scratched on the handles with some pointed tool, or in some instances on the
bottom of the vases.” Or Stubbings, MPL, 45: “Signs of the Cypro-Mycenaean script
are also found incised (almost always after firing) on the handle (or occasionally the
base) of pots of both Mycenaean and other wares found in Cyprus.”

136Most recently, E. Masson in Maa-Palaeokastro, App. V, 399-400.

137KEF-186, KEF-322, KEF-334, KEF-372, KEF-370, K76-4992, K76-5592, in M.
Yon Kition-Bamboula, 180-81.",0,eng,94.17820310626702,False,1648426758.7387378,1.75
79,"


66

conscientiously include a specific explanation for this assessment in their catalogue.138
The other article focuses on a single CM mark inscribed into the handle of a coarse
stirrup jar made on Crete but found on Cyprus.139 Again, included in the analysis is a
careful record of the observations which led these authors to conclude that this particular
mark was incised before firing.149 These two thoughtfully-argued proposals demand a
reassessment of previously-published material, especially those pieces where the pre-
/post-firing criteria have not been explicitly considered.

In the course of my work on Cyprus, I was able to examine approximately 500
marks incised into pottery, including one-quarter of the marks incised into fine and
coarse Aegean vessels. Signs incised into wet clay are easy to identify, but it is not so
easy to differentiate between signs incised into clay at the leather-hard stage and those cut
into fired clay. In his early study of inscribed signs, J.F. Daniel suggested some criteria:
“Inscriptions made after firing often have many successive strokes of the knife within the
incision. Inscriptions cut while leather-hard are cleaner, and the surface coloration of the

 

138Quant a la céramique “mycénienne” (Myc. IIIB), sa qualité technique permet de
constater indubitablement que les marques ont été incisées avant cuisson, dans l’atelier de
fabrication. Chaque trait de I’incision, bien net, a été tracé tout droit, sans réprise avec
une lame fine qui a fendu plus ou moins profondément la pate encore humide (mais déja
Tecouverte de peinture): on voit bien comment le retrait de la surface un peu élastique a
écarté les lévres de l’incision.” Kition-Bamboula, 175.

139Palaima et al, Kadmos 23 (1984).

140The extreme left portion of the sign and the bottom of the central staff cut clearly into
the painted decoration. This in itself indicates that the sign was incised after the
decoration was applied, that is when the clay surface had hardened sufficiently to receive
the decorative slip. Moreover, the linear strokes and the dot lack the characteristics
observable when made by a stylus into moist clay, namely curvature, puncture,
extruding ridges at the sides of strokes (particularly where strokes cross), a uniform
depth of incision, and often a pushing of clay at the start or finish of a bold stroke.

On B1129 the sign appears to have been incised with a blade or hard straight-
edged cutting tool. The vertical strokes show traces at their bottoms of several passes of
such an instrument, and the depth of the vertical strokes varies with the contour of the
handle. The horizontal was incised much shallower, but again completely straight, as
with a blade. Most diagnostic is the dot. It is not impressed into moist clay or even
drilled into leather-hard or fired clay, but rather it has been irregularly picked into the
hardened clay surface as if by the point of a blade....[Cites Daniel’s note and, based on
observations above and Daniel’s criteria, concludes that...] The sign of B1129 lacks the
definitive features of inscription after firing and possesses those of inscription while
leather-hard.” Palaima et al, Kadmos 23 (1984) 71-72.",0,eng,94.31482252046784,False,1648426760.3076742,1.75
80,"


67

vase often continues into the incision.”!41 In addition to Daniel’s expressed criteria, I
would add some characteristics:

—In coarse wares, the inclusions provide clues. If a mark is made before firing,
even at the leather hard stage, the grit will be disturbed by the incising tool. The
inclusions are either dragged along the line of incision or pushed into the clay, and no
longer project into the incised groove. After firing, on the other hand, the grit resists
incising; often the particles show cut or scratch marks, and sometimes they have been
“popped” out of place, leaving empty holes.

—On fine wares, and often on coarse wares, when a line is made in clay before
firing, a very characteristic ridge is raised on either side of the incised groove, a result of
the clay being pushed aside by the incising tool. Clay which has been hardened by fire
does not, of course, yield and the result is a line without any sort of a ridge whatsoever.
Other indications of post-firing incisions are paint which has been flaked away from the
edges of an incised groove by the pressure of the incising tool or the appearance of
scratch marks alongside the primary groove where the hardness of the clay has forced the
inscriber to make several starts or to slip off-track before achieving a satisfactory line.

It should be noted, however, that signs incised after firing are not necessarily
“scratchy,” indeed, very sharp, clean grooves can be observed on some marks on the
Mycenaean vessels. It seems difficult to imagine that such sharp, deep lines could have
been incised into the curved surfaces of very hard-fired clay vessels with any sort of
tool, and it is particularly this feature which is M. Yon’s main objection to classifying
these marks as after-firing. But two reasons convince me that this argument is not a
strong one. First, a piriform jar handle found at Kalavasos-Ayios Dhimitrios carries a
mark whose grooves are very sharp and clean with no signs of scratchiness, but where it
can be clearly seen that the groove cuts through the oxidized surface of the clay into the
darker core—i.e., the groove cut into clay which had not been exposed at the time of
firing, and thus the incision was made after the firing process was complete. So, KAD
525 is an example of a very neat, deep incision made after firing. Second, experiments
in incising lines on hard-fired Mycenaean and other wares kindly provided by V.
Karageorghis and S. Swiny demonstrated that indeed sharp lines with intricate junctures
can be relatively easily incised by means of a sharp point or an edge of local flint flakes,
Only a few sherds were available and thus the experimenter had little practice and the

 

141“Prolegomena,”"" p.273 no. 56.",0,eng,95.27584805579399,False,1648426761.689318,1.75
81,"


68

marks achieved are not up to par with the ancient ones. However, even this cursory
attempt makes it clear that it was not only possible, but relatively easy and quick to incise
deep, clean grooves into painted, hard-fired clay.142 Thus, a lack of “scratchy” grooves
cannot be taken as a secure indication of incision before firing.

The criteria listed above—which are specific and can be seen clearly—are
observable on most incised marks. Thus, it is usually possible to differentiate between
marks incised before and after firing. With reference to specifically Mycenaean and
Minoan wares, I believe that all examples which I was able to examine were incised after
firing. This includes those signs on Mycenaean wares found at Kition-Bamboula which
M. Yon and A. Caubet classified as pre-firing marks. For the reasons outlined above, I
do not think their arguments are strong even for certain exceptionally “clean” incisions. I
have not yet examined the coarse stirrup jar examined by T.G. Palaima et al.143 But I
have carefully studied the marks on thirteen other coarse stirrup jars of which twelve
appear to have been incised after-firing; this causes me to question the designation of the
Kourion-Bamboula mark as pre-firing.

All of us—T.G. Palaima, M. Yon and A. Caubet, and myself—have carefully
examined certain marks and specifically set forth our reasons for classifying them as pre-
or post-firing. Explicit methods of classification narrow the degree of subjectivity but do
not eliminate it altogether. M. Yon kindly consented to look again at the Kition-
Bamboula material together with me, but even after much looking and discussion we
were not able to agree on the timing of the Kition-Bamboula potmarks. On the other
hand, although we were not able to look at the stirrup jar which was the centerpiece of
his article, T.G. Palaima agreed with my interpretation of features characteristic of post-
firing marks on other coarse wares. Possibly high magnification would improve the
objective means by which to determine post- vs. pre-firing marks. But until such a
method has been applied, classification depends on experienced observation. When I
originally began this research project, I was inclined to consider the marks on Aegean
wares as incised before firing; now, pursuant to year of studying this question, I believe
that the signs on Aegean wares were incised after firing. This was also the opinion of

142These experiments at inscribing marks into fired ceramics are filed in the survey
collection of the Cyprus-American Archaeological Research Institute (CAARI). I thank
both S. Swiny and V. Karageorghis for the opportunity to test my ideas.

143K ourion B1129, discussed in Palaima et al, Kadmos 23 (1984).",0,eng,94.64661929384967,False,1648426763.069168,1.75
82,"


69

IF. Daniel, the first to look closely at this question. And though common opinion is not
necessarily correct, it seems clear that most others who have published marks incised
upon Aegean wares explicitly or implicitly agree with such an interpretation.",0,eng,94.44351053658536,False,1648426763.3731918,1.75
83,"


70

SUMMARY, INTERPRETATION AND CONCLUSIONS

A Cypriot Marking System

By definition, signs in this corpus share two characteristics: they are incised, and
they appear on Aegean (LH/LM III) wares. Such a loose definition potentially
encompasses a great diversity of both marks and items marked. But, in fact, most!44
incised marks on Aegean wares share a specific set of features:

—They are incised after firing, at least in all cases which I have been able to
examine personally.

—Most are incised into the handles, and thus the marks are prominently visible,

—Those which can be certainly identified with any attested notational system are
Cypro-Minoan characters; many others may be Cypro-Minoan. None is exclusively
Linear B.

~The great majority of incised Aegean vessels are found on Cyprus and the
closely-affiliated sites of Ras Shamra/Minet el Beidha. Other substantial deposits of
marked vessels occur in the Argolid. Elsewhere, finds are scarce or completely absent.

—Incised marks consistently occur only on large transport/storage vases: large
coarse and fine stirrup jars, and a particular variation (FS 36) of large piriform jars.

The consistently restricted appearance of incised marks points to some specific and
directed use, and thus one can speak of a marking system.

That this marking system was specifically associated with Cyprus is clear from
the form of its marks as well as their application. First, the distribution of Aegean
vessels with incised marks points toward Cyprus, for it is here that the largest number
have been found. Incised marks found outside of Cyprus are from sites or areas where
other finds attest significant contact with Cyprus: coastal Syro-Palestine (especially Ras
Shamra/Minet el Beidha), the Argolid, and (perhaps on a smaller scale) Crete. Argument
from distribution patterns is, of course, highly subject to new discoveries, especially
when the data base is small. Thus, the quantities of incised marks appearing in various
regions may well change, and marks may appear in regions where they are as yet
unattested. But it hardly seems likely that the relative Proportion found on Cyprus will

 

144A ppendix II lists the few vases whose marks do not conform to the patterns described
below.",0,eng,94.63256539376768,False,1648426764.556583,1.75
84,"


71

lose significance. Furthermore, it should be noted that in addition to the great quantity of
Aegean vessels with incised marks, Cyprus and the closely-associated site of Ras
Shamra/Minet el Beidha are also the findspots of the greatest variety of these marked
vases. While the examples from the Aegean are almost exclusively large stirrup jars, on
Cyprus and at Ras Shamra/Minet el Beidha several different closed and open shapes
marked with incised signs are preserved, including piriform jars, jugs, Pictorial-
decorated (amphoroid and bell-shaped) kraters, deep bowls, a kylix, a cup, and a mug.

Second, the kinds of vessels marked are themselves indications of intimate
connections between Cyprus and the incised marking system. For example, although
piriform jars are found in abundance throughout the Mediterranean, only one particular
variant specifically associated with Cyprus (FS 36, a “Levanto-Helladic” shape) is ever
marked with incised signs. Similarly, Pictorial vases have special Cypriot connections
and they, too, sometimes carry incised signs.

Third, the method of marking seems a Cypriot feature; while signs incised after
firing are unusual within the Mycenaean Aegean, they are abundantly preserved on both
local and imported ceramics on Cyprus.

Finally, the fact that some marks on the Aegean wares are certainly to be
identified as specific signs of the formal Cypro-Minoan syllabary adds great weight to
the hypothesis of Cypriot connections. Many of the simpler signs, though not
sufficiently distinctive to be labelled exclusively “Cypro-Minoan” do match Cypro-
Minoan characters. In light of the certain identifications of complex signs, the tentative
correlations of simpler signs seem valid. Thus, the Cypro-Minoan signary was the
source of a large proportion of the incised marks on Aegean wares.

In sum, the distribution of the marked vessels and the particular shapes which are
marked point to some sort of connection with Cyprus as the reason for the incised
marks. Marking by means of incision and the use of the Cypro-Minoan signary as a
basis for the forms of the marks suggest that the practice of marking Aegean pottery with
incised signs was specifically Cypriot.

Cypriots in the Argolid

The identification of incised signs as a particularly Cypriot feature implies that
vessels with these signs on them either have been routed via Cyprus at some stage, or
that they have been handled by people familiar with the Cypriot marking system. The
signs on Aegean wares in Cyprus can simply be explained as having been incised upon
arrival for redistribution purposes, and the marked vessels in the Near East as having",0,eng,95.7941628173077,False,1648426765.905658,1.75
85,"


72

been routed via Cyprus or the Cypriot dépot at Ras Shamra. But the marked vessels
found in the Argolid and on Crete warn that the situation was more complex.

There are two possible explanations for the presence of CM-inscribed pottery in
the Aegean.145 First, the incised closed transport and storage vessels found on Crete
and in the Argolid may be re-used vessels, having been exported to Cyprus, inscribed in
accordance with redistributive or handling practices there, but eventually emptied and the
containers reused. Some may have eventually been shipped back to the Argolid in the
process of secondary trading. The incised closed transport and storage vessels found on
Crete and the Argolid may be examples of such ""retumables"". The Mycenaean vessels
found on the Ulu Burun shipwreck are examples of fine and coarse Aegean wares which
survived one or more trips to the Near East and were being’ shipped back towards the
Aegean; the Canaanite amphoras found on the same shipwreck may provide evidence for
secondary re-use of storage vessels.!46 But as the number of vessels with incised marks
found in the Argolid increases, the suggestion that these jars coincidentally arrived via
secondary trade appears less plausible. Also, it should be kept in mind that all the
vessels found in the Argolid are fine ware and thus less likely to have been frequently
shipped.

The other possibility is that the marks were incised outside of Cyprus, by people
knowledgeable in the Cypriot marking system. In this case we might imagine a Cypriot
or Mycenaean individual in the Argolid specifically concerned with exports to Cyprus
incising the appropriate marks on outgoing vessels.

145There is a third possibility, namely that the inscribed vessels in the Argolid are
examples of Mycenaean wares made on Cyprus, marked according to practice there, and
then shipped to the Argolid. This seems to me to be untenable for two reasons: (1) in
light of the scientific evidence for manufacture of Rhodo-Mycenaean wares in the
Argolid, it seems most sensible to also attribute the production of Levanto-Helladic
wares to the Argolid, at least until further scientific investigation proves otherwise (supra
n. 94 and 95), and (2) in any case, none of the incised vessels from the Argolid belong
to Levanto-Helladic shapes (insofar as they can be attributed), but instead to shapes
(stirrup jar) for which the possibility of local Cypriot production has not been raised.

1M46Publications of the Mycenaean pottery: G. Bass, ""The Bronze Age Shipwreck at Ulu
Burun (Kas): 1984 Campaign,"" AJA 90 (1986) 269-96; C. Pulak, ""The Bronze Age
Shipwreck at Ulu Burun, Turkey: 1985 Campaign,” AJA 92 (1988) 14; G. Bass, C.
Pulak, D. Colion, J. Weinstein, ""The Bronze Age Shipwreck at Ulu Burun, Turkey:
1986 Campaign,"" AJA. 93 (1989) 12. The re-use of Canaanite jars is suggested in
Pulak, AJA 92 (1988) 11.",0,eng,95.0787707680851,False,1648426767.406729,1.75
86,"


73

The suggestion that CM marks were being incised in the Aegean assumes highly
organized and directed trade contacts between the Argolid and Cyprus. (And perhaps
between Crete and Cyprus, if the incised stirrup jars there are indication of a similar
situation). There are indeed indications that such a situation existed, at least with respect
to the Argolid and Cyprus. The most compelling evidence is the distribution of Levanto-
Helladic and Rhodo-Mycenaean wares. Each of these ""wares"" is defined as pottery
which is indistinguishable from (fine) mainland vessels in terms of fabric and technique,
but is distinguished by certain distinctive shapes which have a limited geographical
distibutions. Rhodo-Mycenaean types are found only in Rhodes and the Dodecanese, a
few in the Argolid and possibly Achaea. Levanto-Helladic types are found in Cyprus
and the Near East, as well as some in the ‘Argolid. Both types are rarely found outside
their area of concentration. So, one traditional explanation for the specific geographical
distribution and design features of these types has been to view them as provincial
imitations of mainland products. The difficulty with such an interpretation has always
been then to account for the remarkable similarities in fabric and technique of mainland
and the so-called “provincial” products. This objection is supported by clay analyses of a
substantial number of Rhodo-Mycenaean shapes which indicate that these were
manufactured from Argive clay!47 and thus discount the theory of provincial imitation.
Rhodo-Mycenaean pottery, then, is best explained as a specifically designed export
product, manufactured on the mainland specifically for shipment to a particular
region/market. Levanto-Helladic wares are likely to represent a similar situation of
specialized trade, though systematic clay analyses have yet to be undertaken to confirm
this. The mutual exclusiveness of the types of Mycenaean ceramics found on Rhodes
and those found on Cyprus emphasizes the separate nature of trade contacts between the
Argolid and various regions. In spite of the fact that Rhodes is presumably a way-station
between the mainland and Cyprus, no Levanto-Helladic nor any vessels bearing incised
marks have been found in the Dodecanese. This is a compelling indication of specifically
directed trade contacts, with certain wares made for and sent only to certain markets and
not subject to peripheral trade en route.148

 

1M47C, Mee, R. Jones, “Spectographic Analyses of Mycenaean Pottery from Ialysos on
Rhodes: Results and Implications,” JFA 5 (1978) 461-74, esp. 468-69. Of course, the

possibility remains that Argive clay was exported, and then fashioned at regional centers.
I don't think this is a strong hypothesis.

148The situation vis @ vis Cyprus and Crete is not so clear, although increasing evidence
of contact [For example, see J. Shaw, ""Excavations at Kommos (Crete) during 1982-",0,eng,95.21542947533632,False,1648426768.8655722,1.75
87,"


74

Thus, the appearance of CM-marked pottery in the Argolid makes sense in the
context of a highly organized export trade, in which already at their origin certain goods
were designated for specific destinations. Some of the vases bound for Cyprus were
even marked with notations appropriate to that region. But who in the Argolid was
inscribing such marks? Two possibilities can be suggested. Either local Mycenaean
pottery-dealers, much experienced in handling Cypriot trade, may have adopted the
foreign notation system from, and for the benefit of, their customers. Or Cypriot traders
may have come to the Argolid and marked their purchases by means familiar to them.

Neither suggestion can be “proven” by the existing evidence, though the latter
seems more probable. Many different signs are found on the pottery in the Argolid, and
thus the inscribers seem to have had a fairly intimate knowledge of the Cypriot marks.
Although it is quite possible that a Mycenaean may have acquired such knowledge, there
is no evidence of knowledge of foreign languages/scripts in the Linear B texts. Also, the
practice of marking pottery was in general alien to Mycenaean administrative methods.
None of the Rhodo-Mycenaean pottery, for example, carries incised signs. This seems a
Practice peculiarly necessary to the Cypriot methods of handling pottery.

Handlers’ Marks

Because the marks themselves cannot be ""read"", their meaning(s) must be
deduced from the circumstances in which they occur: the patterns of marks appearing on
certain vessels, in certain regions or in certain contexts. The fact that the signs were
incised after firing leaves open a wide range of applications, for there is no way to
determine—from the marks themselves—at which point after firing the mark was
scratched into the clay.

There are no immediately obvious patterns to suggest the specific reason for
incising the marks; listed below are some possible reasons for marking vessels and a
discussion of how the vessels with inscribed signs may or may not fit into each
suggested interpretation.

Potters'Workshop Mark. There are no significant correlations between a
particular mark and any particular fabric, shape or decoration. Jf it is fair to say that the

 

1983,"" Hesperia 53 (1984) 249-87 (with references to earlier seasons); E. L. Bennett,
Jr., et al, ""436 Raccords et quasi-raccords de fragments inédits dans KT 5,"" Minos 24
(1990) 202-05, 216-17] strengthens the possibility that the four incised coarse stirrup
jars from Crete may be evidence of circumstances similar to those postulated for the

Argolid.",0,eng,94.97347594390243,False,1648426770.195501,1.75
88,"


 

75

products of a particular ceramic workshop or potter can be identified by consistency in
fabric, shape, or decoration, then the incised marks do not identify either workshop or
potter.

The nature of the marks themselves argues against their application during the
manufacturing process. For although it is possible that potters’ or workshop marks
could have been incised after firing, potters traditionally take advantage of the greater
ease of incising unfired clay. Also, potters'/workshop marks are generally (though not
always) used for internal production purposes, and the signs are characteristically pre-
firing, small, simple, and inobtrusively placed (under or near the vessel base, for
example). The potters’ marking system in use in the Aegean during MH -LH Il is a good
example.!49 But the large, complex, and prominent signs incised into Mycenaean vases
are a strong contrast to such a system.

Marks Indicating Place of Origin. Even if one assumed that Mycenaean place-
names might have been transliterated into the Cypro-Minoan script, the many examples
of vessels with single signs or a single sign repeated do not conform to the known
pattern of Mycenaean place-names (Table 4). Also, at Mycenaean sites where more than
one marked vessel has been found (i.e., possible points of origin), there is no clustering
of any particular marks/combinations of marks which would be expected if the marks
corresponded to places of origin.

Marks Indicating Place of Destination. Sites in Cyprus and the Near East where
marked vessels have been found are not characterized by the presence of particular,
unique marks; the same marks may be found at several different sites.

Ownership. One would expect vessels with a tomb-group (and possibly pieces
found within a room or individual residence) to bear the same mark. While there are
some tombs in Cyprus where more than one vessel carries the same combination of
marks, each of these tombs also contains vessels bearing other marks. The situation is
not straightforward, for the tombs contain multiple burials, and often it is not possible to
determine which vases are associated with a particular burial. It is also quite feasible that
more than one vessel may have been brought from a single lot, and thus an individual
might coincidentally possess several pots with similar markings. This is even more
plausible in the case of (Swedish) T.18 at Enkomi where several of the pots with the
same marks are nearly identical and thus may well have been produced at the same
workshop, shipped and sold together. But because no tomb-group or residence thus far

149(Supra n. 29).",0,eng,95.77391061556605,False,1648426771.614927,1.75
89,"Table 4. Vessels with Multiple Preserved Handles or Signs*                             Three-handled piriform jars Handle Handle Handle # 2 25B, 44C, ? | | - 1, 3B, 9A Enk.Sw.T.18/57 \ / x 20A, 20a, 35A + 20a, Enk.Sw.18/58 } — _ 3A, 9A, Enk.Sw.T.18/77 = | 9A, 9A?, NP A _ 6A, 27, — | , 27, Enk.Br.T.68 - + _ 3A, 9A, — CMA 1650 + / 6A, 20A, 35B KitBam KEF-334+ 42B, 42C, KEF372 + HST C434 34, 45, NP HST 98 12-1.310 34, 47, NP HST 1971.3-25 11B, 33C, NP HST T.1/52 | _ 9A, 19B, — KAD 535 _ NP 11A, —, NP   *NP denotes ""Not preserved""; — denotes unmarked; # according to Appendix III. 16",0,eng,79.60761197457627,False,1648426772.727158,1.75
90,"


71

 

 

 

 

 

 

 

 

 

 

 

 

 

 

 

 

 

 

Table 4 (continued)
Piriform Jar Handle Handle Handle #
Akhera T.1/13
| Fr NP 11A, 11E, NP
CM A 1650a s 6c. 6c
RS T.VII
+ i mH 6A, 6A, 11A/C
RS exc.1936 Ht > > 330.29
RS 27.402 + ju sua
MeB T.VIb ww 236A
TAH 34-717 vy 3
_ _ 36B, —, —
Deir el Balah 4
_ _ 25C, —, —
TI Neg.562 \w _ .P 116, —**, NP
Large Fine Stirrup Jars
Handle Handle # Disc
Enk.Sw.T.18/53 + += 9
5,9A _
Enk.Sw.T.18/54 ¥* =
TA, 9A _
Enk.Sw.T.18/55 + + 7B.9A
Enk.Br.T.48/967 F 4 3A.25A8
Athienou 2134+3042/1 PB z 6c
6C, _—

 

 

 

 

*™ Painted sign on this handle.",0,eng,73.1701158596491,False,1648426774.526932,1.75
91,"


 

 

 

 

 

 

 

 

 

 

 

 

 

 

 

Table 4 (continued)
Handle Handle # Disc
KAD 40
iN N 18A, 18A —
KAD 600 A
— 5,— _
Lapithos T.502/98c| 4 Lats? NP
Larnaca S53 34 ll
Cesnola
m t* A 6A+44C, 27 _
Gelidonya xe é
—_ 5 a
TI 27.428
+ ? 9A,? _
TI 27.429 + > 78.7
TILXI 43/9 XV
AVay sc 45, 45 _
MY Anm.57nr.1 ;
mer # =e. 6A, 42D —
Midea _
X¥ 443, — _
Large Coarse Stirrup Jars
Handle Handle # Disc
Enk.Fr.T.12/36 Y “x 7
16F, 25 _—
Kourion C501
F b 3A, 3A —
Kourion B1129 .
Kt _ 33E, — _
CM A 1580 AL Ag 15,15 _

 

 

 

 

 

78",0,eng,68.17336329824562,False,1648426776.238156,1.75
92,"


 

79

 

 

 

 

 

 

 

 

 

 

 

 

 

 

 

 

 

 

Table 4 (continued)
Handle Handle # Disc
Dhenia 1937/IV-13/1 ¥
17, 48 =
Dhenia 1938/X-10/2
/\ — 21,— —
Akanthou CS997n0.31 kK D
194 52C? NP
Akanthou CS997n0.30  -.
2 _ 2,— —
San Antonio q F
39, 39 _
Erlangen
A. yw 25A/B, 35C _
MeB T.I
i _ 31,— _-
MeB T.V
> 4 172, 25D =
MeB Dep.213
£ _ 6A, — =
KW 1977
- - 6A, 7A NP
Amnisos
_ 7A2428? ?
Tripiti x
_ 44B, — =
Miscellaneous
Kit.T.9/74 (stirrup jar)
44A, — (handles)
CM A1581 (stirrup jar) 3B, — (handles)
— es,
EnkT.18/5 Guz)
E 7A+9A (handle)
Enk.T.18/74 (jug) Z
£E TB+9A (handle)",0,eng,70.30148784684684,False,1648426777.979202,1.75
93,"80 Table 4 (continued) Kit.T.4+5/110 Gu; Gre) “ 23A+25A/B(base) Kit.T.4+5/207 (jug) Sue I 4 23425A/D (base) Enk.T.7/11 (amph. krater, Pictorial) F £ Enk.T.18/6 (amph. krater, Pictorial)) #- £ I Enk.T.18/47 (bell krater, Pictorial) Et AF % Enk.T.82 (bell krater, Pictorial) \ CM 1943/11-20/1 (bell krater, Pictorial) IN Enkomi T.18/48 (bell krater) Et Enk.T.4+5/108 (deep bowl) is Pierides 235 (kylix) N Pyla Verghi (frg.) Kit.11/3438? (bowl) 7A+9A (body); handles NP 3A/B+9A (base) 3A, 9A (handles) 9A+3B+24C; 7A/B (base-ring) 23B (base) —, — (handles) 21, — (handles) 16D+55 (base) —,— (handles) 5, 9A (handles?) 23A+25A (base) 11E+55, — (handles) 5, ? (handle)",0,eng,78.75820162,False,1648426778.952343,1.75
94,"


81

excavated contains consistently marked pottery, I do not think that the case for marks
indicating ownership is very strong.

One unexplored direction for research is to compare marked Mycenaean vessels
with marked Cypriot (local) jars when both occur in the same context. If local and
Mycenaean wares both carried the same set of marks, it would seem to me to strengthen
the case that the marks were signs of the owner. But it is not quite so simple.
Mechanisms of domestic pottery exchange on Cyprus have not been studied, but it is
possible that Mycenaean and local wares traded in quantity were handled through the
same channels and thus would have been similarly marked in the process of handling.

A second argument against the hypothesis that marks referred to owners is the
many marked.vessels appearing in the Argolid. The number and variety of marks would
imply the presence of a large number of Cypriots, but there is absolutely no other
evidence for such a resident population.

Marks Indicating Capacity. Enough jars are sufficiently well preserved to
indicate that no particular sign is consistently associated with vessels of similar capacity.

Marks Describing Contents. It is reasonable to assume that highly specialized and
distinctive shapes such as the large stirrup jars or piriform jars were designed to carry
specific contents. A great variety of marks are, however, incised into each shape, and so
one would have to postulate a great range of descriptive labels for each product. That
such a range of terms existed for a basic and pervasive commodity such as the oil carried
in stirrup jars is possible; however, (a) there is nothing in the Mycenaean archival texts
which suggests such detailed categories of any products,150 (b) one would have to
assume that these very numerous and different labels were well recognized as often only
a single sign appears on the jar as a shorthand description, and (c) the appearance of the
same sign on different shapes, including open vessels, would have to be explained. The
use of the same signs on both open and closed shapes is the strongest argument that
these marks do not refer to contents.

 

150For example, C. Shelmerdine, in her study of the oils listed on the Pylian Linear B
tablets [The Perfume Industry of Mycenaean Pylos (Géteborg 1985) 11-41, esp.35],
identifies only about a dozen adjectives which serve to describe the oils regulated by the
palace, The information provided by these tablets is certainly not exhaustive, but the
surviving evidence doesn't fit the pattern of variation which the marks on the coarse
stirrup jars or FS 36 containers display.",0,eng,95.91486968348624,False,1648426780.297546,1.75
95,"


82

Marks Inscribed by Handlers (Shippers, Warehousers, or Merchants). This
seems to be the most likely suggestion, as it accounts for the wide variety of marks, the
number of signs incised per vessel, and the absence of any consistent distribution pattern
of a particular mark by shape, decoration, or provenance. If the signs are marks of
various handlers involved in the transport and merchandising of the vases, the lack of
pattems in the marks can be explained by the vicissitudes of various trading contacts and
routes. But it is not possible to say whether the marks refer particularly to shippers,
warehousers, or merchants.

The only actual shipments including Aegean wares with incised signs are the
ships’ cargoes at Gelidonya and Ulu Buran. Most of their vases, Aegean and otherwise,
are not marked. In fact, only one large coarse stirrup jar from each ship is marked (out
of a total of five or six such jars found on the Ulu Burun shipwreck thus far, and two on
the Gelidonya shipwreck). These cargoes, however, may not be good indicators of
normal trading practice in Mycenaean wares: the Gelidonya ship is interpreted to be the
ship of an itinerant bronzesmith and the Mycenaean pottery odds and ends rather than
cargo shipment; the Ulu Burun ship was returning to the Aegean from the Near East and
thus carried a returning cargo of empty, re-used, or unsold containers.!51_ Also, some
pottery on both ships may have been designated for shipboard use rather than as cargo
items. The only conclusion which can be drawn from these two shipwrecks is that not all
exported pottery was marked, as is also clear from Mycenaean ceramic assemblages
found on land sites. These shipments neither confirm nor discourage the hypothesis that
incised marks were the signs of handlers.

If, in default of other viable explanations, it is accepted that the incised signs refer
to handlers, certain observations can be made:

—First, the variety of signs may indicate that a large number of people were
involved in the pottery trade.152 Furthermore, if the same mark(s) is to be consistently

 

151 Just as this thesis was in its last proof, I received information (G. Bass, personal
communication, 6 October 1990) that at least one of the ""Mycenaean"" vessels (the pitcher
with painted decoration) found on the Ulu Burun shipwreck is not of Greek mainland
nor Cretan manufacture. Whether or not this is also true of the storage vessels found on
shipboard has not yet been ascertained. Clay analysis has also shown that one of the
Coarse stirrup jars from the Gelidonya shipwreck is made of clay from somewhere other
than known Greek mainland or Cretan clay sources.

152At this point, it cannot be determined exactly how marks and individuals correlate:
Does a particular mark always correspond to a single individual? Is there only one mark
Per individual? Does the form of the mark vary according to the individual's capacity?",0,eng,95.43582329158112,False,1648426781.784704,1.75
96,"


 

83

identified with a certain merchant/group of merchants, then individual trade was not
restricted to particular shapes or destinations, for the same mark may appear on several
different shapes at several different places.

—Second, if the incised signs are indeed marks of the handlers, this implies that
Cypriots were organizing at least some of the trade in Mycenaean vessels, for Mycenaean
merchants presumably would have used a Linear B-based or perhaps an abstract marking
system rather than the foreign Cypriot one. There is no evidence within Mycenaean
administrative records of a knowledge or use of any foreign script and so it seems
unlikely that the marked vessels were connected with Mycenaean administrative
practices. The marks in the Argolid become doubly interesting, then, for they are
evidence that foreign (Cypriot) traders came to the Argolid and organized vases for
export to Cyprus.

The Cypro-Minoan marks are found at both inland and coastal sites within the
Argolid. The presence of marked vessels at inland centers precludes the hypothesis that
such signs were engraved during the ship-loading process. It seems most feasible to
hypothesize merchants travelling about the region, marking their consignments so as to
keep track of them during subsequent handling. Perhaps it was sufficient to mark only
one or two pots per lot. Maybe some merchants had single marks as a signature while
others had multiple ones. Perhaps multiple marks indicate that different handlers added
their marks en route, even after reaching Cyprus itself. This would explain the variable
numbers of marks found on vases.

Such a scenario—Cypriot/Cyprus-dealers on the mainland and possible
additional marks added by subsequent handlers—would best account for the features
associated with marked Mycenaean wares. Thus, incised marks on Aegean wares not
only are evidence of trade in ceramics targeted for a specific market, but also suggest
active participation of Cypriots in organizing shipments from the mainland to Cyprus.

Questions for Further Research

Several questions raised but not yet answered in the course of this research are
listed below as suggestions for further study:

Percentage of Marked Vessels. The number of vessels marked with incised signs
as compared to the number left unmarked is difficult to assess, due in most part to the

 

Remember, too, that the LH IIIB spans approximately one century, and so the marks
may span several generations.",0,eng,95.92909787239584,False,1648426783.053489,1.75
97,"


84

fragmentary state of the ceramic evidence. Also, because ceramic finds are not or cannot
be adequately presented in most publications, unless the excavator himself has set forth
an estimation, it is difficult to reconstruct how many vessels of a particular shape were
found in any particular context. This is especially true for coarse stirrup jars, whose
fragments are far less distinctive than fine-ware sherds and are thus less apt to be noted.
It is extremely difficult to determine—based on excavation Teports—the proportion of
wares of any particular type which were marked.

The Gelidonya and Ulu Burun shipwrecks may indicate that the majority of
ceramics in a shipment were unmarked. In a very general sense, this seems to be
corroborated by land sites from which substantial amounts of unmarked ceramics have
been recovered. - Sites whose material has been carefully saved and recorded should be
Te-examined with this question in mind.

Literacy. The incised marks on Mycenaean vessels sometimes consist of one
sign, sometimes two, and occasionally three (Table 4). Because of the placement of the
signs on the vases (most commonly, a single sign per handle), it is not clear whether the
multiple signs are meant to be “read” as a combination (i.e. taken together to form a
word) or whether they each stand individually, possibly incised at different stages of
handling, and thus are not directly associated with one another.

Cypro-Minoan is a syllabic script, and therefore it seems that even if the marks
incised on separate handles are to be “read” in combination, they might spell out a single
word, or at the most, two. One study which remains to be completed is to compare the
sign-groups on the vases with words attested on the formal texts, to see if any of the
inscribed groups of signs might indeed be correlated with formal vocabulary. At first
glance, none does, though this may be a function of the poverty of preserved texts. In
some cases, a single sign is repeated on the handles of the jar; repetition of a sign within
a word is not a feature of the formal texts. It seems, in preliminary study, that the signs
incised on the Mycenaean vessels do not appear to spell out words: the isolation of the
signs (each placed separately on a handle), the maximum of three signs per jar, and the
lack of parallels with formal vocabulary argue against these signs functioning as formal
inscriptions similarly to the Linear B inscriptions on large coarse stirrup jars. Rather, the
CM marks seem to stand as independent signs—initials or abbreviations or perhaps even
abstract symbols derived from the script.

If the incised marks represent independent signs rather than words or
inscriptions, then it is difficult to assess whether the use of CM signs reflects any degree
of literacy on the part of the inscriber, or whether individuals merely copied a few",0,eng,95.33618170478171,False,1648426784.488033,1.75
98,"


85

learned symbols. Whether the signs were copied as symbols only without conscious
knowledge of their formal syllabic value cannot now be ascertained, especially since it is
not clear how closely the potmarks mirrored the actual script. This last point, however,
bears hope of fruitful inquiry: new textual discoveries add to the corpus of formally
attested CM signs, restudy of the known texts yields information as to sign formation,
and examination of multi-sign inscriptions on local Cypriot wares provides clues to the
literary capabilities of those handling pottery.

Function. Further ideas concerning the purpose of the potmarks might be gained
by studying the marks found on all types of wares within Cyprus. Does local use of
potmarks confirm the function (handlers’ marks) ascribed to the incised marks on
Aegean wares?

The distribution and contexts of marked wares in the Argolid and on Crete should
be closely studied: Where are marked wares found in relation to known export-
production centers? in relation to redistribution centers? Do incised vessels at Midea,
Asine, and Tripiti make sense as evidence of Cypriot merchants’ visits?

Comparison with other Marking Systems. The CM marking system should be
placed in perspective with other contemporary ceramic marking systems (Table 5).
Within the Aegean, this would require intensive re-examination of the painted marks and
how they were used. Careful study of the Linear B inscribed and CM marked pottery
indicate particular and limited applications of each system: Linear B inscribed stirrup jars
were associated with (oil) trade between western Crete and the mainland; CM marks
were used particularly on vessels brought to Cyprus from the Argolid. In both cases, the
implication is of a highly ordered and specialized trade. Did similar circumstances
generate the need for the painted marks?

Marking systems used on Aegean wares should be compared also to systems in
use in the Near East. Potmarks were extensively used on Cyprus during the Late Bronze
Age. How did potmarks function within and between various Tegions?",0,eng,95.71848374390244,False,1648426785.5565288,1.75
99,"


86

Table 5. Late Bronze Age
Methods of Marking Aegean Export Ceramics

 

 

 

 

 

 

 

 

 

 

 

 

Typical Characteristics
Linear B Inscriptions Cypro-Minoan Marks Painted Single Marks
ae a
L Before firing After firing Before firing?
Painted Incised Painted
Linear B based on CM ?
Coarse stirrup * Coarse stirrup
jars jars
Fine large stirrup
jars Variety of shapes
FS 36 (3-handled open
piriform jars) closed
Pictorial kraters
misc.
Prominent position Prominent position Prominent position
(shoulder) (handles); (body);
also a few under base many on base
LH IB LHIIB ?
Jars manufactured in Argolid (2) ?
L (west) Crete
Distributed to Fas
Crete Cyprus & Near East: Cyprus & Near East
L Greek mainland Argolid ?
Handlers' marks?

 

 

 

 

 ",0,eng,88.93447621238937,False,1648426786.094885,1.75
100,"


87

Finally, a look at how marking systems developed and were used in other

cultural contexts!53 may provide suggestions relevant to the study of the Late Bronze
Age Mediterranean potmarks.

 

153For example, A. Johnston's study of Classical potmarks [Trademarks on Greek
Vases (Warminster 1979)], F. H. van Doorninck, Jr.'s forthcoming studies of the
marks on amphoras from the Byzantine shipwreck at Yassi Ada (""Graffiti on 7th-century
Amphoras,"" INA Newsletter 15:1 (1988) 14-15; G. Bass, ""The Pottery,"" in G. Bass, F.
H. van Doorninck, Jr., Yassi Ada Vol. 1 A Seventh-century Byzantine Shipwreck
(1982) 155-88, esp.161-62. ]",0,eng,90.1565118125,False,1648426786.5668511,1.75
101,"


 

BIBLIOGRAPHY

Admiral, S. “Late Bronze Age Tombs from Dromolaxia,” RDAC (1982) 39-60.

Akerstrém, A. “Drei Mykenische Geftissfragmente in Nauplia,"" Kadmos 13 (1974)
44-47.

Alexiou, S. ""Apyarémntes xoit Mvnusia Kevtpixtig Koil AvatoAixiic Kprjrns,""
AD 23 (1968) Chronika, 402-05.

Asaro, F., I. Perlman, T. Dothan. ""Provenance of the Deir el-Balah Coffins,"" JEJ 23
(1973) 147-51.

Astrém, P., E. French. ""A Colloquium on Late Cypriote III Sites,"" RDAC (1980)
267-69.

Astrém, P. ""A Handle Stamped with the Cartouche of Seti I from Hala Sultan
Tekke,"" OpAth V (1965) 115-21.

Astrém, P, Excavations at Kalopsidha and Ayios Iakovos in Cyprus (SIMA 2,
Goteborg 1966).

Astrém, P. ""Excavations in the Citadel of Midea,” AD 19 (1964) Chronika, 134.

Astém, P., D. Bailey, V.Karageorghis. Hala Sultan Tekke I (SIMA 45:1,
Géteborg 1976). .

Astrém, P., G. Hult, M. Olofsson. Hala Sultan Tekke 3: Excavations 1972 (SIMA
45:3, Goteborg 1977).

Astrém, P. “Pot Marks of the Late Bronze Age from Cyprus,” OpAth 9 (1969) 151-59.

Astrém, P. “Relations between Cyprus and the Dodecanese in the Bronze Age,”
Archaeology/Dodecanese (1988) 76-79.

Astrim, P. The Swedish Cyprus Expedition Vol. IV Part IC: The Late Cypriote Bronze
Age: Architecture and Pottery (Lund 1972).

Balensi, J. Les fouilles de R.W. Hamilton a Tell Abu Hawam, Ph.D. dissertation,
Palais Universitaire de Strasbourg, 1980.

Bass, G. Cape Gelidonya: A Bronze Age Shipwreck (TAPS 57, Philadelphia 1967).

Bass, G. ""The Bronze Age Shipwreck at Ulu Burun (Kas): 1984 Campaign,"" AJA 90
(1986) 269-96.

Bass, G., C. Pulak, D. Collon, J. Weinstein, ""The Bronze Age Shipwreck at Ulu
Burun, Turkey: 1986 Campaign,"" AJA 93 (1989) 1-30.

Bass, G, ""The Pottery,"" in G. Bass, F. van Doorninck, Jr., Yassi Ada Vol. 1A
Seventh-century Byzantine Shipwreck (1982) 155-88, esp.161-62.",0,eng,88.6434785141844,False,1648426787.569154,1.75
102,"


89

Bennet, J. “Marks on Bronze Age Pottery from Kommos,"" in J. Shaw, ed., Kommos I,
forthcoming. [J. Bennet, Dept. of Classics, University of Wisconsin,
Madison].

Bennett, Jr., E., et al. ""436 Raccords et quasi-raccords de fragments inédits dans
KT 5,"" Minos 24 (1990) 199-242.

Benson, J. ""A Problem in Orientalizing Cretan Birds,"" JNES 20 (1961) 73-84.
Benson, J. Bamboula at Kourion: The Necropolis and the Finds (Philadelphia 1972),

Benson, J. “Bamboula at Kourion, The Stratification of the Settlement,” RDAC (1969)
1-28,

Beaton, J. “Bamboula at Kourion, The Stratification of the Settlement,"" RDAC (1970)
5-74,

Benson, J. ""Coarse Ware Stirrup Jars of the Aegean,"" Berytus 14 (1961) 37-51.

Benson, J.,O. Masson. “Cypro-Minoan Inscriptions from Bamboula, Kourion,”
AJA 64 (1960) 145-51.

Ben-Tor, A., T. Dothan. Excavations at Athienou, Cyprus 1971-1972 (Qedem 16,
Jerusalem 1983),

Benzi, M. “Mycenaean Pottery Later than LH IIIA:1 from the Italian Excavations at
Trianda on Rhodes,” Archaeology/Dodecanese (1988) 62-64.

Betancourt, P. The History of Minoan Pottery (Princeton 1985).

Bikaki, A. Keos IV, Ayia Trini: The Potters’ Marks (Mainz 1984).

Blegen, C., M. Rawson. The Palace of Nestor in Western Messenia Vol. I (Princeton
1966).

Blegen, C., J. Caskey, M. Rawson. Troy Ill (Princeton 1953).
Boysal, Ao Katalog der Vasen in Bodrum I: Mykenisch-Protogeometrisch (Ankara
1969).

Buchholz, H.-G., V. Karageorghis. Altdgdis und Altkypros (Tiibingen 1971).

Buchholz, H.-G. ""Henkelmarken an einer Biigelkanne in Erlangen,"" AA (1963)
cols. 33-39,

Buchholz, H.-G., G. Johrens, I. Maull. “Jagd und Fischfang,"" in H.-G. Buchholz, F.
Matz, eds., Archaeologia Homerica J (Gdttingen 1973).

Buchholz, H.-G. ""Zur Herkunft der Kyprischen Silbenschrift,"" Minos II (1954)
133-50.

Casson, S. Ancient Cyprus: Its Art and Archaeology (London 1937).",0,eng,90.5149991,False,1648426788.5666208,1.75
103,"90 Catling, H. Cypriot Bronzework in the Mycenaean World (Oxford Monographs on Classical Archaeology, Oxford 1964). Catling, H., V. Karageorghis. “Minoika in Cyprus,"" BSA 55 (1960) 109-27. Catling, H. “Unpublished Finds from Cyprus: (1) Graffiti in the Late Cypriot Linear Script, (II) Imported Greek Pottery at Chytroi,” RDAC (1989) 325-330. Caubet, A.,M. Yon. Kition-Bamboula I: Le sondage L-N 13 (Bronze Récent et Géométrique I) (Paris 1985). Cesnola, L. Descriptive Atlas of the Cesnola Collection Tl & UL (New York 1903). Chadwick, J., ed. The Mycenae Tablets III (TAPS 52, Philadelphia 1962). Cline, E. (Untitled), Ph.D. dissertation, University of Pennsylvania, Philadephia, forthcoming. Courtois, J.-C. Alasia I: Les tombes d'Enkomi. Le mobilier funéraire (Paris 1981). Courtois, J.-C. Alasia I: Les objets des niveaux stratifiés d'Enkomi @aris 1984), Courtois, J.-C. Corpus céramique d'Enkomi (forthcoming) [J.-C. Courtois, Centre de Recherches Archéologiques, Maison I'Orient Méditerranéen, Université Lyon 2]. Courtois, J.-C., E. Lagarce, J. Lagarce. Enkomi et le Bronze Récent a Chypre (Nicosia 1986), Courtois, J.-C. ""Ugarit grid, strata, and find-localizations: a reassessment,"" Zeitschrift des Deutsches Palastina-Vereins 90 (1974) 97-114, Crouwel, J. ""Pot-Marks on Grey Minyan Ware,"" Kadmos 12 (1973) 101-08. Daniel, J. ""Prolegomena to the Cypro-Minoan Script,"" AJA 45 (1941) 249-82. Daniel, J. ""The Achaeans at Kourion,"" UPMB ( 1940) 3-14. Demakopoulou, K., D. Konsola. Archaeological Museum of Thebes: Guide (Athens 1981). Dietz, Papachristodoulou, eds. Archaeology in the Dodecanese (Copenhagen 1988). Dikaios, P. Enkomi: Excavations 1948-1958 (Mainz 1969 [Vol.1], 1971 [Vol.I]). Dikaios, P. Guide to the Cyprus Museum? (Nicosia n.d.). Dohl, H. “Bronzezeitliche Graffiti aus Tiryns I: Vor dem Brand eingeritze Zeichen,” Kadmos 17 (1978) 115-20.",0,eng,90.24130142911878,False,1648426790.553455,1.75
104,"


91

Dothan, T. Excavations at the Cemetery of Deir el Balah (Qedem 10, Jerusalem 1978).

Dothan, T. ""Minoan Elements and Influence at Athienou, Cyprus,"" in Acts of the
International Archaeological Symposium ""The Relations between Cyprus and
Crete, ca, 2000-500B.C.,"" 16th-22nd April 1978 (Nicosia 1979) 173-77.

duPlat Taylor, J. ""A Late Bronze Age Settlement at Apliki, Cyprus,"" AJ 32 (1952)
133-66.

Edgar, C., A. Evans. “The Pottery Marks,” Excavations at Phylakopi in Melos (JHS
Suppl. 4, 1904) 177-85.

Evans, A. The Palace of Minos at Knossos Vol. IV Part 2 (New York 1964) 755-58.

Gittlen, B. ""The Cultural and Chronological Implications of the Cypro-Palestinian Trade
during the Late Bronze Age,"" BASOR 241 (1981) 49-59.

Feuer, B. The Northern Mycenaean Border in Thessaly (BAR International Series 176,
Oxford 1983).

Ford, J. ""The Type Concept Revisited,"" American Anthropologist 56 (1954) 42-53.

French, E., C. Zerner, eds. Wace and Blegen: Mycenaean Pottery in the Eastern
Mediterranean (forthcoming, Athens 1991).

Frizell, B. “A Late Helladic Graffito from Asine,” Kadmos 16 (1977) 176-78.

Furumark, A. The Chronology of Mycenaean Pottery (Stockholm 1941, Reprint 1972).

Gallis, K. ""Evbeiberc ‘yo. THY ebdxdoovn péxpr ™s Secooriac, evoG ,
opyavapévon ovotipatos ovpPddov ext ayyetov Kota tH exoxi tov
Xadxo6,"" Archaeologia 29 (December 1988) 58-63.

Gjerstad, E. Studies on Prehistoric Cyprus (Uppsala 1926).

Godart, L., J.-P. Olivier. Recueil des inscriptions en Linéaire A Vol. I (Etudes
Crétoises XXI, Paris 1976).

Gédecken, K. “A Contribution to the Early History of Miletus: The Settlement in
Mycenaean Times and its Connections Overseas,” in B. French, K. Wardle,
eds., Problems in Greek Prehistory (BSA 1989) 307-17.

Hallager, E., M. Votsakis. “KH Inscriptions 1976,” AAA (1976) 215-19.

Hallager, E. “The Greek-Swedish Excavations at Khania,"" Texpoypéva. tob E’
AreBvod¢ Kpntodoytxod LvveSpiov Vol. A (Herakleion 1986) 139-54.

Hallager, E. “The Inscribed Stirrup Jars: Implications for Late Minoan ITB Crete,”
AJA 91 (1987) 171-90.

Hamilton, R. “Excavations at Tell Abu Hawam,"" QDAP 4 (1935).",0,eng,89.18403203174604,False,1648426791.722379,1.75
105,"


 

Hamilton, R. ""Excavations at Tell Abu Hawam,"" QDAP 4 (1935).

Hankey, V. “A Late Bronze Age Temple at Amman: I. The Aegean Pottery,"" Levant 6
(1974) 131-59.

Hankey, V. ""Crete, Cyprus and the south-eastern Mediterranean, 1400-1200 B.C."" in
Acts of the International Archaeological Symposium ""The Relations Between
Cyprus and Crete, ca.2000-500 B.C.,"" 16th-22nd April 1978 (Nicosia 1979)
144-57.

Hankey, V. ""Mycenaean Pottery in the Middle East: Notes on Finds since 1951,"" BSA
62 (1967) 107-48.

Hankey, V. “Mycenaean trade with the south-eastern Mediterranean,” Mélanges de
l'Université Saint-Joseph 46 (1970-1) 9-30.

Haskell, H. “Coarse-ware Stirrup Jars at Mycenae,” BSA 76 (1981) 225-38.

Heuck, S. “Kalavasos-Ayios Dhimitrios 1979: A Preliminary Ceramic Analysis,""
RDAC (1981) 64-80

Hood, S., P. de Jong. ""A Late Minoan III ‘Kitchen’ at Makritikos (Knossos),"" BSA
53-54 (1958-59) 182-93.

Hood, S. The Arts in Prehistoric Greece (London 1978).

Hope Simpson, R., O.T.P.K. Dickinson. A Gazeteer of Aegean Civilization in the Late
Bronze Age (SIMA 52, Goteborg 1979).

Hope Simpson, R., J. Lazenby. “Notes from the Dodecanese,” BSA 57 (1962) 154-75.
Hope Simpson, R., J. Lazenby. “Notes from the Dodecanese I,” BSA 65 (1970)
47-78.

Hope Simpson, R., J. Lazenby. “Notes from the Dodecanese Ill,” BSA 68 (1973)
127-80.

Immerwahr, S. The Athenian Agora XII: The Neolithic and Bronze Age (Princeton
1971).

Immerwahr, S. ""The Protome Painter and Some Contemporaries,"" AJA 60 (1956)
137-42.

Johnston, A. Trademarks on Greek Vases (Warminster 1979),

Jones, R., et al. Greek and Cypriot Pottery: A Review of Scientific Studies (Fitch
Laboratory Occasional Paper 1, Athens 1986).

Jones, R., C. Mee. “Spectrographic Analyses of Mycenaean Pottery from Ialysos on
Rhodes: Results and Implications,” JFA 5 (1978) 461-74,

Kanta, A. The Late Minoan III Period in Crete (SIMA 58, Goteborg 1980).",0,eng,92.6535761614035,False,1648426792.782592,1.75
106,"


SO

93

Karageorghis, V. ""A Mycenaean Painter of Bulls and Bull Protomes,"" Alasia I aris
1971) 123-32,

Karageorghis, V. ""Chronique des fouilles 4 Chypre en 1959,"" BCH 84 (1960) 242-99.

Karageorghis, V. ""Chronique des fouilles 4 Chypre en 1961,"" BCH 86 (1962)
327-414,

Karageorghis, V. Corpus Vasorum Antiquorum: Cyprus 1, Cyprus Museum 1 (Nicosia
1963).

Karageorghis, V. Corpus Vasorum Antiquorum: Cyprus 2, Private Collections 1
(Nicosia 1965).

Karageorghis, V. Excavations at Kition: 1.The Tombs (Nicosia 1974).

Karageorghis, V., M. Demas. Excavations at Kition: V. The Pre-Phoenician Levels
(Nicosia 1985).

Karageorghis, V., M. Demas. Excavations at Maa-Palaeokastro 1979-1986 Wicosia
1988).

Karageorghis, V. Mycenaean Art from Cyprus (Picture Book 3, Cyprus 1968).

Karageorghis, V.,E. Vermeule. Mycenaean Pictorial Vase Painting (Cambridge, MA
1982).

Karageorghis, V. ""Notes on a Late Cypriote Settlement and Necropolis Site near the
Larnaca Salt Lake,"" RDAC (1968) 1-11.

Karageorghis, V. Nouveaux documents pour l'étude du Bronze Récent a Chypre:
Recueil critique et commenté (Etudes Chypriotes II, Paris 1965).

Karageorghis, V. Pyla-Kokkinokremos: A Late 13th-century BC Fortified Settlement in
Cyprus (Nicosia 1984).

Karageorghis, V. ""Supplementary Notes on the Mycenaean Vases from the Swedish
Tombs at Enkomi,"" OpAth III (1960) 135-54.

Karageorghis, V. ""Two Mycenaean Chariot Craters at Rochester, U.S.A.,"" BCH 93
(1969) 162-73.

Kilian, K. “Mycenaeans Up To Date, Trends and Changes in Recent Research,” in E.
French, K. Wardle, eds., Problems in Greek Prehistory (BSA 1986).

Kling, B. Mycenaean IIIC:1b and Related Pottery in Cyprus (SIMA 87, Géteborg
1989).
Kling, B. “Pottery Classification and Relative Chronology of the LC IIC-LC ITA

Periods,"" in D. Rupp, ed., Western Cyprus: Connections (SIMA 77, Goteborg
1987) 97-111.",0,eng,90.45133669811322,False,1648426793.849341,1.75
107,"


 

94

Lagarce, E., J. Lagarce. AlasiaIV: Deux tombes du Chypriote Récent d'Enkomi
(Chypre) Tombes 1851 et 1907 (Paris 1985).

Leonard, Jr., A. “An Index to the Mycenaean Pottery from the Southeastern
Mediterranean Littoral,” Ph.D. dissertation, University of Chicago, 1976.

Leonard, Jr., A. ""Considerations of Morphological Variation in the Mycenaean Pottery
from the Southeastern Mediterranean,” BASOR 241 (1981) 87-104,

MacGillivray, J.,R. Barber, eds. The Prehistoric Cyclades: Contributions to a
Workshop on Cycladic Chronology (Edinburgh 1984).

Markides, M, “Excavations,” Cyprus, Annual Report of the Curator of Antiquities
(1916) 4-21, esp. 16-20.

Masson, E. “Les syllabaires chypro-minoens: mises au point, compléments et
définitions a la lumiére des documents nouveaux,” RDAC (1985) 146-54.

Masson, E. “Premiers documents chypro-minoens du site Kalavasos—Ayios
Dhimitrios,” RDAC (1983) 134-41.

Masson, O. ""Cylindres et cachets chypriotes portant des caractéres chypro-minoens,""
BCH 81 (1957) 6-37.

Masson, O. “Répertoire des inscriptions chypro-minoennes,” Minos 5 (1957) 9-27,

Masson, O. ""Vases de Dhenia portant des signes chypro-minoens,"" OpAth 4 (1962)
301-03.

Mee, C. “Aegean Trade and Settlement in Anatolia in the Second Millenium BC,”
Anatolian Studies 28 (1978) 121-55.

Mee, C. Rhodes in the Bronze Age: An Archaeological Survey (Warminster 1982).

Mee, C. ane LH IIB Period in the Dodecanese, “Archaeology/Dodecanese (1988)
56-58.

Melas, E. The Islands of Karpathos, Saros and Kasos in the Neolithic and Bronze Age
(SIMA 68, Goteborg 1985).

Mitford, a “The Cypro-Minoan Inscriptions of Old Paphos,"" Kadmos 10 (1971)
87-96.

Mountjoy, P. Four Early Mycenaean Wells from the South Slope of the Acropolis at
Athens (Miscellanea Graeca 4, Gent 1981).

Mountjoy, P. Mycenaean Decorated. Pottery: A Guide to Identification (SIMA 73,
Géteborg 1986).

Mountjoy, P. Orchomenos V: Mycenaean Pottery from Orchomenos, Eutresis and other
Boeotian Sites (Munich 1983).",0,eng,92.25302219354839,False,1648426794.9154692,1.75
108,"


95

Murray, A., A. Smith, H. Walters. Excavations in Cyprus. (1900, Reprint:
Oxford 1969).

Myres, J. Handbook of the Cesnola Collection of Antiquities from Cyprus (New York
1914).

Obrink, U. Hala Sultan Tekke 5: Excavations in Area 22 1971-1973 and 1975-1978
(SIMA 45:5, Gdteborg 1979).

Olivier, J.-P. Les scribes de Cnossos (Incunabla Graeca 17, Rome 1967).

Olivier, J.-P. ""Tirynthian Graffiti: Ausgrabungen in Tiryns 1982/83,"" AA (1988)
253-68.

Ozgiinel, C. ost Anadolu ve Igerlerinde Miken Etkinlikleri,” Belleten XLVI (1984)
697-743. .

Palaima, T., P. Betancourt, G. Myer. “An Inscribed Stirrup Jar of Cretan Origin from
Bamboula, Cyprus,"" Kadmos 23 (1984) 65-73.

Palaima, T. ""Cypro-Minoan Scripts: Problems of Historical Context,"" in Y. Duhoux,
T. Palaima, J. Bennet, eds., Problems in Decipherment (BCILL 49, Louvain-la-
Neuve 1989).

Palaima, T. Review of A. Bikaki, Keos IV, Ayia Irini: The Potters’ Marks (Mainz
1984), in AJA 89 (1985) 539-40.

Palaima, T. Scribes of Pylos (Incunabula Graeca 87, Rome 1988).

Pantelidou, M. Ai xpototopixo AGAvar (Athens 1975).

Papadopoulos, A. Mycenaean Achaea (SIMA 55, Goteborg 1979).

Persson, A.W. “Appendix I: More Cypro-Minoan Inscriptions,"" in E. Gjerstad, et al.,

The Swedish Cyprus Expedition: Finds and Results of the Excavations in Cyprus

1927-1931 Vol. IM (Stockholm 1937) 601-18.
Pieridou, A. ""A Tomb-Group from Lapithos ‘Ayia Anastasia’,"" RDAC (1966) 1-12.
Pope, M., J. Raison. Index du Linéaire A (Roma 1971).
Popham, M. The Destruction of the Palace at Knossos (SIMA 12, Goteborg 1970).

Popham, M. The Last Days of the Palace at Knossos: Complete Vases of the Late
Minoan IIIB Period (SIMA 5, Goteborg 1964).

Pulak, C. ""The Bronze Age Shipwreck at Ulu Burun, Turkey: 1985 Campaign,"" AJA
92 (1988) 1-37.

Raison, J. Les vases d inscriptions peintes de l'ge mycénien (Rome 1968).

Lanes",0,eng,90.96804672535211,False,1648426795.970144,1.75
109,"


96

Renfrew, C. The Archaeology of Cult: The Sanctuary at Phylakopi (BSA Suppl. 18,
1985).

Riley, J. “Petrological Examination of Coarse-Ware Stirrup Jars from Mycenae,” BSA
76 (1981) 335-39.

Robertson, N., ef al. The Archaeology of Cyprus: Recent Developments (Park Ridge,
NJ 1975).

Sacconi, A. Corpus delle Iscrizioni Vascolari in Lineare B (ncunabula Graeca LV,
Rome 1974).

Salles, J. La necropole ""K"" de Byblos (Paris 1980).

Schaeffer, C., et al. Alasia I (Paris 1971).

Schaeffer, C. Enkomi-Alasia: Nouvelles missions en Chypre 1946-1950 (Paris 1952).
Schaeffer, C. Missions en Chypre 1932-1935 (Paris 1936).

Schaeffer, C. Ugaritica Il (Paris 1949), t

Schaeffer, C., et al. Ugaritica VII (Paris 1978).

Schiffer, M. Formation Processes of the Archaeological Record (Albuquerque, NM
1987).

Shaw, J., et al. “Excavations at Kommos (Crete) during 1977,” Hesperia 47 (1978).
Shaw, J. ""Excavations at Kommos (Crete) during 1982-1983,"" Hesperia 53 (1984)
249-87.

Shaw, J. “Excavations at Kommos (Crete) during 1984-1986,” Hesperia 55 (1986).
Shelmerdine, C. Late Helladic HIA2-IIIB Pottery from Nichoria and the Bronze Age

History of Messenia, Ph.D. dissertation, Harvard University, Cambridge, MA,
1977.

Shelmerdine, C. The Perfume Industry of Mycenaean Pylos (Géteborg 1985).

Sherratt, S. ""Regional Variation in the Pottery of Late Helladic IIB,"" BSA 75 (1980)
175-202.

Sjéqvist, E. Problems of the Late Cypriote Bronze Age (Stockholm 1940).

Slenzka, E. Tiryns, Forschungen und Berichte VU: Figiirlich Bemalte Mycenische
Keramik aus Tiryns (Mainz 1974) 88-102.

South, A. “Kalavasos-Ayios Dhimitrios 1979: A Summary Report,"" RDAC (1980)
22-53.

South, A. ""Kalavasos-Ayios Dhimitrios 1982,"" RDAC (1983) 92-116.",0,eng,91.42971808502024,False,1648426796.9090402,1.75
110,"


97

South Todd, A. Kalavasos-Ayios Dhimitrios Il (SIMA, Goteborg forthcoming).

South Todd, A. ""The Late Bronze Age in the Vasilikos Valley,"" Praktika tou Deuterou
Diethnous Kypriologikou Synedriou (Nicosia 1982) 113-24.

Stubbings, F. Mycenaean Pottery from the Levant (Cambridge, England 195 1).
Stubbings, F. ""Some Mycenaean Artists,"" BSA 46 (1951) 168-76.
Symeonoglou, S. Kadmeia I (SIMA 35, Géteborg 1973).

Symeonoglou, S. The Topography of Thebes (Princeton 1985).
Tzavella-Evjen, T. “Potters' Marks from Lithares,"" Kadmos 19 (1980) 93-96.

van Doorninck, Jr., F, ""Graffiti on 7th-century Amphoras,"" JNA Newsletter 15:1
(1988) 14-15.

Vermeule, E. Greece in the Bronze Age (Chicago 1964).

Walters, H. Catalogue of the Greek and Etruscan Vases in the British Museum. Vol. I
Part 2: Cypriote, Italian, and Etruscan Pottery (London 1912).

Woolley, L. Alalakh: Tell Atchana (London 1955).",0,eng,90.05682063565891,False,1648426797.500422,1.75
111,"


98

APPENDIX I
CATALOGUE OF LH/LM III VASES WITH INCISED MARKS

Format for each entry:

(1) Vase provenience and identification number or label. (*Denotes that vase was

examined firsthand by NH, 1989-1990). Also, abbreviated reference to vase used in this
Tr.

(2) Museum and museum inventory number.

(3) Excavator/expedition: date object was found.

 

) Inscribed sign(s): number of signs, Proposed identification [#] according to catalogue
of potmarks [Appendix II], part of vase which carries mark (handle, base,etc.).
Incised before or after firing!.

(5) Brief description of vase: state of preservation, shape2, main decorative scheme.

(6) Date according to ceramic criteria (""ware"").
(7) Date according to stratigraphy (""context""),

(8) Find context: settlement (domestic, public, religious, etc.), tomb, surface.3

(9) Primary (or most complete) reference(s).4

—
1NH indicates that I have been able to examine the vase firsthand, and the evaluation of before/after firing
is my own judgement. Other references are also noted.

2annotated only if a particular FS is specified, if there is any confusion in published identifications of
the shape, or if the identification is Proposed by NH.

3 Annotated only if information varies from that given for ""context.""

4Full bibliography, arranged chronologically, is given in the footnotes.",0,eng,92.50427260101009,False,1648426798.261884,1.75
112,"


 

99

Piriform Jars
Three-Handled Piriform Jars

4 Enk.Sw.T.11/24
Stockholm?
Swedish Cyprus Expedition: 1927-1931.
Two different signs [#25B, #44C] depicted in SCE Il, p.603 n.17; but SCE I p.516
mentions, ""Incised, graphical signs on each of the handles.” Since piriform jars have
three handles, either one sign is Tepeated on two handles, or (more probably) only two
handles are preserved and carry a single sign each.
Complete? (H:34.3). FS 36.5 Pendant scale pattern fills shoulder panels.

Ware: IIIB, Levanto-Helladic (Sjéqvist) or Levanto-Mycenaean (Furumark).6
Context: End LC IC.”

Tomb.
SCE I, p.516 no.24, pl. LXXXIII row 5:6; SCE Il, p.603 no.17, p.613 no.17, p.616
fig.3:22!

 

 

SMP, 590 FS 36:7; SCE IV:IC, p.294 type 36 (d).
SSCE I, 516; MP, 590 FS 36; Chronology, 69.
7 Third burial period: SCE I, 513, 525.

8MP, p.523 no.II:A4, p.528, no.lV:d1, p.590 FS 36:7; Chronology, 69; ""Prolegomena,"" p.280 II:10b,
P.281 II:16a; Minos V, p.21 no.233; SCE TV:IC, p.294 type 36 (d).",0,eng,86.19229274193549,False,1648426798.8780532,1.75
113,"


100

Piriform Jars
Enk.Sw.T.18/31
Stockholm?

Swedish Cyprus Expedition: 1927-1931.

Three signs [#1, #3B, #9A] depicted in SCE I, p.602 no.4; presumably one sign per
handle.

Intact except chipped base, worn paint (H:35.1). FS 36.9 Scale pattern fills shoulder
panels.

Ware: IIB, Levanto-Helladic (Sjéqvist) or Levanto-Mycenaean (Furumark).10
Context: After mid-LCIL.11

Tomb.
SCE I, p.555 no.31, pl.XC row 3:55 SCE II, p.602 no.4, p.613 no.4.12

    

ENKOMI SWEDISH T.18/57 Enk.Sw.T.18/57
Stockholm?
Swedish Cyprus Expedition: 1927-1931.

Three signs [#20A, #20A, #35A] depicted in SCE I, p.603 no.14; presumably one per
handle.13

Rim missing; painted decoration obliterated (H:34.2). FS 36.14

Ware: IIIB, Levanto-Helladic (Sjéqvist) or Levanto-Mycenaean (Furumark).15
Context: After mid-LC II.16

Tomb.

SCE I, p.556 no.57, pl.CX row 3:7; SCE Ill, p.603 no.14, p.613, no.14,17

 

SMP, p.590 FS 36:8; SCE IV:IC, p.294 type 36 (e).
10SCE I, 555; MP, p.590 FS 36; Chronology, 69.
1 Tomb 18, lower burial: SCE 1, 557; see note appended to Table 1.

2Enkomi-Alasia, p.324 fig.98; MP, p.523 I1:A4, p.527 IV:cl, p.590 FS 36:8; Chronology, 68, 134;
“Prolegomena,” p.280 II:2,5; Minos V, p.21 no.220; SCE IV:IC P.294 type 36 (e).

13No marks are mentioned, however, in SCE I, p.556 no.57.
14MP, p.590 FS 36:10; SCE IV-IC, p.294 type 36 (g).
ISSCE 1, 556; MP, p.590 FS 36; Chronology, 68.

16Tomb 18, side-chamber: SCE I, 557; see note appended to Table 1.",0,eng,87.72245367873302,False,1648426799.671347,1.75
114,"


 

101

Piriform Jars
Enk.Sw.T.18/58
Stockholm?
Swedish Cyprus Expedition: 1927-1931.
Two handles carry a single incised sign each [#3A, #9A].
Apparently complete (H:32.8). FS 36.18 Vertical zigzags fill shoulder panels.

Ware: IIIB, Levanto-Helladic (Sjéqvist) or Levanto-Mycenaean (Furumark),19
Context: After mid-LCII.20

Tomb.
SCE I, p.556 no.58, pl.XC row 2:9; SCE Ill, p.602 no.7; p.613 no.7.21

 

 

1 Enkomi-Alasia, p.324 fig.98; MP, p.523 IL:A4, p.528 IV:d1, p.590 FS 36:10; Chronology, 68, 134;
""Prolegomena,” p.280 II:11, p.281 I:18; Minos V, p.21 no.230; SCE IV:IC, p.294 type 36 (g).

18MP, p.590 FS 36:11; SCE IV:IC p.294 type (h).
19SCE 1, 556; MP, p.590 FS 36; Chronology, 68, 134.
20Tomb 18, side-chamber: SCE I, p.557; see note appended to Table 1.

2UEnkomi-Alasia, p.324 fig.98; MP, p.523 I1:A4, p.528 IV:d2, p.590 FS 36:11; Chronology, 68, 134;
""Prolegomena,” p.280 I1:2,5; Minos V, p.21 no.223; SCE IV:IC, p.294 type 36 (h).",0,eng,85.0870064539007,False,1648426800.2439418,1.75
115,"


102

Piriform Jars

1 Enk.Sw.T.18/77
Stockholm?
Swedish Cyprus Expedition: 1927-1931.
SCE I, p.557 mentions signs on one handle;?? SCE Ill, p.602 no.2 depicts only one
sign, though its commentary seems to imply two handles inscribed.23 Until the jar itself
can be re-examined, the most plausible interpretation of these confusing descriptions is

that the two preserved handles of this jar were both inscribed, apparently each with the
same sign [#9A].

Complete profile; one handle missing (H:28.5). FS 36.24 Dotted circles in shoulder
panels,

Ware: IIB, Levanto-Helladic (Sjéqvist) or Levanto-Mycenaean (Furumark).25
Context: After mid-LCI.26

Tomb.
SCE I, p.557 no.77, pl-XC row

 

SCE Mi, p.602 no.2, p.613 no.2.27

 

 

22""Incised, graphical signs on one of the handles.""

23""One handle is missing; probably this had another sign in accordance with other three-handled vases
with inscriptions,""

24MP, p.590 FS 36:12; SCE IV:IC p.294 type 36 (i).
25SCE I, 557; MP, p.590 FS 36; Chronology, 68.
26Tomb 18, side-chamber: SCE I, 557; see note appended to Table 1.

27Enkomi-Alasia p.324 fig.98; MP, p.523 I:A4, p.527 IV:cl, p.590 FS 36:12; Chronology, 68, 134;
""Prolegomena,” p.280 II:5; Minos V, p.21 no.218; SCE IV:IC, p.294 type 36 (i).",0,eng,90.80655464361702,False,1648426800.955325,1.75
116,"


103

Piriform Jars
*ENKOMI BRITISH T.45 Enk.Br.T.45
British Museum: C430 (= 97 4-1 432).
British Museum Expedition (Tuer Bequest): 1896.
Two handles carry a single incised sign each [#6A, #27]; third handle unmarked.

Complete (H:36.7). FS 36.28 Double row of joining semicircles framing top and
bottom of shoulder panels; horizontal row of dotted circles across the center.

Ware: IIIB, Levanto-Mycenaean (Furumark).29
Context: LC 11.30

Tomb.

 

*ENKOMI BRITISH T.68 Enk.Br.T.68
Cyprus Museum: A 1650.
British Museum Expedition (Turner Bequest): 1896.

Two handles carry an incised sign each [#3A #9A]. After firing. 32
Complete (H:34.5). FS 36.33 Pendant scale pattern fills shoulder panels.

Ware: IIIB, Levanto-Mycenaean (Karageorghis)34
Context: No date.

Tomb.

CVA Cyprus 1, p.23, pl.19:6, fig.3:20.35

 

28MP, p.590 FS 36:13; SCE IV:IC, p.294 type 36 (j).

29MP, 590 FS 36; BMCY lists this vase as ""Mycenaean fabric.”

30Courtois and Lagarce, Enkomi, 45.

31Casson, Ancient Cyprus, p.98 no.1; MP, p.523 IL:A4, p.527 IV:cl, p.590 FS 36:13; Stubbings,
MPL, pAl, pl.XI:8, fig.8i; ""Prolegomena,” p.280 1:3, p.281 11:22; Minos V, p.20 no.201; SCE
IV:IC, p.294 type 36 (j).

32NH; CVA Cyprus I, p. 23.

33CVA Cypmus 1, 23; Nouveaux Documents, 219; SCE IV:IC, 294.

34CVA Cypmus 1, 23; Nouveaux Documents, 219.

35Nouveaux Documents, p.219, pl.XIX:3; SCE IV:IC, p.294 type 36 (m).",0,eng,88.28631510144929,False,1648426801.754415,1.75
117,"


104

Piriform Jars
*CM_A 1650b (from Enkomi British T.68736) CM A1650b
Cyprus Museum: CM A 1650b.
Each of the three handles incised with a single sign [#6A, #20A, #35B]. After firing.37
Complete (H:36.5). FS 36.38 Horizontal wavy lines in shoulder panels.

Ware: IB, Levanto-Mycenaean (Karageorghis).39
No context.

Tomb?

CVA Cyprus 1, p.22, pl.19:4, fig.3:18.40

 

*

‘ENKOMI 1420
Cyprus Museum: 1420.
Cyprus Dept. of Antiquities (P. Dikaios): 1948-1958.

Single sign [#7A] inscribed into handle. After firing.41
Fragmentary handle.

Ware: Mycenaean IIIB.42
Context: LC IIB.

Settlement.44

Dikaios, Enkomi, p.767, p.891, pl.319:118.

 

 

 

36CVA Cyprus 1, 23 lists this vase as unprovenienced, but Nouveaux Documents, 219 and SCE IV:IC,
.294 type 36 (nbis) list it as from Enkomi British T.68.

37NH; CVA Cyprus 1, 22.

38CVA Cyprus 1, 22; Nouveaux Documents, 219; SCE IV:IC, p.294 type 36 (nbis).
39CVA Cyprus 1, 22; Nouveaux Documents, 219.

4°Nouveaux Documents, p.219, pl.XIX:2; SCE IV:IC, p.294 type 36 (nbis).

41NH.

42Dikaios, Enkomi, 767.

438nd Level INC: Area Ill, room 39 L-M 50-52 east, in layer overlying fie. not in situ) Floor I:
Dikaios, Enkomi, 767.

“4Dikaios, Enkomi, 148: no particular function indicated for this room,",0,eng,86.88638113368985,False,1648426802.45278,1.75
118,"


105

Piriform Jars
*ENKOMI 20,230 (Tomb 1907) Enk.20.230
Cyprus Museum: 20.230.
Mission Archéologique d’Alasia (C.Schaeffer): 1969.
Single sign [#11A] incised into handle. After firing.45
Single handle and attached shoulder fragment. Probably FS 35.46

‘Ware: Mycenaean.
Context: LC I- LC IIIA, disturbed.47

Tomb.
Alasia IV, p.134 & 136 no.238, p.135 fig.41:

 

 

Enk.1949n0.5113

'ENKOMI 1949 no.5113
Cyprus Museum: 1949.5113.
Mission Archéologique d'Alasia (C.Schaeffer): 1949,

Part of a single sign [Fragment, possibly #6A7] incised into handle. After firing.48
Handle fragment. Three-handled piriform jar.

Ware: Museum label says IB.
Specific context unknown.

Minos V, p.22 0.247.

 

ee
45NH; Alasia IV, 134, Note: FS 35 is a shape which occurs LH IA-B,

6Alasia IV, 136.

47Enkomi Tomb 1907 was robbed, i. disturbed (Alasia IV, 60-61 .). Mycenaean ware dating LH II1A2-
TIC:1 was found (Alasia IV, 151-52), but the incised handle itself is not specifically dated. Several
Phases of tomb use were detected (Alasia IV, 156-57), but the incised sherd was found at the top of fill
(lasia IV, 136), and therefore not in dated stratigraphical context.

48NH.

49nH.",0,eng,86.23793147701149,False,1648426803.131234,1.75
119,"


 

 

106

Piriform Jars
Enk,1960no.183
Cyprus Museum: 1960 no.183.
Mission Archéologique d’Alasia (C.Schaeffer): 1960.
Single sign [#6A] incised into handle. After firing.5°
Handle and shoulder fragment.

Ware: Mycenaean IIIA2,5!
Context: LC 11.52

Settlement.

Courtois, Corpus céramique d’Enkomi, no.1915, fig. 137:

 

 

KITION T.4+5/107 KitT4+5/107
Larnaca Kastro: T.4+5/107.
Cyprus Dept. of Antiquities (V. Karageorghis): 1962-1963.

One sign [#24A] incised into the single preserved handle. After firing.53

Complete profile (H:35.2), but only one handle preserved. FS 36.54 Shoulder panels
with double rows of joining semicircles framing top and bottom, and a horizontal quirk
chain across the middle.

Ware: Mycenaean IIIB,55
Context: LC TIC.56

Settlement.

Kition I, p.21, p.145 no.AS, p.147 fig.le, pls.XV, XXXVI.

 

 

 

S9Courtois, Corpus céramique d’Enkomi, n0.1915.

51Courtois, Corpus céramique d’Enkomi, no.1915.

S2Quartier 3E, topo.pt.384: Courtois, Corpus céramique d'Enkomi, no.1915.
3Kition I, 21.

4Kition I, 36 refers to this jar as ""characteristic of the so-called Levanto-Mycenaean pottery...,"" which
Presumably refers to FS 36.

58Kition I, 21, 36.

Kition 1, 41.",0,eng,83.9419328343949,False,1648426803.821773,1.75
120,"


 

107

Piriform Jars

Kit.1/687/1

*KITION 1/687/1
Cyprus Museum: 1/687/1.
Cyprus Department of Antiquities (V.Karageorghis): 1963 or 1976.

Part of a single sign [Frg.] incised into handle. After firing.57
Handle fragment.

Ware: Mycenaean JIIB.°8
Context: CG 159 [i.e. not in sini].

Settlement (domestic?).60

Kition V2, p.68, p.284, pl-F, pls.XXXIV, LVL

 

S7NH; Kition V2, 68.

S8Kition V2, 68.

S9Area I, floor I, room 4A enclosed courtyard: Kition V2, 68; Kition V1, 21 re: floor I.

60Kition V1, 21-22 indicates that this findspot (Area I, floor I, room 4A enclosed courtyard) had a

domestic function, but whether this has direct relevance to the use of the jar with the incised mark is
doubtful since the jar's date of manufacture substantially predates this depositional context.",0,eng,89.20928916528925,False,1648426804.346456,1.75
121,"


108

Piriform Jars
*KITION I/5375 Kit. 1/5375
Lamaca Museum: II/5375.
Cyprus Dept. of Antiquities (V. Karageorghis): 1977-1979.

Part of a single sign [#44C7] incised into handle. After firing.61

 

Handle fragment, probably from a three-handled piriform jar (?).62

 

‘Ware: Mycenaean IIIB.3
Context: LC IIIA fill.

Settlement: religious precinct, workshop area (weaving?).65

Kition V2 p.126, p.284, pl.F, pls.CXIV, CXCII.

 

ee
SNH; Kition V2, 126.

®2Kition V2, 126.

3Kition V2, 126.

Area I, floor II- IIA, room 126: Kition Vo, 126.

§5Kition V1, 78.",0,eng,77.91819027160494,False,1648426804.794771,1.75
122,"


 

109

Piriform Jars

*) 5 KitBam KEF-322
Lamaca Museum: KEF-322 + KEF-287 + K77-570.
Mission Frangaise de Kition-Bamboula (M. Yon, A.Caubet): 1976-1977.

 

Single sign [#46] incised into the one preserved handle, After firing.

Incomplete: upper body profile preserved (pres.H:17), but two handles missing. FS
36.97 Shoulder panels with tricurved arches pointing up and dotted lozenges in center;
one panel with arches of doubled lines.

Ware: IMB, Levanto-Mycenaean.§8
Context: LC IITA.69

Tomb?70

Kition-Bamboula, pp.131-32 no.281, figs. 60:281, 63:281, p.180 no.356, figs.81:356,
84:356.

 

 

SSNH; Note that M.Yon and A.Caubet believe that all the Mycenaean incised pieces found at Kition-
Bamboula were marked before firing, My Counter-arguments are presented in the text supra: Timing of
Marking.

67M. Yon follows V.Karageorghis in designating this shape as “Levanto-Mycenaean,"" though it is not
absolutely clear whether by this term she also implies local manufacture of this ware on Cyprus, as does
V. Karageorghis. Kition-Bamboula, 130-31 emphasizes the Mycenaean IIIB nature of these vessels but it
is not clear whether Mycenaean IIIB traits are considered as necessarily indicative of mainland
manufacture. One piriform jar is signaled as quite different from the rest, but I am not certain whether
the distinction setting this vessel apart from the other pithoid jars is its date (IIIC:1) or its place of
manufacture (local).

68 (Supra n.67).
SLBA locus 314: Kition-Bamboula,, 43.

0Kition-Bamboula, 42-43.",0,eng,90.17625574324325,False,1648426805.618898,1.75
123,"


110

Piriform Jars

*

5 5m KitBam K76-4992
Larnaca Museum: K76-4992.
Mission Frangaise de Kition-Bamboula (M.Yon, A.Caubet): 1976-1977.

Single sign [#4] incised into the one preserved handle. After firing.7!

Single handle and shoulder fragment. FS 36.72 Shoulder panels framed above and
below with double row of joining semicircles; in center, a horizntal chain of ""N"" motifs.

Ware: IB, Levanto-Mycenaean.73
Context: LC IIIA.74

Tomb?75

Kition-Bamboula, p.132 no.285, fig. 61:285, p.181 no. 360, figs. 82:360, 85:360.

 

71 (Supra n.66).
72(Supra n.67).
73(Supra n.67).
74(Supra n.69).

78Kition-Bamboula (supra n.70).",0,eng,88.22164243023255,False,1648426806.091369,1.75
124,"


111

Piriform Jars
*KITION-BAMBOULA KEF-370 KitBam KEF-370
Larnaca Museum: KEF-370,
Mission Frangaise de Kition-Bamboula (M.Yon, A.Caubet): 1976-1977.
Single sign [#4] incised into the one preserved handle. After firing.76

Single handle and shoulder fragment. FS 36.77 No decoration preserved within
shoulder panels.

Ware: IIIB, Levanto-Mycenaean.78
Context: LC IITA.79

Tomb?80

 

Kition-Bamboula, p.132 no.284, p.181 no.359, figs. 82:359, 85:359

 

 

76(Supra n.66).
71(Supra n.67).
78(Supra, n.67).
79(Supra n.69).

80K ition-Bamboula (supra n.70).",0,eng,86.88392975,False,1648426806.52849,1.75
125,"


 

112

Piriform Jars
* 5 KitBam K76-5592
Larnaca Museum: K76-5592.
Mission Frangaise de Kition-Bamboula (M. Yon, A.Caubet): 1976-1977.
Single sign [#40] incised into the one preserved handle. After firing.81
Handle and shoulder fragment. FS 36.82 Standing scale pattern fills shoulder panels.

Ware: IIIB, Levanto-Mycenaean.83
Context: LC INA.84

Tomb?785

Kition-Bamboula, p.132 no.283, figs. 61:283, 63:183, p.181 no.361, figs. 82:361,
85:361.

 

 

81(Supra, n.66).
82(Supra n.67).
83 (Supra, n.67).
84(Supra n.69).

®SKition-Bamboula (supra n.70).",0,eng,83.81205159154928,False,1648426806.9630668,1.75
126,"


113

Piriform Jars
*KITION-BAMBOULA KEF-334 + KEF-372 KitBam KEF-334 + KEF-372
Larnaca Museum: KEF-334 + KEF-372 + K76-5585 + K77-744.
Mission Frangaise de Kition-Bamboula (M.Yon, A.Caubet): 1976-1977.
Two of the three handles incised with a single sign each [#42B, #42C]. After firing,86

Almost complete (H: 34); all three handles preserved. FS 36.87 Pendant scale pattern
fills shoulder panels,

Ware: Levanto-Mycenaean IIIB.88
Context: LC IIIA.89

Tomb?90
Kition-Bamboula, p.132 no.282, figs.61:282, 63:282, p.180 nos.357-58, figs. 82:357-
58, 84:357-58.

 

86(Supra n.66).
87(Supra n.67).
88(Supra n.67).
89(Supra n.69).
90Kition-Bamboula (supra n.70).

“Dr",0,eng,87.69574806818181,False,1648426807.4574358,1.75
127,"


 

114

Piriform Jars
""
British Museum: C434 (=98 12-1 223).
British Museum Expedition (Turner Bequest): 1897-1898.

HST C434

 

Each of the two preserved handles with an incised sign [#34, #45]. After firing.9!
Almost complete (H:37.4), but one handle missing. FS 36.92 Pictorial style
decoration: ""The three shoulder panels, in the handle zone, are each decorated with two
birds facing each other, and various arrangements of dotted circles.""93

Ware: IIIB, Levanto-Mycenaean.%4
Context: LC 11B295

Tomb?96

HST I, p.12, p.14, p.131 no.4, fig.125:4a-b, pisEh, IX; CVA Great Britain 20 (British
MCV, pp.89-90 0434.97

      

 

| 9INH; HST I, 12.

S2MP, p.590 FS 36:14; Nouveaux Documents, 219; SCE IV:IC, p.294 type 36 (k).
S3HST I, 12.

S4MP, p.431:C, p.590 FS 36; SCE IV:IC, p.294 type 36 (k), following Furumark's definition of FS
36; Nouveaux Documents, 219; Kition-Bamboula, p.130 no.6. Ripe I (LH IMIB1) according to
Mycenaean Pictorial Vase Painting, V69, p.3.

9SHST I, 14, if indeed from Walters’ Tomb IV (infra n.96).

96Possibly from Walters’ Tomb IV: O.Masson, BCH 81 (1957) 28; Minos V, p.17 no.180; HST I, 12,
14; SCE IV:IC, p.294 type 36 (k).

SISCE IM, 607; Casson, Ancient Cyprus, p.78 no.4, p.100 no.12, p.105 no.48; MP, p.253 fig.30:28,
P.318:26, p.431:C, p.523 II:A4, p.590 FS 36:14; ""Prolegomena,” p.280 11:12, p.281 11:19a;
F.Stubbings, ""Some Mycenaean Artists,"" BSA 46 (1951) p.176 fig.4; S.Immerwahr, ""The Protome
Painter and Some Contemporaries,"" AJA 60 (1956) p.140 no.28-29; O.Masson, BCH 81 (1957) p.28,
P.29 figs.19-21; Minos V, p.17 no.180; V.Karageorghis, ""Supplementary Notes on the Mycenaean
Vases from the Swedish Tombs at Enkomi,” OpAth Il (1960) p.145 no.3, p.151 no.2; P.Astrém, ""A
Handle Stamped with the Cartouche of Seti I from Hala Sultan Tekke,""OpAth V (1965) p.116 no.7;

| Nouveaux Documents, P.219 no.8; SCE IV:IC, p.294 type 36 (k); Mycenaean Pictorial Vase Painting,
V.69, p.204; Olivier, AA (1988) 266.",0,eng,87.12792594666666,False,1648426808.648872,1.75
128,"


r

115

Piriform Jars

*HALA SULTAN TEKKE BM C379 HST C379
British Museum: C379 (=98 12-1 309).

British Museum Expedition (Turner Bequest): 1897-1898,

Single sign [#264] incised into the one preserved handle. After firing.%

Shoulder fragment, including one handle. Three-handled piriform jar.99 Shoulder zone
ornamentation barely preserved; possibly three narrow wavy bands.100

Ware: Mycenaean IIIA2 or B.101
:d, XXI; BMCV, p.25 C379,102

   

 

98NH; HST I, 20.

°9Fragments from two separate vessels are stored and catalogued under the same number in museum
storage. The other fragments are from an amphoroid krater, but the incised shoulder Piece is certainly
from a pithoid jar, possibly FS 36. (See HST I, 20).

100HST I, 20.

1014ST I, 20; specifically Levanto-Mycenacan IIIB in Kition-Bamboula, p.130 no.6.

102Mistakenly identifed as from Maroni in BMCV, which mistake is repeated in all the references cited

except HST 1. SCE II p.607, p.609 no.36; Casson, Ancient Cyprus, p.78 no.2, p.101 no.22;
""Prolegomena,” p.281 II:15; Minos V, p.15, no.160.",0,eng,88.89802442767295,False,1648426809.3025699,1.75
129,"


116

Piriform Jars

= a HST 98 12-1310
British Museum: 98 12-1 310a-b.
British Museum Expedition (Turner Bequest): 1897-1898.

 

Two handles, each with a single incised sign [#34, #47]. After firing.193

Two handles with similar decoration; probably from the same jar. FS 36.14 Shoulder
panels filled with cross-hatching.

Ware: Mycenaean IIIA or B.105
Context: LC IIB (?).106

Tomb?107

HST I, pp.12-13, p.131-32 nos.5-6, p.134 fig.125:5-6,

  

 

103NH; HST I, 13.

104SCE IV:IC, p.294 type 36 (p).

1057757 1, 13; specifically Levanto-Mycenaean IIB in SCE IV:IC, p.294 type 36 (p), following
Furumark's definition of FS 36, and in Kition-Bamboula, p.130 no.6. IIB date accepted for the
purposes of this paper.

106] indeed from Walters’ Tomb IV (infra no.107): HST I, 14.

107Possibly from Walters’ Tomb IV: SCE IV:IC, p.294 type 36 (p); HST I, 12, 14.

108Casson, Ancient Cyprus, p.105 nos.49-50; ""Prolegomena,” p.281 1I:19b (=C11091), 1:19¢

(©C11094); O.Masson, BCH 81 (1957) p.28, p.30 fig.21 (=C1109.1), fig.22 (=C1109.1b); Minos V,
pp-17-18 no.181 (=C1109:1a-b); SCE IV:IC, p.294 (p); Kition-Bamboula Ill, p.130 no.6.",0,eng,87.09457285119048,False,1648426809.980442,1.75
130,"


117

Piriform Jars
*HALA SULTAN TEKKE 98 12-1 311 HST 98 12-1311
British Museum: 98 12-1 311.
British Museum Expedition (Turner Bequest): 1897-1898.
Single sign [#14] incised into handle. After firing.1

Single handle and shoulder fragment. FS 36.110 Shoulder panels filled with small,
closely-spaced trefoils.

Ware: Mycenaean IIIA or B11
Context: LC IIB (?).12

Tomb?113

 

 

109NH; HST I, 13.

MOSCE IV:IC, p.294 type 36 (q).

111457 I, 13; although specifically Levanto-Mycenacan IIIB, according to Astrém (SCE IV:IC, 294,
following Furumark's definition of FS 36) and M.Yon and A.Caubet (Kition-Bamboula, p.130 no.6).
‘TOB date accepted for purposes of this text.

1121 indeed from Walters’ Tomb IV (infra n.113): HSTI, 14.

113possibly from Walters' Tomb IV: O.Masson, BCH 81 (1957) 28; SCE IV:IC, p.294 type 36 (q);
HST I, 12, 14

U4Ancient Cyprus, p.105 no.51; ""Prolegomena,"" p.281 11:17; O.Masson, BCH 81 (1957) p.28, p.30
fig.23 (=C1109.2); Minos V, p.18 no.182 (=C1109.2); SCE IV:IC, p.294 (q) (=C1109.2); Kition-
Bamboula, p.131 nos.",0,eng,85.2218900443038,False,1648426810.609716,1.75
131,"


 

118

Piriform Jars

*HALA SULTAN TEKKE 197] 3-25 1.2115 HST 1971 3-25
British Museum: 1971 3-25 1,2.

British Museum Expedition (Turner Bequest): 1897-1898,
Single sign incised on each of two preserved handles [#11B, #33C). After firing.116

Upper body fragment including one handle and a separate handle fragment from the same
three-handled jar. FS 36.117 Shoulder panels bordered above and below by single row
of small joining semicircles; horizontal row of widely spaced rosettes across center of
panels.

Ware: Mycenaean IITA2 or B.118
No context (surface find),119

 

—

U5Incorrectly published as BM 98 12-1 312 in O.Masson, BCH 81 (1957) 28: see HST I, 20.
LO6NH; HST I, 20.

17SCE IV:IC, p.294 (s) (=C1100.3); the second fragment is not classified as FS 36 by Astrom [p.306
(=C1109.3), though he does mention the possibility that these two pieces join, p.294 (s)]. Both must be
included as FS 36 since HST I, 20 confirms that both C1109.3 and C1100.3 belong to the same jar.

18HST I, 20; but specifically Levanto-Mycenaean IIB in SCE IV:IC, p.294 (s), following Furumark's
definition of FS 36, and in Kition-Bamboula, p.130 no.

119A tribution of C1109.3 to Tomb IV [in O.Masson, BCH 81 (1957) 28] is incorrect: see HST I, 20.
Listed as surface find in SCE IV:IC, p.294 (s).

120""Prolegomena,” p.281 Il:21b (=C11003), 11:25 (=C11093); O.Masson, BCH 81 (1957), p.28
C1109:3, mistakenly attributed to Tomb IV) p.32 fig.26 (=C1100.3); Kalopsidha, p.159 no.Vg Ill
(14) (refers only to C1109.3 and incorrectly identifies it as a stirrup jar handle); SCE IV:1C, p.294 (s)
(©C1109.3), p.306 (=C1109.3).",0,eng,88.50660171984435,False,1648426811.463737,1.75
132,"


119

Piriform Jars

HST T.1/52
Larnaca Museum: T.1/52.

Cyprus Dept. of Antiquities (V.Karageorghis): 1968.

Two of the handles with a single incised sign each [#9A, #19B)]. After firing.121
Complete profile above base, which is missing (pres.H:29.5); all three handles
preserved. FS 36.122 Shoulder panels are decorated with a horizontal row of small
cross motifs across the middle.

Ware: IIB, Levanto-Mycenaean.!13
Context: End LC IB- end LC 11C.1%4

Tomb.
HST I, p.74 no.52, p.76, p.132 no.13a-b, p.134 fig.125:13a-b, pls.51, 54, 68;

V.Karageorghis, “Notes on a Late Cypriote Settlement and Necropoolis Site near the
Larnaca Salt Lake,"" RDAC (1968) pl.

    

 

INST I, 74, 131.

122HST I, 76 states that this jar is an example of the Levantine type which, following the definition
established in Nouveaux Documents, 219 by the same author, refers specifically to FS 36.

123(Supra n,122).
124Tomb 1: HST I, 89.",0,eng,89.94905887234042,False,1648426812.0517492,1.75
133,"


 

120

Piriform Jars

48/1 HST 1948/MI-4/3
Cyprus Museum? RR 5-2-48, 1971.
Cyprus Dept. of Antiquities, Rescue excavation, ""House of the Pithos"" (G.Anastasiou):
1948.
Single sign [#16C} incised into handle. After firing.125
Handle only.

Ware: Mycenaean IIB.126
Context: Probably LC II, though earlier sherds present.127

Settlement.

HST I, p.36 fig.13, p.37.

 

HST F6031/596
Larnaca Museum?
Swedish Expedition (P.Astrém): 1973.
Single sign [#9A) incised into handle. Probably made before firing. 128
Shoulder fragment with complete handle (Hdle.W:3.2). Probably FS 36.129 Lower
border of preserved shoulder panel fringed by double row of joining semicircles; further
possible decoration not preserved,

Ware: Mycenaean IITB,!30
Context: LC IB-IIC1, mainly 11,131

Redeposited tomb contents?!32
HST VI, p.3 no.596, p.74 fig.7, p.85 fig.74 (published upside down).
ee
125HST 1, 37.

126(Supra n.125).

127Layer Ill: HST I, 37.

1284 ST VI, 3.

129(Supra n.128).

130HST VI, 3, 21.

131 Area 22 Deposit F6031: HST VI, 16.
1327 VI, 29.",0,eng,84.10342776,False,1648426812.709457,1.75
134,"


 

121

Piriform Jars
HST F6139/6056
Larnaca Museum?
Swedish Expedition (P.Astrém): 1971-1973, 1975-1978.
Part of a single sign [Frg., possibly #52B7] incised into handle. After firing.133

Fragment of the upper part of a flat vertical handle (Hdle.W:3.2), probably from a three-
handled piriform jar.

Ware: Mycenaean.
Context: LC IIB-1IC1, mostly IIC1.134

Redeposited tomb contents?
HST V, p.41, p.45 no.6056, p.86 fig.235, p.89 fig.279.

 

HST F6031/648
Larnaca Museum?
Swedish Expedition (P.Astrém): 1973.
Part of a single sign [#52B] incised into handle. After firing.135
Fragment of the upper part of flat vertical handle (Hdle.W:2.2) from a piriform jar.

Ware: Mycenaean.
Context: LC IIC.136

Redeposited tomb contents?137

 

HST VI, p.6 no.648, p.76 fig.27a, p.85 fig.76.

 

 

133 y8T V, 45.

134area 22 Deposit F6139 GCh 452: HST V, 43.
135HST VI, 6.

136 Area 22 Deposit F6031: HST VI, 16.

137H1ST VI, 29.",0,eng,89.5463280869565,False,1648426813.323652,1.75
135,"


122

Piriform Jars

HST F6031/644
Larnaca Museum.

Swedish Expedition (P.Astrém): 1973.
Single sign [#26A] incised into handle. After firing.138
Complete flat vertical handle (Hdle.W:1.4). Probably from a small piriform jar.

‘Ware: Mycenaean.
Context: LC IB-HC1, mostly 1C1.139

Redeposited tomb contents?140
HST VI, p.6 no.644, p.76 fig.27b, p.85 fig.75.

t HST ch.T.20A
Lamaca Museum?
Swedish Expedition (P.Astrém): 1974.

Single sign [#16A] incised into handle.
Handle fragment. Three-handled piriform or stirrup jar.141

Ware: Mycenaean IIIA-B.142
Context: No date.

Looted tomb.143
HST VU, p.146, p.158 fig.387

 

 

 

138HST VI, 6.

139 Area 22 Deposit F6031; HST VI, 16.

MousT VI, 29.

\41HST VII, 146; this fragment assumed to be from a piriform jar for the purposes of this text
1427 VIM, 147.

13HST VIN, 145.

 ",0,eng,83.1809763305785,False,1648426813.884971,1.75
136,"


 

123

Piriform Jars
HST ch.T.20B
Larnaca Museum?
Swedish Expedition (P.Astrém): 1974.
Single vertical incision [#1] into handle.
Handle fragment. Three-handled piriform or stirrup jar.!44

Ware: Mycenaean IIIA-B,145
Context: No date.

Looted tomb,146

HST VU, p.146, p.158 fig.387.

 

*HALA SULTAN TEKKE F1548/layer 4 HST F1548 lyr.4
Larnaca Museum?

Swedish Expedition @.Astrém): 1980.

Single sign [Frg., possibly #392] incised into handle. After firing.147
Handle fragment, probably from a three-handled piriform jar.148
Ware: Mycenaean.

Publication forthcoming.

 

M4usT VILL, 146; this fragment assumed to be from a piriform jar for the purposes of this text.
\MSHST VIM, 147.

MéqST VIM, 145.

147NH.

148yH,",0,eng,86.37935937373737,False,1648426814.41676,1.75
137,"


 

124

Piriform Jars
*HALA SULTAN TEKKE F2003/2036 HST F2003/2036
Lamaca Museum?
Swedish Expedition @.Astrém): 1972,
Part of a single sign [#14] incised into handle. After firing.149
Handle fragment (Hdle.W:3.0). Three-handled piriform jar.150

Ware: Mycenaean IIIB.151
Context: No date.152

Settlement.

 

HALA SULTAN TEKKE F2003/2026 HST 2003/2026
Larnaca Museum?

Swedish Expedition (P.Astrém): 1972.
Single sign [#4] incised into handle.

Shoulder fragment and complete vertical handle (Hdle.W:2.6). FS 36.153 Shoulder
panels filled with scale pattern.

Ware: Mycenaean IIB154
Context: No date.155

Settlement.

HST VIII p.60, p.69, p.89 fig.234.

 

 

149NH.

1SOHST VII, 69.

151(Supra n.150).

152Area 6, Trench ECd-e 395-9, layer 4 F2003 = disturbed (Roman sherd!), HST VII, 60.
1S3HST VIN, 69.

154(Supra n.153),

155(Supra n.153).",0,eng,88.16749185840709,False,1648426815.014692,1.75
138,"


 

125

Piriform Jars
*HALA SULTAN TEKKE 1953 no,391 HST 1953n0.391
Ashmolean Museum: HST 1953.391.
H.Catling: Surface collection, Oct.1951.
Single sign [#52A] incised into handle. After firing.156

Vertical handle and shoulder fragment. Three-handled piriform jar.!57 Shoulder panel
motif indeterminable.

Ware: Mycenaean IIIA2.158
Surface find (No date).

HST I, p.67 no.152, pl.XLV no.152.

 

T, HST 51.330
Nicholson Museum, Sydney.
Surface collection.

Single sign [#33B] incised into handle. After firing.159

Fragment of shoulder and handle (Hdle.W:2.8). Three-handled piriform or stirrup
jar.

Ware: Mycenaean IIB (?).160

Surface find.

 

ee
156NH,

1S7NH.

1S8HST I, 65.

159HST I, 61.

160(Supra n.159); this fragment assumed to be from a piriform jar for the purposes of this text.",0,eng,87.39208116363636,False,1648426815.608192,1.75
139,"


126

Piriform Jars
KAD 535

* =,
Larnaca Museum.
Vasilikos Valley Project (A.South Todd).

One handle with a single incised sign [#11A]. After firing.161

Almost complete (H: ca.33.5); one handle missing. FS 36 (?). Shoulder panels filled
with pendant scale pattern.

Ware: Mycenaean IIIB.
Context: LC IIC.162

Settlement: room possibly with official/administrative fucntion.1©

  

AK. South, ""Kalavasos-Ayios Dhimitrios 1982,"" RDAC 1983, p.110 fig.6:15;
KAD I, fc. - .

 

161NH,
162Sce note appended to Table 1.

163Set of zoomorphic weights found in this room: A.K. South, ""Kalavasos-Ayios Dhimitrios 1982,""
RDAC (1983) 103.",0,eng,88.3876728111111,False,1648426816.0804522,1.75
140,"


 

127

Piriform Jars
= Kourion B1112
Episkopi Museum?164
University of Pennsylvania (J.F. Daniel): 1938-1948.
Part of a single sign incised on handle [Frg.]. After firing.165

Vertical strap handle. Probably from a three-handled piriform jar, possibly FS
45,167

Ware: Mycenaean IIB.168
Context: LC IIC.169

Settlement.!70

“Prolegomena,” p.276 no.71, p.277 fig.15:71, p.280

 

Bamboula, 111, 116.17!

 

    

 

164Unfortunately, I have been unable to locate any of the material excavated from Kourion-Bamboula
except those objects stored at the University Museum, Philadelphia. As far as can be found out from
tecords and memories, the Kourion-Bamboula objects left on Cyprus should be in the Episkopi
storerooms, but the curator and I were unable to find them.

165Prolegomena,"" p.276 no.71.

166""Prolegomena,” p.276 no.71 (“three-handled jar""); Bamboula, 116 [""three-handled (2) jar"").

187SCE IV:IC, 306; Bamboula, 115-16, identified as possiby FS 44-45.

168Bamboula, 111.

169 Area C, C-1: ""Prolegomena,"" p.276 no.71; J.Benson and J.F.Daniel, ""Bamboula at Kourion, The
Stratification of the Settlement,"" RDAC (1970) 41.

170""Bamboula, Kourion,” AJA 64 (1960) 149.

17\""Bamboula, Kourion,"" AJA 64 (1960) p.149, pl.38; SCE IV:IC, 306.",0,eng,88.67576453801169,False,1648426816.78431,1.75
141,"


128

Piriform Jars
*KOURION-BAMBOULA B1113 Kourion B1113
University Museum, Philadelphia: B1113.
University of Pennsylvania (J.F. Daniel): 1938-1948.
Single sign [#11A] incised into handle. After firing.172

Vertical strap handle and fragment of shoulder. FS 36.173 Shoulder panels filled with
scale pattern.

Ware: (Levanto-) Mycenaean IIIB.174
Context: LC TIC.175

Settlement.176

Bamboula, 111, 116.177

   

 

172NH; ""Prolegomena,"" p.276 no.72.

173SCE IV:IC, p.295 type 36 (v); although more generally identified as a ""three-handled jar"" by Daniel
(‘Prolegomena,"" p.276 no.72) and as a ""3-handled (2) jar,” possibly FS 44-45, by Benson (Bamboula,
115-16).

TASCE IV:IC type 36, which follows Furumark’s chronology and definition of FS 36; Bamboula, 111.

17S rea D, cellar (A): ""Prolegomena,"" p.276 no.72; J.Benson and J.Daniel, ""Bamboula at Kourion, The
Stratification of the Settlement,"" RDAC (1969) 20-21.

176""Bamboula at Kourion,” AJA 64 (1960) 149.

177Bamboula, Kourion,"" AJA 64 (1960) p.148, p.149, pl.38; SCE IV:IC, p.295 type 36 (v).",0,eng,86.85800824827585,False,1648426817.442069,1.75
142,"


129

Piriform Jars
i) Kourion B1114
Episkopi Museum?!78
University of Pennsylvania (J.F.Daniel): 1938-1948.
Single sign [#24A] incised into handle. After firing. 179
Vertical strap handle and shoulder fragment, FS 36,180

Ware: (Levanto-) Mycenaean IDB.!8!
Context: LC TIC, 182

Settlement.183

  

ee
178(Supra n.164).

179""Prolegomena,"" p.276 n0.73.

180SCE IV:IC, p.295 type 36 (w); although more generally identified as a “three-handled jar"" by Daniel
(Prolegomena, P-276 no.73) and as a ""3-handled (?) jar,” possibly FS 44-45, by Benson (Bamboula,
181 (Supra n.174).

182(Supra n.175).

183(Supra n.176).

184""Bamboula, Kourion,"" AJA 64 (1960) p.148. p.149, pl38; SCE IV:IC, P.295 type 36 (w).",0,eng,78.94860212371134,False,1648426817.93103,1.75
143,"


130

Piriform Jars
8 Kourion B1115
Episkopi Museum?185
University of Pennsylvania (J.F.Daniel): 1938-1948,
Single horizontal line [#2] incised into handle. After firing.186
Upper part of handle and fragment of shoulder. FS 36.187

Ware: (Levanto-) Mycenaean IIIB. 188
Context: LC IIC.189

Settlement.190

Bamboula, 116-17.191

 

“Prolegomena,” p.276 no.75, p.277 fig.15:75, p.280 I

   

ee
185(Supra n.164).

186""Prolegomena,"" p.276 no.75.

187SCE IVC, p.295 type 36 (x); although more generally identified as a ""three-handled jar"" by Daniel
(""Prolegomena, p.276 no.75) and as a ""3-handled (2) jar,” possibly FS 44-45, by Benson (Bamboula,
115-166),

1885CE IV:IC follows Furumark’s chronology and definition of FS 36; but note that Benson does not
include B1115 with the other three-handled jar fragments (B1112-B1114) which he dates to Mycenaean
IIB (Bamboula, 111).

189(Supra n.175).

190(Supra n.176).

19\""Bamboula, Kourion,” AJA 64 (1960) p.148, p.149, pl.38; Kalopsidha, p.162 no.Hgl (13); SCE
IV:IC, p.295 type 36 (x).",0,eng,87.48223362237762,False,1648426818.533891,1.75
144,"


 

131

Piriform Jars
*KOUKLIA KC 402 Kouklia KC 402
Kouklia Museum: KC 402.
T.Mitford: 1951.

Single sign [#29] incised into handle. After firing.192
Handle and shoulder fragment. Three-handled piriform jar.193

Ware: Mycenaean III.194
Context: No date.195

Mitford, Kadmos X (1951) p.92 no.34, p.91 fig.2 no.34, pl.II no.16.

 

*KOUKLIA KC 665 Kouklia KC 665
Kouklia Museum: KC 665.

T.Mitford: 1952.

Single sign [#6A] incised into handle. After firing.196

Handle and shoulder fragment. Three-handled piriform jar.197

Ware: Mycenaean.

Unpublished.

 

192NH; Mitford, Kadmos X (1971) p.92 no.34.

193NH; misidentified as a stirrup jar fragment in Mitford, Kadmos X (1971) p.92 no.34.
194Mitford, Kadmos X (1951) p.92 n0.34.

195From fill under Mosaic Surround: Mitford, Kadmos X (1971) p.92n0.34.

196NH,

197NH.",0,eng,88.48132450862067,False,1648426819.073306,1.75
145,"


132

Piriform Jars
o Maa 1954/2
Cyprus Museum?
Cyprus Dept. of Antiquities (P.Dikaios): 1954.
Part of a single sign [Frg.] incised into handle. After firing.198
Handle fragment. Three handled jar (7).199

Ware: Mycenaean IB.200
Context: No date.

Settlement.201

Maa Palaeokastro, p.214 no.2, pls. CLK, CCLII, App.V p.400 no.II:4, p.403
pl.c:4.

 

 

198 Maa Palaeokastro, p.214 no.2.

199(Supra n.198).

200(Supra n.198).

201 Although no specific proveniences are given for individual pieces found by Dikaios, the general area

where this piece was found is known (Area I: Maa Palaeokastro, 214). There is no reason to suspect
anything but settlement debris from this area.",0,eng,88.81994614000001,False,1648426819.557167,1.75
146,"


 

133

Piriform Jars

* Akhera T.1/13

‘AKHERA-PARADHISIN T.1/13
Cyprus Museum: 1959/IX-29/1.
Cyprus Dept. of Antiquities: 1959.
Two handles incised with a single sign each [#11A, #11E]. After firing.202

Almost complete, but missing one handle. FS 36.203 Shoulder panels with antithetic
spirals framing triglyph panel of vertical scallops.

Ware: (Levanto-) Mycenaean IIIB,204
Context: No date.

Looted tomb.205

V.Karageorghis, ""Chronique des fouilles 4 Chypre en 1959,"" BCH 84 (1960) pp.245,
248, figs.5-6.206

 

ee
202NH.

203Nouveaux Documents, 219, 221; SCE IV:IC, p.295 type 36 (a2).
204Nouveaux Documents, 219.

205Karageorghis, BCH 84 (1960) 245.

206Nouveaux Documents, p.219, p.221 fig.51:1; SCE IV:IC, p.295 type 36 (a2).

WAUTICAL ARCHAEOLOGY",0,eng,88.57602708737869,False,1648426820.095903,1.75
147,"


 

134

Piriform Jars
*APLIKI Apliki
rus Museum.
J. du Plat Taylour: 1939.

Part of a single sign [Frg., possibly #6A7] incised into handle. After firing.207
Handle fragment.208 FS 36.209

Ware: (Levanto-) Mycenaean IIIB.210
Context: LC lIC.211

Settlement.

 

J.du Plat Taylour, "" A Late Bronze Age Settlement at Apliki, Cyprus,""AJ 32 (1952)
p.142, p.166, pl.XXVII a:2.212

 

 

 

207NH.

208 Only half of the sherd as depicted in AJ 32 (1952) pl.XXVIII a:2 could be found in the museum
storage.

209SCE IV:IC, p.295 type 36 (y), which follows Furumark's chronology and definition of FS 36.
210(Supra no.209); identified as Mycenaean IIIB in the original publication [AJ 32 (1952) 166].
211Under Al floor [AJ 32 (1952) 166}, but nb: locus is dated by this particular piece (AJ 32 (1952)
142-44}, and thus the context cannot be used as independent dating criteria for this object. But for general
dating of the overall ceramic repertoire from this site as LC IIC, see Kling, Western Cyprus:
Connections, 105.

212Minos V, p.13 nos.39-43; SCE IV:IC, p.295 (y).",0,eng,88.84166061538463,False,1648426820.713772,1.75
148,"


  

135

Piriform Jars

*CM A1650a CM A1650a
(| Cyprus Museum A1650a

  

;
i
{
|
I

Two of the handles each bear the same sign [#6C], incised after firing.213

| Complete (H:33.3). FS 36214 ""The three panels are bordered above and below with
joining semicircles; in their middle a horizontal row of three sea anemone motives (FM.
27:16).""21

Ware: Levanto-Mycenaean IIIB.216
| Provenience unknown.

_ CVA Cyprus 1, pp.22-23, pl.19:5, fig.3:19.217

 

RS T.1

| RASSHAMRA T.1
Mission de Ras Shamra (C.F.Schaeffer): 1932.

 

| Single sign [#244] incised into handle. After firing.218
Handle fragment. Three-handled piriform jar: FS 362219

Ware: Mycenaean.
Context: Ugarit Récent 3,220

Tomb.
Ugaritica Il, p.160 no.4; fig.62:4.

   
 

—

213NH; CVA Cyprus 1, 22-23.

214CVA Cyprus 1, 22; Nouveaux Documents, 219; SCE IV:IC, p.294 type 36 ().

215CVA Cyprus 1, 23.

216CVA Cyprus 1, 23; Nouveaux Documents, 219; SCE IV:IC, p.294.

A 7Gjerstad, Studies, pl.216/1; Nouveaux Documents, p.219, pLXIX:1; SCE IV:IC, p.294 type 36 (1).
218 garitica I, 160.

219Designated a hydrie in description; see Ugaritica II, 154 where this term is illustrated by an FS 36 jar
(fig.60 no.20).

220Y garitica Il, 160; see note appended to Table 1.",0,eng,85.08066560416667,False,1648426821.426924,1.75
149,"


136

Piriform Jars

BAS. SHAMRA T.VII RS T.VI
Mission de Ras Shamra (C.F.Schaeffer): 1935.

All three handles inscribed with a single sign each [#6A, #6A, #11A? or C7221),
Before firing.222

Handle and shoulder fragments (only two handles depicted). Three-handled piriform jar:
FS 362223 Shoulder panels filled with pendant scale pattern.

Ware: Mycenaean.
Context: Ugarit Récent 3.224

Tomb.

Ugaritica I, p.190 no.9, fig.77:9.

   

ee

221 The drawing looks as if it may have been published upside down; if the orientation of this mark is in
fact with the three “prongs” facing up, then the sign conforms with the attested orientation of the
majority of signs (#11A) in the #11 category.

222U garitica UI, 190.

223(Supra n. 219).

224"" Grande Tombe VII, BE, installé dans l'ancien Tempart, au nord de la rue dite du Rempart,"": Ugaritica
TI, 190; see note appended to Table 1.",0,eng,86.61256418309858,False,1648426821.998545,1.75
150,"


 

137

Piriform Jars

RAS SHAMRA exe: 1936 RS exc:1936
Mission de Ras Shamra (C.F.Schaeffer): 1936,

""Gravée sir les trois anses,""225 but only one handle and shoulder fragment illustrated,
Assume other handles with the same sign [#33D]? Before firing.226

One handle and shoulder fragment illustrated. FS 362227 Shoulder panels filled with
pendant scale pattern.

Ware: Mycenaean DIB.228
Context: End Ugarit Récent 2 or early Ugarit Récent 3.229

No specific provenience given.
Ugaritic

 

Il, p.228 no.26, fig.96:20.230

 

RS pt.4466

RAS SHAMRA pt. 4466
Mission de Ras Shamra (C.F.Schaeffer): 1964.

Single sign [#127] incised on handle. After having been painted.231

Handle and shoulder fragment. Three-handled piriform jar. Shoulder filled with dotted
circles?

Ware: Mycenaean IIB.232
Context: 2233

Ugaritica VU, p.306 no.7, fig.36:7.

 

    

ee
225U garitica Il, p.228 no.26.

226 U garitica Il, 228.

227Leonard, p.6 n0.13.

228(Supra n.226).

229U garitica II, 228; see note appended to Table 1.
230Leonard, p.6 n0.13.

231 U garitica VU, p.306 no.7.

232Y garitica VI, 306.

233Sud Acropole, topo.pt.4466,",0,eng,83.79191024223603,False,1648426822.663969,1.75
151,"


 

138

Piriform Jars

RAS SHAMRA 27,402 RS 27.402
Mission de Ras Shamra (C.F.Schaeffer): 1964.

Two handles each inscribed with a single sign [#5, #11A]. After firing.234

Complete profile above shoulder; apparently all three handles preserved. FS 36.235
Shoulder panels filled with pendant scales.

Ware: Levanto-Mycenaean IIIB.236
Context: Very end Ugarit Récent 3.37

Tomb.238

Ugaritica VI, p.318 no.3, fig.41:3.239

 

RS “est du Grand Palais""

BAS SHAMRA “est du Grand Palais""
Mission de Ras Shamra (C.F.Schaeffer): 1966.

Single sign [#27249] incised into handle. After firing or at leather-hard stage.241
Handle fragment. Three-handled piriform jar.

Ware: Mycenaean IIB.242
Context: 7243

Ugaritica VU, p.306 no.

fig.36:5.

 

 

234 garitica VU, p.318 no.3.

235Kition-Bamboula, p.130 nos.

236{mplied by the FS 36 designation assigned in Kition-Bamboula, p.130 no.6.

237U garitica VIL, p.318 no.3.

28Sud Acropole, maison, tombe de Patilu-wa(?), topo.pt.4498: Ugaritica VI, p.318 no.3.
239Kition-Bamboula, p.130 n0.6.

2A0Mark not discernible in published drawing; described as ""signe triangulaire,"" Ugaritica VIL, p.306
no.5.

241 U garitica VI, p.306 no.5.
242Y garitica VI, 306.

243-Région A lest du grand Palais”: Ugaritica VIL, p.306 no.5.",0,eng,83.80216784482758,False,1648426823.381145,1.75
152,"


139

Piriform Jars

RAS SHAMRA TIV pt.14 RS TLIV pt.14
Mission de Ras Shamra (C.F.Schaeffer).

Single sign [#11A] incised into handle. Before firing.244

Handle and shoulder fragment. FS 362245 Shoulder panels filled with pendant scale
pattern.

Ware: Mycenaean.
Context: End Ugarit Récent 2 or early Ugarit Récent 3.246

Tomb.
Ugaritica I, p.228 no.27, fig.96:27.247

 

 

BEID) MeB T.VI/1b
Mission de Ras Shamra (C.F.Schaeffer): 1932.

One handle incised with single sign [#26A]. After firing.248

Almost complete above the shoulder; all three handles preserved. FS 362249 Shoulder
panels filled with pendant scale pattern.

Ware: Mycenaean IIIB.250
Context: Ugarit Récent 3.251

Tomb.

Ugaritica Il, p.156 no.20, fig.60:20, which is presumably the same as the marked vessel
mentioned on p.154 no.1b, fig.59:1b, also fig.125:6.252

 

244Y garitica I, 228.
45Leonard, p.6 no.19.
UU garitica U1, 228,
2ATLeonard, p.6 10.19.
248U garitica Il, 156.
249Leonard, p.6 no.12.
250Leonard, p.6 no.12.
2\Ugaritica I, 156.

252Leonard, p.6 no.12.",0,eng,86.48157713422819,False,1648426824.009268,1.75
153,"


 

140

Piriform Jars
MINET EL BEIDHA T.VI/12253 MeB T.VI/la
Mission de Ras Shamra (C.F.Schaeffer): 1932.
Part of a single sign [Frg., possibly #5? or #6A?] incised into a handle. After firing.
Handle fragment. Three-handled piriform jar.

Ware: Mycenaean.
Context: Ugarit Récent 3.

Tomb.

Ugaritica I, p.154 no. la, fig.59:1a.

 

MINETEL BEIDHA T.VV/1c 254 MeB T.VI/Ic
Mission de Ras Shamra (C.F.Schaeffer): 1932.

Single sign [#56] incised into handle. After firing.
Handle fragment. Three-handled piriform jar.

‘Ware: Mycenaean.
Context: Ugarit Récent 3.

Tomb.

 

BEIDHA T, 255 MeB T.VI/Id

MINETEL BEIDHA T.VI/1d:

Mission de Ras Shamra (C.F.Schaeffer): 1932.
Single sign [#31] incised into handle. After firing.
Handle fragment. Three-handled piriform jar.

Ware: Mycenaean.
Context: Ugarit Récent 3.

Tomb.
Ugaritica Il, p.154 no.1d, fig.59:1d.

 

253.411 information (after firing, shape, ware, context) for the following marked three-handled piriform
jars from Minet el Beidha T.VI comes strictly from Ugaritica I, p.154: nos.1a, c, d, e, f, g, h, i, k, 1
(ie. excluding 1b and 1).

254(Supra n.253).

255(Supra n.253).",0,eng,88.16795609146342,False,1648426824.6714602,1.75
154,"141 Piriform Jars McB T.VI/le Mission de Ras Shamra (C.F.Schaeffer): 1932. Single sign [Frg., possibly #132] incised into handle. After firing. Handle fragment. Three-handled piriform jar. Ware: Mycenaean. Context: Ugarit Récent 3, Tomb. 16257 MeB T.VI/1f MINET EL BEIDHA T.VI/1f Mission de Ras Shamra (C.F.Schaeffer): 1932. Single sign [#9B] incised into handle. After firing. Handle fragment. Three-handled piriform jar. Ware: Mycenaean. Context: Ugarit Récent 3. Tomb. 1] g258 MeB T.VI/1g Mission de Ras Shamra (C.F.Schaeffer): 1932. Single sign (#6B] incised into handle. After firing. Handle fragment. Three-handled piriform jar. Ware: Mycenaean. Context: Ugarit Récent 3. Tomb. 154 no.1g, fig.59:1g. 256(Supra n.253). 251 (Supra n.253). 258(Supra n.253).",0,eng,86.28901485849057,False,1648426825.782166,1.75
155,"142 Piriform Jars MINETEL BEIDHA T.VI/1h259 MeB T.VI/1h Mission de Ras Shamra (C.F.Schaeffer): 1932. Single sign [#28] incised into handle. After firing. Handle fragment. Three-handled piriform jar. Ware: Mycenaean. Context: Ugarit Récent 3. Tomb.   Ugaritica U1, p.154 no.th, fig.59:1h.   EID) 1j260 MeB T.VI/li MINET EL BEIDHA T.VI/1i Mission de Ras Shamra (C.F.Schaeffer): 1932. Single sign [#11F] incised into handle. After firing. Handle fragment. Three-handled piriform jar. Ware: Mycenaean. Context: Ugarit Récent 3. Tomb. Ugaritica Il, p.154 no. li, fig.59:1i.   T. 261 MeB T.VI/1k MINETEL BEIDHA T.VIAk’ Mission de Ras Shamra (C.F.Schaeffer): 1932. Single sign [#32] incised into handle. After firing. Handle fragment. Three-handled piriform jar. Ware: Mycenaean. Context: Ugarit Récent 3. Tomb. Ugaritica Il, p.154 no.1k, fig.59:1k. SS 259(Supra n.253). 260(Supra n.253). 261(Supra n.253).",0,eng,87.42777843548389,False,1648426826.969117,1.75
156,"


 

143
Piriform Jars
MINETEL BEIDHA T.VIAL?6 MeB T.VI/IL
Mission de Ras Shamra (C.F.Schaeffer): 1932.
Single sign [#22] incised into handle. After firing.
Handle fragment. Three-handled piriform jar.
Ware: Mycenaean.
Context: Ugarit Récent 3.
Tomb.
Ugaritica I, p.154 no.1L, fig.59:1L,
é MeB prés T.VII

MINET EL BEIDHA prés de T.VIT
Mission de Ras Shamra (C.F.Schaeffer).
Single sign [#3B] incised into handle. Before firing.26

Handle and shoulder fragment. FS 36?264 Shoulder panels decorated with three(?)
horizontal quirk chains (FM 48:15) framing field and as fill.

Ware: Mycenaean IIIB.265
Context: End Ugarit Récent 2 or early Ugarit Récent 3.266

Ugaritica Il, p.228 no.25, fig.96:25.267

 

 

262(Supra n.253).

283 U garitica I1,.228.

2647 eonard, p.5 n0.9.

265Leonard, p.5 0.9.

266 Ugaritica II, 228. The only description of the findspot is vague: ""...prés de T. VI, sur sol voisin....""
267Leonard, p.5 no.9.",0,eng,84.36980151470588,False,1648426827.579438,1.75
157,"


144

Piriform Jars

Alalakh
L.Woolley.

Single mark [#45] incised into handle.

Handle and shoulder fragment. FS 362268 Shoulder panels framed above and below by
double row of joining semicircles; horizontal row of U-pattern in center.

Ware: Mycenaean IIB.26
Context: 7270

L.Woolley, Alalakh Tell Atchana (1955) Pe 371, pl.CXXIX.271

 

1-34, TAH 37-341

Single sign [#7B] incised into handle. After firing.272

Shoulder, body, and handle fragments. FS 36.273 Shoulder panels: joining semicircles
frame field, quirk as fill.

Ware: (Levanto-)Mycenaean IIIB.274
Context275

Hamilton, QDAP 4 (1935) p.50 no.306w, p.53 no.31Aa, pl.XIX no. 306w;
Balensi, pp.133, 135, 429, 460, 555; catal. p.86, pls.32:4, 75, 137

   

 

2681 eonard, p.5 no.7.

2691 eonard, p.5 no.7.

270"", high up in the Miqme-pa palace area, level II-III.
371,

 

; L.Woolley, Alalakh: Tell Atchana (1955)

271, eonard, p.5 n0.7.

272Balensi, 555.

273Balensi, catal. p.86; more tenuously attributed to FS 36 by Leonard (p.5 no.10).
274Balensi, catal. p.86, p.460, p. 555; Leonard, 5.

275 Well in Building 52 and room 64v of citadel = stratum V1, Balensi, 133, 555. This stratum is dated
by the Mycenaean wares found therein (Mycenaean IIIB), Balensi, 497-98.

276Leonard, p.5 no.10.",0,eng,85.51210139784946,False,1648426828.292556,1.75
158,"


145

Piriform Jars
FELL ABU HAWAM 34-717 TAH 34-717
Hamilton.

Single sign [#36B] incised into one handle. After firing.277

Shoulder area; all three handles preserved. FS 36.278 Each shoulder panel contains a
cuttlefish and isolated semicircles.

Ware: (Levanto-)Mycenaean IIIB.279
Context280

Settlement?281

Hamilton, QDAP 4 (1935), p.46 no.: 282, p.53 no.310Ac; Balensi, pp.178, 429, 461,
555, catal. p.70, pls. 32:2, 75, 153/4:4.28:

 

277Balensi, 555.

278Balensi, catal. p.70; more tenuously attributed to FS 36 by Leonard, p.6 no.11.
279MP, p.590 FS 36:3; Balensi, 10, 555; Leonard, p.6 no.11.

280Stratum V1 (Balensi, 555), which is dated by Mycenaean IIIB pottery (Balensi, 497-98).

281 Associated with the “citadel: “...found in small fragments within a small area directly below and
outside the north wail of 43 (Stratum IV)..."" along with other Mycenaean, Cypriot, and local vessels,
Hamilton, QDAP 4 (1935) 12.

282MP, p.590 FS 36:3; Leonard, p.6 no.11.",0,eng,88.33039437062938,False,1648426828.8807821,1.75
159,"


146

 

Piriform Jars
TELL ABU HAWAM 37-418(?) TAH 37-418(?)
PAM.
Hamilton.

Part of a single sign [Frg., possibly #3A? or 3B2] incised into bottom of base. After
firing.283

Base fragment. FS 362284

Ware: Mycenaean IIB.285
Context286

| Settlement?287

QDAP 4 (1935), p.53 no.310f; Balensi, Pp.211, 429, 555; catal. p.108; pl.32:12,
75,288

 

 

283Balensi,.555, catal. p.108.

284Balensi, p.555, catal. p.108; Leonard classifies this fragment as a piriform jar, FS 44-47, but not FS
36 (Leonard, p.10 n0.88b).

285Balensi, 555; Leonard assigns a broader chronological range, Mycenaean IIA-B (Leonard, p.10
n0.88b),

286Stratum V12, which is dated by Mycenaean IA-B pottery (Balensi, 211, 555).
287G4, at a low level inside the city wall: Balensi, 211.
288Leonard, p.10 n0.88b.",0,eng,87.88702234210527,False,1648426829.4030778,1.75
160,"


 

147

Piriform Jars
TELL ABU HAWAM 47-1615/1 TAH 47-1615/1
PAM.
Hamilton: 1932-1933.
Part of a single sign [Frg., possibly #57] incised into handle. After firing.289
Handle fragment. FS 36 or FS 164.290

Ware: (Levanto-)Mycenaean ITIB,291
Context: LC ILA2 - Mycenaean IIIB.292

Settlement?

Balensi, pp.56, 429, 436, 555, catal. p.226, pl.32:10,

 

75, 147:24.

   

Wi -1616 TAH 47-1616
PAM.
Hamilton: 1932-1933,
Part of a single sign [Frg.] incised into handle. After firing.293
Handle fragment. FS 35.294

Ware: (Levanto-) Mycenaean IIIA2-B.295
Context: Mycenaean IIA2 late- I11B.296

Settlement?

Balensi,

162, 429, 555, catal. p.226, pl.32:7, 75, 143:50.

 
 

 

289Ralensi, 555.
290Balensi, 555; FS 36 designation accepted for Purposes of this text.
291Balensi, 226, 555.

292Under maison 41, below level IV =stratum V1 (Balensi, 56). Note that most Late Bronze Age strata
at Tell Abu Hawam are dated by the Mycenaean sherds.

293Balensi, 555.
294Balensi, 555.

295Balensi, 226, 555.

29659, stratum V1: Balensi, 162-64, Note that this stratum is dated by the Mycenaean sherds,",0,eng,88.69483303797469,False,1648426830.047795,1.75
161,"


148

Piriform Jars

DEJREL BALAHT.114 Deir el Balah T.114
PAM?

Dothan: 1972.

Single sign [#25C] incised into one handle.

Apparently ¢ complete; all three handles preserved. FS 36.297 Shoulder panels filled with
pendant scale pattern.

Ware: (Levanto-) Mycenaean IIIB.298
Context: Late 13th century.299

Tomb.

Dothan, Qedem 10, p.12, p.14 fig.15, p.15 figs.19-20.

 

42 TI 27.427
Nauplion Museum.
1957.
Single sign [#11B] incised into handle. After firing.30
Handle fragment.
Mycenaean IIIB by ware and context.301
Dump.

Chadwick, Mycenae Tablets III (1963) p.74 no.3; Déhl, Kadmos 18 (1979) pp.52-53
9.

 

291 Deir el Balah, 12.

298Deir el Balah, 12.
299 Deir el Balah, 98.
300Chadwick, Mycenae Tablets UI, 74.

301From the ""Epichosis,"" level K1-1 (second from top). See Table 1 (continued), supra. Also, Débl,
Kadmos 18 (1979) 53.",0,eng,87.81090654761904,False,1648426830.6055481,1.75
162,"


149

Piriform Jars

N TI Neg.562
1905.

Single sign [#11G] incised into one handle. After firing,302

Two handles and shoulder fragment. (One handle with painted sign, one with incised
sign, one missing). FS 35-3693 Shoulder panels with standing scale pattern with
small circle in each scale.

Ware: Mycenaean TIIA304 or Mycenaean IIIB,305
Context: 2306

Settlement?

 

Akerstrém, Kadmos 13 (1974) p.43, p.44 pl.i:1, 3-4, p.45 fig.1:1,2,4, pp.46-47;
Déhl, Kadmos 18 (1979) p.52 no.88, fig.7:88; Olivier, AA (1988) p.255 nos.9-10,
p.257 fig.1:9-10, fig.4:9-10.

 

TIRYNS Acropolis? TI acrop?
Nauplion Museum?

Single sign [#42C] incised into handle. After firing.307

Handle and shoulder fragment (Hdle.W: ca.2.0-2.5). Three-handled piriform jar.
Shoulder panels with pendant scale pattern.

Ware: Mycenaean IIB ,308
Context not certain,309

Akerstrm, Kadmos 13 (1974) p.43, p.44 pl.1:2, p.45 fig.1:3,5, pp.46-47;
Déohl, Kadmos 18 (1979) p.54 no.93, fig.7:93; Olivier, AA (1988) p.256 no.15, p.261
fig.3:15, p.261 no.15.

 

 

302Akerstrém, Kadmos 13 (1974) 46.

303 Akerstrm, Kadmos 13 (1974) 46 no.4.

304Ohivier, AA (1988) p.255 nod

305 Akerstrsm, Kadmos 13 (1974) 46; Dohl, Kadmos 18 (1979) p.52 00.88,

306 Acropolis, trench 1: Olivier, AA (1988) 255.

307 Akerstrm, Kadmos 13 (1974) 46; Olivier, AA (1988) 255,

308 Akerstrim, Kadmos 13 (1974) 46; Dhl, Kadmos 18 (1979) 54; Olivier, AA (1988) p.256 no.15.

30°From Mycenae or more probably from Tiryns [Akerstrém, Kadmos 13 (1974) 43], certainly from the
Argolid [Dohl, Kadmos 18 (1979) 54]. Olivier specifies the Tiryns acropolis [AA (1988) p.256 no.15}.",0,eng,85.99532669915256,False,1648426831.496764,1.75
163,"


 

150

FS 164: Large Fine-Ware Stirrup Jars 310

MI ISH 311 Enk.Sw.T.18/53
Stockholm?
Swedish Cyprus Expedition: 1927-1931.
Single sign [#5,#9A] incised into each handle.
Almost complete (H:30.6). FS 164,312 DOL, banded.

Ware: IIIB, Levanto-Helladic (Sjéqvist) or Mycenaean (Furumark),313
Context: After mid-LC II (LC IIC),314

Tomb.

 

SCE I, p.556 no.53, pl.XC row 2:2; SCE Ill, p.602 no.6, p.613 no.6.315

   

 

the marks on large stirrup jars together as a group. Handles included here, but without specific reference
to shape, should be understood to fall generally within the class of fine-ware large stirrup jars by reason
Of the shape and size of the handle itself.

311 Listed as a coarse-ware vessel in Benson, Berytus 14 (1961) p.45 no.60; but photographs of a vase
(Enk.Sw.T.18/55, infra) which closely parallels T.18/53 with respect to size, decoration and ing,
and which was found in the same tomb depict a fine-ware vessel. Enk.T.18/53 is also listed as a parallel
to Athienou 2134 + 3042/1 (infra), which is certainly a fine-ware stirrup jar. Therefore, until a fabric
description can be obtained, T.18/53 is catalogued as a fine-ware stirrup jar, contra Benson, Berytus 14
(1961) p.45 n0.60.

312MP, p.610 FS 164:12; SCE IV:IC, p.335 type 164 (a).

313$CE I, 556; Chronology, 68; SCE IV:IC, 336.

3145CE I, 557. See Table 1 (continued)

315Enkomi-Alasia, p.324 fig.98; MP, p.610 FS 164:12; Chronology, 68; ""Prolegomena,” p.280 I1:2,5;

Minos V, p.21 no.222; Benson, Berytus 14 (1961) p.45 no.60; Raison, VIP, p.130 no.7; SCE IV:IC,
.335 type 164 (a).",0,eng,89.20532657142856,False,1648426832.370549,1.75
164,"


151

Large fine-ware SIs

34316 Enk.Sw.T.18/54
Stockholm?
Swedish Cyprus Expedition: 1927-1931.

Single sign [#7A, #9A] incised into each handle.
Almost complete (H:32). FS 164.317 DOL, banded.

Ware: IIIB, Levanto-Helladic (Sjéqvist) or Mycenaean (Furumark).318
Context: After mid-LC II (LC HC).319

Tomb.

 

 

316As with Enk.Sw.T. 18/53 (supra no.311)-i.e. in comparison to Enk.Sw.T.18/55 and Athienou 2134
+ 3042/1, this vase is here listed as fine-ware, contra Benson, Berytus 14 (1961) p.46 no.61.

317MP, p.610 FS 164:13; SCE IV:IC, p.335 type 164 (b).

318SCE I, 556; Chronology, 68; SCE IV:IC, 336.

319SCE I, 557. See Table 1 (continued).

320F nkomi-Alasia, p.324 fig.98, p.328 fig.100 no.13; MP, p.610 FS 164:13; Chronology, 68;

“Prolegomena,” p.280 II:4a, 5; Minos V, p.21 no.225; Benson, Berytus 14 (1961) p.46 no.61; Raison,
VIP, p.130 no.7; SCE IV:IC, p.335 type 164 (b).",0,eng,86.17691832824428,False,1648426832.935135,1.75
165,"


152

Large fine-ware SJs
I 52 Enk.Sw.T.18/55
Stockholm?
Swedish Cyprus Expedition: 1927-1931.
Single sign incised into each handle [#7B, #9A].
Complete (H:32.2), FS 164.322 DOL, banded.

Ware: IIB, Levanto-Helladic (Sjéqvist) or Mycenaean (Furumark)323
Context: After mid-LC II (LC IIC).324

Tomb.

SCE I, p.556 no.55, pl.CXIX:6; SCE Ul, p.602 no.10, p.611 figs.316-17, p.613
no. 10.325

 

ee
321Classified as a coarse-ware stirrup jar in Benson, Berytus 14 (1961), but see SCE IM, p.611 figs.316-
17 where the fabric seems almost Certainly to be fine-ware. Also, listed as a parallel to Athienou 2134 +
3042/1 (infra), which is positively a fine-ware stirrup jar.

322MP, p.610 FS 164:14; SCE IV:IC, p.335 type 164 ().

3235CE I, 556; Chronology, 68; SCE IV:IC, 33.

32ASCE I, 557. See Table 1 (continued).

325MP, p.610 FS 164:14; Chronology, 68; ""Prolegomena,"" p.280 II:4a, 5; Minos V, p.21 no.226;
Berytus 14 (1961) p.46 no.62; Raison, VIP, p.130 no.7; SCE IV:IC p.335 type 164 (c).",0,eng,85.94656227922079,False,1648426833.5606358,1.75
166,"


 

153

Large fine-ware SJs
*ENKOMI BRITISH T.48/967_ Enk.Br.T.48/967
British Museum: C523.
British Museum Expedition (Turner Bequest): 1896.
Single sign [#3A, #25A? or B?] incised into each handle. Probably after firing.326
Complete (H:29.2). FS 167.327 DOL, banded.

Ware: Mycenaean IIB.
Context: LC IB-C,328

Tomb.

Excavations in Cyprus, p.48 fig.73 no.967; BMCV, p.103 C523.329

  

 

*ENKOMI 1957.SS Enk.1957.SS
Cyprus Museum: 1957.SS.
Mission Archéologique d'Alasia (C.F.Schaeffer): 1957.

Single sign [#10, Frg.] incised into each handle (one sign only partially preserved). After
firing.>.

Upper body fragment: fragments of both handles, false spout and shoulder.33! DOL.

Ware: Mycenaean IIIB.332
Provenience not specific: from a tomb excavated in 1957.333

Alasia Il, p.285 no.15, p.288 fig.175:2, p.289, p.290 fig.177:6.

 

326NH: note the very clean, sharp incisions,

327SCE IV:IC, p.338 type 167 (¢), though Astrim notes that it is hardly different from vases assigned
to FS 164: ""This is not unlike Type 164a-c (Enk.Sw.T.18/53-55], but owing to its size (29.2cm) it
belongs to Type 167 according to Furamark's system."" [FS 164, according to Furumark, is defined as
having a height of at least 30 cm]. Dated to IMB (SCE IV:1C, 339).

328Courtois and Lagarce, Enkomi, 45.

329""Prolegomena,” p.280 II:2,10a; Minos V, p.20 no.202.

330NH,

331No FS shape specified, although Courtois (Alasia I, 289) does comment: ""Le fragment de jarre
mycénienne a étrier (Mycénien IIIB) no. 15 reléve d'un type relativement courant & Chypre et dans les
Pays du Levant durant le Chypriote Récent II.""

332Alasia Il, p.285 no.15.

3334lasia I, p.285 no.15.",0,eng,87.87662611522634,False,1648426834.464663,1.75
167,"


- 154

Large fine-ware SJs
*“ATHIENOU 2134 + 3042/1 Athienou 2134 + 3042/1
Cyprus Museum: 2134 + 3042/1.
Hebrew University of Jerusalem (T.Dothan, A.Ben-Tor): 1971-1972.
Same sign [#6C, #6C] incised once each handle. After firing 334

Complete profile; both handles preserved, though one is damaged. FS 164.335 DOL,
banded.33¢

Ware: Mycenaean IIB.337
Context: 14th-13th centuries BCE.338

Two adjacent pits, purposefully and simultaneously filled with luxury (i.e. many
imported) items. In a settlement area in which there is evidence of much metalworking
and cult activity.339

Athienou, p.48 fig.13:4, p.49, p.122 fig.55

   

 

334NH; Athienou, 49.

335Based on the cited parallel with Enk.Sw.T.18/53-55 (Athienou p.49, p.142 n0.135).
336Cited as an exact parallel to Enk.Sw.T.18/53-55: Athienou, 49.

337 Athienou, 49.

338Stratum Il, loci 552 and 637: Athienou, 22, 23, 49, 53, 139 and p.142 no.163.

_ *3%Athienow, 20,22, 140, Same findspot as Athienou 2156 + 3112 (intra.",0,eng,86.83834388811188,False,1648426835.0643032,1.75
168,"


155

Large fine-ware SJs
*KITION 1/5120 Kit.0/5120
Larnaca Museum: 11/5120.
Cyprus Dept. of Antiquities (V.Karageorghis): 1977.
Single sign [#30] incised into handle. After firing.340
Handle fragment (Hdle.W:2.7).

Ware: Mycenaean IIB.341
Context: LC IA.342

Settlement (religious precinct): temple storeroom.

Kition V1, 71; Kition V2, p.103, p.284, p.286 pLF, pls.CX, CXCIL

 

*KITION-BAMBOULA KEF-186 KitBam KEF-186
Larnaca Museum: KEF-186.

Mission Frangaise de Kition-Bamboula (M.Yon, A.Caubet): 1976-1977,

Part of a single incised sign [Frg., possibly #6C?]. After firing 343

Fragmentary false spout disc and strap handle. DOL.

Ware: Mycenaean IIB.344
Context: LC I1A.345

Tomb?

Kition-Bamboula, p.139 no.317, p.177, p.178, p.180 no.355, figs.81:355, 84:355.

 

ee
340NH; Kition V2, 103.

341Kition Vo, 103.

342 Area II, floor ILA, Temple 4 room 38C: Kition V2, 103; Kition V1, 71, 277-78.
343NH (contra M.Yon, A.Caubet); see comments in text, Timing of Marking.
344Kition-Bamboula, p.139 n0.317.

345LBA locus 314: Kition-Bamboula, 42-43,",0,eng,85.04197502816902,False,1648426835.7578392,1.75
169,"


 

156 ©

Large fine-ware SJs

*KALAVASOS-AYIOS DHIMITRIOS 40 KAD 40
Lamaca Museum: 40.

Vasilikos Valley Project (A. South Todd): 1979.
Same mark [#18A, #18A] incised into both handles. After firing 346
Complete (H:27.5). Possibly FS 176.347 DOL, banded.

Ware: Mycenaean I1B.348
Context: LC 11C.349

Settlement.350

 

 

346NH.
34780 classified by S.Heuck [RDAC (1981) P.74 no.21), though not, I believe, in KAD II].

348K AD I; if this jar is indeed FS 176, then the Mycenaean IIIB date should be revised to extend into
Mycenaean IIIC, as stated in Heuck, RDAC (1981) 68, 74.

349See Table 1 (continued).
3508 area, building I A28 4.2 pit. The excavator informed me that, contrary to preliminary reports

[A.K.South, ""Kalavasos-Ayios Dhimitrios 1979: A Summary Report,” RDAC (1980) 37], this context
is no longer interpreted as a possible pit tomb.",0,eng,86.92577327819548,False,1648426836.313465,1.75
170,"


 

 

157

Large fine-ware SJs
*KALAVASOS-AYIOS DHIMITRIOS 234351 KAD 234
Lamaca Museum: 40.
Vasilikos Valley Project (A. South Todd): 1980.
Part of a sign [Frg., possibly #39? or #427] incised into handle. After firing.352

Handle fragment (Hdle.W:3.25). Probably from a large stirrup jar (certainly from a
closed vessel). DOL.

Ware: Mycenaean.
Context: LC TIC.353

Settlement: yard area (large depression filled with rubble).354

*KALAVASOS-AYTOS DHIMITRIOS 600 KAD 600
Larnaca Museum: 600.

Vasilikos Valley Project (A.South Todd): 1983.

Single sign [#5] incised into one handle. After firing.355

Two handles and disc of large stirrup jar. Probably FS 164.356 DOL.

Ware: Mycenaean.
Context: LC TIC.357

Settlement.358

KAD Il.

351Possibly from same jar as KAD 619.

352NH.

353See Table 1 (continued).

354SE Area, A43 3.2 (= immediately north of Building IX): ""...a large depression filled with stone
rubble. Among this rubble were many sherds, a high proportion of which are of interesting and varied
types...."" A.K. South, ""Kalavasos-Ayios Dhimitrios,"" _RDAC (1982) 63.

355NH.

356NH.

357See Table 1 (continued).

358, 202 4.1 (Building I).",0,eng,89.40476288690476,False,1648426837.0393758,1.75
171,"


158

Large fine-ware SJs
*KALAVASOS-AYIOS DHIMITRIOS 619359 KAD 619

Lamaca Museum: 619,

Vasilikos Valley Project (A.South Todd): 1983.

Single sign [#42A] incised into handle. After firing 360

Handle fragment. Probably from a stirrup jar (certainly from a closed vessel). DOL.

Ware: Mycenaean.
Context: LC IIC.361

Settlement: yard.362

 

LAPITHOS T.502/98c363 Lapithos T.502/98c
Cyprus Dept. of Antiquities (M.Markides): 1915.

Part of a single sign [Frg., possibly #14? or #152] incised into one (broken) handle.
Neck fragment with two handles. FS 164, possibly FS 167.364 DOL.

Ware: Mycenaean INB,36
Context: LC II-I1A.366

Tomb.

A.Pieridou, “A Tomb-Group from Lapithos ‘Ayia Anastasia',"" RDAC (1966) p.9
no.98c, pl.I:2.367

 

359Possibly from same jar as KAD 234.

360NH: Note that the incised grooves expose the buff core fabric, ie. the core visible in these grooves
was not exposed to firing. Thus, this mark was cut after firing and demonstrates that
tools were available to cut clean, deep incisions into hard-fired Mycenaean ware. See
supra, Timing of Marks.

361See Table 1 (continued).

3625 Area, A43W 3.4: north of Building IX.

363$ame as Ayia Anastasia T.2/98c.

364SCE IVC, p.336 type 164 (12), but nb also mentioned here as possibly FS 167(?).

365RDAC (1966) p.9 n0.98c.

366RDAC (1966) 1-2, 11.

367SCE IV:IC, p.336 type 164 (2).",0,eng,87.94815198536585,False,1648426837.824041,1.75
172,"


159

Large fine-ware SJs

Larnaca 53
Larnaca Museum: 53.

Single sign [#34] incised into top of the disc.
Almost complete (H:31.5). FS 164 or FS 167.368 DOL, banded.

Ware: Mycenaean IIB.36
Provenience unknown.

CVA Cyprus 1, p.46, p.48 fig.3:24, pl.40:1.370

CESNOLA 775 Cesnola 775
New York, Metropolitan Museum of Art, Cesnola Collection: 775 (=74.51.736).
Cesnola: ca.1870.

Two signs [#6A, #44C] inscribed into one handle, one sign incised on the other handle
[#27].371 After firing.372

Apparently complete (H:38.2). FS 164.373 DOL, banded.
Ware: Mycenaean IIIB.374
No specific context known; said to be from Alambra (=Dhali).375

Cesnola, Atlas II, pl.XC no.775; Cesnola, Atlas IML, Suppl. after pl.CXLI no.11;
Myres, Cesnola, pp.48-49 no.438, p.301, p.525.376

368FS 164 according to Astrém [SCE IV:IC, p.336 type 164 (u2)]; FS 167 according to Karageorghis
(CVA Cyprus 1, 46).

369CVA Cyprus 1, 46.
370SCE IV:IC, p.336 type 164 (u2).

371 These sign identifications are very tenuous as they are made on the basis of a very rough, small
sketch in Myres, Cesnola, 49.

372Cesnola, Atlas IL, Suppl. after pl.CXLI no.11.

373SCE IV:IC, p.335 type 164 (m).

374SCE IV:IC, 336.

375Cesnola, Atlas Il, no.775; Cesnola, Atlas II, Suppl. after pl.CXLI no.11; Minos V, p.16 no.1.
376Minos V, p.16 n0.166; SCE IV:IC, p.335 type 164 (m).",0,eng,88.65840868599034,False,1648426838.597356,1.75
173,"


160

Large fine-ware SJs
GELIDONYA P23 Gelidonya P23
Bodrum Museum of Underwater Archaeology.
University of Pennsylvania (G.F. Bass): 1960.
Single sign [#57]377 incised into disc.
Stirrup jar handle and fragmentary disc. FS 1642378

Ware: Mycenaean.
Context: ca.1200 BC.379

Ship's cargo.

 

Gelidonya, p.124 P23, fig.133:23.

 

 

BET 4,12:
PAM: 34.1237.
1933.

Single sign [#11D] incised into handle. After firing?380

Handle fragment (Hdle.W:3.5) and fragmentary disc. (est.H of jar:40). DOL.
Ware: Mycenaean IITB.381

Settlement.382

Hankey, BSA 62 (1967) p.127 fig.4, pl.28:cl.

 

ee

377 The description and drawing do not make clear whether the sign consists of a cross only, or a cross in
the center of a circle.

378 The handle section and the shape of both handle and disc depicted in the illustration do not seem
characteristic of FS 164; the parallels cited in the publication, however, are Enk.Sw.T.18/55 and
Kourion C501, both certainly FS 164.

379Gelidonya, 164-65.

380 Hankey, BSA 62 (1967) 127.

381 Hankey, BSA 62 (1967) 127.

382Room 1726-16: Hankey, BSA 62 (1967) 127.",0,eng,87.02556144242425,False,1648426839.2553742,1.75
174,"


161

Large fine-ware SJs

z TAH 37-417
PAM: 37-417,

Hamilton: 1934.
Part of a single sign [Frg., possibly #3A2] incised into handle. After firin, g.383
Handle fragment. FS 1647384 DOL.

Ware: Mycenaean ITB.385
Context: Mycenaean IIIA late-IIIB.386

Settlement: Public building, possible military function.387

Hamilton, QDAP 4 (1935), p.53 no.310Ad; Balensi, pp.178, 436, 555, catal.p.108
pls.37:33, 75, 154:10.

 

  

ee
383Balensi, 178, 555.

384Balensi, p.555, catal.p.108, But note that Hamilton [DAP 4 (1935) 53] identifies this handle as
being from a piriform jar, and Leonard mentions both possibilities: p.45 no.545u (misc, stirrup jar),
P-10 no.88a (misc. pithoid jar),

385Balensi, p.555, catal. p.108.

38€Stratum V, dated by the Mycenaean pottery therein: Balensi, 555.

3873 rooom 64: Hamilton, QDAP 4 (1935) 12.",0,eng,85.18505820338981,False,1648426839.807465,1.75
175,"


 

162

Large fine-ware SJs

BYBLOS K11/T.3 Byblos
Simon: 1971-1973.

Single sign [#36A] incised into handle. Before firing.288
Handle (Hdle.W: ca.3.5) fragment and attached body sherd. FS 1642389 DOL.

Ware: Dated to Mycenaean IC by Salles, based entirely on the dating of motifs on other
sherds thought by him to come from the same type of vessel.390 However, these other
fragments are not stirrup jar fragments, and in the absence of close contextual
association, there is no reason that the date assigned to these other fragments should be
applied to the stirrup jar handle.

Context: Very disturbed (LBA-Roman).391

Tomb.
J.-F. Salles, La necropole

 

"" de Byblos, (ADPF 1980) p.34, pl.13

       
  

TI LXI 44/13

uplion Museum.
1978.

Single sign [#33B] incised into handle. After firing.392
Handle fragment (Hdle.W:3.1). Stirrup jar? DOL.

Ware: Mycenaean.
Out of context.3%3

Olivier, AA (1988) p.256 no.18, p.261 fig.3:18, p.265 fig.5:18.

 

 

388] F Salles, La necropole ""K"" de Byblos (ADPF 1980) 34.

38° Identified as a krater handle by Salles, but illustration (p1.XII:4) does not support this identification.
S.Sherratt and P.Mountjoy kindly took the time to look at the published drawing and both agree that the
illustrated fragment is a stirrup jar handle rather than a krater handle. P.Mountjoy thought that it was
Probably an FS 164 stirrup jar, to judge by the width and shape of the handle.

390Salles, La necropole ""“K"" de Byblos, p.34, p.81 pl.13:5-8.

391Saltes, La necropole ""K” de Byblos, 13, 15.

392Ohivier, AA (1988) p.256 no.18,

3°3Found in lower citadel, S area, in level dating to 420/360 CE: Olivier, AA (1988) 255.",0,eng,89.268361992278,False,1648426840.661293,1.75
176,"


 

163

Large fine-ware SJs
TILXIV 44/85 Ib

Nauplion Museum.
1979.

Single sign [#44B] incised into handle. After firing.394
Handle fragment (Hdle.W:3.2). Stirrup jar.395 DOL.

Ware: Mycenaean.
Context: LH I1TB2.396

Settlement.

Olivier, AA (1988) p.256 no.21

 

261 fig.3:21; p.265 fig.5:21.

 

 

3940livier, AA (1988) p.256 no.21.

395The publications of the marked stirrup jars found at Tiryns do not assign specific FS designations,
Probably because the material is extremely fragmentary. Most marked handles, however, can be
identified as coming from stirrup jars (by preserved fragments of the attached disc), and the widths of
those handles indicates that the stirrup jars were large. These large, but not certainly FS 164, stirrup jar
handles from Tiryns are here included with the FS 164 jars since (1) given their date and size, most are
Probably from specifically FS 164 jars, and (2) since the typologies for larger varieties of stirrup jars
have not yet been worked out clearly and no specific origins or functions are associated with certain
varieties, at this point even if one were able to identify the specific shape from which a marked handle
fragment came, that information would provide little further understanding of how the marks functioned.
The marked vessels assigned to this section of the catalogue all have the following significant
characteristics in common: they are large (ca.30cm and over), fine-ware, stirrup jars and it is these
features which are considered significant in discussing possible reasons for the marks.

396Lower citadel, south (open) area: Olivier, AA (1988) 256,",0,eng,94.05802511336032,False,1648426841.49447,1.75
177,"


164

Large fine-ware SJs

TILXMI 44/61 1
Nauplion Museum.
1979,

Single sign [#31] incised into handle. After firing(?)397
Handle fragment (Hdle.W:3.4). Stirrup jar.398 DOL.

Ware: Mycenaean, pre-LH IIC.399
Context: LH TIC fill.400

Fill: settlement debris?401

 

ee
397Olivier, AA (1988) p.256 no.20.
398(Supra n. 395).

399Olivier, AA (1988) p.256 no.20.
4000 tivier, AA (1988) 256,

40lLower citadel: Olivier, AA (1988) p-256 n0.20,",0,eng,78.87382744262294,False,1648426841.885414,1.75
178,"


165

Large fine-ware SJs
TI LXTI 40/36 I
Nauplion Museum.
1976.
Single sign [#35C] incised into handle. After firing.402
Handle fragment (Hdle.W:3.2). Stirrup jar.403 DOL.

Ware: Mycenaean, pre-LH IIIC.404
Context: LH TIC fill.405

Fill: settlement debris?405

 

ee
402Olivier, AA (1988) p.256 no.17.
403(Supra n.395).

404Olivier, AA (1988) p.256 no.17,
405 Olivier, AA (1988) p.256 no.17.

496 above Building VI, North: Olivier, AA (1988) p.256 no.17.",0,eng,79.43974876923079,False,1648426842.295455,1.75
179,"


166

Large fine-ware SJs
TI LX1 36/7 IV/G
Nauplion Museum.
1981.
Single sign [Frg., possibly #252] incised into handle. After firing.407
Handle fragment (Hdle.W:3.1). Stirrup jar.4°8 DOL.

Ware: Mycenaean, possibly pre-LH IIC.409
Context: LH HIC.410

Settlement?411

 

IS Ni TI Neg.639
Nauplion Museum?

_ Single sign [#35A] incised into handle. After firing.412
Handle fragment (Hdle.W:ca.2.5). Stirrup or piriform jar.413 DOL.

Ware: Mycenaean IIB.414
No specific context.

Déhl, Kadmos 18 (1970) p.52 no.87, fig.7:87.

 

 

407 Olivier, AA (1988) p.259 no.22.

408 (Supra n.395).

409 Olivier, AA (1988) p.259 no.22.

410Q}ivier, AA (1988) p.259 no.22.

411Fosse, south of the casemate Ouest 15: Olivier, AA (1988) p.259 n0.22.

42D 6h1, Kadmos 18 (1979) 50.

413D hl, Kadmos 18 (1979) p.52 no.87. Designated as a stirrup jar for purposes of this text.
414Dehl, Kadmos 18 (1979) p.52 n0.87.",0,eng,80.32211318045113,False,1648426842.8729112,1.75
180,"


167

Large fine-ware SJs
TIRYNS LAI 183 TII AI 183
Nauplion Museum.
1968.

Single sign [#5] incised into handle. After firing.415
Handle fragment (Hdle.W:3.4). Stirrup jar.446 DOL.

Ware: Mycenaean.
Context: Probably LH IIB.417

Settlement.

Olivier, AA (1988) p.256 no.16, p.261 fi;

   

42, I TI LXI 42/70 XI
Nauplion Museum.
1981.
Single sign [#7B] incised into handle. After firing.418
Handle fragment (Hdle.W:2.8). Stirrup jar.419 DOL.

Ware: Mycenaean.
Context: (LH IB1 end) or LH I1B2.420

Settlement.

Olivier, AA (1988) p.259 no.23, p.261 fig.3:23, p.265 fig.

   

ee
“'5Olivier, AA (1988) p.256 no.16.

416(Supra n.395).

417 Lower citadel, in area of Batiment II: Olivier, AA (1988) p.256 no.16.

418Olivier, AA (1988) p.259 no.23.

419(Supra 0.395).

420South of Batiment VI (under the LH IIIB2 floor): Olivier, AA (1988) p.259 no.23,",0,eng,80.41030542399999,False,1648426843.451879,1.75
181,"


 

168

Large fine-ware SJs

TIRYNS 27.428 TI 27.428
Nauplion Museum: 27.428.

Two handles [Frg., #9A] each with a single sign (one only partially preserved) [#9,
Frg.]. After firing.42!

Disc and two handle fragments (Hdle.W:2.5; disc dia.:6.4), Stirrup jar.422 DOL,

Ware: Mycenaean IIB.43
Context: LH TIB2.424

Dump: settlement debris?

Dohl, Kadmos 18 (1979) p.50 no.81, fig.6:81, pl.VI:81.

 

 

TIRYNS 27,429 TI27.429
Nauplia Museum: 27,429.

Two handles, each with a single sign (one only partially preserved) [#7B, Frg.J. After
firing.425

Disc and handle (Hdle.W:2.6, disc dia.:6.2), Stirrup jar.426 DOL.

Ware: Mycenaean IIIB.427
Context: LH I1B2.428

Dump: settlement debris?

 

421Doh1, Kadmos 18 (1979) 50.

422(Supra n.395).

423D¢hl, Kadmos 18 (1979) p.50 no.81.

44Epichosis: Dohl, Kadmos 18 (1979) p.50 no.81. See Table 1 (continued).
425Dehl, Kadmos 18 (1979) 50.

426(Supra n.395).

427D¢hl, Kadmos 18 (1979) p.50 no.82.

428 pichosis, level K1-2 (lowest): Chadwick, Mycenae Tablets I, p.74 no.1; Dihl, Kadmos 18 (1979),
P50 no.82. See Table 1 (contintued).",0,eng,83.33580005228758,False,1648426844.120683,1.75
182,"


169

Large fine-ware SJs

TIRYNS 27.430 TI 27.430
Nauplion Museum: 27.430.

Single sign [#45] incised into handle. After firing.429
Fragmentary disc and handle (Hdle.W:3.3, disc dia.:5.6). Stirrup jar.430 DOL.

Ware: Mycenaean IIIB.431
Context: LH 182.432

Dump: settlement debris?

Chadwick, Mycenae Tablets Il, p.73:5, p.74 no.5; Déhl, Kadmos 18 (1979) p.5l
83, fig.6:83, pl. VIL-83.

    
 

27.4: TI 27.431

TIRYNS 27.431
Nauplion Museum: 27.431.

Single sign [#9A] incised into handle. After firing.433
Handle and disc fragment (Hdle.W:3.2). Stirrup jar.434 DOL.

Ware: Mycenaean IIIB.435
Context: LH I11B2.436

Dump: settlement debris?

Chadwick, Mycenae Tablets I, P.73:2, p.74 no.2; Dohl, Kadmos 18 (1979) p.51
10.84, fig.6:84, pl.VII:4.

 

 

29D ehl, Kadmos 18 (1979) 50.
30(Supra n.395).
31Dahl, Kadmos 18 (1979) p.51 n0.83.

32Epichosis (unstratified): Dohl, Kadmos 18 (1979) p.51 no.83; Chadwick, Mycenae Tablets III, p.74
10.5. See Table 1 (continued).

33Dohl, Kadmos 18 (1979) 50,
34(Supra n.395).
>SDohl, Kadmos 18 (1979) p.51 no.84,

>SEpichosis (unstratified): Chadwick, Mycenaean Tablets MW, p.74 no.2; Dhl, Kadmos 18 (1979) p.51
0.84. See Table 1 (continued).",0,eng,84.20912454545453,False,1648426844.811121,1.75
183,"


 

170_

Large fine-ware SJs

TIRYNS 27.432 ‘TI 27.432
Nauplion Museum: 27.432.

Single sign? Ligature? Two signs? [#51] incised into handle. After firing.437
Complete handle and disc fragment (Hdle. W:3.5). Stirrup jar.428 DOL,

Ware: Late Mycenaean IIIB.439
Context: LH I1B2.440

Dump: settlement debris?
Dohl, Kadmos 18 «g79) p.51 no.85, fig.6:85,

 
 

TIRYNS 27,433 TI 27.433
Nauplion Museum: 27.433.

Sign [#50] incised into handle. After firing 441
Handle and disc fragment (Hdle.W:3.1). Stirrup jar.442 DOL.

Ware: Mycenaean IIIB.443
Context: LH IITB2.444

Dump: settlement debris?
Doh, Kadmos 18 (1979) p.52 no.86, fig.6:86, pl. VII:86.

 

 

437Dehl, Kadmos 18 (1979) 50.

438(Supra 0.395).

9D ohl, Kadmos 18 (1979) p.51 0.85.

440Epichosis: Dahl, Kadmos 18 (1979) p.51 0.85. See Table 1 (continued).
441Dohl, Kadmos 18 (1979) 50.

442(Supra 0.395).

“43D ohI, Kadmos 18 (1979) p.52 0.86.

44Epichosis: Dhl, Kadmos 18 (1979) p.52 no.86. See Table 1 (continued).",0,eng,77.04543287142857,False,1648426845.42097,1.75
184,"171 Large fine-ware SJs TI LXI 43/9 XV Nauplion Museum. 1983, Same sign [#45, #45] incised into each handle. After firing.445 Upper fragment of stirrup jar: two handles, false spout, disc, and some shoulder fragments (Hdle.W:2.9, disc dia.: ca.6.0). Stirrup jar.446 DOL, Ware: Mycenaean. Context: LH IB 1 (late).447 Fill: settlement debris, AA (1988) p.255 no.12, p.257 fig.1:12, p.264 fig.4:12. Single sign [#6A, #42D) incised into each handle.   Olivier,   Disc and two handle fragments (Hdle.W: ca.3.5, disc dia.: ca.5.8). Stirrup jar.448 DOL. Ware: Mycenaean. Dohl, Kadmos 18 (1979) P.51 no,82, fig.6.   ee “4SOlivier, AA (1988) p.255 no.12, 446(Supra n.395). 47Debris from an ancient fortification and house: Olivier, AA (1988) p.255 no.12. 448(Supra n.395).",0,eng,87.01175751327435,False,1648426846.479151,1.75
185,"


172

Large fine-ware SJs

ASINE Asine
Swedish Institue of Classical Studies in Athens (Styrenius): 1974,

Part of a single sign [#38] incised into handle. After firing.“49
Handle fragment (Hdle.W: 3.2). Probably stirrup jar.450

Ware: Mycenaean.
Context: LH ITA-ITIB.451

Settlement.452

B.Frizell, ""A Late Helladic Graffito from Asine,"" Kadmos 16 (1977) 176-78.

Incised sign [#44B] on one handle. After firing.453

False spout and disc, two handles and attached shoulder fragments (Hdle.W: ca.3.2,
disc dia.: ca.7.0). Stirrup jar.454 DOL.

Ware: Mycenaean.
Context: LH IIB (end).455

Settlement?
P.Astrém, ""Excavations in the Citadel of Midea,"" AD 19 (1964) Chronika, p.134
pl.135c.

“49Frizell, Kadmos 16 (1977) 176.

450Frizell, Kadmos 16 (1977) 176.

451Frizell, Kadmos 16 (1977) 176.

452Bast of the acropolis: Frizell, Kadmos 16 (1977) 176.

4534D 19 (1964) Chr.134.

454Remarks re: Tiryns stirrup jar fragments (supra no.395) apply here also.
455 sh deposit: AD 19 (1964) Chr.134.",0,eng,89.38514585915493,False,1648426847.1157079,1.75
186,"


173

FS 164: Large coarse-ware stirrup jars 456
ENKOMI FRENCH T.12/36 Enk.Fr.T. 12/36
Mission Archéologique d'Alasia (C.F.Schaeffer) 1932-1935.
Single sign [#16F, #25E] incised into each handle.

Complete profile, except missing spout-rim (H:43). FS 164.457 DOL, single deep
wavy line fills body panel.

Ware: IIB.458
Tomb.

Missions en Chypre, p.91 fig.37, p.141 no.36.459

 

 

 

 

456To my knowledge, coarse stirrup jars are only found in large size, and thus all the marked coarse
stirrup jars in this catalogue are classified together as FS 164: coarse. Handles included in this section,
but without specific reference to shape should be understood to fall generally within the class of large
coarse-ware stirrup jars by reason of the fabric, shape, and size of the fragment. All stirrup jar fragments
identified as “Late Minoan"" in publication are assumed to be so identified Particularly with reference to a
Coarse fabric unless illustration or description provides other criteria (See, for example, Kition T.9/74,
infra, Other Stirrup Jars]. Fragments are here labelled “Minoan"" and “Helladic” in accordance with
the designation published by the excavator, although these identifications should be understood to be
Provisional. The provenience(s) of this class of transport/storage jar is currently being investigated by
RJones (Fitch Laboratory, British School of Archaeology, Athens) and H.Haskell (Southwestern
University, Georgetown, TX).

457SCE IV:IC, p.335 type 164 (g).
458Raison, VIP, p.25 no.116; SCE IV:IC, 336.
459MP, p.661 FM 53; Minos V, p.22 no.242; Benson, Berytus 14 (1961) p.46 no.63; Ugaritica Ul,

.234 fig.205:4-5; Raison, VIP, p.20 no.108, p.25 no.116, p.34 no.125, p.45 0.169, p.214 no.14;
SCE IV:IC, p.335 type 164 (g).",0,eng,90.0140875,False,1648426848.0361652,1.75
187,"


174

Large coarse-ware SJs

ENKOML 1962 0.8 Enk.1962n0.8
Cyprus Museum: 1962 no.8.
Mission Archéologique d'Alasia (C.F.Schaeffer): 1962.

Single sign [#49] incised into handle. After firing.460

One complete handle and disc; fragmentary second handle and false disc (Hdle.W:3.2,
disc dia.:6.7). DOL.

Ware: LM 0.461
Context: LC 1C.462

Settlement?
Courtois, Corpus céramique d'Enkomi, no.1931, fi

   

ENKOMI 1960 no.366 Enk,1960n0.366
Cyprus Museum: 1960 no.366.
Mission Archéologique d'Alasia (C.F.Schaeffer): 1960.

Part of a single sign [Frg.] incised into handle.
False spout, disc, and handle fragment (disc dia.:6.8). DOL.

Ware: LM IIIB.463
Context: LC IIC.464

Settlement?

 

 

460Courtois, Corpus céramique d'Enkomi, n0.1931.
461Courtois, Corpus céramique d’'Enkomi, no.1931.
462 Quartier SW, topo.pt.737 2.30m depth: Courtois, Corpus céramique d’Enkomi, no.1931.
43Courtois, Corpus céramique d'Enkomi, n0.1920,

464Quartier SE, topo,pt.522 1.50m depth: Courtois, Corpus céramique d'Enkomi, no.1920,",0,eng,83.09785681102363,False,1648426848.674335,1.75
188,"


175

Large coarse-ware SJs

*ENKOMI 1848/12 Enk.1848/12
Lamaca Museum: 1848/12.

Cyprus Dept. of Antiquities (P.Dikaios): 1948-1958.

 

Single sign [Frg., #24B] incised into handle. According to Dikaios, ""...traces of sign on
the second handle which is largely wanting.""465 After firing.466

One complete handle and disc, stub of second handle.467 DOL.

Ware: LM IIIB.468
Context: Early-middle LC 11C.469

Fill: settlement debris?470
Dikaios, Enkomi.

650, p.889, pls.92:25, 160:33, 315:21.

 
 

 

 

465Dikaios, Enkomi, 650.

466NH.

467Note: Only handle fragment with sign seen in museum; disc missing.
468Dikaios, Enkomi, 650, 889.

469Dikaios, Enkomi, 650, 889.

470 rea Ill, A-B 58-60 east, under casemate 64 (-15-14.80): Dikaios, Enkomi, P-650, pl.264 sxn.56.",0,eng,86.63355263461538,False,1648426849.169204,1.75
189,"


 

176

Large coarse-ware SJs
*ENKOMI 5903/4 Enk.5903/4
Cyprus Museum: 5903/4,
Cyprus Dept. of Antiquities (P.Dikaios): 1948-1958.
Single sign [Frg., possibly #25B? or C?] incised into handle. After firing.471
Handle fragment, broken just below disc. DOL.

Ware: LM IIIB.472
Context: End LC 01C.473

Settlement: fill.474

889, pl.315:45.

 
 
  

 

Enk.4551/2

Cyprus Dept. of Antiquities (P.Dikaios): 1948-1958.
Single sign [#53] incised into handle.
Handle fragment.

Ware: LM ITB.475
Context: LC IIC.476

Slag dump.477
Dikaios, Enkomi, p.669, p.889, p35: 41,

 

47H,

472Dixaios, Enkomi, 671, 889.

473Dikaios, Enkomi, 671, 889.

474 Area I, room 142, between floors VII and VI: Dikaios, Enkomi, pl.282 sxn.28.
475Dikaios, Enkomi, 669, 889.

476Dikaios, Enkomi, 669, 889.

477 Area II, E-Z 0-0, slag dump (14.45-15): Dikaios, Enkomi, 669.",0,eng,86.0340573076923,False,1648426849.704522,1.75
190,"


 

177

Large coarse-ware SJs
ENKOMI 6009/5 Enk.6009/5
Cyprus Museum?
Cyprus Dept. of Antiquities (P.Dikaios): 1948-1958.
Part of a single sign [#212] incised into handle,
Handle fragment.

Ware: LM IIIB.478
Context: LC IIC.479

Settlement.480

 

*ENKOMI 5791/1 Enk.5791/1
Cyprus Museum: 5791/1.

Cyprus Dept. of Antiquities (P.Dikaios): 1948-1958.

Single sign [#45] incised into handle. After firing 481

Handle fragment. DOL.

Ware: LM IIB.482
Context: LC IIC-IIIA.483

Settlement.484

 

 

478Dikaios, Enkomi, 671, 889.

479Dikaios, Enkomi, 671, 889.

480Area I, O-P 0-2 north, under floor VI of Level IILA room 46 (-13.76-13.10): Dikaios, Enkomi, 671.
481NH.

482Dikaios, Enkomi, 890.

483Level IIB-IIA: Dikaios, Enkomi, 711, 890.

484 Area I, room 39A level -13.68: Dikaios, Enkomi, 711; no particular function indicated for this room:
Dikaios, Enkomi, 186-87.",0,eng,84.9661930252101,False,1648426850.2679858,1.75
191,"


178

Large coarse-ware SJs

*ATHIENOU 2156+3112 Athienou 2156+3112
Larnaca Museum: 2156 + 3112.
Hebrew University of Jerusalem (T.Dothan, A.Ben-Tor): 1971-1972.

Single sign [#18B] incised into handle. After firing.485
Almost complete: neck and spout broken off, one extant handle (est.H:42). FS 164.

DOL. Pair of suspended antithetic spirals on shoulder opposite spout; deep continuous
wavy line fills belly zone.

   

Ware: LM IIB.486
Context: 14th-13th centuries BCE.487

Two adjacent pits, purposefully and simultaneously filled with luxury (i.e, many
imported) items. In a settlement area where there is evidence of much metalworking and
cult activity.488

 

 

 

485NH; Athienou, 52.

486Athienou, 52. (Identication as FS 164 by NH).

487Stratum II loci 552 and 637: Athienou, 22, 23, 52, 139.
488Achienou, 20, 22, 140, Same findspot as Athienou 2134+3042/1.

4897 Dothan, ""Minoan Elements and Influence at Athienou, Cyprus,” in Acts Cyprus/Crete, pp.174-75,
pLXX:2.",0,eng,90.41167973722628,False,1648426850.889191,1.75
192,"


 

179

Large coarse-ware SJs

*PYLA-KOKKINOKREMOS 27 Pyla-Kk 27
Cyprus Museum: 27.
Cyprus Dept. of Antiquities (V.Karageorghis): 1981-1982.

 

Single sign [#26B] incised into handle. After firing.49°

Fragment of false spout disc, and complete handle (Hdle.W:3.6). DOL? @ossible traces
of painted decoration).

Ware: LM IIB.491
Context: LC IIC.492

Settlement.
Pyla-Kokkinokremos, p.35, p.50, p.76 no.6, p.78 fig.6, pls XXII, XL.

 

*“KITION 1136814 Kit.0/3681A
Larnaca Museum: 11/3681A.
Cyprus Dept. of Antiquities (V.Karageorghis): 1974.

Single sign [#87] incised into handle. After firing.493
Handle fragment which includes partial disc. DOL.

Ware: LM TIB(?).494
Context: LC IIA-B.495

Well 496
Kition V2, p.235, p.241

284, pLF, pls.CLXXXV, CCKXXVII.

 
 

 

490NH; Pyla-Kokkinokremos, 35.

491 Pyla-Kokkinokremos, 35, 50.

492Pyla-Kokkinokremos, 66-67.

493NH; Kition V2, 235.

494Kition V2, 235.

495 Based on finds listed in: Kition V2, 241-42; also, Plans IV-VI.

496Well 6, Temple 4 (Room 38): Kition V2, 235.",0,eng,85.43445427737227,False,1648426851.52185,1.75
193,"


 

180

Large coarse-ware SJs
KOQURION-BAMBOULA B1129 Kourion B1129
University Museum, Philadelphia: 54-12-99.
University of Pennsylvania (J.F.Daniel): 1938-1948.
Single sign [#33E] incised into one handle. Before or after firing?497

Base missing, but most of upper body complete (est.H:33). FS 164.498 DOL. Double
deep wavy lines fill belly zone.

Ware: LM II1B.499
Context: LC IIC.500

Settlement.

“Prolegomena,"" p.267 fig.11, p.277 no.82, p.277 fig.16:82, p.281 IV:4.501

 

 

497Before firing reported in T.G-Palaima et al, Kadmos 23 (1984) 71-72, but see my arguments for
after firing, supra, Timing of Marking. Daniel also argues for after firing (""Prolegomena,"" p.277
n0.82).

498SCE IVC, p.336 type 164 (1).

499See T.GPalaima et al, Kadmos 23 (1984) 67-69 for discussion of jar’s Minoan origin [also,
""Minoika in Cyprus,” BSA 55 (1960) 119]; other (earlier) publications argue for Greek mainland origin
[Benson, Berytus 14 (1961) 42; ""Kourion, Bamboula,"" AJA 64 (1960) 149}.

59}, Benson, ""Bamboula at Kourion: The Stratification of the Settlement,"" RDAC (1969) 20-21;
Benson, Berytus 14 (1961) 46-47; Raison, VIP, 34 no.125; T.G.Palaima et al, Kadmos 23 (1984) 66.

501 Minos V, pp.14-15; ""Kourion, Bamboula,"" AJA 64 (1960) 148-49; ""Minoika in Cyprus,"" BSA 55
(1960) p.119 no.26; Benson, Berytus 14 (1961) pp.46-47 no.65, p.46 fig.3, pl_XVIII:2; Raison, VIP,
P.20 no.108, p.25 no.116, p.34 no.125, p.198 no.25; Bamboula, p.117, pl.33; SCE IV:IC, p.336 type
164 (1); Haskell (fc.) EP 01.",0,eng,88.40995272727272,False,1648426852.3210418,1.75
194,"


181

Large coarse-ware SJs
5 Kourion B1137
Episkopi Museum?502
University of Pennsylvania (J.F.Daniel): 1938-1948.
Part of a single sign [Frg.] incised into handle. After firing 503
Handle fragment, broken off at top, near disc. FS 164,504

Ware: LH I11B?505
Context: LC I1A.506

Settlement.

 

 

502(Supra n.164).
503""Prolegomena,"" p.277 class IV.
504SCE IV:IC, p.336 type 164 (v).

505""Kourion, Bamboula,"" AJA 64 (1960) 149; Benson, Berytus 14 (1961) 42; IIIB according to SCE
IV:IC, 336, but this does not correspond with stratigraphic date.

506Area A, A:3: ""Prolegomena,” p.278 no.83; J.L.Benson, ""Bamboula at Kourion: The Stratification of
the Settlement,"" RDAC (1970) 36, 40; Bamboula, 118.

597 Minos V, pp.14-15; ""Kourion, Bamboula,"" AJA 64 (1960) 148-49, pi.38; Benson, Berytus 14
(1961) p.47 0.67; Bamboula, 118; SCE IV:IC, p36 (v).",0,eng,86.36364035483874,False,1648426852.871255,1.75
195,"


182

Large coarse-ware SJs
*KOURION-BAMBOULA B1138 Kourion B1138
University Museum, Philadelphia.
University of Pennsylvania (J.F.Daniel): 1938-1948,
Single sign [#6A] incised into dise.508 After firing 509
An almost complete disc and stump of one handle (disc dia.:6.4). FS 164.510 DOL,

Ware: LH IB.511
Stray.512

 

Settlement?

""Prolegomena,"" pp.267-68, p.277 no.79, p.277 fig.16:79, p.281 IV:3,513

 

 

 

508""Prolegomena,” p.277 n0.79.

509NH; ""Prolegomena,” 277.

SLOSCE IV:IC, p.336 type 164 (v).

511""Kourion, Bamboula,” AJA 64 (1960) 149; Benson, Berytus 14 (1961) 42: SCE IV:IC, 336.
512Area B, well, in an Iron Age deposit: Bamboula, 118.

513Minos V, pp.14-15; ""Kourion, Bamboula,"" AJA 64 (1960) 148-49, pl.38; Benson, Berytus 14
(1961), p.42, p.47 no.67; Bamboula, 118; SCE IV:IC type 164 (v),",0,eng,84.28410932142857,False,1648426853.431106,1.75
196,"


 

 

183

Large coarse-ware SJs
i] Kourion B1139
Episkopi Museum?5!4
University of Pennsylvania (J.F.Daniel): 1938-1948.
Single sign [#87] incised into handle. After firing.515

Neck, disc, and one handle with connecting fragment of shoulder (disc dia.:6.3). FS
164.516 DOL.

Ware: LH INIB.517
Context: Stray.518

Settlement?

""Prolegomena,” p.267 no.5, p.277 no:80, p.277 fig.16:80, p.281 IV:5.

   

 

514(Supra n.164).

515""Prolegomena,"" 277.

SI6SCE IV:IC, p.336 type 164 (v).

517""Kourion, Bamboula,"" AJA 94 (1960) 149; Benson, Berytus 14 (1961) 42; SCE IV:IC, 336.
518*Prolegomena,"" p.277 no.80.

519Minos V, pp.14-15; ""Kourion, Bamboula,” AJA 64 (1960) pp.148-49, pl38; Benson, Berytus 14
(1961) p.42, p.47 no.67; Kalopsidha, 187; SCE IV:IC, p.336 type 164 (v).",0,eng,85.97731378846153,False,1648426853.9600482,1.75
197,"


184

Large coarse-ware SJs
*KOURION-BAMBOULA B1140
University Museum, Philadelphia.
University of Pennsylvania (J.F.Daniel): 1938-1948.

Kourion B1140

Single sign [Frg.] incised on handle. After firing.520
Fragment of disc and handle stump. FS 164.521 DOL.

Ware: LH IITB.522
Context: LC IIC.523

Settlement.

 

 

520NH; ""Prolegomena,"" 277.
521SCE IV:IC, p.336 type 164 (v).
522""Kourion, Bamboula,"" AJA 64 (1960) 149; Benson, Berytus 14 (1961) 42; SCE IV:IC, 336,

523.area D, A (cellar): ""Prolegomena,"" p.277 no.81; J.L.Benson, ""Bamboula at Kourion: The
Stratification of the Settlement,” RDAC (1969) 20-21.

524Minos V, 14-15; ""Kourion, Bamboula,"" AJA 64 (1960) pp.148-49, pi.38; Benson, Berytus 14
(1961) p.42, p.47 0.67; Bamboula, 118; SCE IV:IC, p.336 type 164 (v).",0,eng,86.6919285046729,False,1648426854.466797,1.75
198,"


 

185

Large coarse-ware SJs
*KOURION C501 Kourion C501
iti : C501.
British Museum Expedition (Turner Bequest): 1895,

"" Bach handle incised with the same sign [#3A, #3A]. After firing?525

 

Complete profile; some body fragments missing (H:45). FS 164,526 DOL. Shoulder
decorated with some sort of animal (bird?) motif drawn in outline; each side of body
decorated with an elaborate octopus.

Ware: LH/LM IIIA2-IIIB,527
Context: LC IB, or possibly earlier, 528

Tomb.

Excavations in Cyprus, pp.73-74, fig.128; BMCVI pt.2, Pp.99-100, fig.176; Benson,
she

Berytus 14 (1961) pp.37-42, figs.1-2, plXVI:1-4.

   
 

ee

S25NH: This piece was very puzzling to me. Grits were sliced and cut through by the incising tool, and
in places doubled lines indicate retracing—these features are indicative of Post-firing marking. On the
other hand, the grooves themselves were generally very clear, sharp and deep--can this be done so neatly
on such coarse ware after firing?

S26MP, p.610 FS 164:16; SCE IV:IC, p.335 type 164 (e).

527 Much debate about the place where this vase was made. Benson [Berytus 14 (1961) 42] argues for
mainland Greece, while A.S.Murray, A.H.Smith, and H.B.Walters (Excavations in C; ‘yprus, 74;
BMCV, 99-100], Catling and V.Karageorghis [""Minoika in Cyprus,” BSA 55 (1960) 119] postulate a
Minoan origin. MA2-B date cited by Benson [Berytus 14 (1961) 40 based on context (infra n.528) as
well as style, pace MP, p.610 FS 164:16 (=0A2)]. Haskell (fc.) agrees with this date.

 ",0,eng,86.98048231601733,False,1648426855.353706,1.75
199,"


 

186

Large coarse-ware SJs

* 30 CM A1580
Cyprus Museum: A1580.

Each handle incised with the same sign [#15, #15]. After firing.531

Nearly complete (H:43). FS 164.532 DOL, two elaborate octopi fill belly zone.
Ware: LM (IIIA2?) IIIB.533

 

 

530Presented to the Cyprus Museum by G.C.Gunther. Provenience unclear. O.Masson [Minos V, p.14
no.1] believes this vase probably came from Katydhata, as Gunther was President of the Cyprus Mines
Corporation at Skouriotissa. But ARCA 1916, p.22 states: *...it is said to have come from the village
of Styloi, near Famagusta.”

Incorrectly identified as A1504 in Benson, Berytus 14 (1961) as well as in “Minoika in Cyprus,"" BSA
55 (1960) p.119 no.124,

531NH; CVA Cyprus 1, 44,

532MP, FS 164:17; CVA Cyprus 1, p.43; SCE IV:IC, p.335 type 164 (6).

53311142? : MP, p.610 FS 164:17; IMB: SCE IV:IC, P.336; Minoan: CVA Cyprus 1, p.44.
S34Gierstad, Studies, p.215:8; MP, p.506 1:3, p.508 la, P.610 FS 164:17; Dikaios, GCM2, p.32
£0-139¢; H.-G.Buchholz, ""Zur Herkunft der Kyprischen Silbenschift,” Minos III (1954), p.143, pLVI
fig.6 right; Minos V, p.14 no.53, pLIL:5; Kupriaka Spoudai KG (1959) pl.2b; Benson, Berytus 14

(1961), pp.47-48 0.69; ""Minoika in Cyprus,"" BSA 55 (1960) p.119 no.24, pl.29:a-b; SCE IV:IC,
P.335 type 164 (f); Haskell (fc.) CYP 01.",0,eng,85.8941696292683,False,1648426856.079065,1.75
200,"


187

Large coarse-ware SJs

*DHENIA-KAFKALLA 1937/IV-13/1 Dhenia 1937/IV-13/1
Cyrpus Museum: 1937/IV-13/1.

Single sign [#17, #48] incised into each handle. After firing 535

Upper body fragment: handles and disc complete, spout rim missing, sections of
shoulder preserved. FS 164.56 DOL. Single? wavy line fills belly zone.

Ware: LM II1B.537
Probably from a tomb.

O.Masson, ""Vases de Dhenia portant des signes chypro-minoéns,"" OpAth 4 (1962),
p.228, pp.301-2, figs.1-2.538

 

 

*DHENIA-KAFKALLA 1938/K-1022 Dhenia 1938/X-10/2
Cyprus Museum: 1938/X-10/2.

Single sign [#21] incised into handle. After firing.539

Upper body fragment: complete handles and false spout, spout broken, most of shoulder
preserved. FS 164.549 DOL, octopus design in belly zone.541

Ware: LM IIIB.%42
From a looted tomb.

O.Masson, “Vases de Dhenia portant des signes chypro-minoéns,"" OpAth 4 (1962),
p.228 no.2, no.9,543

 

535NH; O.Masson, OpAth 4 (1962) 301.
S36SCE IV:IC, p.335 type 164 (n).
537Raison, VIP, p.25 no.116: dated to IIB on the basis of the octopus motif.

538Raison, VIP, p.23 n0.110, p.25 no.116, p.34 n0.125; SCE IV:IC, p.335 type 164 (n); Haskell (fc.)
DHE 02.

53°NH.
S40SCE IV:IC, pp.335-36 type 164 (p).
541""Minoika in Cyprus,"" BSA 55 (1960) p.119 n0.27.

542Minoan: ""Minoika in Cyprus,” BSA 55 (1960) 121. I1IB: Raison, VIP, p.25 no.116; SCE IV:IC,
P.336 type 164.",0,eng,87.45784128358208,False,1648426856.835198,1.75
201,"


188

Large coarse-ware SIs
5 i. Akanthou 1961/VII-12/1
Cyprus Museum?
V.Karageorghis: 1961.
Single sign [Frg., possibly #6A7] incised into handle. After firing 544
Handle fragment. FS 164.545
Ware: LM IITB.546
Surface find; probably from a tomb.547
V.Karageorghis, ""Chronique des fouilles A Chypre en 1961,"" BCH 86 (1962) pp.376-
71, fig.67.548

 

 

 

543""Minoika in Cyprus,"" BSA 55 (1960) p.119 n0.27, pl.29d; Raison, VIP, p.23 no.110, p.25 no.116,
P.34 no.125; SCE IV:IC, pp.335-36 type 164 (p).

544*Chronique,” BCH 86 (1962) 377; SCE IV:IC, p.335 type 164 ().
545""Chronique,"" BCH 86 (1962) 377.

546""Chronique,” BCH 86 (1962) 377; SCE IV:IC, 336.
547""Chronique,"" BCH 86 (1962) 377.

S48SCE IV:IC, p.335 type 164 (1).",0,eng,84.2219141203704,False,1648426857.3312929,1.75
202,"


189.

Large coarse-ware SJs

*AKANTHOU-MOULOS CS 997 no.31. Akanthou CS 997no.31
Archaeological Survey of Cyprus Collections: CS 997.549

Single sign [#19A, #52C?] incised into each handle.550 After firing,551
Two handle fragments. FS 164,552

Ware: LM IIB.553

Surface find; probably from a tomb.554

""Minoika in Cyprus,"" BSA 55 (1960) p.121 no.31; H.-G. Buchholz, ""Henkelmarken
an einer Biigelkanne in Erlangen,” AA (1963) col.38 no.! 9, col. 39 fig.4a.555

 

 

%49The sherd itself is labelled CS 997, contra the number CS 990 reported in ""Minoika in Cyprus,""BSA
55 (1960) p.120 no.140.

550] was able to find and examine only one handle/sign [#19A] from this vase in the museum
‘storerooms,

551NH; ""Minoika in Cyprus,” BSA 55 (1960) p.121 no.31.
552SCE IV:IC, p.335 type 164 (k).

553""Minoika in Cyprus,"" BSA 55 (1960) 121; SCE IV:IC, 336.
554*Chronique,” BCH 86 (1962) 377.

SS55SCE IV:IC, p.335 type 164 (k); Haskell (fe.) AKM 03.",0,eng,87.34897095172414,False,1648426857.9116201,1.75
203,"


 

190

Large coarse-ware SJs

Akanthou CS 997n0.30

ae

'AKANTHOU-MOULOS CS 997 no,30
Archaeological Survey of Cyprus Collections: CS 997,556
Three parallel lines [#2] incised into handle. After firing.557

Upper body fragment: false neck, both handles, and part of shoulder preserved. FS
164,558

Ware: LM ITB.559
Surface find; probably from a tomb.560

""Minoika in Cyprus,"" BSA 55 (1960) p.120-21 no.30.561

 

34 G(7)362 San Antonio
San Antonio: 86-1-34 G(17).

Same sign [#39] incised into each handle.

Complete. FS 164.563 DOL. Elaborate octopus decoration fills belly zone.
Probably from Cyprus.
H.Haskell (fc.).

 

ee
556(Supra n.549).

557NH; ""Minoika in Cyprus,"" BSA 55 (1960) p.121 n0.30.

558SCE IVC, p.335 type 164 ()).

359""Minoika in Cyprus,"" BSA 55 (1960) 121; SCE IVIIC, p.335 type 164 (j).
560*Chronique,” BCH 86 (1962) 377.

561Kalopsidha, 166; SCE IV:IC, p.335 type 164 (); Haskell (fe.) AKM 02.
562This vase brought to my attention kindness of Haskell.

S56NH,",0,eng,82.10628555782313,False,1648426858.526453,1.75
204,"


  
  

191

Large coarse-ware SJs

ERLANGEN 1/335 Erlangen
Kunstsammlung der Universitat Erlangen: Inv. Nr. I 335.

Single sign [#25A? or B?, #35C] incised into each handle. After firing.564

Upper body fragment, includes both handles, false spout, and spout (est.H:30+). FS
164.565 DOL. Not likely to be an octopus jar.566

Ware: IIB.567
From Cyprus.

H.-G. Buchholz, ""Henkelmarken an einer Biigelkanne in Erlangen,"" AA (1963) cols.33-
40.568

 

 

564Buchholz, AA (1963) col.35.

565Buchholz, AA (1963) col.34; SCE IV:IC, p.336 type 164 (v2).
566} Haskell, personal communication, 6. June. 89.
567Buchholz, AA (1963) col.34; SCE IV:IC,336.

588SCE IVSIC, p.336 type 164 (v9).",0,eng,87.69622745360826,False,1648426859.00458,1.75
205,"


192

Large coarse-ware SJs
MeB T.II
Louvre.
Mission de Ras Shamra (C.F.Schaeffer): 1929.
Single sign [#31] incised into one handle. After firing.569

Complete (H:26.5). FS 164.57 DOL. Triple wavy band on shoulder; single deep wavy
line filling belly zone.

Ware: LM IIB.571
Context: Ugarit Récent 2-3,572

Tomb.573

Ugaritica Il, p.144 no.15, fig.54:15; Ugaritica Il, p.234, p.235 fig.205:1.574

   

 

5 Ugaritica i, 144; Hankey, Acts CyprusiCrete, p.151 n0.13.

S70NH.

S7\Hankey, Acts CyprusiCrete, p.151 no.13.

S72Ugaritica UI, 144. See note appended to Table 1.

573Hankey, Acts Cyprus/Crete, 151: ""From Tomb 3 (1929), an imposing ashlar construction. The
contents include Myc. IIIB early and mature pottery and figurines, BR II, WS Il, a calcite jar, and the fine
ivory Mistress of the Animals, wearing a skirt in Minoan style and flanked by goats. A stone anchor
‘was at the top of the stepped dromos.”

S74y Hankey, Acts Cyprus/Crete, p.151 n0.13.",0,eng,87.56489425342465,False,1648426859.571986,1.75
206,"


193

Large coarse-ware SJs

MeB T.V
Louvre: AO 16093.

Mission de Ras Shamra (C.F.Schaeffer): 1932.
Single sign [#17?, #25D] incised into each handle. After firing.575

Almost complete (base missing) (pres.H:34.5). FS 164.576 DOL. Squiggled lines
casually distributed in shoulder area; single deep wavy line fills belly zone.

Ware: LM IIIB.577
Context: Ugarit Récent 3.578

Tomb.579

 

ee
57 Ugaritica ML, p.152; Hankey, Acts Cyprus/Crete, p.151 no.12,
576NH.

577Hankey, Acts CyprusiCrete, p.151 no.12,

S*8Ugaritica I1, 152; see note Table 1 (continued).

579 Hankey, Acts CyprusiCrete, p.151 no.12: ""From Tomb 5 (1932), built of ashlar masonry with
‘stepped dromos, with a wide range of ‘Myc. IIIB early and mature pottery.""

580Benson, Berytus 14 (1961) p.48 no.71; Hankey, Acts Cyprus/Crete, p.151 no,12, pl.XIX:1,",0,eng,83.48133149579832,False,1648426860.109994,1.75
207,"


 

194 -

Large coarse-ware SJs
MeB Dep.213

  

Louvre: AO 14932.
Mission de Ras Shamra (C.F.Schaeffer): 1931,

' Single sign [#6A] incised into handle. After firing 581

: Complete profile (H:60). FS 164,582 LOD. Running spiral fills belly zone.
Ware: LM IIIA 1.583
Settlement.584
Schaeffer, Syria 13 (1932) pl.7:1; Ugaritica I, p.72, p.77, fig.68; Ugaritica I,
pl.XXVII.585

 

EIDHA Tr! MeB Tr.aux lampes
Louvre 83 AO 559.
Mission de Ras Shamra (C.F.Schaeffer): 1930.
Single sign [#54] incised into handle. Before firing.586
False neck and handle fragment. DOL.

Ware: Mycenaean.
Context: Ugarit Récent 2.587

Settlement.588

Ugaritica Ul, pp.228-29, fig.96:19.589
ee

58\Hankey, Acts Cyprus/Crete, p.149 no.10.

582M(P, p.610 FS 164:11; Hankey, Acts CyprusiCrete, 149 no.10,

583MP, p.610 FS 164:11; Hankey, Acts Cyprus/Crete, P.149 no.10; Leonard, p.29 no.272.
584Hankey, Acts CyprusiCrete, p.149 no.10: ""From the rebuilding, following a fire, of a complex of
‘small rooms and covered pits. The deposit, no.213, contained animal bones, more than a thousand pots,
many of them BR II juglets, Egyptian stone vases, ivory boxes, but apparently no Mycenaean.""

5854P, p.610 FS 164:11; Benson, Berytus 14 (1961) p.48 no.70; Leonard p.29 no.272; Haskell (fe.)
MIN 02.

586U garitica U1, 228.
587See Table 1 (continued).

588 garitica U1, 228: ""Tr, aux lampes, & cOté d'un entonnoir a Libation.""",0,eng,84.26292601449276,False,1648426860.9009962,1.75
208,"


 

195

Large coarse-ware SJs

TELL ABU HAWAM 47-1615 TAH 47-1615

PAM.
Hamilton: 1934,

Part of a single sign [#24A] incised into handle. After firing.590
Fragmentary disc and handle, FS 164.591 DOL,

Ware: Mycenaean IIIB592
Context not certain.593

Balensi, pp.162, 436, 555, catal. p.226, pls. 37, 75, 143:49.

    

ULU BURUN Kw 1977 Kw 1977
Bodrum Museum of Underwater Archaeology: KW 1977.

Institute of Nautical Archaeology (GF Bass, C.Pulak): 198?

Single sign [#6A, #7A] incised into each handle. After firing.594

False spout, disc, and one handle completely preserved; second handle fragmentary;
fragments of attached shoulder.

Ware: Mycenaean or Minoan?
Context: LH IITA2 late.5%5

Ship's cargo.

Publication forthcoming.

 

 

5®9Leonard, p.43 no.502; Haskell (fc.) MIN 03.
590Batensi, 555,

591Balensi, p.555; catal. p.226,

592Batensi, 555,

53Stratum Vj, locus 59? ; Balensi, 555,
594NH.

595C Pulak, personal communication,",0,eng,84.18514692424243,False,1648426861.498834,1.75
209,"


196

Large coarse-ware SJs

MAKRITIKHOS (Knossos)°96 Makzitikhos
British School of Archaeology (S.Hood, P.de Jong): 1951.

Single sign [#16B] incised into handle.After firing.597
Entire handle, fragmentary disc (Hdle.W: ca.3.5). DOL.

Ware: Minoan.
Context: LM TIIA2.598

Settlement: domestic (kitchen?)599
S.Hood and P. de Jong, ""A Late Minoan III ‘Kitchen’ at Makritikhos (Knossos),"" BSA
53-54 (1958-1959) p.193 no.35, p.191 fig.8:35, pl.47c.

AMNISOS900 Amnisos
Herakleion Museum: 18213.

  

 

Two signs [#7A?, #287] incised, apparently both into one handle.
Almost complete (H:39.3). DOL. Single deep wavy line (?) fills belly zone.

Ware: Minoan.
Context: LM TIIA2.601

Settlement, possibly in a shrine,602

XZ. AdeEtov, “Apyarotntes xo Mvnnera. Kevtpuxng kat Avatod. Kpntng,"" AD 23
(1968) B'2 Chr. pp.402-3, pl.363b,603

 

 

 

596] thank S.Hood for bringing this piece to my attention,
597Hood, BSA 53-54 (1958-1959) p.193 no.35.
598Hood, BSA 53-54 (1958-1959) 182, 185,

599 Hood, BSA 53-54 (1958-1959) 182,

600] thank H.Haskell for this reference.

6014p 23 (1968) B'2 Chr. p.403.

6024D 23 (1968) B'2 Chr. pp.402-3.

603 Haskell (fc.) AM 01.",0,eng,84.75182627777778,False,1648426862.173703,1.75
210,"


197

Large coarse-ware SJs
TRIPITIS0¢ Tripiti
Herakleion Museum: 9246.
Chance find: 1933.
Single sign [#44B] incised into one handle.
Apparently complete. FS 164.605 DOL, banded.

Ware: LM IIIB. 606
No context.

 

KOMMOS I5 .
University of Toronto, Royal Ontario Museum (.Shaw): 1977.

Single sign [#44C] incised into handle. After firing, ""or just possibly at bone dry stage
before firing.""607

Handle fragment. Stirrup jar(?)8 DOL.

Ware: Minoan, probably local (Mesara).69
Context: LM TIIA.610

Settlement: rubble.611

J.Shaw et al, “Excavations at Kommos (Crete) during 1977,"" Hesperia 47 (1978)
pp.128-29, pl.36f; Bennet, Kommos I.

 

604 gain, I thank H.Haskell for this reference.
505Raison,VIP, fig.16.
606Kanta, LM HI, 249.
607Bennet, Kommos I.

608{dentification as from a stirrup jar bolstered by the appearance of an incised mark, which extremely
Tarely occurs on any other coarse-ware shape.

609 Bennet, Kommos I.
610Shaw, Hesperia 47 (1978) 128,

611 Rubble included Cypriot sherds!",0,eng,83.92048259310344,False,1648426862.7981372,1.75
211,"


198

Other Stirrup Jars
*KITION T.9/74 Kit.T.9/74
Larmaca Museum: T.9/74.
Cyprus Dept. of Anitquities (V.Karageorghis).
Single sign [#44A] incised into one handle. After firing.612

Almost complete (missing base) (pres.H:16). DOL. Groups of concetric semi-circles on
upper shoulder; rest of body banded.

Ware: LM IIB.°13
Context: LC IIC.614

Tomb.

 

Kouklia KA 200

<OUKLIA KA 200
<ouklia Museum?
Mitford: 1950-1955.

single sign [#40] incised near top of handle.

Jandle and shoulder fragment from an unspecified type of stirrup jar.615

Ware: Mycenaean IIII.616
Sontext: No date.617

Mitford, Kadmos X (1971) p.91 fig.2:39, p.93 no.39.

 

 

12NH; Kition I, 150.

13Kition 1, 50.

14Tomb 9, lower burial: Kition I, 94; E.French, P.Astrom, “A Colloquium on Late Cypriote II
ites,"" RDAC (1980) 269.

I5Possibly from an FS 164 jar, but description and drawing not clear enough to confirm this.
\6Mitford, Kadmos X (1971) 93.

\7From top-soil near siege-mound: Mitford, Kadmos X (1971) 93.",0,eng,85.58738523129252,False,1648426863.418538,1.75
212,"


 

199

Other Stirrup Jars
CMAI581 CM A1581
Cyprus Museum: A1581.
Provenience unknown.
Single sign [#3B] incised into one handle. After firing.618

Almost complete (upper part of spout missing) (H:21.5). FS 170.619 DOL, U-pattern
fills upper shoulder area; banded body.

Ware: Mycenaean ITA2,620
CVA Cyprus 1, pp.24-25, fig.3:22.

 

MeB T.VI/1j

 

Single sign [#13] incised into handle. After firing.621
Handle and shoulder fragment. FS 173-174,622

Ware: Probably Mycenaean IIIB.623
Context: Ugarit Récent 3.624

Tomb.
Ugaritica I, p.154 no.1j, fig.59:

   

 

S18CVA Cypmus 1, 25.

S19CVA Cyprus 1, 24.

S20CVA Cyprus 1, 25.

821 Ugaritica H, 154.

622 This identification based on drawing of a stirrup jar which is said to be similar to the type of jar from
which sherd 1j originates (Ugairitica II, 154, compares 1j to fig.60:10). These FS shapes span both IIB
and early TIC but, as all other material from this tomb seems to be THB, this stirrup jar fragment
Probably dates also to IIIB rather than later. I thank S.Sherratt for taking time to discuss this with me.
623 (Supra n.622).

S%AU garitica U1, 154; see Table 1 (continued).",0,eng,85.18567607734808,False,1648426864.082082,1.75
213,"


 

200

Other Stirrup Jars

RAS SHAMRA fig.96/13 RS fig.96/13
Mission de Ras Shamra (C.F.Schaeffer).

Single sign [#5] incised into handle. Before firing?&25
Stirrup jar handle, false disc, and shoulder fragment. FS 1672626 DOL.

Ware: Mycenaean IIIB.627
Context: Ugarit Récent 3.628

TELL ABU HAWAM 310Ab TAH 310b

 

Single sign [#6A] incised into handle. After firing.630
Publications do not specifiy how much of this vase is preserved. FS 1854.63! DOL,

Ware: LM T1IB?632
Context: LB 11.633

Hamilton, QDAP 4 (1935) p.53 no.310Ab (=306a); Balensi, pp.46, 501, 556;
catal.p.77, pl.131:18.634

 

 

 

S25Ugaritica U1,.228.

S26This identification tentatively suggested by P.Mountjoy.

627Both S.Sherratt and P.Mountjoy agree on assigning this date to this fragment.
©28Ugaritica I, 228; see Table 1 (continued).

§25Leonard, p.44 n0.518,

S30Balensi, 555.

§31Balensi, p.555, catal.p.77.

S32Balensi, 46. FS 185 is, by definition, a Minoan shape; 306a has, according to Hankey (Acts
Cyprus/Crete, 150) a non-Argolid composition.

6335, below foundation level of Stratum IV walls at 37.

S34Hankey, Acts Cyprus/Crete, 150.",0,eng,85.02104584076433,False,1648426864.7343109,1.75
214,"


201

Jugs and Jars
ENKOMIT.18/5 Enk.T.18/5
Stockholm, Medelhavsmuseet.
Swedish Cyprus Expedition: 1927-1931.
Two signs [#7A, #9A] incised into the handle.
Complete (H:24.4). FS 110.55 Pictorial style decoration: a bull on shoulder opposite
the handle.
Ware: LH IIB2.636
Context: LC IIC.637
Tomb.

SCE I, pp.554-55, pl.XC third row from top, furthest left; SCE IM, p.602 no.8,
p-613,638

ee
S35MP, p.602 FS 10:18.

§36Ripe Pictorial Il: Mycenaean Pictorial Vase Painting, V.100, p.3. (MP, 602 lists this vase as MIB).
6377.18, side chamber: SCE I, 557; see Table 1 (continued).

S38MP, p.602 FS 110:18; Chronology, p.68; ""Prolegomena,” p.280 Il:4a, 5; Minos V, p.21 10.224;
Mycenaean Pictorial Vase Painting, V.100, p.205.",0,eng,83.87088087850466,False,1648426865.2614348,1.75
215,"


202

Jugs and Jars
ENKOMIT.18/74 Enk.T.18/74
Stockholm, Medelhavsmuseet. ”
Swedish Cyprus Expedition: 1927-1931.

Two signs [#7B, #9A] incised into handle. Also, possibly two signs [#20B? or 21?,
#444] incised into base.639

Complete (H:22.5). FS 110.40 Pictorial style decoration: two grazing bulls on
shoulder.

Ware: LH IIB2.641
Context: LC 11C.642

Tomb.

SCE I, p.557 no.74, pl.XC third row from top, far right; SCE III, p.602 no.11, p.603
no.13, p.613, p.615 fig.320.643

 

639The two signs on the base are listed in SCE III, p.603 no.13 (though note that the handle and base
marks are not discussed in conjunction on p.613), but not mentioned in the excavator's original catalogue
entry, SCE I, p.557 no.74, There is no way to determine which publication is in error without looking
at the vases themselves. Until that has been done, I assume that Enk.T.18/74 carries marks on both
handle and base.

S40MP, p.602 FS 10:19.
41Ripe Pictorial Il: Mycenaean Pictorial Vase Painting, V.99.
642Enkomi T.18, side-chamber: SCE I, p.557; Kalopsidha p.175; see Table 1 (continued).

434, p.602 FS 110:19; Chronology, 68; “Prolegomena,"" p.280 I:1,11; Minos V, p.21 0.229;
Kalopsidha, p.175 no.X(18); Mycenaean Pictorial Vase Painting, V.99, p.205.",0,eng,88.73508973157895,False,1648426865.9579258,1.75
216,"


203

Jugs and Jars

“KITION 1445/10
Larnaca Museum: T.4+5/110,
Cyprus Dept. of Antiquities (V.Karageorghis):1962-1963.

Kit.T.445/110

Two signs [#23A, #25A? or B?] incised into base. After firing.©44
Almost complete (H:23.5). Jug. Banded decoration.

Ware: Mycenaean IIIA2-B,645
Context: LC TIC.646

Tomb.
Kition I, p.21, p.145 no.A3, p.147 fig. 1c.

 

  

*KITION T.4+5/207 Kit-T.4+5/207
Larnaca Museum: T.4+5/207.

Cyprus Dept. of Antiquities (V.Karageorghis): 1962-1963.

Two signs [#23, #25A? or D?] incised into base. After firing.647

Fragment from the lower part of a jug? Banded decoration.

Ware: Mycenaean I1B.48
Context: LC 1IC.649

Tomb.

 

 

S44NH; Kition I, 145.
©45Kition I, 21.
646Kition I, 41.
S47NU; Kition I, 32.
©48Kition I, 32.

649Kition 1, 41.",0,eng,82.16321343925233,False,1648426866.482691,1.75
217,"


 

204

Jugs and Jars
*KITION T.9/51 Kit.T.9/51
Larnaca Museum: T.9/51.
Cyrus Dept. of Antiquities (V.Karageorghis).
Single sign [#19A] incised into handle. After firing.650
Complete profile except missing base (est.H:28). FS 105.651 Banded,

Ware: Mycenaean ITB, 652
Context: LC IIC.653

Tomb.
Kition I, pp.47-48, p.145 no.A6, p.147 fig.1f, pls. XLVI, XCI, CXL.

 

A 7. Kouklia KC 637
Kouklia Museum?
T.Mitford: 1950-1955.

Single sign [#6A] incised near top of handle.
Jug or amphora(?) handle.

Ware: Mycenaean IIT.654

Settlement.655

Mitford, Kadmos X (1971) p.91 fig.2:37, p.92 no.37.

 

 

§50NH; Kition I, 48, 145.
SSINH.
652Kition I, 47.

$53 Tomb 9, lower burial: Kition I, p.94; E.French, P.Astrsm, ""A Colloquium on Late Cypriote IT
Sites,"" RDAC (1980) 269.

SS4Mitford, Kadmos X (1971) p.92 n0.37.

S55KC, at junction of walls 13 and 18 in layer 3: Mitford, Kadmos X (1971) p.92 0.37.",0,eng,83.5471277132353,False,1648426867.0425532,1.75
218,"


205

Jugs and Jars

KOUKLIA KC 535 Kouklia KC 535
Kouklia Museum?
T.Mitford: 1950-1955.

 

Part of a single sign [#6A] incised into handle.656
Jug or amphora(?) handle.

Ware: Mycenaean III.657
Context:

Settlement.658

 

Mitford, Kadmos X (1971) p.91 fig.2:38, p.92 no.38.

 

 

§56-The left side of the sign is worn away."" Mitford, Kadmos X (1971) p.92 no.38.
SS7Mitford, Kadmos X (1971) p.92 00.38,

§58KC, room6, below mosaic level: Mitford, Kadmos X (1971) p.92 n0.38,",0,eng,86.77177473611111,False,1648426867.42658,1.75
219,"


 

206

Closed Shapes
*ENKOMI 3595/1. Enk.3595/1
Cyprus Museum: 3595/1.
Cyprus Dept. of Antiquities (P.Dikaios): 1948-1958.
Single sign [#18A] incised into handle. After firing.659
Handle fragment. Small fine-ware stirrup jar?

Ware: Mycenaean HIB,660
Context: LC IIIB.661

Settlement.662

Dikaios, Enkomi, p.750, p.891; pls.175/7, 319/101.

 

*HALA SULTAN TEKKE F1508 lyr, 5 HST F1508 lyr.5
Larnaca, Kastro: HST F1508 lyr.5.
P.Astrém.

Two horizontal strokes [#22] incised at top of handle. Very worn: not able to discern if
before or after firing.

Handle fragment: small, fine-ware stirrup jar? jug?
Ware: Mycenaean.
Settlement.

HST (forthcoming).

 

659NH.
S60Dikaios, Enkomi, 750, 891.

661End Level IB, Area III, Th-I 8-10 east, in layer overlying floor Il, -13.50-13.23: Dikaios, Enkomi,
891.

§62Room 23: no indication of a specific function: Dikaios, Enkomi, 142.",0,eng,87.4208253852459,False,1648426867.9852319,1.75
220,"


 

207
Closed Shapes
TILXIV 44/85 VI
Nauplion Museum.
1982.

Single sign [#16E] incised into handle. After firing.663
Handle fragment. Amphora? hydria? jug?

Ware: LH IITB2.664
Surface find.

 

TIRYNS 27.421 ‘11 27.421
Nauplion Museum: 27.421.

Single sign [#25A] incised into handle. After firing.665
Handle and rim fragment. Hydria or amphora (FS 697).

Ware: LH IIIB (-C1?),666
Context:667

Dump: settlement debris?
Tiryns vm, p.84 no.195 fig.47, pl.57; Déhl, Kadmos 18 (1979) p.53 no.91, fig.7:91,
pl.VIL:9

 

ee
S630}ivier, AA (1988) 259 no.26,

5640livier, AA (1988) 259 n0.26.

%65Tiryns VIII, 84; Dohl, Kadmos 18 (1979) 50.
S66Tiryns VII, 84; Dohl, Kadmos 18 (1979) p.53 n0.91.

67 Obere Schuttzone von Bau 3 (Unterburg): Tiryns VII, 84.",0,eng,81.24002552252252,False,1648426868.51041,1.75
221,"


208

Closed Shapes

TIRYNS 27.246 1127.24
Nauplion Museum: 27.426. 246

Single sign [#25A] incised near top of handle. After firing.668
Handle fragment. Amphora or jug.

Ware: LH I1B.66?
Context: LH 111B2.670

Dump: settlement debris?

Chadwick, Mycenae Tablets III, p.73:4, p.74 no.4; Déhl, Kadmos 18 (1979) pp.53-54
no.92, fig.7:92, pl.VII:92.

 

TI LXI 36/67 VILA

Nauplion Museum.
1981.

Single sign [#6A] incised into handle. After firing.671
Handle fragment. Amphora? hydria? jug?

‘Ware: Mycenaean.
Context: LH IIB2.672

Settlement.
Olivier, AA (1988)

 

S68Chadwick, Mycenae Tablets IIL, p.74; Dohl, Kadmos 18 (1979) p.50.
669D shi, Kadmos 18 (1979) p.54 no.92.

670Epichosis (unstratified): Chadwick, Mycenae Tablets Il, p.74 no.5; also, Dohl, Kadmos 18 (1979)
p.53 no.92; see Table 1 (continued).

S71 O}ivier, AA (1988) p.259 no.24.

S72Building III, room 3: Olivier, AA (1988) p.259 no.24,",0,eng,81.80139403875971,False,1648426869.239312,1.75
222,"


209
Closed Shapes
TI LXII 41/82 Xb
Nauplion Museum.
1981 or 1984.

Single sign [#5] incised into handle. After firing.673
Handle fragment. Amphora? hydria? jug?

Ware: Mycenaean.
Context: LH I1B2.974

Settlement.

Olivier, AA (1988) p.259 no.25, p.261 fig.3 Ss P. 265 fig.5:25.

 

TI LXII 43/56-58 IX
Nauplion Museum.
1979.
Single sign [#12] incised into handle. After firing.675
Handle fragment. Amphora? hydria? jug?

Ware: Mycenaean, pre-LH IIC.676
Context: LH II1B2.677

Settlement: fill.
Olivier, AA (1988) p.256 no.19, p.261 fig.3:19, pl.265 fig.

   

§73Qlivier, AA (1988) p.259 no.25.

674Maison 6, long corridor: Olivier, AA (1988) p.259 no.25.
875Olivier, AA (1988) p.256 no.19.
S76Qlivier, AA (1988) p.256 no.19.

677Qpen passage south of Batiment 127, in LH IIB2 fill: Olivier, AA (1988) p.256 no.19.",0,eng,84.26465055462185,False,1648426869.803034,1.75
223,"


210

Closed Shapes

NAUPLION 27.418 Nauplion 27.418
Nauplion Museum: 27.418.

Part of a single sign [#43] near top of handle. After firing.678
Handle with fragments of rim and shoulder attached. Amphora or large hydria.

Ware: LH INB.§79
Provenience known only to be Argolid, perhaps Tiryns.

Dohl, Kadmos 18 (1979) p.53 no.90, fig.7:90, pl.VI:90.

 

Ty,
Sydney, Nicholson Museum.
Possibly three signs incised after firing into a body fragment from a closed vessel,680
Ware: ""...described as Levanto-Helladic in the inventory, but it may be a later fabric

(Black-on-Red?).""681
Unstratified.

NOTE: Due to the uncertain nature of all elements of this object (signs which are difficult
to discern, uncertain shape, fabric, and provenience) this piece is mentioned here in the
catalogue for the sake of completeness, but is not considered in any analyses in the text
above,

 

 

S78Dohl, Kadmos 18 (1979) 50,
§79Dohl, Kadmos 18 (1979) p.53 n0.90.

80-There are signs incised after firing resembling a V (fragmentary), an A with oblique transverse line
and a V (fragmentary)."": HST I, 61.

S81HST I, 61.",0,eng,89.03684709941521,False,1648426870.529207,1.75
224,"


 

Open Shapes

Pictorial Vases
HALA SULTAN TEKKE C434
Supra: FS 36 three-handled piriform jars.

ENKOMIT.18/5
Supra: Jugs and Jars.

 

Enk.T.3/272

Stockholm.
Swedish Cyprus Expedition: 1927-1931.

Single sign [#35A] incised into base.

Complete profile; apparently both handles preserved (H:46.5). Amphoroid krater FS
54.682 Pictorial style decoration: chariot scene.

Ware: (LH IIA2 late-) LH 01B 1.683
Context: LC 1.684

Tomb.

SCE I, p.484 no.272; SCE Ml, p.603 no.15, p.613 no.15, p.615 fig.321.685

 

 

S82yP, p.593 FS 54:16.

6834p, p.593 FS 54; Ripe Pictorial I: Mycenaean Pictorial Vase Painting, V.11, p.3.

S84SCE I, 476-77. Note: incorrectly recorded as coming from T.18, side-chamber in SCE I.

685MP, p.593 FS 54:16; Chronology, 63; ""Prolegomena,” p.281 11:18; Minos V, p21 n0.231;

V.Karageorghis, ""Supplementary Notes on the Mycenaean Vases from the Swedish Tombs at Enkomi,""
OpAth 3 (1960) 139-40, pl.2; Mycenaean Pictorial Vase Painting, V.11, p.201.",0,eng,87.26627915217391,False,1648426871.1553888,1.75
225,"


212

Pictorial
ENKOMIT7/11 Enk.T.7/11
Stockholm, Medelhavsmuseet.
Swedish Cyprus Expedition: 1927-1931.
Two signs [#7A, #9A] into the lower part of the body near torus foot. After firing.
Lower part of a large amphoroid krater. Pictorial style decoration: bull fight?

Ware: LH IIIA] early.686
Context: mid-LCI.687

Tomb.
OpAth 3 (1960) pp.148-49, pl.XI: 3-4,688

 

 

ENKOMIT,18/6 Enk.T.18/6
Stockholm, Medelhavsmuseet.

Swedish Cyprus Expedition: 1927-1931.

Two signs [#3A? or B?, #9A] incised on base; single sign [#3A, #9A] incised into each
handle.

Complete (H:52.5). Amphoroid krater FS 55.689 Pictorial style decoration: large and
small bulls in meadow filled with birds.

Ware: LH IIIB1.690
Context: LC IIC.691

Tomb.
SCE I, p.555 no.6, pl.120:2; SCE I, p.602 no.3a-b, p.613 no.3, p.614 fig.319,992

 

686Early Pictorial I: Mycenaean Pictorial Vase Painting, 11.3, p.3.

§87SCE I, 55; nb chronology based on a limited number of finds.

688 Mycenaean Pictorial Vase Painting, 111.3, pp.15-16, p.196.

S89MP, p.593 FS 55:5.

S90Ripe Pictorial I: Mycenaean Pictorial Vase Painting, V.40, p.3; IIB, according to MP, p.593 FS 55.
6917.18, side-chamber; see Table 1 (continued).

§92sioqvist, Problems, fig.21:1; MP, p.593 FS 55:5; ""Prolegomena,” p.281 Il:2,5; Minos V, p.21
no.219; E,Vermeule, Greece in the Bronze Age (Chicago 1964) pl.XXXU:c; N.Robertson et al, The

Archaeology of Cyprus (1975), p.164 fig.5; S.Hood, The Arts in Prehistoric Greece (London 1978) p.43
fig.21B; Mycenaean Pictorial Vase Painting, V.40, p.46.",0,eng,87.29150677522934,False,1648426872.1071548,1.75
226,"


213

Pictorial

ENKOMIT.18/47 Enk.T.18/47
Swedish Cyprus Expedition: 1927-1931.

Inscription [¥9A-#3B-#24C + #7A? or B?] around the edge of the base-ring. Single
sign [#23B] incised on base.

Complete (H:31.9), Bell krater FS 281.63 Pictorial style decoration: birds.

Ware: LH IIIB1.94
Context: LC IIC.695

Tomb.

 

ENKOMIT.82
Cyprus Museum: A1546.
British Museum Expedition (Turner Bequest): 1896.

Single sign [#21] incised on the top of one handle.697

Complete (H:28). Bell krater FS 281.8 Pictorial style decoration: grazing stags.
Ware: LH IITB1.99

Tomb.

CVA Cyprus 1, p.10, fig.3:16, pl.10:1-3,700

 

693MP, p.633 FS 281:18.

8°4Ripe Pictorial I: Mycenaean Pictorial Vase Painting, V.61, p.3; IB, according to MP, p.633 FS
281.

©95Enkomi T.18, side-chamber; see Table 1 (continued).

696MP, p.633 FS 281:18; Chronology, 68; ""Prolegomena,” pp.280-81 I1:2,4a,5,9,21a; Minos V, p2i
n0,228; Mycenaean Pictorial Vase Painting, V.67, p.204; Courtois and Lagarce, Enkomi, 47-48,

§97Note that there is also a painted sign (CVA Cyprus 1, fig.3:2) on the base.
S98CVA Cyprus 1, 10.

©99Ripe Pictorial I: Mycenaean Pictorial Vase Painting, V.55, p.3; IIIB, according to F.Stubbings,
MPL, p.37, pL.X.

700F.Stubbings, ""Some Mycenaean Artists,"" BSA 46 (1951) pp.173-74, pl.19:f; F.Stubbings, MPL,
pLX:1; V.Karageorghis, Mycenaean Art from Cyprus, Picture Book 3 (Dept. of Antiquities, Cyprus
1968) pl.9:4; H.-G. Buchholz and V Karageorghis, Altdgdis und Altkypros (Tubingen 1971) no.1627;
H.-G. Buchholz, G.Johrens, I.Maull, ""Jagd und Fischfang,"" in Archaeologia Homerica } (Gottingen",0,eng,85.9905884018265,False,1648426873.0106611,1.75
227,"


214

Pictorial
£M1943/11-20/1 CM 1943/I1-20/1
Cyprus Museum: 1943/1I-20/1.

Two signs [#16D, #55] on base. After firing.701

Almost complete (H:26.1). Bell krater FS 281.702 Pictorial style decoration: bull and
bull protome, by Protome Painter A.

Ware: LH IIIB2.703

CVA Cyprus 1, pp.11-12, pl.11:1-3, fig.3:17.704

 

 

1973) p.49 fig.9; Mycenaean Pictorial Vase Painting, V.55, p.49, p.203; Courtois and Lagarce,
Enkomi, 48.

701CVA Cypms 1, 12.

702CVA Cyprus 1, 11.

703Ripe Pictorial II: Mycenaean Pictorial Vase Painting, V.80, p.3.

704Gierstad, Studies, p.213 no.1; V.Karageorghis, ""A Mycenaean Painter of Bulls and Bull Protomes,""
Alasia I, p.124, figs.1-2; S.immerwahr, ""The Protome Painter and Some Contemporaries,” AJA 60
(1956) pl.53, figs.6-7; Archaeologia Viva: Cyprus (1969) p.129, fig.XLU; V.Karageorghis, ""Two

Mycenaean Chariot Craters at Rochester, U.S.A.,"" BCH 93 (1969) p.163 fig.1; Mycenaean Pictorial
Vase Painting, V.80, p.53, p.204,",0,eng,87.71341746153846,False,1648426873.642278,1.75
228,"


215

Non-Pictorial Open Shapes

Li Enk.T.18/48
Stockholm?
Swedish Cyprus Expedition: 1927-1931.
Two signs [#5, #9A], but it is not clear how they are disposed. SCE I, p.556 states that
“On one handle is [sic] a graphical signs."" which implies both signs on the same handle.
The presence of a mark of separation supports this reconstruction. On the other hand,
SCE Ill, p.602 describes the signs as ""...inscribed on handles."" which seems to indicate
the more usual pattern of one sign per handle.
Complete profile; both handles preserved. Bell krater FS 281.705 ""Panel pattern of
squares, filled with U-shaped ornaments framed by vertical fringed lines; below the
handle are conventionalized designs of small horses or bulls.""706

Ware: LH IIB.707
Context: LC IIC.708

Tomb.

SCE Hi P56 no.48, pl.XC second row fourth from left; SCE III, p.602 no.5, p.613
no.5,70

705MP, p.633 FS 281:19.

T08SCE 1, 556.

707M P, p.633 FS 281; Levanto-Helladic according to Sjéqvist, SCE 1, 556.
708Enkomi Tomb 18, lower burial; see note appended to Table 1.

709MP, p.633 FS 281:19; ""Prolegomena,” p.280 II:2,5; Minos V, p.21 no.221.",0,eng,89.35268736871508,False,1648426874.4352279,1.75
229,"


e

216

Open
ENKOMIT78 Enk.T.78
Cyprus Museum: A1548.
British Museum Expedition (Turner Bequest): 1896.
[Fre]: “There are traces indicating that, on top of one of the handles at least, there was a

sign of the CM syllabary, engraved after firing, of which only a stroke now
survives,""710

Both handles missing; otherwise, complete profile (H:29). Deep krater FS 8.711 Panel
between handles decorated with frieze of stemmed spirals”!2 and circle motives.

Ware: LH IIIA2 (-IIB).713
Tomb.

CVA Cyprus 1, pp.17-18, pl.16:1-2.

 

 

ENKOMI 1848/11 Enk.1848/11
Cyprus Museum?
Cyprus Dept. of Antiquities (P.Dikaios): 1948-1958.

Single sign [#3A] incised at mid-handle.
Fragmentary horizontal handle, from a deep bowl or krater.

Ware: Mycenaean IB.714
Context: early LC TIC.715

Fill: settlement debris?
Dikaios, Enkomi, p.650, p.889, pls.92/28, 160/19, 315/20.

T10CVA Cyprus 1, pp.17-18, pl.16:1-2.

711Catalogued as FS 7 in CVA Cyprus 1, p.17, but shape looks closer to FS 8, according to criteria
defined by P.Mountjoy in Mycenaean Decorated Pottery, 83-84.

712 motif usually associated with FS 9, rather than FS 8: Mycenaean Decorated Pottery, 83, 110.
7\3Defined as Mycenaean IILA2 (ripe Mycenaean IIA) in CVA Cyprus 1, pp.17-18. This date accords
with the shape (FS 8 =IITA2), though the stemmed spiral motif tends to be more characteristic of IIB:
Mycenaean Decorated Pottery, 83, 110.

714Dikaios, Enkomi, p.650, 889.

715Early Level IIB, Area III, A-B 56-58 east, in layer under casemate 64 (-15-14.80): Dikaios, Enkomi,
650.",0,eng,88.97897933478262,False,1648426875.384183,1.75
230,"


217

Open

Enk.Ay. Tak.
Cyprus Survey Collections.
M.Popham: 1955-1959.

Single sign [#16C, though possibly #3A instead] incised on handle.7!¢ A fter firing.7!7
Fragmentary krater handle.

Ware: Mycenaean IIIA2-B.718
Surface find.

H.Catling, “Unpublished Finds from Cyprus: I) Graffiti in the Late Cypriot Linear Script
If) Imported Greek Pottery at Chytroi,"" RDAC (1988) p.326 no.5, p.327 fig.1:5,
pl.XLIV.

 

 

*ENKOMI 20,229 Enk.20.229
Cyprus Museum: 20.229.

Mission Archéologique d'Alasia (C.F.Schaeffer):; 1969.

Single sign [Frg., possibly #11 or #33] incised into handle. After firing.719

Handle fragment (Hdle.W:3.6). Probably from an amphoroid krater: FS 53, 54, or

Ware: Mycenaean.
Context: Disturbed, ranges LC I- LC IIA.720

Tomb.

 

 

716This handle also carries a dipinto: RDAC (1988) 326.
TITRDAC (1988) 326.
TI8RDAC (1988) 326.

719NH; Alasia IV, 135 suggests also the possibility that the mark was incised while the fabric was
Jeather-hard.

720Tomb 1907, east chamber northern half: Alasia IV, 60-61, 156-57.",0,eng,87.86653366666667,False,1648426876.081721,1.75
231,"


218

Open

*KITION T.4+5/108 Kit.T.4+5/108
Larnaca Museum.

Cyprus Dept. of Antiquities (V.Karageorghis): 1962-1963.

 

Two signs [#23A, #25A] inscribed into base. After firing.721

Fragmentary deep bowl; complete profile (H:16.8). FS 2792722 “The two shoulder
zones between handles are decorated with oblique and horizontal rows of parallel
chevrons and vertical parallel strokes,""723

Ware: Mycenaean IITA2 or Mycenaean IIIB.724
Context: LC IIC.725

Tomb.

Kition I, p.21, p.145 no.Al, p.147 fig.1a, pls XXVIII, XXXVI, CXXVIL.

 

 

 

 

721NH; Kition 1, 145.

722This identification is a result of discussions with P.Mountjoy, whose help I acknowledge with
thanks. Based on the published illustration, the roundness of the belly, the very short flaring lip and the
overall size of this vessel suggest its identification as FS 279 rather than 281 or 284. $.Sherratt
suggests that this bowl may be Cretan?

723Kition I, 21.

PATTB, according to the published report (Kition I, p.21), but IILA2 if the identification as FS 281 is
correct (supra n.722).

725Kition I, 41.",0,eng,89.60441825949367,False,1648426876.778762,1.75
232,"


219

Open

*KITION T.4+5/116 Kit.T.4+5/116
Larnaca Museum: T.4+5/116.

Cyprus Dept. of Antiquities (V.Karageorghis): 1962-1963.

Single sign [#25A] incised into base. After firing.726

Fragmentary deep bowl; complete profile (H:14.4). FS 284.727 The whole surface of
the vase, inside and outside, except for the base, is covered with orange to dark brown
glossy paint.

Ware: Mycenaean IMA2 or Mycenaean IIIB.728
Context: LC IIC.729

Tomb.

   

""KITION 11/3438
Lamaca Museum: 11/3438.
Cyprus Dept. of Antiquities (V.Karageorghis): 1970.

One or two signs [Frg.] incised at exterior, below rim. After firing.730
Fragmentary bowl (est.dia.:16.0). Horizontal bands around body, interior and exterior.

Ware: ""Late Mycenaean IIB."" 731
Context: LC DILA-IIB.732

Settlement: religious precinct (main hall of temple).
Kition V2, p.137, p.283 pl.C, pl.CXCIX.

726NH; Kition I, 145.

727NH, P.Mountjoy, and S.Sherratt in separate discussions.

728I11B according to Kition I, p.22; but both P.Mountjoy and S.Sherratt agree that this vase dates to
IIA2 (late) by the standards of the Argolid. S.Sherratt points out, however, that this type was produced
in ITB at Lefkandi.

729Kition I, 41.

TONH,

731Kition V2, 137.

732Floor II, Temple 2 room 24: Kition V2, 105.",0,eng,88.26460104972377,False,1648426877.593322,1.75
233,"


220

Open
*HALA SULTAN TEKKE F1756 lyr.3 HST F1756 lyr.3
Larnaca Kastro.
P.Astr6m.

Single sign [Frg., possibly #457] incised into base. After firing.733
Bowl? Interior with concentric circles/spiral at base; band(s) below mid-body.
‘Ware: Mycenaean.

Publication forthcoming.

 
    

Philadelphia: 49-12-100.
University of Pennsylvania (J.F.Daniel): 1938-1948.

Single sign [#28] incised into base. After firing.734

Nearly complete (H: 29.3). Deep bowl FS 281.735 Area between handles set off into
panels by horizontal bands and vertical chain patterns and narrow bands. Bird in each
panel.

Ware: Mycenaean IIB.736
Context: LC IIB.737

Tomb.

 

 

733NH.

734Prolegomena,” p.276 no.74.

BSN.

736Bamboula, 110; specifically LH I11B2 in ""Prolegomena,"" p.276 no.74.

737 Tomb 6: ""Prolegomena,"" p.276 no.274; Bamboula, 113.

7381F, Daniel, ""The Achaeans at Kourion,"" UPMB 8 (1940) p.11, pLIVb; Minos V, pp.14-15;

*""Kourion, Bamboula,” AJA 64 (1960) pp.148-49, pl.38; J.Benson, ""A Problem in Orientalizing Cretan
Birds,"" JNES 20 (1961) pp.76-77, pL.V:2.",0,eng,85.14695138461539,False,1648426878.285368,1.75
234,"


 

221

Open
PIERIDES 235 Pierides 235
Pierides Collection, Lamaca,
Two signs [#11E, #55] incised into one handle. After firing.739
Complete (H:23.4). Kylix FS 255 or 256.740 ""The shoulder zone between the handles
is decorated with a horizontal frieze of running spirals, and vertical groups of parallel
chevrons above and below the spirals.""741
Ware: Mycenaean IIIA (IIA2 early).742

No context.

 

Cesnola 434

CESNOLA 434
Cesnola Collection, New York Metropolitan Museum of Art: 434,
J.L.Myres.

Single sign [#41] incised on body below handle.

Fragments of a cup, including one handle. FS 220.743 Body zone with angular
multiple stem motif.

Ware: LH IIIA2.744
No context.

Myres, Cesnola, p.47 no.434, p.525 no.434,745

   

 

T3B9CVA Cyprus 2, 5.

740RS 255 according to CVA Cyprus 2, 4; FS 256 in my (NH) judgment, based on published
illustrations,

T41CVA Cypmus 2, 5.

7421114 according to CVA Cyprus 2, 5; IILA2 early if one accepts the FS 256 identification (Mycenaean
Decorated Pottery, p.88). The decorative motif is characteristic of IIIA2, also.

743P Mountjoy kindly helped in making this identification.

744Based on motif (P.Mountjoy, personal communication); identified generally as Cypro-Mycenaean by
Myres, Cesnola, 47.

745Casson, Ancient Cyprus, p.104 no.38a; ""Prolegomena,” p.280 II:7.",0,eng,89.94029436458334,False,1648426879.072814,1.75
235,"


222

MINETEL BEIDHA T.VI
Mission de Ras Shamra (C.F.Schaeffer): 1932.
Single sign [#32] incised into handle. After firing.746

Complete (H:17). Mug FS 226.747 upper and lower zones divided into panels by
columns of (dotted) triangles bordered b: ¢ lines.

Ware: Mycenaean IITA2-B1; panel decoration more characteristic of IIB 1.748
Context: Ugarit Récent 3.749

Tomb.
Ugaritica I, p.156 no.16, fig.60 no. no.16, fig.128 no.2.

 

RAS SHAMRA pt.4574 RS pt.4574
Mission de Ras Shamra (C.F.Schaeffer): 1965.

Single sign [#37] incised into body.759 After firing.751
Body sherd. Krater?

Ware: Mycenaean.
Context: Ugarit Récent 3,752

Settlement.

Ugaritica VI, p.: 3361 no.2, p. 337 fig. 4§ 2.

 

78U garitica Hi, 156.

747NH,

748 Mountjoy, Mycenaean Decorated Pottery, 112.

749Tomb VI: Ugaritica II, 156; see note appended to Table 1.

750U garitica VIL, 336 speaks of two signs, but only one is shown in published illustration.
751 U garitica VI, 336.

752Topo.pt.4574: Ugaritica VIL, 336.",0,eng,85.00091344966444,False,1648426879.724737,1.75
236,"


223

MIDEA (DENDRA) Midea
P.Astrém, Verdelis: 1963.

Two parallel horizontal lines [#2] on one handle. Before firing.753

Fragmentary deep bowl FS 284.754 Deep band at rim; handle zone decorated with
columns of chevrons and zigzags.

Ware: LH INB2.755
Context: End LH TB.756

Settlement?

P.Astrém, ""Excavations in the Citadel of Midea,"" AD 19 (1964) Chronika, p.134,
pl.135c.

 

 

753AD 19 (1964) 134.

754NH.

755Mountjoy, Mycenaean Decorated Pottery, p.130 fig.161 Group B (deep bowls with deep rim band).
756 Ash deposit: AD 19 (1964) 134.",0,eng,89.5867013780488,False,1648426880.206718,1.75
237,"


224

Fragments
ENKOMIT.3 Enk.T.3
Swedish Cyprus Expedition: 1927-1931.
Single sign [#33A] incised into handle.
Handle fragment.

Ware: Mycenaean.
Context: LC II (disturbed).757

Tomb.

SCE Tl, p.603 no.16, p.613 no.16.758

 

* ‘A = DI 42 KAD 427
Lamaca Museum: 427.

Vasilikos Valley Project (A.South Todd):

Single sign [Frg., possibly #6A?] incised into handle. After firing.759

Handle fragment.

Ware: Mycenaean.
Context: LC IIC.760

Settlement.

KAD I (fc.).

 

 

TSISCE 1, 476-77, 485.
758Minos V, p.21 n0.232.
TS9NH.

760See Table 1 (continued).",0,eng,86.22094401282051,False,1648426880.733292,1.75
238,"225 Fragments Dikaios: 1952. “Incised cross on one handle, Cypriote Bronze Age sign on the other.""782 [#5] Handle fragment. ‘Ware: Mycenaean. Tomb.763 Kalopsidha, p.178 no.+(26).764     *HALA SULTAN TEKKE F1523A HST F1523A Lamaca Kastro. P.Astrém. Single sign [#23B?]. After firing.765 Handle fragment. Ware: Worn Mycenaean? Possibly Plain White Wheelmade (i.e. local fabric). Settlement. Publication forthcomin;     761Same as Pyla-Asprolakkos T.1/112. 782K alopsidha p.178 no.+(26). T83ARDA 1952, p.14 no.19. 764Minos V, p.18 no.192. TONH.",0,eng,84.98792970422537,False,1648426881.694844,1.55
239,"


APPENDIX II
INCISED MARKS ON LH/LM III COARSE WARES
(With the exception of large stirrup jars)
Tiryns

TI LXI 42/20 Xa R123b

Before firing: 2 short parallel (?) strokes on body near base.
Large closed vessel.
LH MIB? context.

Olivier, AA (1988) p.254 no.4, p.257 fig.1 no.4, p.264 fig.4 no.4.

TI LXH 43/95 XIa

Before firing: 3 short vertical strokes above a horizontal stroke; body.
Body sherd from a stirrup jar.
LH OB context.

Olivier, AA (1988) p.254 no.5, p.257 fig.1 no.5, p.264 fig.4 no.5.

TI LXM 361
Before firing: 3 short parallel horizontal strokes.
Handle, jug or amphora.
LH DIB context.
Olivier, AA (1988) p.254 no.6, p.257 fig.1 no.6, p.264 fig.4 no.6.

Thessaly
Kyparissos 3

- 226

After firing: 2 parallel horizontal lines, 4 parallel vertical lines, rectangle; on rim.

Pithos rim.
Surface find. ""Mycenaean.""

K. Todds, ""Evderbers ya thy eb éndoon wéxpr tS Secouiac, evdg

opyavapévon ovothwatos ovpPdrav ext ayyeiov Kat tv exon Tov

Xadxod,"" Apyatodoya: 29 (Dec.1988) 58-63.
Gonnoi

Before firing: LB a; body.

Shape?

Surface find. ""Mycenaean.""

KToAdog, Apzoatodoyia 29 (Dec.1988) 58-63.

Ayia Irini

K.4270

Before firing: on underside of base, set in from one edge, a single stroke; set in

from opposite edge, two strokes oblique to each other.
Base of jar.

LH II context “Local ware.""

A. Bikaki, Keos IV: Ayia Irini: The Potters’ Marks (Mainz 1984) p.40, pls.15,

28.",0,eng,84.55271094247787,False,1648426882.571718,1.75
240,"


227

Coarse wares
Ayia Trini:
K.4421
Before firing: on underside of base, three short radiating lines.
Base.
LH I context. Possibly imported.
Bikaki, Ayia Jrini, p.40, pls. 15, 28.

K.1735
Before firing: row of punched dashes, two on underside of base, one on body.
Fragment of closed vessel.
LH IA context. Imported.
Bikaki, Ayia Irini, p.40, pls.15, 28.

K.4467
Before firing: on underside of base, set in from edge, three parallel punched
dashes, and a fourth in a second row.
Fragment of closed vessel.
LH INA 2? context. Imported.
Bikaki, Ayia Irini, p.40, pls.15, 28.

K.2636
Before firing: low on body, applied plastic crescent.
Fragment of closed vessel.
LH WA-B context. Imported?
Bikaki, Ayia Jrini, pp.40-41, pl.28.

Phylakopi

No.378
Tripod leg.
Possibly TIC.
P.A. Mountjoy, ""The Pottery,” in C.Renfrew, The Archaeology of Cult: The
Sanctuary at Phylakopi, BSA Suppl.18 (British School of Archaeology at Athens
1985) 194, 196.

Kommos

150
Before firing: simple sign similar to CM 28, on handle.
Large coarse vessel.
LM M1A2 context. Possibly Cypriot?

J.Bennet, Kommos I, no.5; J.Shaw, ""Excavations at Kommos (Crete) During
1984-1985,"" Hesperia 55 (1986) pl.58a.

Q1
Before firing: single cross mark on underside of base.
Conical cup.
LM IDB context.
J. Bennet, Kommos I, no.6.",0,eng,91.2294105369458,False,1648426883.401876,1.75
241,"


Kommos:

ql

0

151

228

Coarse wares

Before firing: LB i (=AB 28) or possibly re (=AB 27), on rim,
Large open vessel.

Surface find.

J.Bennet, Kommos I, no.8.

Before firing: fragmentary, on body.
Large open vessel.

Surface find.

J.Bennet, Kommos I, no.9.

After firing: cross-sign, on handle.
Large coarse ware vessel.

LM IIA Icontext.

J, Bennet, Kommos I, no.11.",0,eng,89.02616636666666,False,1648426883.8157,1.75
242,"


229

APPENDIX III
CATALOGUE OF INCISED MARKS
ON LH/LM II VASES

#1

(a) HST ch.T.20B piriform jar? stirrup jar?
(b) Enk.Sw.T.18/31 piriform jar: FS 3¢

#2

(a) Akanthou CS 997n0.30 large SJ, coarse: FS 164
(b) Kourion B1115 piriform jar: FS 36

(c) 24ST F1508 lyr.5 closed.

Not pictured:

Midea deep bowl: FS 284",0,eng,91.50515485185184,False,1648426884.218176,1.75
243,230     Incised Marks # (a) (b) #2 —=— _— — =— — (al (b) (c}*,0,eng,71.73558653333333,False,1648426885.6479669,1.4276315789473684
244,"


#34

(a) Kourion BM C501
(b) Enk.Br.T.48/967
(c) Enk Br.T.68

(d) Enk.1848/11

(e) Enk.Sw.T.18/58

(f) 2Enk.Ay.Iak.

Not pictured:
Enkomi 18/6

#3A_or B?
(g) Enk.Sw.T.18/6
(h) TAH 34-418 (7)

#3B

(a) Enk.Sw.T.18/31
(b) Enk.Sw.T.18/47
(c) MeB prés T. VIL
(d) CM A1581

(©) ?TAH 37-417

#4

(a) KitBam KEF-370
(b) KitBam K76-4992
(c) HST F2003/2026

large SJ, coarse: FS 164
large SJ, fine: FS 167
piriform jar: FS 36
krater or bowl

piriform jar: FS 36

krater
krater: FS 55 (pictorial)

krater: FS 55 (pictorial)
piriform jar

piriform jar: FS 36
krater: FS 281 (pictorial)
piriform jar: FS 36?
stirrup jar

large SJ, fine: FS 164?
piriform jar: FS 36

piriform jar: FS 36
piriform jar: FS 36

231

Incised Marks

base
base

base-ring

 ",0,eng,87.58174265853658,False,1648426886.258569,1.75
245,232 Incised Marks,0,eng,95.086281,False,1648426887.889416,2.2604166666666665
246,"


#5
(a) RS 27.402

(b) KAD 600

(c) Enk.Sw.T. 18/53
(4) TILXI1 41/82 Xb
(e) RS fig.96/13

(f) TIAL 183

(g) Enk.Sw.T.18/48

(h) ?Gelidonya P23
@) 2MeB T.VI/la
@) 2TAH 47-1615/1

Not pictured:
Pyla-Verghi T.1/112

piriform jar: FS 36
large SJ, fine: FS 164?
large SJ, fine: FS 164?
closed

stirrup jar

large SJ, fine

krater: FS 281

large SJ, fine: FS 164?
piriform jar
FS 36? FS 164?

Fragment

233

Incised Marks",0,eng,84.43106326027399,False,1648426888.3561192,1.75
247,234 Incised Marks #5 + +t (a) (b)* (c} (d) (e} (f) (g) + (h) (i) (i) WATITIORE ROOK RAs,0,eng,68.98063300000001,False,1648426889.9057999,1.75
248,"


#6A

(a) Enk.Br.T.45

(b) CM A1650b

(c) Enk.1960 no.183
(d) RS T.VI

(e) Kouklia KC 665
(f) Cesnola 775

(g) MY Anm.957 nr.1
(h) Kourion B1138
G) MeB Dep.213

G) Kw 1977

(k) TAH 310Ab

() Kouklia KC 637
(m) Kouklia KC 535
(n) TILXI 36/67 Vila

(0) ?7Enk.1949n0.5113

() 2Akanthou 1961/VII-12/1
(s) 7MeB T.VI/la

Incised Marks

piriform jar: FS 36

Piriform jar: FS 36

piriform jar

piriform jar: FS 36?

piriform jar

large SJ, coarse: FS 164

large SJ, fine

large SJ, coarse: FS 164 disc
large SJ, coarse: FS 164 (LOD)

large SJ, coarse

piriform jar
piriform Jar: FS 36

gment
large sh coarse: FS 164
piriform j jar",0,eng,86.27442321621623,False,1648426890.470796,1.75
249,236 Incised Marks #68 (ay (b)* ) (6) ee (f) (s) {h)* a) (i)* (k) a) (m)* (n),0,spa,60.75229177777778,False,1648426892.17626,1.75
250,"


#6B
MeB T.VI/1g

#6C
(a) Athienou 2134+3042/1
(b) CM A1650a

(©) ?KitBam KEF-186

237

Incised Marks
piriform jar

large SJ, fine: FS 164
piriform jar: FS 36

large SJ, fine",0,eng,87.53003963333332,False,1648426892.510205,1.75
251,"


238

Incised Marks

#68 }

 

#6C

(b)*
(a)

(c)*",0,eng,74.65619244444446,False,1648426893.75871,1.75
252,"


#7A

(a) Enk.Sw.T.18/54
(b) Enk.Sw.T.

(c) Enk.Sw.T.7/11
(d) Enk.1420

(e) KW 1977

  

Not pictured:
?Amnisos

#7A or B?
Enk.Sw.T.18/47

#7B

(a) Enk.Sw.T.18/55
(b) TAH 37-341

(c) TI LXI 42/70 X11
(d) TI 27.429

(e) Enk.Sw.T.18/74

#8
(a) ?Kit.0/3681A.
(b) ?Kourion B1139

large SJ, fine: FS 164
jar: FS 110 (pictorial)
Kzater (pictorial)
piriform jar

large SJ, coarse

large SJ, coarse
krater: FS 281 (pictorial)

large SJ, fine: FS 164
piriform jar: FS 36
large SJ, fine

large SJ, fine

jar: FS 110 (pictorial)

large SJ, coarse
large SJ, coarse: FS 164

239

Incised Marks

base-ring

base",0,eng,89.90535792708334,False,1648426894.278264,1.75
253,"


 

240

 

 

Incised Marks
47h
FOF yy +
oe
(a)* (e)*
mn.
eT US L
—
(4)
(e)
(a)

 

 

(b)

(ae",0,eng,49.68587555,False,1648426895.6521962,1.75
254,"241 Incised Marks #IA (a) Enk.Sw.T.18/58 piriform jar, FS 36 (b) Enk.Sw.T.18/31 piriform jar: FS 36 (c) Enk.Sw.T.18/77 piriform jar: FS 36 (d) Enk.Br.T.68 piriform jar: FS 36 (e) Enk.Sw.T.18/55 large SJ, fine: FS 164 (f) HST F6031/596 piriform jar: FS 36? (g) Enk.Sw.T.18/53 large SJ, fine: FS 164 (h) Enk.Sw.T.18/54 large SJ, fine: FS 164 i) HST T.1/52 piriform jar: FS 36 G) T1 27.428 large SJ, fine (k) TI 27.431 large SJ, fine Q) Enk.Sw.T.18/5 jar: FS 110 (pictorial) (m) Enk.Sw.T.18/74 Jar: FS 110 (pictorial) (n) Enk.Sw.T.7/11 kzater (pictorial) body (0) Enk.Sw.T.18/6 krater: FS 55 (pictorial) base (p) Enk.Sw.T.18/48 krater: FS 281 (q) Enk.Sw.T.18/47 krater: FS 281 (pictorial) base-ring Not pictured: Enk.T.18/6 krater: FS 55 (pictorial) handle #9B MeB T.VI/1f piriform jar #10 Enk.1957.SS large SJ, fine",0,eng,89.78665456589147,False,1648426896.8879511,1.75
255,"


£ ""
(c)

(4)

a) (m)

242

Incised Marks

 

 

198

 

 

 

no",0,eng,71.26755418181818,False,1648426898.213818,1.75
256,"


#11A

(a) Akhera T.1/13
(b) Kourion B1113
(c) RS 27.402

(@) KAD 535

(e) RS T.IV pt.14
(f) Enk.20.230

243

Incised Marks

 

(g) ?RS T.VI (See Appendix 1, no.221). piriform jar: FS 36?

#11B
(a) HST 1971 3-25-2
(b) TI 27.427

#11C?
RS T.VI.

#11D
Beth Shan

#11E
(a) Akhera T.1/13
(b) Pierides 235

#11F
MeB T.VI/li

#11G
TI Neg.562

#11?
Enk.20.229

piriform jar: FS 36
Piriform jar

piriform jar: FS 36?
large SJ, fine

piriform jar: FS 36
kylix: FS 255 or 256

piriform jar
piriform jar

krater",0,eng,87.2100328988764,False,1648426898.7048,1.75
257,244 Incised Marks AIA (a)*   (a)* (b) - i ' 1 1 | 1,0,eng,60.83973964285714,False,1648426900.425998,2.0865384615384617
258,"


245

Incised Marks
#12
(a) TI LXII 43/56-58 IX closed
(b) ?RS pt.4466 piriform jar
#13
(a) MEB T.VI/1j stirrup jar
(b) 7MeB T.VI/le piriform jar
#14
(a) HST F2003/2036 piriform jar
(b) HST 98 12-1 311 piriform jar: FS 36
#14 or #15?
Lapithos T.502/98c large SJ, fine: FS 164? 167?
#15

CM A 1580 large SJ, coarse: FS 164",0,eng,91.26138708196721,False,1648426900.8221729,1.75
259,"


Incised Marks

 

 

 

 

 

 

 

 

nz Lr
@) (b)
nz f T
@) (b)
ns
(a) (b)*
4
as
ia
a —
ct",0,eng,56.941655349999984,False,1648426902.059297,1.75
260,"


#16A
HST ch.T.20A

#16B
Makritikhos

#16C
(a) HST 1948/M11-4/3
(b) Enk.Ay.Jak

#16D
CM 1943/fI-20/1

#16E
TILXIV 44/85 VI

#16F
Enk.Fr.T.12/36

247

Incised Marks

piriform jar? stirrup jar?
large SJ, coarse

piriform jar
krater

krater: FS 281 (pictorial) base
closed

large SJ, coarse: FS 164",0,eng,86.80906570454546,False,1648426902.437811,1.75
261,#16A #168 #16C #16D #16E #16F,0,deu,73.65259166666667,False,1648426903.932833,1.75
262,"#17 (a) Dhenia 1937/IV-13/1 (b) 2MeB T.V 8A (a) KAD 40 (b) Enk.3595/1 #18B Athienou 2156+3112 #19A (a) Akanthou CS 997no.31 (b) Kit.T.9/51 #19B HST T.1/52 large SJ, coarse: FS 164 large SJ, coarse: FS 164 large SJ, fine: FS 167? closed large SJ, coarse: FS 164 8 coarse: FS 164 jar: FS 105 piriform jar: FS 36 249 Incised Marks",0,eng,92.51210836065574,False,1648426904.728531,1.6953125
263,250 Incised Marks             “7 (a)* 418A (a) (b) * #19A nse (a)* (b),0,eng,62.565804615384614,False,1648426906.340003,2.0865384615384617
264,"


#20A
(a) CM A1650b
Enk.Sw.T.18/57

#20B or #21?
Enk.Sw.T.18/74

#21
(a) Dhenia 1938/X-10/2
(b) Enk.T.82

Not pictured:
#21?
Enk.6009/5

#22
MeB T.VI/1L

piriform jar: FS 36
piriform jar: FS 36

jar: FS 110 (pictorial)

large SJ, coarse: FS 164
krater: FS 281 (pictorial)

large SJ, coarse

piriform jar

251

Incised Marks
)

base",0,eng,90.87922741509433,False,1648426906.727625,1.75
265,252 Incised Marks       #20A (a) (b) #20B7 #217 ——__----- (b) \ #22,0,por,80.68692749999998,False,1648426908.1756248,1.75
266,"#23A (a) Kit.T.4+5/110 (b) Kit.T.4+5/207 (C) Kit.T.4+5/108 #23B (a) Enk.Sw.T.18/47 (b) ?7HST F1523A #24A (a) Kit.T.4+5/107 (b) Kourion B1114 (c) RS T.1 (a) TAH 47-1615 #24B Enk.1848/12 #24C Enk.Sw.T.18/47 jar jar deep bowl: FS 279? Azater: FS 281 (pictorial) fragment piriform jar: FS 36 piriform jar: FS 36 piriform jar: FS 36? large SJ, coarse: FS 164 large SJ, coarse krater: FS 281 (pictorial) 253 Incised Marks base-ring base-ring",0,eng,88.28822117391304,False,1648426909.080189,1.5955882352941178
267,"


254

Incised Marks

 

 

 

 

 

#234
\ h\ \
| |
(a)* (b)* (c)*
#238 xX VA
(a) (b)*
#240
a>
AN A
(a) (b) {c) (4)
#240",0,eng,67.21537534615385,False,1648426910.4036028,1.75
268,"


#25A

(a) Kit.T.445/116
(b) Kit.T.4+5/108
(c) TI 27.421

(4) TI 27.246

#25A or B?

(a) Enk.Br.T.48/967
(b) Kit.T.4+5/110
(c) Erlangen

#25B
Enk.Sw.T.11/24

#25B or C?
Enk.5903/4

#25C
Deir el Balah T.114

#25D
(a) Kit.T.445/207
(b) MeB T.V

#25E
Enk.Fr.T.12/36

#252
TI LXI 36/7 IV/G

deep bowl: FS 284
deep bowl: FS 279?
closed

closed

large SJ, fine: FS 164
jar
large SJ, coarse: FS 164

piriform jar: FS 36
large SJ, coarse

piriform jar: FS 36
jar
large SJ, coarse: FS 164

large SJ, coarse: FS 164

large SJ, fine

255

Incised Marks

base
base

base

base",0,eng,89.74339095876289,False,1648426910.895044,1.75
269,"


256

Incised Marks

 

 

 

 

 

#254
(a)* (b)* (c) (d)
#25028? #50
_—
(ay (be ar
#25E
ws 4 F
(b)
Ld
#2587 C? esc
4257

 

aan areal",0,eng,59.33378823076924,False,1648426912.361442,1.75
270,"


#26A

(a) MeB T.VI/1b
(b) HST F6031/644
(c) HST BM C379

#26B
Pyla-Kk 27

257

_ Incised Marks
piriform jar: FS 36?
small piriform jar?
piriform jar

large SJ, coarse",0,eng,90.59355603333333,False,1648426912.685558,1.75
271,"


258

Incised Marks
#268
(a) (b) a

 

#26B",0,eng,78.24833674999999,False,1648426912.962355,1.75
272,"


#27
(a) Enk.Br.T.45
(b) Cesnola 775

Not pictured:
2RS “est du Grand Palais""

#28
(a) MeB T.VI/1h
(b) Kourion B1063

Not pictured:
‘Amnisos

#29
Kouklia KC 402

#30
Kit.1/5120

259
Incised Marks
piriform jar: FS 36
large SJ, fine
piriform jar
piriform jar
deep bowl: FS 281 base

large SJ, coarse

piriform jar

large SJ, fine",0,eng,91.26619571428571,False,1648426913.341567,1.75
273,"


 

 

 

 

 

260

Incised Marks

 

 

 

 

 

#27
(a)* (b)
428
A
a
(a) (b}
#29
#30",0,eng,81.99778407692307,False,1648426913.613685,1.75
274,"


#31

(a) TI LX 44/61 01
(b) MeB TI

(©) MeB T.VI/1d

#32
(a) MeB T.VI/1k
(b) MeB T.VI

#33A
Enk.Sw.T.3

#33B
(a) TILXM 44/13 1
(b) HST 51.330

#33C
HST 1971 3-25

#33D
RS exc:1936

#33E
Kourion B1129

#33?
?Enk.20.229

261

Incised Marks

large SJ, fine
large SJ, coarse: FS 164
piriform jar

piriform jar
mug: FS 226
fragment

large SJ, fine
piriform jar? stirrup jar?

piriform jar: FS 36
piriform jar: FS 36?
large SJ, coarse: FS 164

krater

 ",0,eng,84.81854774074074,False,1648426914.083022,1.75
275,"


#31

262

Incised Marks

(b) (c)

 

 

#32

 

 

 

 

 

 

{a} (b)
#338
int Wr
#33A ne
fa)
()
ne Ww tit
#33C #330 #33E
peo cece enna
#337",0,eng,58.59474873076923,False,1648426915.4386911,1.75
276,"


#34

(a) LM 53

(b) HST C434

(c) HST 98 12-1 310

#35A

(a) Enk.T.3/272

(b) Enk.Sw.T.18/57
(c) TI Neg.639

#35B
CM A 1650b

#35C
(a) TILXTI 40/36 0
(b) Erlangen

large SJ, fine: FS 164? 167?
piriform jar: FS 36 (pictorial)
piriform jar: FS 36

krater: FS 54 (pictorial) base
piriform jar: FS 36
stirrup jar? piriform jar?

piriform jar: FS 36

large SJ, fine
large SJ, coarse: FS 164

 

 

 ",0,eng,92.45434947887323,False,1648426915.875236,1.75
277,"


264

Incised Marks

 

 

 

 

 

 

(c)*
(b)*
4358
(a) (b) {e)
#358

 

1350 {",0,eng,77.62249983333334,False,1648426916.1308548,1.75
278,"


#36A
Byblos K.11/T.3

#36B
TAH 34-717

#37
RS pt.4574

265

Incised Marks
Jarge SJ, fine: FS 164?

piriform jar: FS 36

open body",0,eng,93.32881860869564,False,1648426916.421495,1.75
279,266 Incised Marks #36A Ww   #363       #37,0,eng,77.46154028571429,False,1648426917.840322,1.55
280,"


#38

Asine

#39

(a) San Antonio

(b) 7KAD 234
(c) 2HST F1548 lyr.4

267

Incised Marks
large SJ, fine

large SJ, coarse: FS 164

Marge SJ, fine
piriform jar?",0,eng,89.64185299999998,False,1648426918.14222,1.75
281,#38 Incised Marks     #39 (a) (c)* j i,0,eng,78.329395375,False,1648426918.6468742,1.75
282,"


#40
(a) KitBam K76-5592
(b) Kouklia KA 200

#41
Cesnola 434

#42A
KAD 619

#42B
KitBam KEF-334 + KEF-372

#42C
(a) KitBam KEF-334 + KEF-372
(b) Tl acrop?

#42D
MY Anm 57 nr.1

#42?
KAD 234

#43
Nauplia 27.418

269

Incised Marks
piriform jar: FS 36
stirrup jar
cup: FS 220 body
large SJ, fine

piriform jar: FS 36

piriform jar: FS 36
piriform jar

large SJ, fine
Marge SJ, fine

closed",0,eng,92.36498447222223,False,1648426919.079187,1.75
283,"


270

 

 

 

 

Incised Marks
#40
_, xt
Ml
(a)* (b)
#4)
#42 || #43

#428 #423

#420

 

 

 

 

 

 

 

 

 

 ",0,eng,68.458019,False,1648426920.543523,1.75
284,"#44A (a) Enk.Sw.T.18/74 (b) Kit.T.9/74 #44B (a) TILXIV 44/85 Ib (b) Midea (c) Tripiti #44C (a) Enk.Sw.T.11/24 (b) Kommos (c) ?Kit. 1/5375 d) ?Cesnola 775 Incised Marks jar: FS 110 (pictorial) base stirrup jar large SJ, fine large SJ, fine large SJ, coarse: FS 164 piriform jar: FS 36 large SJ, coarse piriform jar large SJ, fine: FS 164",0,eng,88.17763332203391,False,1648426921.2824051,1.75
285,272 Incised Marks #448 (a) (b)*     {a) (b) i aac ' 1 i) i 1 1 1 1 (c)* (4) \ ' 1,0,por,63.993417826086954,False,1648426922.857368,1.75
286,"#45 (a) Enk.5791/1 (b) HST C434 (c) Alalakh (d) TI LXI 43/9 XV (e) TI 27.430 (f) 2HST F1756 lyr.3 #46 KitBam KEF-322 #47 HST 98 12-1 310 #48 Dhenia 1937/IV-13/1 #49 Enk.1962 no.8 #50 TI 27.433 #51 TI 27.432 273 Incised Marks large SJ, coarse piriform jar: FS 36 (pictorial) piriform jar: FS 36? large SJ, fine large SJ, fine bowl? base piriform jar: FS 36 piriform jar: FS 36 large SJ, coarse: FS 164 large SJ, coarse large SJ, fine large SJ, fine",0,eng,90.36738363529412,False,1648426923.812463,1.6953125
287,"


274

 

 

 

 

 

 

 

 

 

Incised Marks
#45
(a)*
a (b)* (c)
;
ki lw YV
d \ : i
(d) (e) cf)
#46 |
#47
y ‘
#48
#49 rf
#50
#51
4

 

 ",0,eng,58.59745160000001,False,1648426925.175908,1.75
288,"


#52A
HST 1953n0.391

#52B
(a) HST F6031/648
(b) 2HST F6139/6056

#52C
Akanthou CS 997no.31

#53
Enk.4551/2

#54
MeB Tr.aux lampes

#55
(a) CM 1943/11-20/1
(b) Pierides 235

#56
MeB T.VI/1c

piriform jar

piriform jar
piriform jar

large SJ, coarse: FS 164
large SJ, coarse
large SJ, coarse

kzater: FS 281 (pictorial)
kylix: FS 255 or 256

piriform jar

275

Incised Marks

base",0,eng,88.07634219354838,False,1648426925.615974,1.75
289,"


276

 

 

 

 

 

 

 

 

 

 

 

 

 

Incised Marks
#528
——=
*
#528
'
(b)
#52C p
#53 54
#56 #55

\K

 

 

 

 

(a) (b)",0,eng,70.13097461111111,False,1648426926.966126,1.75
290,"277 Incised Marks Fragments (a) Kourion B1112 Piriform jar: FS 45? (0) TAH 37-418 (?) piriform jar: FS 36? base. (c) Kit.3438 bowl below rim (d) Enk.5903/4 large SJ, coarse (©) MeB T.VI/la piriform jar (f) TAH 47-1615/1 FS 36? FS 164? (g) TAH 47-1616 piriform jar: FS 35 (h) Enk.1957.SS large SJ, fine (i) TAH 37.417 large SJ, fine: FS 164? Note: printed upside down in this figure Gj) Enk.20.229 rater (k) Enk. 366 large SJ, coarse () KAD Marge SJ, fine (m) lyr. bowl base (n) Kourion B1 a large SJ, coarse disc (0) Kourion B1140 large SJ, coarse: FS 164 (p) Akanthou 1961/VII- 12/1 large SJ, coarse: FS 164 (q) Kit.1/687/1 piriform jar () KAD 427 fragment (s) Maa 1954/2 piriform. jar (t) Enk. nO 5113 piriform jar (u) Apliki FS 36 i (v) LXI 36/7 IV/G large SJ, fine f (w) KitBam KEF-186 large SJ, fine | (x) MeB T.VI/le . piriform jar (y) Lapithos T.502/98c large SJ, fine (z) HST F6139/6056 piriform jar (aa) HST F1548 lyr.4 piriform jar Not pictured: TI 27.428 large SJ, fine TI 27.429 large SJ, fine Enk.T.78 krater: FS 8 : Kit.0/5375 piriform jar (see #44C) | Enk. 1848/11 large SJ, coarse I",0,eng,87.36710363546797,False,1648426928.6347551,1.75
291,"


218

Incised Marks

(rye wm. “Tr
tL 2 +
(t) tam
{u)

an eee

 ",0,eng,52.977031071428584,False,1648426930.182799,1.75
292,"


279

VITA
NICOLLE ELISE HIRSCHFELD
Ph.D. candidate, University of Texas at Austin

Department of Classics WAG 123
University of Texas at Austin Austin, TX 78712-1181
TEL: (512) 471-5742

BIRTH: August 25,1961 Zurich, Switzerland

EDUCATION:
University of Texas at Austin, Ph.D. candidate (Classics/Classical Archaeology) 1990—
Texas A&M University, M.A.: Anthropology (Nautical Archaeology) 1990
Thesis: “Incised Marks on Late Helladic and Late Minoan III Pottery""
American School of Classical Studies (ASCSA) 1986-87
Bryn Mawr College, B.A. (Classical and Near Eastern Archaeology) 1985 Honors

PROFESSIONAL ACTIVITIES:
AIA, Austin chapter: Secretary, 1990-1991
M.A. Research: CAARI, Sept.1988-Dec.1990

Late Bronze Age shipwreck at Ulu Burun (Turkey): Excavator, Field Notebook,
1986-1989

ASCSA Excavation at Ancient Corinth: Excavator, March-April, 1987
Tsoungiza, Nemea (Greece): Excavator, June-August 1985
Thunderbird Excavations, Front Royal, VA: Excavator, August 1979

Memberships:
Institute of Nautical Archaeology

HONORS and AWARDS:

University Fellowship: University of Texas at Austin, 1990-1992

Olivia James Traveling Fellowship of the Archaeological Institute of America: 1988-1989
Mellon 1984 Foundation Research Grant: 1988-1989

PUBLICATIONS:
“Fine Tuning: An Analysis of Bronze Age Potmarks as Clues to Maritime Trade,""
INA Newsletter 17.1 (Spring 1990)18-21.

""The Ship of Saint Paul, Part I: Historical Background,” Biblical Archaeologist 53.1
(March 1990) 25-30.

CONFERENCE PAPERS:
""Incised Marks (Post-Firing) on Aegean Wares,"" Wace and Blegen: A Friendship in the
Realms of Bronze, Athens, December 1989.",0,eng,94.93132785514018,False,1648426931.287337,1.75
