page,x0,y0,x1,y1,predicted_text,confidence
1,190.0,101.0,425.1,145.0,KÜLTEPE'DEN,0.9699
1,425.1,101.0,574.7,145.0,DEGISIK,0.9699
1,574.7,101.0,638.8,145.0,BIR,0.9699
1,638.8,101.0,767.0,145.0,MASRAF,0.9699
1,373.0,137.0,504.0,175.0,LISTESI,0.9095
1,584.0,189.0,658.2,220.0,Irfan,0.9971
1,658.2,189.0,777.0,220.0,ALBAYRAK,0.9971
1,166.0,262.0,192.7,291.0,Bu,0.9607
1,192.7,262.0,325.9,291.0,"yazimizda,",0.9607
1,325.9,262.0,379.2,291.0,l988,0.9607
1,379.2,262.0,419.2,291.0,yil,0.9607
1,419.2,262.0,512.5,291.0,Kültepe,0.9607
1,512.5,262.0,659.1,291.0,kazilarinda,0.9607
1,659.1,262.0,699.0,291.0,ele,0.9607
1,699.0,262.0,779.0,291.0,"geçmi,",0.9607
1,87.0,283.0,162.7,320.0,Ankara,0.9835
1,162.7,283.0,251.0,320.0,Anadolu,0.9835
1,251.0,283.0,415.1,320.0,Medeniyetleri,0.9835
1,415.1,283.0,528.6,320.0,Müzesinde,0.9835
1,528.6,283.0,617.0,320.0,korunan,0.9835
1,617.0,283.0,654.8,320.0,Kt.,0.9835
1,654.8,283.0,705.3,320.0,88/k,0.9835
1,705.3,283.0,730.5,320.0,71,0.9835
1,730.5,283.0,781.0,320.0,kazi,0.9835
1,87.0,313.0,175.8,344.0,envanter,0.9732
1,175.8,313.0,253.5,344.0,numaral,0.9732
1,253.5,313.0,342.2,344.0,belgeyi',0.9732
1,342.2,313.0,431.0,344.0,tanitmak,0.9732
1,431.0,313.0,542.0,344.0,istiyoruz.,0.9732
1,165.0,357.0,254.4,388.0,"Tablet,",0.9557
1,254.4,357.0,369.3,388.0,boyutlari,0.9557
1,369.3,357.0,394.9,388.0,ok,0.9557
1,394.9,357.0,458.7,388.0,büyük,0.9557
1,458.7,357.0,535.4,388.0,olmasa,0.9557
1,535.4,357.0,573.7,388.0,"da,",0.9557
1,573.7,357.0,612.0,388.0,sik,0.9557
1,612.0,357.0,688.6,388.0,yazilm,0.9557
1,688.6,357.0,714.1,388.0,61,0.9557
1,714.1,357.0,778.0,388.0,satri,0.9557
1,85.0,379.0,156.8,418.0,ihtiva,0.9854
1,156.8,379.0,288.4,418.0,etmektedir.,0.9854
1,288.4,379.0,360.2,418.0,Metnin,0.9854
1,360.2,379.0,491.8,418.0,Kültepe'den,0.9854
1,491.8,379.0,575.6,418.0,bulunmu,0.9854
1,575.6,379.0,647.4,418.0,benzer,0.9854
1,647.4,379.0,779.0,418.0,listelerden,0.9854
1,85.0,409.0,159.2,442.0,"farki,",0.9847
1,159.2,409.0,245.9,442.0,belgede,0.9847
1,245.9,409.0,295.4,442.0,sözü,0.9847
1,295.4,409.0,369.6,442.0,edilen,0.9847
1,369.6,409.0,493.4,442.0,nesnelerin,0.9847
1,493.4,409.0,530.5,442.0,çok,0.9847
1,530.5,409.0,641.9,442.0,çeitlilik,0.9847
1,641.9,409.0,679.0,442.0,arz,0.9847
1,679.0,409.0,753.2,442.0,etmesi,0.9847
1,753.2,409.0,778.0,442.0,ve,0.9847
1,85.0,435.0,179.0,468.0,tabletin,0.9592
1,179.0,435.0,225.9,468.0,dört,0.9592
1,225.9,435.0,308.2,468.0,yerinde,0.9592
1,308.2,435.0,355.2,468.0,(st.,0.9592
1,355.2,435.0,378.6,468.0,"6,",0.9592
1,378.6,435.0,402.1,468.0,"7,",0.9592
1,402.1,435.0,472.6,468.0,"11-12,",0.9592
1,472.6,435.0,507.8,468.0,"51,",0.9592
1,507.8,435.0,578.3,468.0,"55-56,",0.9592
1,578.3,435.0,660.5,468.0,"56-57),",0.9592
1,660.5,435.0,731.0,468.0,bazisi,0.9592
1,731.0,435.0,778.0,468.0,arka,0.9592
1,86.0,463.0,156.4,495.0,arkaya,0.9656
1,156.4,463.0,191.6,495.0,iki,0.9656
1,191.6,463.0,226.7,495.0,kez,0.9656
1,226.7,463.0,308.8,495.0,yazlmak,0.9656
1,308.8,463.0,414.4,495.0,suretiyle,0.9656
1,414.4,463.0,496.5,495.0,e-mu-ni,0.9656
1,496.5,463.0,508.2,495.0,ú,0.9656
1,508.2,463.0,649.0,495.0,e-ba-ru-tù-u,0.9656
1,649.0,463.0,778.0,495.0,a-sí-(i-ma),0.9656
1,86.0,490.0,186.8,521.0,"eklinde,",0.9954
1,186.8,490.0,262.4,521.0,masraf,0.9954
1,262.4,490.0,413.6,521.0,listelerinde,0.9954
1,413.6,490.0,564.8,521.0,rastlanmayan,0.9954
1,564.8,490.0,602.6,521.0,bir,0.9954
1,602.6,490.0,703.4,521.0,ifadenin,0.9954
1,703.4,490.0,779.0,521.0,tekrar,0.9954
1,85.0,516.0,221.5,548.0,edilmesidir.,0.9823
1,221.5,516.0,346.7,548.0,"""Enitemizi²",0.9823
1,346.7,516.0,369.4,548.0,ve,0.9823
1,369.4,516.0,414.9,548.0,onun,0.9823
1,414.9,516.0,551.5,548.0,arkadalarini,0.9823
1,551.5,516.0,608.3,548.0,davet,0.9823
1,608.3,516.0,676.6,548.0,"ettim""",0.9823
1,676.6,516.0,779.0,548.0,anlaminda,0.9823
1,85.0,545.0,168.6,575.0,tercüme,0.9888
1,168.6,545.0,264.2,575.0,ettiimiz,0.9888
1,264.2,545.0,288.1,575.0,bu,0.9888
1,288.1,545.0,395.7,575.0,"cümlenin,",0.9888
1,395.7,545.0,467.3,575.0,çeitli,0.9888
1,467.3,545.0,562.9,575.0,nesneler,0.9888
1,562.9,545.0,610.7,575.0,için,0.9888
1,610.7,545.0,658.5,575.0,bazi,0.9888
1,658.5,545.0,778.0,575.0,harcamalar,0.9888
1,86.0,575.0,206.7,600.0,yapildiktan,0.9873
1,206.7,575.0,272.5,600.0,"sonra,",0.9873
1,272.5,575.0,349.2,600.0,belirli,0.9873
1,349.2,575.0,469.9,600.0,araliklarla,0.9873
1,469.9,575.0,623.4,600.0,"tekrarlanmasi,",0.9873
1,623.4,575.0,678.3,600.0,sanki,0.9873
1,678.3,575.0,711.2,600.0,söz,0.9873
1,711.2,575.0,777.0,600.0,konusu,0.9873
1,86.0,601.0,207.5,628.0,masraflarin,0.9876
1,207.5,601.0,329.1,628.0,duyurulmasi,0.9876
1,329.1,601.0,373.3,628.0,için,0.9876
1,373.3,601.0,450.6,628.0,yapilan,0.9876
1,450.6,601.0,494.8,628.0,özel,0.9876
1,494.8,601.0,528.0,628.0,bir,0.9876
1,528.0,601.0,594.3,628.0,daveti,0.9876
1,594.3,601.0,760.0,628.0,hatrlatmaktadr.,0.9876
1,165.0,643.0,262.8,672.0,Metinde,0.9673
1,262.8,643.0,374.7,672.0,herhangi,0.9673
1,374.7,643.0,416.6,672.0,bir,0.9673
1,416.6,643.0,472.5,672.0,ahis,0.9673
1,472.5,643.0,556.4,672.0,adinin,0.9673
1,556.4,643.0,682.2,672.0,geçmemesi,0.9673
1,682.2,643.0,710.1,672.0,ve,0.9673
1,710.1,643.0,780.0,672.0,cümle,0.9673
1,86.0,670.0,229.4,698.0,sonlarindaki,0.9856
1,229.4,670.0,325.0,698.0,fillerin,0.9856
1,325.0,670.0,348.9,698.0,1.,0.9856
1,348.9,670.0,408.6,698.0,tekil,0.9856
1,408.6,670.0,456.4,698.0,ahis,0.9856
1,456.4,670.0,528.1,698.0,olarak,0.9856
1,528.1,670.0,683.4,698.0,"çekimlenmesi,",0.9856
1,683.4,670.0,779.0,698.0,belgenin,0.9856
1,87.0,697.0,142.8,724.0,öznel,0.9849
1,142.8,697.0,209.8,724.0,olarak,0.9849
1,209.8,697.0,354.9,724.0,düzenlendiini,0.9849
1,354.9,697.0,522.3,724.0,göstermektedir.,0.9849
1,522.3,697.0,656.2,724.0,"Dolayisiyla,",0.9849
1,656.2,697.0,723.2,724.0,metnin,0.9849
1,723.2,697.0,779.0,724.0,hangi,0.9849
1,86.0,723.0,178.9,752.0,tüccarin,0.9675
1,178.9,723.0,260.1,752.0,arivine,0.9675
1,260.1,723.0,294.9,752.0,âit,0.9675
1,294.9,723.0,376.2,752.0,olduunu,0.9675
1,376.2,723.0,434.2,752.0,kesin,0.9675
1,434.2,723.0,503.9,752.0,olarak,0.9675
1,503.9,723.0,596.7,752.0,söylemek,0.9675
1,596.7,723.0,678.0,752.0,güçtür.,0.9675
1,247.0,762.0,284.8,788.0,Kt.,0.9797
1,284.8,762.0,335.1,788.0,88/k,0.9797
1,335.1,762.0,360.3,788.0,71,0.9797
1,360.3,762.0,385.5,788.0,(9,0.9797
1,385.5,762.0,398.1,788.0,x,0.9797
1,398.1,762.0,435.8,788.0,"5,5",0.9797
1,435.8,762.0,448.4,788.0,x,0.9797
1,448.4,762.0,486.2,788.0,"1,6",0.9797
1,486.2,762.0,523.9,788.0,cm.,0.9797
1,523.9,762.0,586.9,788.0,siyah,0.9797
1,586.9,762.0,662.4,788.0,renkli,0.9797
1,662.4,762.0,675.0,788.0,),0.9797
1,81.0,808.0,133.0,851.0,Öy.,0.9649
1,164.0,814.0,185.0,840.0,1,0.9998
1,248.0,818.0,327.9,838.0,i-nu-mì,0.974
1,327.9,818.0,407.8,838.0,e-mu-ni,0.974
1,407.8,818.0,521.9,838.0,nu-é-ri-bu,0.974
1,521.9,818.0,579.0,838.0,ki-ma,0.974
1,246.0,843.0,335.5,868.0,i-ri-im,0.935
1,335.5,843.0,386.6,868.0,"""2/3",0.935
1,386.6,843.0,424.9,868.0,GfN,0.935
1,424.9,843.0,450.5,868.0,15,0.935
1,450.5,843.0,463.3,868.0,E,0.935
1,463.3,843.0,514.4,868.0,a-na,0.935
1,514.4,843.0,655.0,868.0,mu-sá-ri-im,0.935
1,246.0,873.0,308.1,898.0,á-qúl,0.9768
1,308.1,873.0,345.4,898.0,1/4,0.9768
1,345.4,873.0,382.7,898.0,GfN,0.9768
1,382.7,873.0,432.3,898.0,a-na,0.9768
1,432.3,873.0,569.0,898.0,a-hi-re-en6,0.9768
1,246.0,899.0,285.1,924.0,2/3,0.9224
1,285.1,899.0,324.2,924.0,GíN,0.9224
1,324.2,899.0,350.3,924.0,15,0.9224
1,350.3,899.0,363.3,924.0,E,0.9224
1,363.3,899.0,415.5,924.0,a-na,0.9224
1,415.5,899.0,428.5,924.0,3,0.9224
1,428.5,899.0,545.8,924.0,ki-ra-tim,0.9224
1,545.8,899.0,611.0,924.0,á-qúl,0.9224
1,163.0,928.0,184.0,954.0,5,0.9999
1,247.0,926.0,285.2,952.0,1/4,0.9582
1,285.2,926.0,323.3,952.0,GfN,0.9582
1,323.3,926.0,374.2,952.0,a-na,0.9582
1,374.2,926.0,463.2,952.0,í-ri-im,0.9582
1,463.2,926.0,565.0,952.0,á-qúl-ma,0.9582
1,244.0,951.0,325.0,979.0,e-mu-ni,0.9712
1,325.0,951.0,475.5,979.0,ùe-ba-ru-tù-u,0.9712
1,475.5,951.0,545.0,979.0,a-sí-i,0.9712
1,244.0,978.0,326.4,1005.0,e-mu-ni,0.9735
1,326.4,978.0,479.6,1005.0,ùe-ba-ru-tù-u,0.9735
1,479.6,978.0,562.0,1005.0,a-sí-ma,0.9735
1,246.0,1008.0,259.2,1033.0,1,0.964
1,259.2,1008.0,298.9,1033.0,1/2,0.964
1,298.9,1008.0,338.6,1033.0,GfN,0.964
1,338.6,1008.0,457.6,1033.0,Kù.BABBAR,0.964
1,457.6,1008.0,523.7,1033.0,>>x<<,0.964
1,523.7,1008.0,629.5,1033.0,ga-me-er,0.964
1,629.5,1008.0,722.1,1033.0,i-nu-mì,0.964
1,722.1,1008.0,775.0,1033.0,i-tù,0.964
1,246.0,1033.0,411.9,1061.0,W[a-a]h-u-a-na,0.9758
1,411.9,1033.0,530.5,1061.0,i-li-kà-ni,0.9758
1,530.5,1033.0,566.0,1061.0,1/4,0.9758
1,566.0,1033.0,601.6,1061.0,GfN,0.9758
1,601.6,1033.0,649.0,1061.0,a-na,0.9758
1,90.0,1092.0,193.2,1121.0,Tabletleri,0.9553
1,193.2,1092.0,224.2,1121.0,gün,0.9553
1,224.2,1092.0,255.2,1121.0,ina,0.9553
1,255.2,1092.0,337.8,1121.0,"çikarip,",0.9553
1,337.8,1092.0,461.6,1121.0,filologlarin,0.9553
1,461.6,1092.0,575.2,1121.0,çalmalarina,0.9553
1,575.2,1092.0,606.2,1121.0,açt,0.9553
1,606.2,1092.0,647.5,1121.0,için,0.9553
1,647.5,1092.0,699.1,1121.0,Prof.,0.9553
1,699.1,1092.0,730.1,1121.0,Dr.,0.9553
1,730.1,1092.0,792.0,1121.0,Tahsin,0.9553
1,93.0,1115.0,163.9,1144.0,Özgüç'e,0.9587
1,163.9,1115.0,184.2,1144.0,ve,0.9587
1,184.2,1115.0,295.6,1144.0,çalitiklari,0.9587
1,295.6,1115.0,366.5,1144.0,arivden,0.9587
1,366.5,1115.0,386.8,1144.0,bu,0.9587
1,386.8,1115.0,457.7,1144.0,belgeyi,0.9587
1,457.7,1115.0,559.0,1144.0,yayinlamam,0.9587
1,559.0,1115.0,660.3,1144.0,"hususunda,",0.9587
1,660.3,1115.0,792.0,1144.0,gösterdikleri,0.9587
1,90.0,1135.0,182.9,1168.0,anlayitan,0.9612
1,182.9,1135.0,244.9,1168.0,dolayi,0.9612
1,244.9,1135.0,296.5,1168.0,Prof.,0.9612
1,296.5,1135.0,327.4,1168.0,Dr.,0.9612
1,327.4,1135.0,430.7,1168.0,Sebahattin,0.9612
1,430.7,1135.0,492.6,1168.0,Bayram,0.9612
1,492.6,1135.0,513.3,1168.0,ve,0.9612
1,513.3,1135.0,564.9,1168.0,Prof.,0.9612
1,564.9,1135.0,595.9,1168.0,Dr.,0.9612
1,595.9,1135.0,647.5,1168.0,Salih,0.9612
1,647.5,1135.0,719.7,1168.0,Ceçen'e,0.9612
1,719.7,1135.0,792.0,1168.0,teekkür,0.9612
1,91.0,1164.0,184.0,1190.0,ediyorum.,0.9999
1,79.0,1186.0,91.0,1201.0,2,1.0
1,91.0,1179.0,170.9,1211.0,Anlamnda,0.9828
1,170.9,1179.0,250.8,1211.0,tereddut,0.9828
1,250.8,1179.0,330.7,1211.0,oldugunu,0.9828
1,330.7,1179.0,420.5,1211.0,göstermek,0.9828
1,420.5,1179.0,460.5,1211.0,için,0.9828
1,460.5,1179.0,520.4,1211.0,italik,0.9828
1,520.4,1179.0,610.3,1211.0,yazdiimiz,0.9828
1,610.3,1179.0,630.2,1211.0,bu,0.9828
1,630.2,1179.0,700.1,1211.0,"kelime,",0.9828
1,700.1,1179.0,790.0,1211.0,filolojik,0.9828
1,89.0,1198.0,196.1,1236.0,açiklamalar,0.9712
1,196.1,1198.0,264.2,1236.0,kisimda,0.9712
1,264.2,1198.0,293.5,1236.0,st.,0.9712
1,293.5,1198.0,303.2,1236.0,1,0.9712
1,303.2,1198.0,332.4,1236.0,ile,0.9712
1,332.4,1198.0,390.8,1236.0,ilgili,0.9712
1,390.8,1198.0,449.2,1236.0,olarak,0.9712
1,449.2,1198.0,517.4,1236.0,verilen,0.9712
1,517.4,1198.0,624.5,1236.0,analizlerde,0.9712
1,624.5,1198.0,702.4,1236.0,ayrintli,0.9712
1,702.4,1198.0,760.8,1236.0,olarak,0.9712
1,760.8,1198.0,790.0,1236.0,ele,0.9712
1,89.0,1231.0,184.0,1260.0,alinmtir.,0.9407
2,325.0,68.0,394.2,98.0,IRFAN,0.9709
2,394.2,68.0,505.0,98.0,ALBAYRAK,0.9709
2,154.0,118.0,187.0,147.0,10,0.9994
2,229.0,117.0,323.6,149.0,a-hi-re-,0.9725
2,323.6,117.0,359.1,149.0,en6,0.9725
2,359.1,117.0,394.6,149.0,1/2,0.9725
2,394.6,117.0,430.1,149.0,GíN,0.9725
2,430.1,117.0,477.4,149.0,a-na,0.9725
2,477.4,117.0,489.2,149.0,2,0.9725
2,489.2,117.0,583.9,149.0,ki-ri-im,0.9725
2,583.9,117.0,643.0,149.0,á-qúl,0.9725
2,232.0,146.0,268.0,178.0,1/4,0.97
2,268.0,146.0,304.0,178.0,GiN,0.97
2,304.0,146.0,352.0,178.0,a-na,0.97
2,352.0,146.0,436.0,178.0,i-ri-im,0.97
2,436.0,146.0,532.0,178.0,á-qúl-ma,0.97
2,532.0,146.0,616.0,178.0,e-mu-ni,0.97
2,231.0,176.0,242.7,205.0,ù,0.9146
2,242.7,176.0,383.1,205.0,e-ba-ra-tù-u,0.9146
2,383.1,176.0,453.3,205.0,a-sí-i,0.9146
2,453.3,176.0,465.0,205.0,4,0.9146
2,465.0,176.0,500.1,205.0,1/2,0.9146
2,500.1,176.0,535.2,205.0,GíN,0.9146
2,535.2,176.0,582.0,205.0,a-na,0.9146
2,229.0,204.0,241.8,236.0,2,0.9765
2,241.8,204.0,344.4,236.0,na-ru-uq,0.9765
2,344.4,204.0,357.2,236.0,ù,0.9765
2,357.2,204.0,370.0,236.0,1,0.9765
2,370.0,204.0,408.5,236.0,DUG,0.9765
2,408.5,204.0,523.9,236.0,bu-uq-lim,0.9765
2,523.9,204.0,588.0,236.0,á-qúl,0.9765
2,231.0,235.0,242.6,262.0,4,0.9797
2,242.6,235.0,277.6,262.0,GíN,0.9797
2,277.6,235.0,324.1,262.0,a-na,0.9797
2,324.1,235.0,335.8,262.0,2,0.9797
2,335.8,235.0,428.9,262.0,na-ru-uq,0.9797
2,428.9,235.0,557.0,262.0,ba-pí-ri-im,0.9797
2,156.0,260.0,186.0,288.0,15,1.0
2,230.0,261.0,298.1,290.0,á-qúl,0.9173
2,298.1,261.0,311.8,290.0,7,0.9173
2,311.8,261.0,352.7,290.0,GíN,0.9173
2,352.7,261.0,379.9,290.0,LÁ,0.9173
2,379.9,261.0,407.2,290.0,15,0.9173
2,407.2,261.0,420.8,290.0,E,0.9173
2,420.8,261.0,475.3,290.0,a-na,0.9173
2,475.3,261.0,489.0,290.0,6,0.9173
2,489.0,261.0,598.0,290.0,na-ru-uq,0.9173
2,231.0,292.0,283.1,316.0,e-am,0.9727
2,283.1,292.0,348.3,316.0,á-qúl,0.9727
2,348.3,292.0,361.3,316.0,6,0.9727
2,361.3,292.0,400.4,316.0,2/3,0.9727
2,400.4,292.0,439.6,316.0,gíN,0.9727
2,439.6,292.0,491.7,316.0,a-na,0.9727
2,491.7,292.0,504.7,316.0,4,0.9727
2,504.7,292.0,609.0,316.0,na-ru-uq,0.9727
2,231.0,319.0,326.8,341.0,ar-a-tim,0.9758
2,326.8,319.0,386.6,341.0,á-qúl,0.9758
2,386.6,319.0,398.6,341.0,2,0.9758
2,398.6,319.0,434.5,341.0,1/6,0.9758
2,434.5,319.0,470.4,341.0,GíN,0.9758
2,470.4,319.0,518.3,341.0,a-na,0.9758
2,518.3,319.0,626.0,341.0,hi-im-tim,0.9758
2,230.0,344.0,291.3,371.0,á-qúl,0.9466
2,291.3,344.0,303.5,371.0,1,0.9466
2,303.5,344.0,340.3,371.0,1/3,0.9466
2,340.3,344.0,377.1,371.0,gíN,0.9466
2,377.1,344.0,426.1,371.0,a-na,0.9466
2,426.1,344.0,548.7,371.0,dí-i-pì-im,0.9466
2,548.7,344.0,610.0,371.0,á-qúl,0.9466
2,228.0,371.0,239.9,399.0,2,0.9662
2,239.9,371.0,275.6,399.0,1/4,0.9662
2,275.6,371.0,311.2,399.0,GíN,0.9662
2,311.2,371.0,358.8,399.0,a-na,0.9662
2,358.8,371.0,454.0,399.0,pá-ni-ri,0.9662
2,454.0,371.0,465.9,399.0,a,0.9662
2,465.9,371.0,561.0,399.0,al-pì-im,0.9662
2,150.0,392.0,185.0,420.0,20,1.0
2,226.0,397.0,238.1,425.0,ù,0.9529
2,238.1,397.0,322.8,425.0,e-me-ri,0.9529
2,322.8,397.0,383.3,425.0,á-qúl,0.9529
2,383.3,397.0,407.5,425.0,15,0.9529
2,407.5,397.0,443.8,425.0,gfN,0.9529
2,443.8,397.0,492.2,425.0,a-na,0.9529
2,492.2,397.0,589.0,425.0,al-pì-im,0.9529
2,227.0,422.0,295.4,450.0,á-qúl,0.9058
2,295.4,422.0,336.5,450.0,2/3,0.9058
2,336.5,422.0,377.6,450.0,GíN,0.9058
2,377.6,422.0,432.3,450.0,a-na,0.9058
2,432.3,422.0,473.4,450.0,UDU,0.9058
2,473.4,422.0,541.8,450.0,á-qúl,0.9058
2,541.8,422.0,582.9,450.0,2/3,0.9058
2,582.9,422.0,623.9,450.0,GíN,0.9058
2,623.9,422.0,651.3,450.0,15,0.9058
2,651.3,422.0,665.0,450.0,E,0.9058
2,228.0,453.0,281.3,476.0,a-na,0.9581
2,281.3,453.0,361.2,476.0,UDU-ma,0.9581
2,361.2,453.0,427.8,476.0,á-qúl,0.9581
2,427.8,453.0,467.8,476.0,1/6,0.9581
2,467.8,453.0,507.8,476.0,GÍN,0.9581
2,507.8,453.0,561.0,476.0,a-na,0.9581
2,561.0,453.0,601.0,476.0,UDU,0.9581
2,227.0,477.0,263.8,506.0,[x],0.9255
2,263.8,477.0,300.7,506.0,GfN,0.9255
2,300.7,477.0,349.8,506.0,a-na,0.9255
2,349.8,477.0,386.6,506.0,UDU,0.9255
2,386.6,477.0,448.0,506.0,á-qúl,0.9255
2,448.0,477.0,460.3,506.0,1,0.9255
2,460.3,477.0,497.1,506.0,GfN,0.9255
2,497.1,477.0,546.2,506.0,a-na,0.9255
2,546.2,477.0,669.0,506.0,e-ri-qí-im,0.9255
2,227.0,506.0,262.6,531.0,[x],0.9616
2,262.6,506.0,286.3,531.0,LÁ,0.9616
2,286.3,506.0,321.9,531.0,1/6,0.9616
2,321.9,506.0,357.5,531.0,GíN,0.9616
2,357.5,506.0,405.0,531.0,a-na,0.9616
2,405.0,506.0,499.9,531.0,sú-ri-im,0.9616
2,499.9,506.0,547.4,531.0,a-na,0.9616
2,547.4,506.0,559.2,531.0,a,0.9616
2,559.2,506.0,666.0,531.0,tí-ib-nim,0.9616
2,149.0,528.0,181.0,555.0,25,1.0
2,224.0,529.0,314.7,562.0,[ás]-qúl,0.8436
2,314.7,529.0,360.0,562.0,GU.',0.8436
2,355.0,531.0,410.0,549.0,al-pi-im,0.9725
2,408.0,532.0,571.9,563.0,úe-me-ri-<im>,0.9546
2,571.9,532.0,635.0,563.0,á-qúl,0.9546
2,68.0,550.0,116.0,583.0,Ak.,0.9996
2,226.0,558.0,264.4,589.0,[x],0.9319
2,264.4,558.0,302.8,589.0,GíN,0.9319
2,302.8,558.0,354.1,589.0,a-na,0.9319
2,354.1,558.0,366.9,589.0,2,0.9319
2,366.9,558.0,430.9,589.0,ma-ke,0.9319
2,430.9,558.0,559.0,589.0,a-pá-tí-im,0.9319
2,226.0,587.0,307.4,616.0,[á-q]úl,0.9634
2,307.4,587.0,319.0,616.0,3,0.9634
2,319.0,587.0,353.9,616.0,1/6,0.9634
2,353.9,587.0,388.8,616.0,GíN,0.9634
2,388.8,587.0,435.2,616.0,a-na,0.9634
2,435.2,587.0,446.9,616.0,2,0.9634
2,446.9,587.0,551.5,616.0,e-ri-qé-[,0.9634
2,551.5,587.0,598.0,616.0,en6],0.9634
2,226.0,614.0,255.4,642.0,[a,0.8387
2,255.4,614.0,314.1,642.0,e-]í,0.8387
2,314.1,614.0,387.5,642.0,á-qúl,0.8387
2,387.5,614.0,402.2,642.0,1,0.8387
2,402.2,614.0,446.2,642.0,GíN,0.8387
2,446.2,614.0,475.6,642.0,LÁ,0.8387
2,475.6,614.0,490.3,642.0,7,0.8387
2,490.3,614.0,534.3,642.0,1/5,0.8387
2,534.3,614.0,549.0,642.0,E,0.8387
2,62.0,634.0,117.0,680.0,Ay.,0.9882
2,225.0,643.0,282.7,673.0,[a-na,0.9247
2,282.7,643.0,398.0,673.0,...]-ra-ni,0.9247
2,398.0,643.0,455.7,673.0,á-qúl,0.9247
2,455.7,643.0,467.2,673.0,2,0.9247
2,467.2,643.0,501.8,673.0,GíN,0.9247
2,501.8,643.0,571.0,673.0,[a-na],0.9247
2,146.0,669.0,181.0,697.0,30,0.9999
2,225.0,670.0,360.4,700.0,[e]-ri-qí-im,0.9891
2,360.4,670.0,371.7,700.0,a,0.9891
2,371.7,670.0,462.0,700.0,kà-nu-wa,0.9891
2,224.0,696.0,247.3,726.0,[x,0.912
2,247.3,696.0,259.0,726.0,],0.912
2,259.0,696.0,293.9,726.0,GíN,0.912
2,293.9,696.0,340.5,726.0,a-na,0.912
2,340.5,696.0,422.1,726.0,a-lá-ni,0.912
2,422.1,696.0,433.8,726.0,ù,0.912
2,433.8,696.0,527.0,726.0,ki-ra-ni,0.912
2,225.0,724.0,284.2,750.0,[x+]5,0.9632
2,284.2,724.0,319.7,750.0,GíN,0.9632
2,319.7,724.0,367.1,750.0,a-na,0.9632
2,367.1,724.0,390.8,750.0,30,0.9632
2,390.8,724.0,521.0,750.0,a-hi-ra-tim,0.9632
2,224.0,749.0,286.3,779.0,[x+]4,0.9077
2,286.3,749.0,323.7,779.0,GíN,0.9077
2,323.7,749.0,373.5,779.0,a-na,0.9077
2,373.5,749.0,423.3,779.0,i.Gi,0.9077
2,423.3,749.0,485.6,779.0,á-qúl,0.9077
2,485.6,749.0,523.0,779.0,1/4,0.9077
2,225.0,776.0,285.3,805.0,[G]íN,0.9566
2,285.3,776.0,333.5,805.0,a-na,0.9566
2,333.5,776.0,430.0,805.0,um-zi-im,0.9566
2,430.0,776.0,466.2,805.0,1/3,0.9566
2,466.2,776.0,502.4,805.0,GíN,0.9566
2,502.4,776.0,550.6,805.0,a-na,0.9566
2,550.6,776.0,635.0,805.0,u-um-ki,0.9566
2,143.0,802.0,179.0,831.0,35,1.0
2,225.0,803.0,288.2,832.0,á-qúl,0.9404
2,288.2,803.0,326.1,832.0,1/2,0.9404
2,326.1,803.0,364.0,832.0,GfN,0.9404
2,364.0,803.0,414.5,832.0,a-na,0.9404
2,414.5,803.0,427.1,832.0,1,0.9404
2,427.1,803.0,465.0,832.0,DUG,0.9404
2,465.0,803.0,604.0,832.0,ha-á-lá-tim,0.9404
2,224.0,831.0,286.5,860.0,á-qúl,0.9471
2,286.5,831.0,299.0,860.0,1,0.9471
2,299.0,831.0,324.0,860.0,LÁ,0.9471
2,324.0,831.0,361.5,860.0,1/6,0.9471
2,361.5,831.0,399.0,860.0,GfN,0.9471
2,399.0,831.0,524.0,860.0,a-na-ru-uq,0.9471
2,524.0,831.0,574.0,860.0,pá-e,0.9471
2,227.0,860.0,286.5,883.0,á-qúl,0.9647
2,286.5,860.0,322.2,883.0,1/6,0.9647
2,322.2,860.0,357.9,883.0,GíN,0.9647
2,357.9,860.0,477.0,883.0,a-kà-nu-wa,0.9647
2,477.0,860.0,488.9,883.0,a,0.9647
2,488.9,860.0,596.0,883.0,ki-ra-tim,0.9647
2,227.0,886.0,238.7,909.0,1,0.9657
2,238.7,886.0,273.7,909.0,GíN,0.9657
2,273.7,886.0,320.3,909.0,a-na,0.9657
2,320.3,886.0,378.7,909.0,zi-re,0.9657
2,378.7,886.0,472.0,909.0,ma-lá-hi,0.9657
2,472.0,886.0,483.7,909.0,ú,0.9657
2,483.7,886.0,612.0,909.0,ha-ba-a-tim,0.9657
2,228.0,913.0,261.8,937.0,1/4,0.9685
2,261.8,913.0,295.6,937.0,GíN,0.9685
2,295.6,913.0,340.7,937.0,a-na,0.9685
2,340.7,913.0,442.2,937.0,hi-im-tim,0.9685
2,442.2,913.0,543.6,937.0,bi4-i-tim,0.9685
2,543.6,913.0,600.0,937.0,á-qúl,0.9685
2,144.0,939.0,180.0,969.0,40,0.9999
2,226.0,937.0,268.5,965.0,1/2,0.9148
2,268.5,937.0,311.0,965.0,GíN,0.9148
2,311.0,937.0,339.3,965.0,LÁ,0.9148
2,339.3,937.0,353.5,965.0,7,0.9148
2,353.5,937.0,395.9,965.0,1/2,0.9148
2,395.9,937.0,410.1,965.0,E,0.9148
2,410.1,937.0,466.7,965.0,a-na,0.9148
2,466.7,937.0,509.2,965.0,e-i,0.9148
2,509.2,937.0,580.0,965.0,á-qúl,0.9148
2,580.0,937.0,608.4,965.0,22,0.9148
2,608.4,937.0,650.8,965.0,1/2,0.9148
2,650.8,937.0,665.0,965.0,E,0.9148
2,225.0,965.0,368.2,992.0,a-a-kà-nu-wa,0.9928
2,368.2,965.0,427.9,992.0,á-qúl,0.9928
2,427.9,965.0,523.4,992.0,a-ku-kam,0.9928
2,523.4,965.0,607.0,992.0,a-[x]-u,0.9928
2,225.0,990.0,301.6,1019.0,a-dí-in,0.9787
2,301.6,990.0,334.4,1019.0,1/4,0.9787
2,334.4,990.0,367.2,1019.0,GíN,0.9787
2,367.2,990.0,410.9,1019.0,a-na,0.9787
2,410.9,990.0,509.4,1019.0,ak-li-i[m,0.9787
2,509.4,990.0,520.3,1019.0,x,0.9787
2,520.3,990.0,575.0,1019.0,]-tim,0.9787
2,224.0,1017.0,248.5,1048.0,15,0.9644
2,248.5,1017.0,260.7,1048.0,E,0.9644
2,260.7,1017.0,346.4,1048.0,a-qá-ni,0.9644
2,346.4,1017.0,383.2,1048.0,2/3,0.9644
2,383.2,1017.0,419.9,1048.0,GíN,0.9644
2,419.9,1017.0,444.4,1048.0,15,0.9644
2,444.4,1017.0,456.6,1048.0,E,0.9644
2,456.6,1017.0,505.6,1048.0,a-na,0.9644
2,505.6,1017.0,677.0,1048.0,ku[-x-(x)-t]im,0.9644
2,224.0,1042.0,284.9,1075.0,á-qúl,0.9464
2,284.9,1042.0,309.3,1075.0,15,0.9464
2,309.3,1042.0,321.5,1075.0,E,0.9464
2,321.5,1042.0,370.2,1075.0,a-na,0.9464
2,370.2,1042.0,492.1,1075.0,ki-ki-a-ni,0.9464
2,492.1,1042.0,553.0,1075.0,á-qúl,0.9464
2,145.0,1076.0,179.0,1106.0,45,1.0
2,223.0,1068.0,259.1,1100.0,5/6,0.9791
2,259.1,1068.0,319.3,1100.0,ma-na,0.9791
2,319.3,1068.0,367.5,1100.0,a-na,0.9791
2,367.5,1068.0,379.5,1100.0,5,0.9791
2,379.5,1068.0,475.8,1100.0,ku-ta-ni,0.9791
2,475.8,1068.0,536.0,1100.0,á-qúl,0.9791
2,223.0,1095.0,234.7,1127.0,4,0.9697
2,234.7,1095.0,269.9,1127.0,1/2,0.9697
2,269.9,1095.0,305.0,1127.0,GíN,0.9697
2,305.0,1095.0,351.9,1127.0,a-na,0.9697
2,351.9,1095.0,539.4,1127.0,na-ah-lá-pá-tí-a,0.9697
2,539.4,1095.0,598.0,1127.0,á-qúl,0.9697
2,223.0,1120.0,235.0,1154.0,4,0.959
2,235.0,1120.0,271.0,1154.0,GíN,0.959
2,271.0,1120.0,319.0,1154.0,a-na,0.959
2,319.0,1120.0,427.0,1154.0,í-it-ri-a,0.959
2,427.0,1120.0,487.0,1154.0,á-qúl,0.959
2,222.0,1145.0,233.8,1180.0,3,0.9566
2,233.8,1145.0,269.1,1180.0,GíN,0.9566
2,269.1,1145.0,316.2,1180.0,a-na,0.9566
2,316.2,1145.0,398.6,1180.0,í-it-ri,0.9566
2,398.6,1145.0,492.8,1180.0,á-qúl-ma,0.9566
2,492.8,1145.0,587.0,1180.0,a-ma-tim,0.9566
2,224.0,1171.0,323.6,1207.0,ar-ku-us4,0.9535
2,323.6,1171.0,356.8,1207.0,1/2,0.9535
2,356.8,1171.0,390.0,1207.0,GíN,0.9535
2,390.0,1171.0,434.3,1207.0,a-na,0.9535
2,434.3,1171.0,445.4,1207.0,2,0.9535
2,445.4,1171.0,545.0,1207.0,ki-re-en6,0.9535
2,142.0,1206.0,180.0,1238.0,50,0.9999
2,224.0,1196.0,281.7,1235.0,á-qúl,0.9525
2,281.7,1196.0,316.2,1235.0,1/3,0.9525
2,316.2,1196.0,350.8,1235.0,GfN,0.9525
2,350.8,1196.0,397.0,1235.0,a-na,0.9525
2,397.0,1196.0,523.8,1235.0,a-hi-re-en6,0.9525
2,523.8,1196.0,593.0,1235.0,ás-qúl,0.9525
2,225.0,1223.0,301.5,1260.0,e-mu-ni,0.9696
2,301.5,1223.0,312.4,1260.0,ù,0.9696
2,312.4,1223.0,465.4,1260.0,e-ba-ru-<tù>-u,0.9696
2,465.4,1223.0,531.0,1260.0,a-sí-i,0.9696
3,231.0,61.0,371.3,86.0,KÜLTEPE'DEN,0.9489
3,371.3,61.0,447.9,86.0,DEISIK,0.9489
3,447.9,61.0,486.2,86.0,BIR,0.9489
3,486.2,61.0,562.7,86.0,MASRAF,0.9489
3,562.7,61.0,652.0,86.0,LISTESI,0.9489
3,779.0,67.0,797.0,87.0,3,0.9999
3,251.0,106.0,289.8,134.0,2/3,0.9341
3,289.8,106.0,328.6,134.0,GíN,0.9341
3,328.6,106.0,354.4,134.0,15,0.9341
3,354.4,106.0,367.4,134.0,E,0.9341
3,367.4,106.0,419.1,134.0,a-na,0.9341
3,419.1,106.0,432.0,134.0,3,0.9341
3,432.0,106.0,548.4,134.0,ki-ra-tim,0.9341
3,548.4,106.0,587.2,134.0,1/6,0.9341
3,587.2,106.0,626.0,134.0,GIN,0.9341
3,251.0,139.0,298.2,162.0,a-na,0.9659
3,298.2,139.0,345.3,162.0,e-sí,0.9659
3,345.3,139.0,380.7,162.0,1/4,0.9659
3,380.7,139.0,416.1,162.0,GíN,0.9659
3,416.1,139.0,463.3,162.0,a-na,0.9659
3,463.3,139.0,593.0,162.0,a-hi-re-en6,0.9659
3,85.0,155.0,134.0,190.0,Uk.,0.9338
3,249.0,163.0,289.4,192.0,2/3,0.9534
3,289.4,163.0,329.9,192.0,GíN,0.9534
3,329.9,163.0,356.9,192.0,15,0.9534
3,356.9,163.0,370.3,192.0,E,0.9534
3,370.3,163.0,424.3,192.0,a-na,0.9534
3,424.3,163.0,532.1,192.0,é-ne-en6,0.9534
3,532.1,163.0,640.0,192.0,á-qúl-ma,0.9534
3,168.0,190.0,200.0,216.0,55,0.9999
3,250.0,194.0,393.6,218.0,i-a-pá-<ar1>,0.8844
3,393.6,194.0,453.4,218.0,be-el,0.8844
3,453.4,194.0,513.3,218.0,a-[x1,0.8844
3,513.3,194.0,597.0,218.0,e-mu-ni,0.8844
3,597.0,194.0,609.0,218.0,ú,0.8844
3,249.0,221.0,412.0,246.0,e-ba-ru-tù-<u>,0.9546
3,412.0,221.0,481.9,246.0,a-sí-i,0.9546
3,481.9,221.0,563.4,246.0,e-mu-ni,0.9546
3,563.4,221.0,575.0,246.0,ù,0.9546
3,82.0,238.0,130.0,274.0,Sk.,0.9997
3,247.0,247.0,401.2,277.0,e-ba-ru-tù-u,0.9272
3,401.2,247.0,491.2,277.0,a-sí-ma,0.9272
3,491.2,247.0,504.1,277.0,2,0.9272
3,504.1,247.0,542.6,277.0,GíN,0.9272
3,542.6,247.0,658.3,277.0,Kù.BABBAR,0.9272
3,658.3,247.0,761.1,277.0,ga-me-er,0.9272
3,761.1,247.0,774.0,277.0,→,0.9272
3,303.0,274.0,316.2,303.0,1,0.927
3,316.2,274.0,355.6,303.0,1/2,0.927
3,355.6,274.0,395.1,303.0,GíN,0.927
3,395.1,274.0,447.7,303.0,a-na,0.927
3,447.7,274.0,500.4,303.0,5[+x,0.927
3,500.4,274.0,553.0,303.0,...],0.927
3,246.0,300.0,309.8,334.0,á-qúl,0.9361
3,309.8,300.0,348.1,334.0,1/3,0.9361
3,348.1,300.0,386.3,334.0,GfN,0.9361
3,386.3,300.0,437.4,334.0,a-na,0.9361
3,437.4,300.0,488.4,334.0,e-sí,0.9361
3,488.4,300.0,526.6,334.0,1/6,0.9361
3,526.6,300.0,564.9,334.0,GíN,0.9361
3,564.9,300.0,615.9,334.0,a-na,0.9361
3,615.9,300.0,705.2,334.0,a-lá-ni,0.9361
3,705.2,300.0,718.0,334.0,→,0.9361
3,297.0,327.0,320.4,359.0,15,0.7862
3,320.4,327.0,332.1,359.0,E,0.7862
3,332.1,327.0,461.0,359.0,a-sú-[....],0.7862
3,246.0,355.0,308.0,391.0,á-qúl,0.9888
3,308.0,355.0,394.9,391.0,e-mu-ni,0.9888
3,394.9,355.0,407.3,391.0,ù,0.9888
3,407.3,355.0,556.1,391.0,e-ba-ru-tù-u,0.9888
3,556.1,355.0,667.8,391.0,i-a-pá-ar,0.9888
3,667.8,355.0,754.6,391.0,a-sí-ma,0.9888
3,754.6,355.0,767.0,391.0,→,0.9888
3,303.0,385.0,332.1,413.0,[x,0.9517
3,332.1,385.0,375.7,413.0,GíN,0.9517
3,375.7,385.0,404.8,413.0,(x,0.9517
3,404.8,385.0,433.8,413.0,E),0.9517
3,433.8,385.0,492.0,413.0,a-n],0.9517
3,164.0,407.0,199.0,435.0,60,1.0
3,243.0,408.0,256.7,443.0,7,0.9435
3,256.7,408.0,380.4,443.0,ki-ra-tim,0.9435
3,380.4,408.0,394.2,443.0,1,0.9435
3,394.2,408.0,435.4,443.0,1/4,0.9435
3,435.4,408.0,476.6,443.0,GíN,0.9435
3,476.6,408.0,531.6,443.0,a-na,0.9435
3,531.6,408.0,572.8,443.0,UDU,0.9435
3,572.8,408.0,614.1,443.0,1/4,0.9435
3,614.1,408.0,655.3,443.0,GíN,0.9435
3,655.3,408.0,710.3,443.0,a-e-,0.9435
3,710.3,408.0,724.0,443.0,→,0.9435
3,302.0,438.0,326.1,470.0,15,0.8745
3,326.1,438.0,338.2,470.0,E,0.8745
3,338.2,438.0,446.7,470.0,a-sú-[...,0.8745
3,446.7,438.0,519.0,470.0,á-qúl],0.8745
3,244.0,467.0,383.1,501.0,a-ha-<at>-ni,0.9943
3,383.1,467.0,475.8,501.0,qá-qá-sà,0.9943
3,475.8,467.0,522.2,501.0,a-na,0.9943
3,522.2,467.0,568.5,501.0,Itar,0.9943
3,568.5,467.0,696.0,501.0,ta-aq-lu-up,0.9943
3,165.0,523.0,273.0,550.0,Tercüme:,0.9991
3,163.0,544.0,319.0,588.0,1-3)Enitemizi,0.9687
3,319.0,544.0,487.0,588.0,girdirdiimizde,0.9687
3,487.0,544.0,619.0,588.0,irum-kemeri,0.9687
3,619.0,544.0,691.0,588.0,yerine,0.9687
3,691.0,544.0,739.0,588.0,2/3',0.9687
3,739.0,544.0,787.0,588.0,mina,0.9687
3,89.0,580.0,112.3,609.0,15,0.9418
3,112.3,580.0,182.2,609.0,uttet3,0.9418
3,182.2,580.0,287.0,609.0,(deriden),0.9418
3,287.0,580.0,345.2,609.0,kemer,0.9418
3,345.2,580.0,391.8,609.0,için,0.9418
3,391.8,580.0,485.0,609.0,tarttim.,0.9418
3,489.0,576.0,575.0,617.0,3-4)1/4,0.9587
3,575.0,576.0,624.2,617.0,eqel,0.9587
3,624.2,576.0,747.1,617.0,(ayakkab1),0.9587
3,747.1,576.0,784.0,617.0,ba1,0.9587
3,89.0,611.0,147.3,639.0,"için,",0.9696
3,147.3,611.0,182.2,639.0,2/3,0.9696
3,182.2,611.0,228.8,639.0,eqel,0.9696
3,228.8,611.0,252.1,639.0,15,0.9696
3,252.1,611.0,310.4,639.0,uttet,0.9696
3,310.4,611.0,322.0,639.0,3,0.9696
3,322.0,611.0,391.9,639.0,(bira),0.9696
3,391.9,611.0,461.8,639.0,kasesi,0.9696
3,461.8,611.0,508.4,639.0,için,0.9696
3,508.4,611.0,590.0,639.0,tarttm.,0.9696
3,595.0,610.0,624.0,625.0,5-8),0.9993
3,621.0,611.0,658.4,642.0,1/4,0.9575
3,658.4,611.0,708.2,642.0,eqel,0.9575
3,708.2,611.0,733.2,642.0,et,0.9575
3,733.2,611.0,783.0,642.0,için,0.9575
3,89.0,643.0,215.0,666.0,tarttiktan,0.9774
3,215.0,643.0,278.0,666.0,sonra,0.9774
3,278.0,643.0,391.4,666.0,enitemizi,0.9774
3,391.4,643.0,416.6,666.0,ve,0.9774
3,416.6,643.0,467.0,666.0,onun,0.9774
3,467.0,643.0,643.4,666.0,meslektalarini,0.9774
3,643.4,643.0,706.4,666.0,davet,0.9774
3,706.4,643.0,782.0,666.0,ettim.,0.9774
3,89.0,669.0,204.3,694.0,Enitemizi,0.9764
3,204.3,669.0,230.0,694.0,ve,0.9764
3,230.0,669.0,281.2,694.0,onun,0.9764
3,281.2,669.0,460.6,694.0,meslektalarini,0.9764
3,460.6,669.0,524.7,694.0,davet,0.9764
3,524.7,669.0,627.2,694.0,ettikten,0.9764
3,627.2,669.0,691.3,694.0,sonra,0.9764
3,691.3,669.0,704.1,694.0,1,0.9764
3,704.1,669.0,729.7,694.0,½2,0.9764
3,729.7,669.0,781.0,694.0,eqel,0.9764
3,89.0,694.0,142.0,720.0,gümü,0.954
3,142.0,694.0,301.0,720.0,harcanmitir.,0.954
3,308.0,689.0,345.0,707.0,8-12),0.9977
3,341.0,690.0,488.0,722.0,Wahuana'dan,0.9638
3,488.0,690.0,568.2,722.0,buraya,0.9638
3,568.2,690.0,688.5,722.0,geldiinde,0.9638
3,688.5,690.0,728.5,722.0,½/4,0.9638
3,728.5,690.0,782.0,722.0,eqel,0.9638
3,91.0,723.0,214.2,747.0,(ayakkabi),0.946
3,214.2,723.0,251.2,747.0,ba1,0.946
3,251.2,723.0,312.8,747.0,"için,",0.946
3,312.8,723.0,337.4,747.0,1½,0.946
3,337.4,723.0,386.7,747.0,eqel,0.946
3,386.7,723.0,399.0,747.0,2,0.946
3,399.0,723.0,473.0,747.0,(bira),0.946
3,473.0,723.0,546.9,747.0,kasesi,0.946
3,546.9,723.0,596.2,747.0,için,0.946
3,596.2,723.0,682.4,747.0,tarttm.,0.946
3,682.4,723.0,756.4,747.0,½4eqel,0.946
3,756.4,723.0,781.0,747.0,et,0.946
3,89.0,748.0,135.8,774.0,için,0.9604
3,135.8,748.0,253.0,774.0,tarttiktan,0.9604
3,253.0,748.0,311.5,774.0,sonra,0.9604
3,311.5,748.0,416.9,774.0,enitemizi,0.9604
3,416.9,748.0,440.4,774.0,ve,0.9604
3,440.4,748.0,487.2,774.0,onun,0.9604
3,487.2,748.0,651.2,774.0,meslektalarini,0.9604
3,651.2,748.0,709.7,774.0,davet,0.9604
3,709.7,748.0,780.0,774.0,ettim.,0.9604
3,128.0,774.0,151.3,800.0,)4,0.956
3,151.3,774.0,186.3,800.0,1½/,0.956
3,186.3,774.0,232.9,800.0,eqel,0.956
3,232.9,774.0,244.6,800.0,2,0.956
3,244.6,774.0,302.9,800.0,çuval,0.956
3,302.9,774.0,326.2,800.0,ve,0.956
3,326.2,774.0,337.9,800.0,1,0.956
3,337.9,774.0,372.8,800.0,kap,0.956
3,372.8,774.0,442.8,800.0,(bira),0.956
3,442.8,774.0,501.1,800.0,malti,0.956
3,501.1,774.0,547.7,800.0,için,0.956
3,547.7,774.0,641.0,800.0,tarttim.,0.956
3,645.0,769.0,692.0,791.0,14-15),0.9986
3,682.0,772.0,698.7,804.0,4,0.9901
3,698.7,772.0,765.3,804.0,eqel,0.9901
3,765.3,772.0,782.0,804.0,2,0.9901
3,88.0,800.0,149.0,830.0,çuval,0.986
3,149.0,800.0,197.8,830.0,bira,0.986
3,197.8,800.0,258.8,830.0,ekmei,0.986
3,258.8,800.0,307.6,830.0,için,0.986
3,307.6,800.0,393.0,830.0,tarttm.,0.986
3,677.0,822.0,749.8,859.0,17-18)2,0.9394
3,749.8,822.0,781.0,859.0,1/6,0.9394
3,88.0,830.0,139.0,860.0,arpa,0.9712
3,139.0,830.0,190.1,860.0,için,0.9712
3,190.1,830.0,292.2,860.0,tarttim.,0.9712
3,292.2,830.0,304.9,860.0,6,0.9712
3,304.9,830.0,343.2,860.0,2/3,0.9712
3,343.2,830.0,394.3,860.0,eqel,0.9712
3,394.3,830.0,407.0,860.0,4,0.9712
3,407.0,830.0,470.8,860.0,çuval,0.9712
3,470.8,830.0,534.6,860.0,buday,0.9712
3,534.6,830.0,585.7,860.0,için,0.9712
3,585.7,830.0,675.0,860.0,"tarttm,",0.9712
3,627.0,848.0,703.5,889.0,19-21)2,0.9773
3,703.5,848.0,736.3,889.0,1/4,0.9773
3,736.3,848.0,780.0,889.0,eqel,0.9773
3,88.0,857.0,140.5,886.0,eqel,0.9738
3,140.5,857.0,166.8,886.0,ya,0.9738
3,166.8,857.0,219.2,886.0,için,0.9738
3,219.2,857.0,324.2,886.0,tarttim.,0.9738
3,324.2,857.0,337.4,886.0,1,0.9738
3,337.4,857.0,376.8,886.0,1/3,0.9738
3,376.8,857.0,429.2,886.0,eqel,0.9738
3,429.2,857.0,468.6,886.0,bal,0.9738
3,468.6,857.0,521.1,886.0,için,0.9738
3,521.1,857.0,613.0,886.0,tarttm.,0.9738
3,88.0,882.0,198.9,915.0,siirlarin,0.9373
3,198.9,882.0,223.5,915.0,ve,0.9373
3,223.5,882.0,322.1,915.0,eeklerin,0.9373
3,322.1,882.0,371.4,915.0,koum,0.9373
3,371.4,882.0,482.3,915.0,takimlari,0.9373
3,482.3,882.0,531.6,915.0,için,0.9373
3,531.6,882.0,617.8,915.0,tarttm.,0.9373
3,617.8,882.0,642.5,915.0,15,0.9373
3,642.5,882.0,691.8,915.0,eqel,0.9373
3,691.8,882.0,741.0,915.0,siir,0.9373
3,741.0,882.0,778.0,915.0,iin,0.9373
3,88.0,918.0,165.0,939.0,tarttim.,0.9713
3,169.0,911.0,210.0,926.0,21-23,0.9997
3,210.0,913.0,246.9,937.0,2/3,0.9881
3,246.9,913.0,296.1,937.0,eqel,0.9881
3,296.1,913.0,357.7,937.0,koyun,0.9881
3,357.7,913.0,406.9,937.0,için,0.9881
3,406.9,913.0,493.0,937.0,tarttm.,0.9881
3,493.0,913.0,529.9,937.0,2/3,0.9881
3,529.9,913.0,579.1,937.0,eqel,0.9881
3,579.1,913.0,665.3,937.0,15uttet,0.9881
3,665.3,913.0,726.8,937.0,koyun,0.9881
3,726.8,913.0,776.0,937.0,için,0.9881
3,87.0,938.0,122.6,968.0,bir,0.9707
3,122.6,938.0,158.3,968.0,kez,0.9707
3,158.3,938.0,205.8,968.0,daha,0.9707
3,205.8,938.0,288.9,968.0,tarttm.,0.9707
3,288.9,938.0,324.6,968.0,1/6,0.9707
3,324.6,938.0,372.1,968.0,eqel,0.9707
3,372.1,938.0,431.5,968.0,koyun,0.9707
3,431.5,938.0,490.9,968.0,"için,",0.9707
3,490.9,938.0,526.5,968.0,[x],0.9707
3,526.5,938.0,574.1,968.0,eqel,0.9707
3,574.1,938.0,633.4,968.0,koyun,0.9707
3,633.4,938.0,681.0,968.0,için,0.9707
3,681.0,938.0,776.0,968.0,tarttim.,0.9707
3,85.0,962.0,168.6,997.0,23-25)1,0.9808
3,168.6,962.0,216.4,997.0,eqel,0.9808
3,216.4,962.0,276.2,997.0,araba,0.9808
3,276.2,962.0,335.9,997.0,"için,",0.9808
3,335.9,962.0,419.6,997.0,[x]'den,0.9808
3,419.6,962.0,455.4,997.0,1/6,0.9808
3,455.4,962.0,503.2,997.0,eqel,0.9808
3,503.2,962.0,574.9,997.0,"eksik,",0.9808
3,574.9,962.0,634.6,997.0,saman,0.9808
3,634.6,962.0,730.2,997.0,(yapmak),0.9808
3,730.2,962.0,778.0,997.0,için,0.9808
3,307.0,987.0,353.0,1008.0,25-27),0.8926
3,88.0,996.0,151.8,1023.0,döven,0.9918
3,151.8,996.0,215.6,1023.0,taina,0.9918
3,215.6,996.0,305.0,1023.0,tarttm.,0.9918
3,349.0,990.0,384.5,1018.0,Bir,0.9101
3,384.5,990.0,420.0,1018.0,sr',0.9101
3,420.0,990.0,443.7,1018.0,ve,0.9101
3,443.7,990.0,479.2,1018.0,bir,0.9101
3,479.2,990.0,538.3,1018.0,koyun,0.9101
3,538.3,990.0,597.5,1018.0,(için,0.9101
3,597.5,990.0,656.7,1018.0,....),0.9101
3,656.7,990.0,739.5,1018.0,tarttm.,0.9101
3,739.5,990.0,775.0,1018.0,[x],0.9101
3,417.0,1008.0,501.0,1050.0,27-28)3,0.944
3,501.0,1008.0,537.0,1050.0,1/6,0.944
3,537.0,1008.0,585.0,1050.0,eqel,0.944
3,585.0,1008.0,597.0,1050.0,2,0.944
3,597.0,1008.0,645.0,1050.0,odun,0.944
3,645.0,1008.0,729.0,1050.0,arabas1,0.944
3,729.0,1008.0,777.0,1050.0,için,0.944
3,88.0,1020.0,136.9,1050.0,eqel,0.961
3,136.9,1020.0,149.1,1050.0,2,0.961
3,149.1,1020.0,198.0,1050.0,deri,0.961
3,198.0,1020.0,246.9,1050.0,post,0.961
3,246.9,1020.0,295.8,1050.0,için,0.961
3,295.8,1020.0,418.0,1050.0,[tart]tim.,0.961
3,268.0,1039.0,347.0,1079.0,2δ-29)1,0.9006
3,347.0,1039.0,437.3,1079.0,eqel'den,0.9006
3,437.3,1039.0,448.6,1079.0,7,0.9006
3,448.6,1039.0,459.9,1079.0,½,0.9006
3,459.9,1039.0,516.4,1079.0,uttet,0.9006
3,516.4,1039.0,584.1,1079.0,"eksik,",0.9006
3,584.1,1039.0,685.7,1079.0,[...için],0.9006
3,685.7,1039.0,776.0,1079.0,tarttim.,0.9006
3,157.0,1048.0,192.7,1078.0,...],0.9389
3,192.7,1048.0,264.0,1078.0,tarttim.,0.9389
3,87.0,1073.0,174.8,1106.0,29-33)2,0.9692
3,174.8,1073.0,225.0,1106.0,eqel,0.9692
3,225.0,1073.0,262.6,1106.0,[x],0.9692
3,262.6,1073.0,300.3,1106.0,kam,0.9692
3,300.3,1073.0,388.1,1106.0,arabas1,0.9692
3,388.1,1073.0,475.9,1106.0,"[için],",0.9692
3,475.9,1073.0,513.5,1106.0,[x],0.9692
3,513.5,1073.0,563.7,1106.0,eqel,0.9692
3,563.7,1073.0,601.4,1106.0,mee,0.9692
3,601.4,1073.0,701.7,1106.0,palamudu,0.9692
3,701.7,1073.0,726.8,1106.0,ve,0.9692
3,726.8,1073.0,777.0,1106.0,arap,0.9692
3,88.0,1098.0,151.6,1133.0,"için,",0.926
3,151.6,1098.0,189.8,1133.0,[x],0.926
3,189.8,1098.0,240.7,1133.0,eqel,0.926
3,240.7,1098.0,266.1,1133.0,30,0.926
3,266.1,1098.0,393.3,1133.0,(ayakkabi),0.926
3,393.3,1098.0,431.5,1133.0,bai,0.926
3,431.5,1098.0,495.1,1133.0,"için,",0.926
3,495.1,1098.0,558.7,1133.0,[x+]5,0.926
3,558.7,1098.0,609.6,1133.0,eqel,0.926
3,609.6,1098.0,635.1,1133.0,ya,0.926
3,635.1,1098.0,685.9,1133.0,için,0.926
3,685.9,1098.0,775.0,1133.0,tarttm.,0.926
3,127.0,1126.0,176.8,1159.0,'[x],0.9643
3,176.8,1126.0,226.7,1159.0,eqel,0.9643
3,226.7,1126.0,289.0,1159.0,umzum,0.9643
3,289.0,1126.0,351.3,1159.0,"için,",0.9643
3,351.3,1126.0,388.7,1159.0,1/3,0.9643
3,388.7,1126.0,438.5,1159.0,eqel,0.9643
3,438.5,1126.0,488.4,1159.0,soan,0.9643
3,488.4,1126.0,538.2,1159.0,için,0.9643
3,538.2,1126.0,637.9,1159.0,tarttim.,0.9643
3,637.9,1126.0,675.3,1159.0,1/2,0.9643
3,675.3,1126.0,725.2,1159.0,eqel,0.9643
3,725.2,1126.0,737.6,1159.0,1,0.9643
3,737.6,1126.0,775.0,1159.0,kap,0.9643
3,88.0,1152.0,167.4,1186.0,bulgur,0.9743
3,167.4,1152.0,220.3,1186.0,için,0.9743
3,220.3,1152.0,312.9,1186.0,tarttm.,0.9743
3,312.9,1152.0,405.5,1186.0,1/6'dan,0.9743
3,405.5,1152.0,418.8,1186.0,1,0.9743
3,418.8,1152.0,471.7,1186.0,eqel,0.9743
3,471.7,1152.0,551.1,1186.0,"eksik,",0.9743
3,551.1,1152.0,590.8,1186.0,bir,0.9743
3,590.8,1152.0,656.9,1186.0,çuval,0.9743
3,656.9,1152.0,723.1,1186.0,saman,0.9743
3,723.1,1152.0,776.0,1186.0,için,0.9743
3,89.0,1239.0,99.0,1249.0,",",0.4531
3,95.0,1226.0,241.3,1264.0,uftetumutfalum,0.8665
3,241.3,1226.0,272.7,1264.0,bir,0.8665
3,272.7,1226.0,324.9,1264.0,agrlk,0.8665
3,324.9,1226.0,387.6,1264.0,ölçüsü,0.8665
3,387.6,1226.0,450.4,1264.0,olarak,0.8665
3,450.4,1226.0,492.2,1264.0,/180,0.8665
3,492.2,1226.0,554.9,1264.0,eqel'e,0.8665
3,554.9,1226.0,628.0,1264.0,karlktr,0.8665
3,628.0,1226.0,648.9,1264.0,(±,0.8665
3,648.9,1226.0,690.7,1264.0,1/22,0.8665
3,690.7,1226.0,743.0,1264.0,gr.).,0.8665
4,346.0,61.0,414.1,85.0,IRIAN,0.9694
4,414.1,61.0,523.0,85.0,ALBAYRAK,0.9694
4,119.0,80.0,131.0,102.0,-',0.6356
4,82.0,111.0,158.0,136.0,(arllm,0.8166
4,165.0,106.0,222.3,144.0,"""1/6",0.9174
4,222.3,106.0,293.9,144.0,Seqel,0.9174
4,293.9,106.0,379.9,144.0,kamtan,0.9174
4,379.9,106.0,494.5,144.0,(yaplan),0.9174
4,494.5,106.0,537.5,144.0,kap,0.9174
4,537.5,106.0,609.1,144.0,"için,",0.9174
4,609.1,106.0,623.4,144.0,1,0.9174
4,623.4,106.0,680.7,144.0,eqel,0.9174
4,680.7,106.0,781.0,144.0,malahi-,0.9174
4,83.0,137.0,111.4,170.0,am,0.8902
4,111.4,137.0,139.8,170.0,ve,0.8902
4,139.8,137.0,338.7,170.0,hubaatum-(kabi,0.8902
4,338.7,137.0,409.7,170.0,"için,",0.8902
4,409.7,137.0,452.3,170.0,½/4,0.8902
4,452.3,137.0,509.1,170.0,eqel,0.8902
4,509.1,137.0,565.9,170.0,kötü,0.8902
4,565.9,137.0,708.0,170.0,(kalitesiz,0.8902
4,708.0,137.0,736.4,170.0,ya,0.8902
4,736.4,137.0,779.0,170.0,iin,0.8902
4,82.0,167.0,163.0,194.0,taitt.,0.6669
4,158.0,159.0,196.9,205.0,1/2,0.9356
4,196.9,159.0,313.8,205.0,seqel'den,0.9356
4,313.8,159.0,326.7,205.0,7,0.9356
4,326.7,159.0,339.7,205.0,½,0.9356
4,339.7,159.0,404.6,205.0,uttet,0.9356
4,404.6,159.0,482.5,205.0,"eksik,",0.9356
4,482.5,159.0,534.4,205.0,odun,0.9356
4,534.4,159.0,586.3,205.0,için,0.9356
4,586.3,159.0,677.2,205.0,tarttm.,0.9356
4,677.2,159.0,703.1,205.0,22,0.9356
4,703.1,159.0,716.1,205.0,½,0.9356
4,716.1,159.0,781.0,205.0,uttel,0.9356
4,84.0,197.0,124.1,228.0,ham,0.9045
4,124.1,197.0,177.6,228.0,için,0.9045
4,177.6,197.0,271.2,228.0,tarttm.,0.9045
4,271.2,197.0,351.5,228.0,Kemeri,0.9045
4,351.5,197.0,405.0,228.0,onun,0.9045
4,405.0,197.0,525.4,228.0,[....]'na,0.9045
4,525.4,197.0,619.0,228.0,verdim.,0.9045
4,634.0,190.0,733.7,234.0,42-44)1/4,0.9647
4,733.7,190.0,778.0,234.0,eqel,0.9647
4,84.0,226.0,146.8,257.0,....],0.9344
4,146.8,226.0,209.6,257.0,ekmei,0.9344
4,209.6,226.0,272.5,257.0,"için,",0.9344
4,272.5,226.0,297.6,257.0,15,0.9344
4,297.6,226.0,360.4,257.0,uttet,0.9344
4,360.4,226.0,398.1,257.0,kam,0.9344
4,398.1,226.0,460.9,257.0,"için,",0.9344
4,460.9,226.0,498.6,257.0,2/3,0.9344
4,498.6,226.0,548.9,257.0,eqel,0.9344
4,548.9,226.0,624.2,257.0,[....],0.9344
4,624.2,226.0,674.5,257.0,için,0.9344
4,674.5,226.0,775.0,257.0,tarttim.,0.9344
4,81.0,244.0,156.9,296.0,-45)15,0.9487
4,156.9,244.0,220.2,296.0,uttet,0.9487
4,220.2,244.0,334.1,296.0,elbisenin,0.9487
4,334.1,244.0,372.1,296.0,bir,0.9487
4,372.1,244.0,460.6,296.0,parçasi,0.9487
4,460.6,244.0,511.3,296.0,için,0.9487
4,511.3,244.0,612.5,296.0,tarttim.,0.9487
4,612.5,244.0,650.5,296.0,5/6,0.9487
4,650.5,244.0,701.1,296.0,mina,0.9487
4,701.1,244.0,777.0,296.0,(gümü),0.9487
4,84.0,282.0,97.4,313.0,5,0.9624
4,97.4,282.0,177.6,313.0,(adet),0.9624
4,177.6,282.0,257.8,313.0,kutnum,0.9624
4,257.8,282.0,351.4,313.0,(cinsi),0.9624
4,351.4,282.0,404.9,313.0,kuma,0.9624
4,404.9,282.0,458.4,313.0,için,0.9624
4,458.4,282.0,552.0,313.0,tarttm.,0.9624
4,555.0,277.0,640.6,321.0,46-49)4,0.9197
4,640.6,277.0,677.2,321.0,½/2,0.9197
4,677.2,277.0,726.1,321.0,eqel,0.9197
4,726.1,277.0,775.0,321.0,onun,0.9197
4,84.0,309.0,178.4,342.0,mantosu,0.9559
4,178.4,309.0,232.4,342.0,için,0.9559
4,232.4,309.0,326.8,342.0,tarttm.,0.9559
4,326.8,309.0,340.3,342.0,4,0.9559
4,340.3,309.0,394.3,342.0,eqel,0.9559
4,394.3,309.0,448.2,342.0,onun,0.9559
4,448.2,309.0,556.2,342.0,(bayann),0.9559
4,556.2,309.0,623.6,342.0,itrum,0.9559
4,623.6,309.0,718.0,342.0,(kuma1),0.9559
4,718.0,309.0,772.0,342.0,için,0.9559
4,83.0,335.0,175.6,368.0,tarttm.,0.9794
4,175.6,335.0,188.8,368.0,3,0.9794
4,188.8,335.0,241.8,368.0,eqel,0.9794
4,241.8,335.0,321.2,368.0,(gümü),0.9794
4,321.2,335.0,387.3,368.0,benim,0.9794
4,387.3,335.0,453.5,368.0,itrum,0.9794
4,453.5,335.0,546.1,368.0,(kumam),0.9794
4,546.1,335.0,599.0,368.0,için,0.9794
4,599.0,335.0,678.4,368.0,tarttm,0.9794
4,678.4,335.0,704.8,368.0,ve,0.9794
4,704.8,335.0,771.0,368.0,bayan,0.9794
4,84.0,362.0,180.5,393.0,kölelere,0.9429
4,180.5,362.0,277.0,393.0,baladim.,0.9429
4,282.0,354.0,398.3,404.0,49-50)1/2,0.9498
4,398.3,354.0,450.0,404.0,eqel,0.9498
4,450.0,354.0,462.9,404.0,2,0.9498
4,462.9,354.0,527.5,404.0,ekmek,0.9498
4,527.5,354.0,579.2,404.0,için,0.9498
4,579.2,354.0,682.6,404.0,tarttim.,0.9498
4,682.6,354.0,721.3,404.0,1/3,0.9498
4,721.3,354.0,773.0,404.0,eqel,0.9498
4,84.0,447.0,122.1,478.0,½/4,0.9562
4,122.1,447.0,172.8,478.0,eqel,0.9562
4,172.8,447.0,299.6,478.0,(ayakkabi),0.9562
4,299.6,447.0,337.7,478.0,ba1,0.9562
4,337.7,447.0,388.4,478.0,için,0.9562
4,388.4,447.0,477.2,478.0,tarttim,0.9562
4,477.2,447.0,502.6,478.0,ve,0.9562
4,502.6,447.0,540.7,478.0,2/3,0.9562
4,540.7,447.0,591.4,478.0,eqel,0.9562
4,591.4,447.0,616.8,478.0,15,0.9562
4,616.8,447.0,680.2,478.0,uttet,0.9562
4,680.2,447.0,718.3,478.0,bir,0.9562
4,718.3,447.0,769.0,478.0,çift,0.9562
4,86.0,478.0,181.6,505.0,ayakkabi,0.9822
4,181.6,478.0,229.4,505.0,için,0.9822
4,229.4,478.0,313.0,505.0,tarttim,0.9822
4,313.0,478.0,336.9,505.0,ve,0.9822
4,336.9,478.0,384.6,505.0,onun,0.9822
4,384.6,478.0,432.4,505.0,beyi,0.9822
4,432.4,478.0,528.0,505.0,yazacak.,0.9822
4,527.0,471.0,702.0,515.0,55-57)Enitemizi,0.9624
4,702.0,471.0,725.3,515.0,ve,0.9624
4,725.3,471.0,772.0,515.0,onun,0.9624
4,86.0,504.0,227.8,532.0,arkadalarni,0.9781
4,227.8,504.0,292.2,532.0,davet,0.9781
4,292.2,504.0,369.5,532.0,ettim.,0.9781
4,369.5,504.0,485.5,532.0,Enitemizi,0.9781
4,485.5,504.0,511.3,532.0,ve,0.9781
4,511.3,504.0,562.8,532.0,onun,0.9781
4,562.8,504.0,704.6,532.0,arkadalarni,0.9781
4,704.6,504.0,769.0,532.0,davet,0.9781
4,86.0,530.0,193.1,557.0,ettikten,0.9536
4,193.1,530.0,260.0,557.0,sonra,0.9536
4,260.0,530.0,273.4,557.0,2,0.9536
4,273.4,530.0,326.9,557.0,eqel,0.9536
4,326.9,530.0,380.4,557.0,gümü,0.9536
4,380.4,530.0,541.0,557.0,harcanmitir.,0.9536
4,544.0,524.0,631.9,565.0,57-59)1,0.9029
4,631.9,524.0,669.6,565.0,½/2,0.9029
4,669.6,524.0,719.8,565.0,eqel,0.9029
4,719.8,524.0,770.0,565.0,5+[x,0.9029
4,90.0,557.0,186.7,586.0,...]için,0.9372
4,186.7,557.0,271.3,586.0,tarttm.,0.9372
4,271.3,557.0,307.6,586.0,1/3,0.9372
4,307.6,557.0,356.0,586.0,odun,0.9372
4,356.0,557.0,416.4,586.0,"için,",0.9372
4,416.4,557.0,452.7,586.0,1/6,0.9372
4,452.7,557.0,501.0,586.0,eqel,0.9372
4,501.0,557.0,585.7,586.0,palamut,0.9372
4,585.7,557.0,634.0,586.0,için,0.9372
4,634.0,557.0,658.2,586.0,15,0.9372
4,658.2,557.0,718.6,586.0,uttel,0.9372
4,718.6,557.0,767.0,586.0,[...,0.9372
4,86.0,588.0,125.0,611.0,için,0.9375
4,125.0,588.0,203.0,611.0,tarttim.,0.9375
4,210.0,582.0,253.0,600.0,59-60),0.9996
4,247.0,583.0,343.9,616.0,Enitemiz,0.9821
4,343.9,583.0,368.2,616.0,ve,0.9821
4,368.2,583.0,416.6,616.0,onun,0.9821
4,416.6,583.0,537.8,616.0,arkadalari,0.9821
4,537.8,583.0,610.5,616.0,(için),0.9821
4,610.5,583.0,707.4,616.0,yazacak.,0.9821
4,707.4,583.0,768.0,616.0,Davet,0.9821
4,85.0,613.0,143.7,641.0,ettim,0.9629
4,143.7,613.0,167.2,641.0,[x,0.9629
4,167.2,613.0,214.2,641.0,eqel,0.9629
4,214.2,613.0,237.6,641.0,(x,0.9629
4,237.6,613.0,319.8,641.0,uttel)],0.9629
4,319.8,613.0,331.6,641.0,7,0.9629
4,331.6,613.0,366.8,641.0,kap,0.9629
4,366.8,613.0,425.5,641.0,"için,",0.9629
4,425.5,613.0,437.2,641.0,1,0.9629
4,437.2,613.0,460.7,641.0,½4,0.9629
4,460.7,613.0,507.7,641.0,eqel,0.9629
4,507.7,613.0,566.4,641.0,koyun,0.9629
4,566.4,613.0,625.1,641.0,"için,",0.9629
4,625.1,613.0,672.1,641.0,1½/4,0.9629
4,672.1,613.0,719.0,641.0,eqel,0.9629
4,719.0,613.0,766.0,641.0,odun,0.9629
4,86.0,641.0,140.8,670.0,"için,",0.9163
4,140.8,641.0,162.8,670.0,15,0.9163
4,162.8,641.0,217.6,670.0,uttet,0.9163
4,217.6,641.0,272.4,670.0,[...],0.9163
4,272.4,641.0,316.3,670.0,için,0.9163
4,316.3,641.0,404.0,670.0,[tartm].,0.9163
4,404.0,641.0,469.9,670.0,61)Kiz,0.9163
4,469.9,641.0,568.6,670.0,kardeimiz,0.9163
4,568.6,641.0,612.4,670.0,bain,0.9163
4,612.4,641.0,656.3,670.0,Itar,0.9163
4,656.3,641.0,700.2,670.0,için,0.9163
4,700.2,641.0,755.0,670.0,açtl.,0.9163
4,85.0,696.0,183.6,721.0,Filolojik,0.9727
4,183.6,696.0,315.0,721.0,Açiklamalar:,0.9727
4,163.0,722.0,201.4,747.0,St.,0.9834
4,201.4,722.0,227.0,747.0,1),0.9834
4,227.0,722.0,329.5,747.0,e-mu-ni:,0.9834
4,329.5,722.0,406.4,747.0,Normal,0.9834
4,406.4,722.0,496.0,747.0,"olarak,",0.9834
4,496.0,722.0,611.3,747.0,Akadca'da,0.9834
4,611.3,722.0,675.3,747.0,yalin,0.9834
4,675.3,722.0,765.0,747.0,haldeki,0.9834
4,87.0,751.0,157.0,774.0,(nom.),0.9754
4,157.0,751.0,192.1,774.0,bir,0.9754
4,192.1,751.0,250.4,774.0,"isim,",0.9754
4,250.4,751.0,273.8,774.0,ek,0.9754
4,273.8,751.0,332.1,774.0,zamir,0.9754
4,332.1,751.0,413.8,774.0,aldinda,0.9754
4,413.8,751.0,472.2,774.0,ismin,0.9754
4,472.2,751.0,507.2,774.0,-in,0.9754
4,507.2,751.0,577.2,774.0,(gen.),0.9754
4,577.2,751.0,658.9,774.0,halinde,0.9754
4,658.9,751.0,764.0,774.0,(e-mì-ni),0.9754
4,86.0,777.0,177.9,799.0,yazlmasi,0.9819
4,177.9,777.0,304.3,799.0,"gerekirken,",0.9819
4,304.3,777.0,396.3,799.0,"a-bu-ni,",0.9819
4,396.3,777.0,476.7,799.0,a-hu-ni,0.9819
4,476.7,777.0,511.2,799.0,vs.,0.9819
4,511.2,777.0,649.1,799.0,örneklerinde,0.9819
4,649.1,777.0,706.5,799.0,olduu,0.9819
4,706.5,777.0,764.0,799.0,"gibi,",0.9819
4,87.0,802.0,173.6,825.0,burada,0.9907
4,173.6,802.0,216.8,825.0,"da,",0.9907
4,216.8,802.0,346.7,825.0,kelimenin,0.9907
4,346.7,802.0,375.5,825.0,hl,0.9907
4,375.5,802.0,505.3,825.0,çekiminde,0.9907
4,505.3,802.0,591.9,825.0,deiime,0.9907
4,591.9,802.0,678.4,825.0,urayan,0.9907
4,678.4,802.0,765.0,825.0,vokali,0.9907
4,87.0,828.0,174.9,853.0,deimemi,0.95
4,174.9,828.0,200.0,853.0,ve,0.95
4,200.0,828.0,262.8,853.0,kural,0.95
4,262.8,828.0,300.4,853.0,di1,0.95
4,300.4,828.0,338.1,853.0,bir,0.95
4,338.1,828.0,413.4,853.0,gramer,0.95
4,413.4,828.0,488.8,853.0,yapisi,0.95
4,488.8,828.0,564.1,853.0,ortaya,0.95
4,564.1,828.0,652.0,853.0,çikmtir,0.95
4,652.0,828.0,765.0,853.0,(Ayrintil,0.95
4,87.0,854.0,150.9,880.0,bilgi,0.9814
4,150.9,854.0,202.0,880.0,için,0.9814
4,202.0,854.0,240.3,880.0,bk.,0.9814
4,240.3,854.0,265.8,880.0,K.,0.9814
4,265.8,854.0,355.2,880.0,"Hecker,",0.9814
4,355.2,854.0,406.3,880.0,"GKT,",0.9814
4,406.3,854.0,419.1,880.0,§,0.9814
4,419.1,854.0,444.7,880.0,62,0.9814
4,444.7,854.0,470.2,880.0,"c,",0.9814
4,470.2,854.0,495.8,880.0,s.,0.9814
4,495.8,854.0,559.6,880.0,102).,0.9814
4,559.6,854.0,597.9,880.0,emu,0.9814
4,597.9,854.0,700.1,880.0,kelimesi,0.9814
4,700.1,854.0,738.5,880.0,CAD,0.9814
4,738.5,854.0,764.0,880.0,"E,",0.9814
4,87.0,882.0,150.9,905.0,s.154,0.974
4,150.9,882.0,176.4,905.0,ve,0.974
4,176.4,882.0,214.7,905.0,AHW,0.974
4,214.7,882.0,240.3,905.0,s.,0.974
4,240.3,882.0,316.9,905.0,215'te,0.974
4,316.9,882.0,342.5,905.0,de,0.974
4,342.5,882.0,483.0,905.0,belirtildii,0.974
4,483.0,882.0,559.6,905.0,"üzere,",0.974
4,559.6,882.0,636.3,905.0,"""kayin",0.974
4,636.3,882.0,712.9,905.0,"peder,",0.974
4,712.9,882.0,764.0,905.0,kayn,0.974
4,86.0,904.0,204.4,934.0,"birader,",0.9959
4,204.4,904.0,293.3,934.0,"enite""",0.9959
4,293.3,904.0,322.9,934.0,ve,0.9959
4,322.9,904.0,396.9,934.0,hatta,0.9959
4,396.9,904.0,485.7,934.0,"""yeen""",0.9959
4,485.7,904.0,544.9,934.0,gibi,0.9959
4,544.9,904.0,619.0,934.0,farkl,0.9959
4,619.0,904.0,767.0,934.0,anlamlarda,0.9959
4,86.0,934.0,277.9,958.0,kullanlmaktadr.,0.9932
4,277.9,934.0,316.3,958.0,Biz,0.9932
4,316.3,934.0,444.2,958.0,"bunlardan,",0.9932
4,444.2,934.0,520.9,958.0,metnin,0.9932
4,520.9,934.0,623.3,958.0,içeriini,0.9932
4,623.3,934.0,648.9,958.0,de,0.9932
4,648.9,934.0,764.0,958.0,"düünerek,",0.9932
4,86.0,957.0,175.8,985.0,"""enite""",0.9849
4,175.8,957.0,278.5,985.0,anlamini,0.9849
4,278.5,957.0,355.4,985.0,tercih,0.9849
4,355.4,957.0,419.6,985.0,ettik,0.9849
4,419.6,957.0,445.2,985.0,ve,0.9849
4,445.2,957.0,560.7,985.0,kelimenin,0.9849
4,560.7,957.0,663.4,985.0,anlamnda,0.9849
4,663.4,957.0,766.0,985.0,tereddüt,0.9849
4,89.0,984.0,164.6,1010.0,jiduunu,0.9518
4,164.6,984.0,261.8,1010.0,göstermek,0.9518
4,261.8,984.0,315.8,1010.0,"için,",0.9518
4,315.8,984.0,413.0,1010.0,tercümede,0.9518
4,413.0,984.0,477.8,1010.0,italik,0.9518
4,477.8,984.0,542.6,1010.0,olarak,0.9518
4,542.6,984.0,629.0,1010.0,yazdilk.,0.9518
4,164.0,1030.0,205.0,1059.0,St.,0.9763
4,205.0,1030.0,232.3,1059.0,2),0.9763
4,232.3,1030.0,327.9,1059.0,i-ri-im,0.9763
4,327.9,1030.0,396.2,1059.0,(irum,0.9763
4,396.2,1030.0,437.2,1059.0,"A),",0.9763
4,437.2,1030.0,478.2,1059.0,CAD,0.9763
4,478.2,1030.0,491.8,1059.0,I,0.9763
4,491.8,1030.0,519.1,1059.0,s.,0.9763
4,519.1,1030.0,601.1,1059.0,261'de,0.9763
4,601.1,1030.0,628.4,1059.0,bu,0.9763
4,628.4,1030.0,710.4,1059.0,kelime,0.9763
4,710.4,1030.0,765.0,1059.0,için,0.9763
4,87.0,1056.0,113.7,1086.0,"""a",0.9771
4,113.7,1056.0,193.7,1086.0,woolen,0.9771
4,193.7,1056.0,247.0,1086.0,belt,0.9771
4,247.0,1056.0,273.7,1086.0,or,0.9771
4,273.7,1056.0,340.3,1086.0,scarf,0.9771
4,340.3,1056.0,367.0,1086.0,of,0.9771
4,367.0,1056.0,460.3,1086.0,special,0.9771
4,460.3,1056.0,513.7,1086.0,make,0.9771
4,513.7,1056.0,527.0,1086.0,=,0.9771
4,527.0,1056.0,567.0,1086.0,bir,0.9771
4,567.0,1056.0,607.0,1086.0,tür,0.9771
4,607.0,1056.0,647.0,1086.0,yün,0.9771
4,647.0,1056.0,713.7,1086.0,kemer,0.9771
4,713.7,1056.0,767.0,1086.0,veya,0.9771
4,88.0,1082.0,161.9,1112.0,"kakol,",0.9707
4,161.9,1082.0,211.1,1112.0,earp,0.9707
4,211.1,1082.0,223.4,1112.0,"""",0.9707
4,223.4,1082.0,297.3,1112.0,anlami,0.9707
4,297.3,1082.0,432.7,1112.0,verilmitir.,0.9707
4,432.7,1082.0,481.9,1112.0,Yine,0.9707
4,481.9,1082.0,518.8,1112.0,ayn,0.9707
4,518.8,1082.0,592.7,1112.0,satrda,0.9707
4,592.7,1082.0,654.2,1112.0,geçen,0.9707
4,654.2,1082.0,765.0,1112.0,mu-sà-ri-,0.9707
4,88.0,1107.0,113.6,1139.0,im,0.9771
4,113.6,1107.0,331.1,1139.0,(miserru/musarru),0.9771
4,331.1,1107.0,382.2,1139.0,için,0.9771
4,382.2,1107.0,407.8,1139.0,de,0.9771
4,407.8,1107.0,446.2,1139.0,CAD,0.9771
4,446.2,1107.0,459.0,1139.0,M,0.9771
4,459.0,1107.0,497.4,1139.0,"II,",0.9771
4,497.4,1107.0,522.9,1139.0,s.,0.9771
4,522.9,1107.0,599.7,1139.0,11O'da,0.9771
4,599.7,1107.0,676.5,1139.0,"""belt,",0.9771
4,676.5,1107.0,753.2,1139.0,girdle,0.9771
4,753.2,1107.0,766.0,1139.0,=,0.9771
4,88.0,1132.0,158.0,1167.0,"kemer,",0.9868
4,158.0,1132.0,216.4,1167.0,"kuak""",0.9868
4,216.4,1132.0,321.4,1167.0,anlamlari,0.9868
4,321.4,1132.0,449.8,1167.0,verilmitir.,0.9868
4,449.8,1132.0,473.2,1167.0,Bu,0.9868
4,473.2,1132.0,508.2,1167.0,iki,0.9868
4,508.2,1132.0,554.9,1167.0,ayni,0.9868
4,554.9,1132.0,624.9,1167.0,anlama,0.9868
4,624.9,1132.0,683.3,1167.0,gelen,0.9868
4,683.3,1132.0,765.0,1167.0,"kelime,",0.9868
4,89.0,1156.0,179.0,1191.0,herhalde,0.9628
4,179.0,1156.0,314.0,1191.0,yapildiklari,0.9628
4,314.0,1156.0,404.0,1191.0,nesneler,0.9628
4,404.0,1156.0,516.5,1191.0,bakimindan,0.9628
4,516.5,1156.0,561.5,1191.0,biri,0.9628
4,561.5,1156.0,662.8,1191.0,birinden.,0.9628
4,662.8,1156.0,719.0,1191.0,farkl,0.9628
4,719.0,1156.0,764.0,1191.0,idi.,0.9628
4,88.0,1181.0,150.6,1219.0,Belki,0.9899
4,150.6,1181.0,188.1,1219.0,"de,",0.9899
4,188.1,1181.0,375.9,1219.0,musarrum-kemeri,0.9899
4,375.9,1181.0,463.6,1219.0,deriden,0.9899
4,463.6,1181.0,513.6,1219.0,elde,0.9899
4,513.6,1181.0,651.3,1219.0,ediliyordu.,0.9899
4,651.3,1181.0,688.9,1219.0,Bir,0.9899
4,688.9,1181.0,764.0,1219.0,nianin,0.9899
4,88.0,1205.0,194.7,1246.0,bozulmas1,0.9877
4,194.7,1205.0,265.9,1246.0,konulu,0.9877
4,265.9,1205.0,301.5,1246.0,Kt.,0.9877
4,301.5,1205.0,348.9,1246.0,88/k,0.9877
4,348.9,1205.0,384.5,1246.0,629,0.9877
4,384.5,1205.0,503.1,1246.0,belgesinin,0.9877
4,503.1,1205.0,562.4,1246.0,8-13.,0.9877
4,562.4,1205.0,598.0,1246.0,(H.,0.9877
4,598.0,1205.0,669.1,1246.0,"Sever,",0.9877
4,669.1,1205.0,764.0,1246.0,Belleten,0.9877
5,222.0,63.0,367.3,89.0,KÜLTEPE'DEN,0.956
5,367.3,63.0,446.6,89.0,DEI§IK,0.956
5,446.6,63.0,486.2,89.0,BIR,0.956
5,486.2,63.0,565.5,89.0,MASRAF,0.956
5,565.5,63.0,658.0,89.0,LISTESI,0.956
5,782.0,71.0,800.0,92.0,5,1.0
5,83.0,110.0,176.6,141.0,"LVI/217,",0.9843
5,176.6,110.0,235.2,141.0,"1992,",0.9843
5,235.2,110.0,258.6,141.0,s.,0.9843
5,258.6,110.0,352.2,141.0,667-675),0.9843
5,352.2,110.0,457.6,141.0,satirlar1,0.9843
5,457.6,110.0,574.6,141.0,arasindaki,0.9843
5,574.6,110.0,715.1,141.0,"ifadelerden,",0.9843
5,715.1,110.0,797.0,141.0,evlilik,0.9843
5,84.0,138.0,167.8,169.0,öncesi,0.9908
5,167.8,138.0,237.6,169.0,damat,0.9908
5,237.6,138.0,321.3,169.0,adayna,0.9908
5,321.3,138.0,363.2,169.0,bir,0.9908
5,363.2,138.0,433.0,169.0,kemer,0.9908
5,433.0,138.0,516.8,169.0,hediye,0.9908
5,516.8,138.0,614.5,169.0,edildii,0.9908
5,614.5,138.0,796.0,169.0,anlalmaktadr.,0.9908
5,85.0,167.0,162.5,197.0,Metnin,0.9877
5,162.5,167.0,265.7,197.0,bütünlüü,0.9877
5,265.7,167.0,433.5,197.0,"düünüldüünde,",0.9877
5,433.5,167.0,511.0,197.0,burada,0.9877
5,511.0,167.0,549.7,197.0,"da,",0.9877
5,549.7,167.0,614.3,197.0,böyle,0.9877
5,614.3,167.0,653.0,197.0,bir,0.9877
5,653.0,167.0,717.5,197.0,kemer,0.9877
5,717.5,167.0,795.0,197.0,hediye,0.9877
5,86.0,197.0,135.1,223.0,etme,0.9859
5,135.1,197.0,208.8,223.0,durumu,0.9859
5,208.8,197.0,245.6,223.0,söz,0.9859
5,245.6,197.0,319.3,223.0,konusu,0.9859
5,319.3,197.0,429.8,223.0,olabilir.,0.9859
5,429.8,197.0,466.6,223.0,Kr.,0.9859
5,466.6,197.0,503.4,223.0,not,0.9859
5,503.4,197.0,528.0,223.0,3.,0.9859
5,163.0,246.0,207.0,274.0,St.,0.9788
5,207.0,246.0,251.0,274.0,17),0.9788
5,251.0,246.0,383.1,274.0,hi-im-tim,0.9788
5,383.1,246.0,500.5,274.0,"""deriden",0.9788
5,500.5,246.0,544.5,274.0,"ie""",0.9788
5,544.5,246.0,676.6,274.0,anlaminda,0.9788
5,676.6,246.0,735.3,274.0,Eski,0.9788
5,735.3,246.0,794.0,274.0,Asur,0.9788
5,86.0,276.0,227.0,300.0,belgelerinde,0.9722
5,227.0,276.0,262.2,300.0,çok,0.9722
5,262.2,276.0,285.8,300.0,az,0.9722
5,285.8,276.0,344.5,300.0,geçen,0.9722
5,344.5,276.0,379.8,300.0,bir,0.9722
5,379.8,276.0,497.2,300.0,kelimedir.,0.9722
5,497.2,276.0,567.8,300.0,"Ancak,",0.9722
5,567.8,276.0,614.8,300.0,A.M.,0.9722
5,614.8,276.0,744.0,300.0,Ulshöfer'in,0.9722
5,744.0,276.0,791.0,300.0,(Die,0.9722
5,85.0,301.0,249.7,328.0,Altassyrischen,0.9841
5,249.7,301.0,426.2,328.0,"Privaturkunden,",0.9841
5,426.2,301.0,449.8,328.0,s.,0.9841
5,449.8,301.0,496.8,328.0,344),0.9841
5,496.8,301.0,520.4,328.0,de,0.9841
5,520.4,301.0,626.3,328.0,belirttii,0.9841
5,626.3,301.0,696.9,328.0,"üzere,",0.9841
5,696.9,301.0,720.4,328.0,bu,0.9841
5,720.4,301.0,791.0,328.0,kelime,0.9841
5,84.0,326.0,162.3,355.0,himtum,0.9873
5,162.3,326.0,345.1,355.0,"""Butterschmalz",0.9873
5,345.1,326.0,358.2,355.0,=,0.9873
5,358.2,326.0,462.6,355.0,eritilmi,0.9873
5,462.6,326.0,527.9,355.0,yadan,0.9873
5,527.9,326.0,580.1,355.0,elde,0.9873
5,580.1,326.0,658.4,355.0,edilen,0.9873
5,658.4,326.0,697.6,355.0,saf,0.9873
5,697.6,326.0,736.8,355.0,"ya,",0.9873
5,736.8,326.0,789.0,355.0,hlis,0.9873
5,82.0,354.0,115.8,383.0,"ya""",0.973
5,115.8,354.0,239.8,383.0,anlamindaki,0.973
5,239.8,354.0,307.4,383.0,kelime,0.973
5,307.4,354.0,341.2,383.0,ile,0.973
5,341.2,354.0,363.7,383.0,de,0.973
5,363.7,354.0,442.6,383.0,ilikili,0.973
5,442.6,354.0,544.0,383.0,olabilir.,0.973
5,163.0,405.0,201.2,430.0,St.,0.9793
5,201.2,405.0,239.4,430.0,24),0.9793
5,239.4,405.0,341.3,430.0,sú-ri-im,0.9793
5,341.3,405.0,417.7,430.0,(surru,0.9793
5,417.7,405.0,443.2,430.0,A),0.9793
5,443.2,405.0,494.1,430.0,Eski,0.9793
5,494.1,405.0,545.0,430.0,Asur,0.9793
5,545.0,405.0,697.9,430.0,belgelerinde,0.9793
5,697.9,405.0,736.1,430.0,ilk,0.9793
5,736.1,405.0,787.0,430.0,defa,0.9793
5,84.0,433.0,222.1,458.0,rastladimiz,0.973
5,222.1,433.0,247.2,458.0,bu,0.973
5,247.2,433.0,322.5,458.0,kelime,0.973
5,322.5,433.0,372.7,458.0,için,0.973
5,372.7,433.0,410.4,458.0,CAD,0.973
5,410.4,433.0,422.9,458.0,§,0.973
5,422.9,433.0,523.4,458.0,s.257'de,0.973
5,523.4,433.0,648.9,458.0,"""obsidian,",0.973
5,648.9,433.0,711.7,458.0,flint,0.973
5,711.7,433.0,774.4,458.0,blade,0.973
5,774.4,433.0,787.0,458.0,=,0.973
5,86.0,464.0,190.8,487.0,"opsidyen,",0.9807
5,190.8,464.0,260.8,487.0,kesici,0.9807
5,260.8,464.0,377.2,487.0,"çakmaktai""",0.9807
5,377.2,464.0,482.1,487.0,anlamlari,0.9807
5,482.1,464.0,610.2,487.0,verilmitir.,0.9807
5,610.2,464.0,715.1,487.0,Kelimenin,0.9807
5,715.1,464.0,785.0,487.0,burada,0.9807
5,82.0,489.0,135.0,516.0,a-na,0.9656
5,135.0,489.0,240.9,516.0,sú-ri-im,0.9656
5,240.9,489.0,293.9,516.0,a-na,0.9656
5,293.9,489.0,307.2,516.0,a,0.9656
5,307.2,489.0,426.4,516.0,tí-ib-nim,0.9656
5,426.4,489.0,492.6,516.0,á-qúl,0.9656
5,492.6,489.0,585.3,516.0,eklinde,0.9656
5,585.3,489.0,704.5,516.0,"""samandan",0.9656
5,704.5,489.0,784.0,516.0,dolay1,0.9656
5,82.0,516.0,169.6,544.0,(samanla,0.9785
5,169.6,516.0,235.3,544.0,ilgili,0.9785
5,235.3,516.0,323.0,544.0,"olarak),",0.9785
5,323.0,516.0,388.7,544.0,kesici,0.9785
5,388.7,516.0,410.6,544.0,ta,0.9785
5,410.6,516.0,454.4,544.0,için,0.9785
5,454.4,516.0,542.0,544.0,"tarttim""",0.9785
5,542.0,516.0,640.6,544.0,anlaminda,0.9785
5,640.6,516.0,783.0,544.0,"kullanilmasi,",0.9785
5,82.0,543.0,129.5,571.0,onun,0.982
5,129.5,543.0,188.9,571.0,saman,0.982
5,188.9,543.0,236.5,571.0,elde,0.982
5,236.5,543.0,307.7,571.0,etmede,0.982
5,307.7,543.0,462.2,571.0,kullanildiini,0.982
5,462.2,543.0,640.4,571.0,göstermektedir.,0.982
5,640.4,543.0,664.2,571.0,Bu,0.982
5,664.2,543.0,747.4,571.0,"kelime,",0.982
5,747.4,543.0,783.0,571.0,son,0.982
5,83.0,572.0,193.2,597.0,zamanlara,0.9837
5,193.2,572.0,266.7,597.0,"kadar,",0.9837
5,266.7,572.0,315.7,597.0,ayni,0.9837
5,315.7,572.0,389.1,597.0,amaçla,0.9837
5,389.1,572.0,438.1,597.0,Orta,0.9837
5,438.1,572.0,560.6,597.0,Anadolu'da,0.9837
5,560.6,572.0,683.0,597.0,kullanilan,0.9837
5,683.0,572.0,707.5,597.0,ve,0.9837
5,707.5,572.0,781.0,597.0,"""döven",0.9837
5,83.0,598.0,131.2,625.0,"dii""",0.9637
5,131.2,598.0,179.4,625.0,veya,0.9637
5,179.4,598.0,251.7,625.0,"""döven",0.9637
5,251.7,598.0,299.9,625.0,"tai""",0.9637
5,299.9,598.0,372.2,625.0,olarak,0.9637
5,372.2,598.0,504.8,625.0,adlandrilan,0.9637
5,504.8,598.0,528.9,625.0,ve,0.9637
5,528.9,598.0,589.2,625.0,tahil,0.9637
5,589.2,598.0,697.6,625.0,saplarini,0.9637
5,697.6,598.0,782.0,625.0,keserek,0.9637
5,83.0,623.0,146.4,652.0,saman,0.9868
5,146.4,623.0,197.1,652.0,elde,0.9868
5,197.1,623.0,273.1,652.0,etmede,0.9868
5,273.1,623.0,387.1,652.0,kullanlan,0.9868
5,387.1,623.0,425.2,652.0,bir,0.9868
5,425.2,623.0,463.2,652.0,tür,0.9868
5,463.2,623.0,539.2,652.0,kesici,0.9868
5,539.2,623.0,640.6,652.0,opsidyen,0.9868
5,640.6,623.0,665.9,652.0,ta,0.9868
5,665.9,623.0,780.0,652.0,karilinda,0.9868
5,82.0,651.0,206.4,677.0,kaydedilmi,0.9992
5,206.4,651.0,306.0,677.0,olmaldr.,0.9992
5,161.0,698.0,198.9,726.0,St.,0.9752
5,198.9,698.0,262.1,726.0,25)Bu,0.9752
5,262.1,698.0,337.9,726.0,satrin,0.9752
5,337.9,698.0,451.6,726.0,yaziminda,0.9752
5,451.6,698.0,502.1,726.0,bazi,0.9752
5,502.1,698.0,565.2,726.0,iaret,0.9752
5,565.2,698.0,590.5,726.0,ve,0.9752
5,590.5,698.0,653.7,726.0,hatta,0.9752
5,653.7,698.0,691.6,726.0,bir,0.9752
5,691.6,698.0,780.0,726.0,rakamin,0.9752
5,82.0,723.0,152.8,751.0,eksik,0.9387
5,152.8,723.0,251.9,751.0,kaldini,0.9387
5,251.9,723.0,407.7,751.0,düünüyoruz.,0.9387
5,407.7,723.0,436.0,751.0,GU,0.9387
5,431.0,723.0,489.0,743.0,al-pi-im,0.9442
5,488.0,727.0,501.3,752.0,ú,0.9438
5,501.3,727.0,660.5,752.0,e-me-ri-<im>,0.9438
5,660.5,727.0,726.9,752.0,á-qúl,0.9438
5,726.9,727.0,780.0,752.0,"""bir",0.9438
5,82.0,750.0,137.8,779.0,siir,0.9856
5,137.8,750.0,165.6,779.0,ve,0.9856
5,165.6,750.0,207.5,779.0,bir,0.9856
5,207.5,750.0,291.1,779.0,"koyun""",0.9856
5,291.1,750.0,388.7,779.0,eklinde,0.9856
5,388.7,750.0,430.5,779.0,bir,0.9856
5,430.5,750.0,514.1,779.0,okuyuu,0.9856
5,514.1,750.0,611.7,779.0,denesek,0.9856
5,611.7,750.0,653.5,779.0,"de,",0.9856
5,653.5,750.0,695.4,779.0,söz,0.9856
5,695.4,750.0,779.0,779.0,konusu,0.9856
5,81.0,776.0,175.5,804.0,nesneler,0.9899
5,175.5,776.0,222.8,804.0,için,0.9899
5,222.8,776.0,329.1,804.0,yapilacak,0.9899
5,329.1,776.0,423.6,804.0,ödemenin,0.9899
5,423.6,776.0,506.3,804.0,miktari,0.9899
5,506.3,776.0,589.0,804.0,metinde,0.9899
5,589.0,776.0,648.1,804.0,eksik,0.9899
5,648.1,776.0,778.0,804.0,kalmaktadr.,0.9899
5,81.0,801.0,155.6,833.0,Metnin,0.9845
5,155.6,801.0,279.9,833.0,"genelinde,",0.9845
5,279.9,801.0,404.1,833.0,ödemelerin,0.9845
5,404.1,801.0,466.3,833.0,hangi,0.9845
5,466.3,801.0,553.3,833.0,nesneye,0.9845
5,553.3,801.0,677.6,833.0,yapildiini,0.9845
5,677.6,801.0,714.9,833.0,ana,0.9845
5,714.9,801.0,777.0,833.0,prep.,0.9845
5,80.0,827.0,239.4,859.0,kaydedilirken,0.9859
5,239.4,827.0,263.9,859.0,bu,0.9859
5,263.9,827.0,337.5,859.0,satrda,0.9859
5,337.5,827.0,374.3,859.0,ana,0.9859
5,374.3,827.0,435.6,859.0,prep.,0.9859
5,435.6,827.0,460.2,859.0,da,0.9859
5,460.2,827.0,607.3,859.0,yazilmamtir.,0.9859
5,607.3,827.0,754.5,859.0,"Dolayisiyla,",0.9859
5,754.5,827.0,779.0,859.0,bu,0.9859
5,82.0,855.0,146.5,883.0,satrla,0.9937
5,146.5,855.0,210.9,883.0,ilgili,0.9937
5,210.9,855.0,286.1,883.0,verilen,0.9937
5,286.1,855.0,361.3,883.0,tercüme,0.9937
5,361.3,855.0,436.6,883.0,oldukça,0.9937
5,436.6,855.0,544.0,883.0,üphelidir.,0.9937
5,158.0,902.0,181.9,932.0,St,0.9743
5,181.9,902.0,217.7,932.0,34),0.9743
5,217.7,902.0,313.2,932.0,um-zi-im,0.9743
5,313.2,902.0,444.6,932.0,(ums/s/zum),0.9743
5,444.6,902.0,492.4,932.0,Eski,0.9743
5,492.4,902.0,540.2,932.0,Asur,0.9743
5,540.2,902.0,683.5,932.0,belgelerinde,0.9743
5,683.5,902.0,779.0,932.0,yalnizca,0.9743
5,78.0,928.0,125.9,962.0,bir,0.9786
5,125.9,928.0,173.9,962.0,kaç,0.9786
5,173.9,928.0,253.8,962.0,yerde,0.9786
5,253.8,928.0,333.6,962.0,geçen,0.9786
5,333.6,928.0,365.6,962.0,bu,0.9786
5,365.6,928.0,509.4,962.0,kelimenin,0.9786
5,509.4,928.0,605.2,962.0,anlami,0.9786
5,605.2,928.0,685.1,962.0,kesin,0.9786
5,685.1,928.0,781.0,962.0,olarak,0.9786
5,79.0,956.0,262.3,985.0,bilinmemektedir.,0.9888
5,262.3,956.0,308.2,985.0,A.M.,0.9888
5,308.2,956.0,411.3,985.0,"Ulshöfer,",0.9888
5,411.3,956.0,491.5,985.0,(a.g.e.,0.9888
5,491.5,956.0,560.3,985.0,"s.251,",0.9888
5,560.3,956.0,594.7,985.0,not,0.9888
5,594.7,956.0,652.0,985.0,1'de),0.9888
5,652.0,956.0,674.9,985.0,bu,0.9888
5,674.9,956.0,778.0,985.0,kelimenin,0.9888
5,79.0,980.0,172.2,1014.0,geçtii,0.9583
5,172.2,980.0,218.8,1014.0,bir,0.9583
5,218.8,980.0,296.5,1014.0,metni,0.9583
5,296.5,980.0,343.1,1014.0,ele,0.9583
5,343.1,980.0,389.7,1014.0,alm,0.9583
5,389.7,980.0,420.7,1014.0,ve,0.9583
5,420.7,980.0,545.0,1014.0,Matou'un,0.9583
5,545.0,980.0,607.1,1014.0,BiOr,0.9583
5,607.1,980.0,653.7,1014.0,"16,",0.9583
5,653.7,980.0,778.0,1014.0,183'tcki,0.9583
5,79.0,1006.0,205.2,1042.0,almasinda,0.9517
5,205.2,1006.0,233.2,1042.0,bu,0.9517
5,233.2,1006.0,317.3,1042.0,kelime,0.9517
5,317.3,1006.0,359.4,1042.0,iin,0.9517
5,359.4,1006.0,443.5,1042.0,"""enzum",0.9517
5,443.5,1006.0,527.6,1042.0,"=keçi""",0.9517
5,527.6,1006.0,681.9,1042.0,kelimesinin,0.9517
5,681.9,1006.0,752.0,1042.0,deiik,0.9517
5,752.0,1006.0,780.0,1042.0,pr,0.9517
5,78.0,1033.0,136.8,1068.0,yazil,0.9944
5,136.8,1033.0,183.8,1068.0,ekli,0.9944
5,183.8,1033.0,301.2,1068.0,olabilecei,0.9944
5,301.2,1033.0,407.0,1068.0,yönündeki,0.9944
5,407.0,1033.0,512.8,1068.0,teklifini,0.9944
5,512.8,1033.0,642.0,1068.0,hatrlatmtr.,0.9944
5,157.0,1079.0,198.5,1117.0,St.,0.9773
5,198.5,1079.0,239.9,1117.0,35),0.9773
5,239.9,1079.0,405.8,1117.0,ha-á-lá-tim:,0.9773
5,405.8,1079.0,447.3,1117.0,CAD,0.9773
5,447.3,1079.0,461.1,1117.0,H,0.9773
5,461.1,1079.0,488.7,1117.0,bu,0.9773
5,488.7,1079.0,599.3,1117.0,kelimeyi,0.9773
5,599.3,1079.0,654.6,1117.0,halu,0.9773
5,654.6,1079.0,696.1,1117.0,"""to",0.9773
5,696.1,1079.0,765.2,1117.0,crash,0.9773
5,765.2,1079.0,779.0,1117.0,=,0.9773
5,78.0,1102.0,158.3,1147.0,"kirmak""",0.9727
5,158.3,1102.0,284.6,1147.0,anlamindaki,0.9727
5,284.6,1102.0,319.0,1147.0,fil,0.9727
5,319.0,1102.0,353.4,1147.0,ile,0.9727
5,353.4,1102.0,582.9,1147.0,ilikilendirmektedir.,0.9727
5,582.9,1102.0,605.9,1147.0,Az,0.9727
5,605.9,1102.0,697.7,1147.0,sayidaki,0.9727
5,697.7,1102.0,778.0,1147.0,Kültepe,0.9727
5,78.0,1129.0,173.1,1174.0,metninde,0.9715
5,173.1,1129.0,232.5,1174.0,geçen,0.9715
5,232.5,1129.0,280.0,1174.0,(f/k,0.9715
5,280.0,1129.0,315.6,1174.0,60:,0.9715
5,315.6,1129.0,339.4,1174.0,3;,0.9715
5,339.4,1129.0,375.0,1174.0,g/k,0.9715
5,375.0,1129.0,446.3,1174.0,18:11;,0.9715
5,446.3,1129.0,482.0,1174.0,h/k,0.9715
5,482.0,1129.0,553.3,1174.0,333:4),0.9715
5,553.3,1129.0,577.0,1174.0,bu,0.9715
5,577.0,1129.0,660.2,1174.0,"kelime,",0.9715
5,660.2,1129.0,779.0,1174.0,genellikle,0.9715
5,76.0,1152.0,128.1,1202.0,arpa,0.9712
5,128.1,1152.0,154.1,1202.0,ve,0.9712
5,154.1,1152.0,219.2,1202.0,buday,0.9712
5,219.2,1152.0,271.3,1202.0,gibi,0.9712
5,271.3,1152.0,323.4,1202.0,tahl,0.9712
5,323.4,1152.0,427.5,1202.0,ürünleri,0.9712
5,427.5,1152.0,466.6,1202.0,ile,0.9712
5,466.6,1152.0,570.7,1202.0,birlikte,0.9712
5,570.7,1152.0,726.9,1202.0,geçmektedir.,0.9712
5,726.9,1152.0,779.0,1202.0,A.M.,0.9712
5,76.0,1177.0,193.2,1230.0,"Ulshöfer,",0.9889
5,193.2,1177.0,297.3,1230.0,yukarida,0.9889
5,297.3,1177.0,323.4,1230.0,ad,0.9889
5,323.4,1177.0,388.4,1230.0,geçen,0.9889
5,388.4,1177.0,492.6,1230.0,eserinde,0.9889
5,492.6,1177.0,531.6,1230.0,(s.,0.9889
5,531.6,1177.0,583.7,1230.0,368),0.9889
5,583.7,1177.0,661.8,1230.0,iledii,0.9889
5,661.8,1177.0,700.9,1230.0,Kt.,0.9889
5,700.9,1177.0,739.9,1230.0,h/k,0.9889
5,739.9,1177.0,779.0,1230.0,333,0.9889
6,81.0,61.0,100.0,85.0,6,1.0
6,342.0,64.0,412.0,93.0,IRFAN,0.9921
6,412.0,64.0,524.0,93.0,ALBAYRAK,0.9921
6,81.0,107.0,176.4,150.0,numaral,0.9938
6,176.4,107.0,285.4,150.0,"belgede,",0.9938
6,285.4,107.0,394.4,150.0,kelimeyi,0.9938
6,394.4,107.0,503.5,150.0,"""bulgur""",0.9938
6,503.5,107.0,612.5,150.0,anlamina,0.9938
6,612.5,107.0,680.6,150.0,gelen,0.9938
6,680.6,107.0,776.0,150.0,Almanca,0.9938
6,82.0,136.0,175.2,169.0,"""Grütze""",0.9669
6,175.2,136.0,280.2,169.0,mânâsinda,0.9669
6,280.2,136.0,361.8,169.0,tercüme,0.9669
6,361.8,136.0,455.0,169.0,etmitir.,0.9669
6,162.0,190.0,194.8,225.0,St.,0.9616
6,194.8,190.0,227.6,225.0,39),0.9616
6,227.6,190.0,325.9,225.0,hi-im-tim,0.9616
6,325.9,190.0,435.2,225.0,bi4-i-tim:,0.9616
6,435.2,190.0,544.5,225.0,(hi-im-tim,0.9616
6,544.5,190.0,588.2,225.0,için,0.9616
6,588.2,190.0,621.0,225.0,bk.,0.9616
6,621.0,190.0,653.8,225.0,st.,0.9616
6,653.8,190.0,675.6,225.0,17,0.9616
6,675.6,190.0,708.4,225.0,ile,0.9616
6,708.4,190.0,774.0,225.0,ilgili,0.9616
6,82.0,217.0,234.5,253.0,açiklamalar).,0.9587
6,234.5,217.0,340.0,253.0,bi4-i-tim,0.9587
6,340.0,217.0,469.1,253.0,"kelimesini,",0.9587
6,469.1,217.0,516.0,253.0,Eski,0.9587
6,516.0,217.0,598.1,253.0,Asur'da,0.9587
6,598.1,217.0,645.0,253.0,daha,0.9587
6,645.0,217.0,691.9,253.0,önce,0.9587
6,691.9,217.0,774.0,253.0,geçmemi,0.9587
6,82.0,244.0,138.7,279.0,"olan,",0.9795
6,138.7,244.0,161.4,279.0,bu,0.9795
6,161.4,244.0,229.5,279.0,"""kötü""",0.9795
6,229.5,244.0,308.9,279.0,sfatyla,0.9795
6,308.9,244.0,377.0,279.0,ilgili,0.9795
6,377.0,244.0,513.1,279.0,olabileceini,0.9795
6,513.1,244.0,535.8,279.0,ve,0.9795
6,535.8,244.0,637.9,279.0,hi-im-tim,0.9795
6,637.9,244.0,774.0,279.0,bi4-i-tim'in,0.9795
6,83.0,272.0,211.0,307.0,"""kalitesiz",0.9758
6,211.0,272.0,249.4,307.0,"ya""",0.9758
6,249.4,272.0,351.7,307.0,anlamnda,0.9758
6,351.7,272.0,454.1,307.0,kullanlm,0.9758
6,454.1,272.0,607.6,307.0,olabileceini,0.9758
6,607.6,272.0,748.4,307.0,düünüyoruz.,0.9758
6,748.4,272.0,774.0,307.0,bu,0.9758
6,86.0,303.0,137.3,325.0,için,0.9815
6,137.3,303.0,175.8,325.0,bk.,0.9815
6,175.8,303.0,214.2,325.0,CAD,0.9815
6,214.2,303.0,239.9,325.0,"B,",0.9815
6,239.9,303.0,316.8,325.0,s.270;,0.9815
6,316.8,303.0,368.1,325.0,AHw.,0.9815
6,368.1,303.0,393.7,325.0,s.,0.9815
6,393.7,303.0,445.0,325.0,131.,0.9815
6,162.0,349.0,199.3,378.0,St.,0.9968
6,199.3,349.0,236.7,378.0,44),0.9968
6,236.7,349.0,361.2,378.0,ki-ki-a-ni,0.9968
6,361.2,349.0,373.6,378.0,:,0.9968
6,373.6,349.0,398.5,378.0,Bu,0.9968
6,398.5,349.0,510.6,378.0,kelimenin,0.9968
6,510.6,349.0,635.1,378.0,kikunannum,0.9968
6,635.1,349.0,734.7,378.0,kelimesi,0.9968
6,734.7,349.0,772.0,378.0,ile,0.9968
6,84.0,376.0,168.5,408.0,ilikili,0.975
6,168.5,376.0,253.0,408.0,olduunu,0.975
6,253.0,376.0,361.6,408.0,"düünerek,",0.975
6,361.6,376.0,409.9,408.0,"""bir",0.975
6,409.9,376.0,518.5,408.0,elbisenin,0.975
6,518.5,376.0,603.0,408.0,"parças""",0.975
6,603.0,376.0,687.5,408.0,eklinde,0.975
6,687.5,376.0,772.0,408.0,tercüme,0.975
6,84.0,404.0,229.3,433.0,etmekteyiz.,0.9799
6,229.3,404.0,387.9,433.0,kikunannum'a,0.9799
6,387.9,404.0,480.3,433.0,verilen,0.9799
6,480.3,404.0,506.8,433.0,bu,0.9799
6,506.8,404.0,572.8,433.0,anlam,0.9799
6,572.8,404.0,625.7,433.0,için,0.9799
6,625.7,404.0,665.3,433.0,bk.,0.9799
6,665.3,404.0,678.5,433.0,A,0.9799
6,678.5,404.0,771.0,433.0,Concise,0.9799
6,84.0,430.0,209.1,462.0,Dictionary,0.9873
6,209.1,430.0,234.1,462.0,of,0.9873
6,234.1,430.0,346.7,462.0,"Akkadian,",0.9873
6,346.7,430.0,421.8,462.0,SANTAG,0.9873
6,421.8,430.0,446.8,462.0,c.,0.9873
6,446.8,430.0,471.8,462.0,"5,",0.9873
6,471.8,430.0,496.8,462.0,s.,0.9873
6,496.8,430.0,546.9,462.0,"157,",0.9873
6,546.9,430.0,596.9,462.0,1999,0.9873
6,596.9,430.0,722.0,462.0,Wiesbaden.,0.9873
6,163.0,482.0,200.2,511.0,St.,0.9545
6,200.2,482.0,262.3,511.0,46-47,0.9545
6,262.3,482.0,460.8,511.0,na-ah-lá-pá-tí-a,0.9545
6,460.8,482.0,498.0,511.0,...,0.9545
6,498.0,482.0,609.7,511.0,i-it-ri-a,0.9545
6,609.7,482.0,771.0,511.0,kelimelerinde,0.9545
6,86.0,510.0,147.1,537.0,geçen,0.9861
6,147.1,510.0,171.5,537.0,-a,0.9861
6,171.5,510.0,195.9,537.0,ek,0.9861
6,195.9,510.0,269.2,537.0,zamiri,0.9861
6,269.2,510.0,305.9,537.0,ile,0.9861
6,305.9,510.0,366.9,537.0,kimin,0.9861
6,366.9,510.0,501.3,537.0,kastedildii,0.9861
6,501.3,510.0,550.1,537.0,açik,0.9861
6,550.1,510.0,647.9,537.0,deildir.,0.9861
6,647.9,510.0,721.1,537.0,"Ancak,",0.9861
6,721.1,510.0,745.6,537.0,bu,0.9861
6,745.6,510.0,770.0,537.0,ek,0.9861
6,85.0,538.0,211.7,563.0,zamirlerin,0.9723
6,211.7,538.0,287.7,563.0,metnin,0.9723
6,287.7,538.0,376.3,563.0,sonunda,0.9723
6,376.3,538.0,439.7,563.0,geçen,0.9723
6,439.7,538.0,591.7,563.0,a-ha-<at>-ni,0.9723
6,591.7,538.0,642.3,563.0,"""k1z",0.9723
6,642.3,538.0,769.0,563.0,"kardeimiz""",0.9723
6,86.0,564.0,162.2,593.0,eklinde,0.9873
6,162.2,564.0,216.6,593.0,ifade,0.9873
6,216.6,564.0,281.8,593.0,edilen,0.9873
6,281.8,564.0,336.2,593.0,bayan,0.9873
6,336.2,564.0,368.9,593.0,ile,0.9873
6,368.9,564.0,434.2,593.0,ilgili,0.9873
6,434.2,564.0,488.6,593.0,olduu,0.9873
6,488.6,564.0,630.0,593.0,söylenebilir.,0.9873
6,163.0,612.0,203.5,640.0,St.,0.9809
6,203.5,612.0,284.4,640.0,48-49),0.9809
6,284.4,612.0,392.3,640.0,a-ma-tim,0.9809
6,392.3,612.0,527.2,640.0,ar-ku-us4:,0.9809
6,527.2,612.0,648.6,640.0,ifadesini,0.9809
6,648.6,612.0,689.1,640.0,tam,0.9809
6,689.1,612.0,770.0,640.0,olarak,0.9809
6,88.0,641.0,252.4,669.0,anlayamyoruz.,0.9867
6,252.4,641.0,341.0,669.0,Fiilden,0.9867
6,341.0,641.0,416.9,669.0,önceki,0.9867
6,416.9,641.0,518.0,669.0,kelimeyi,0.9867
6,518.0,641.0,593.9,669.0,amatim,0.9867
6,593.9,641.0,657.2,669.0,"(ç.),",0.9867
6,657.2,641.0,745.7,669.0,ammatum,0.9867
6,745.7,641.0,771.0,669.0,ve,0.9867
6,88.0,667.0,128.9,696.0,ana,0.9748
6,128.9,667.0,183.3,696.0,mtim,0.9748
6,183.3,667.0,265.1,696.0,olarak,0.9748
6,265.1,667.0,292.3,696.0,üç,0.9748
6,292.3,667.0,346.8,696.0,ayri,0.9748
6,346.8,667.0,442.1,696.0,eklinde,0.9748
6,442.1,667.0,523.8,696.0,okumak,0.9748
6,523.8,667.0,660.0,696.0,mümkündür.,0.9748
6,660.0,667.0,687.3,696.0,Bu,0.9748
6,687.3,667.0,769.0,696.0,kelime,0.9748
6,89.0,697.0,127.5,720.0,CAD,0.9643
6,127.5,697.0,140.3,720.0,A,0.9643
6,140.3,697.0,178.8,720.0,"II,",0.9643
6,178.8,697.0,204.5,720.0,s.,0.9643
6,204.5,697.0,268.6,720.0,75'de,0.9643
6,268.6,697.0,345.6,720.0,ammatu,0.9643
6,345.6,697.0,358.4,720.0,D,0.9643
6,358.4,697.0,499.6,720.0,"maddesinde,",0.9643
6,499.6,697.0,576.5,720.0,anlami,0.9643
6,576.5,697.0,717.7,720.0,"bilinmeyen,",0.9643
6,717.7,697.0,769.0,720.0,bati,0.9643
6,90.0,722.0,146.6,748.0,smice,0.9806
6,146.6,722.0,180.5,748.0,bir,0.9806
6,180.5,722.0,248.4,748.0,kelime,0.9806
6,248.4,722.0,316.3,748.0,olarak,0.9806
6,316.3,722.0,429.5,748.0,kaydedilen,0.9806
6,429.5,722.0,497.4,748.0,kelime,0.9806
6,497.4,722.0,531.4,748.0,ile,0.9806
6,531.4,722.0,610.6,748.0,ilikili,0.9806
6,610.6,722.0,712.4,748.0,olabilir.,0.9806
6,712.4,722.0,769.0,748.0,Cünkü,0.9806
6,90.0,748.0,155.3,776.0,orada,0.9916
6,155.3,748.0,246.7,776.0,verilen,0.9916
6,246.7,748.0,312.0,776.0,örnek,0.9916
6,312.0,748.0,403.4,776.0,cümlede,0.9916
6,403.4,748.0,429.5,776.0,de,0.9916
6,429.5,748.0,455.6,776.0,bu,0.9916
6,455.6,748.0,573.1,776.0,kelimeden,0.9916
6,573.1,748.0,638.4,776.0,sonra,0.9916
6,638.4,748.0,703.7,776.0,raksu,0.9916
6,703.7,748.0,769.0,776.0,fiili,0.9916
6,90.0,775.0,238.4,802.0,kullanilmtr.,0.9627
6,238.4,775.0,287.8,802.0,Dier,0.9627
6,287.8,775.0,374.4,802.0,"taftan,",0.9627
6,374.4,775.0,436.2,802.0,bizim,0.9627
6,436.2,775.0,460.9,802.0,de,0.9627
6,460.9,775.0,535.1,802.0,burada,0.9627
6,535.1,775.0,584.5,802.0,öyle,0.9627
6,584.5,775.0,671.1,802.0,tercüme,0.9627
6,671.1,775.0,770.0,802.0,ettiimiz,0.9627
6,89.0,799.0,179.9,831.0,"üzere,",0.971
6,179.9,799.0,301.2,831.0,kelimeyi,0.971
6,301.2,799.0,377.0,831.0,amtum,0.971
6,377.0,799.0,543.7,831.0,kelimesinin,0.971
6,543.7,799.0,604.3,831.0,çoul,0.971
6,604.3,799.0,680.1,831.0,yazim,0.971
6,680.1,799.0,771.0,831.0,olarak,0.971
6,92.0,831.0,252.2,857.0,deerlendirmek,0.9784
6,252.2,831.0,276.8,857.0,de,0.9784
6,276.8,831.0,400.0,857.0,mümkündür.,0.9784
6,169.0,875.0,204.4,905.0,St.,0.9758
6,204.4,875.0,239.8,905.0,55),0.9758
6,239.8,875.0,381.5,905.0,i-a-pá-<ar'>,0.9758
6,381.5,875.0,393.3,905.0,:,0.9758
6,393.3,875.0,416.9,905.0,Bu,0.9758
6,416.9,875.0,487.7,905.0,satrla,0.9758
6,487.7,875.0,558.5,905.0,ilgili,0.9758
6,558.5,875.0,629.4,905.0,olarak,0.9758
6,629.4,875.0,676.6,905.0,daha,0.9758
6,676.6,875.0,735.6,905.0,uygun,0.9758
6,735.6,875.0,771.0,905.0,bir,0.9758
6,92.0,902.0,153.6,932.0,çözüm,0.968
6,153.6,902.0,326.2,932.0,bulamadimizdan,0.968
6,326.2,902.0,350.9,932.0,ve,0.968
6,350.9,902.0,387.9,932.0,59.,0.968
6,387.9,902.0,461.8,932.0,satrda,0.968
6,461.8,902.0,572.8,932.0,i-a-pá-ar,0.968
6,572.8,902.0,659.1,932.0,eklinde,0.968
6,659.1,902.0,733.0,932.0,benzer,0.968
6,733.0,902.0,770.0,932.0,bir,0.968
6,93.0,929.0,141.3,959.0,form,0.9512
6,141.3,929.0,201.6,959.0,getii,0.9512
6,201.6,929.0,262.0,959.0,"için,",0.9512
6,262.0,929.0,334.4,959.0,metnin,0.9512
6,334.4,929.0,394.8,959.0,akina,0.9512
6,394.8,929.0,431.0,959.0,çok,0.9512
6,431.0,929.0,503.4,959.0,uymasa,0.9512
6,503.4,929.0,539.6,959.0,"da,",0.9512
6,539.6,929.0,600.0,959.0,-<ar>,0.9512
6,600.0,929.0,708.6,959.0,"iaretini,",0.9512
6,708.6,929.0,769.0,959.0,ilave,0.9512
6,93.0,955.0,165.3,985.0,etmeyi,0.9703
6,165.3,955.0,225.6,985.0,uygun,0.9703
6,225.6,955.0,346.1,985.0,buluyoruz.,0.9703
6,346.1,955.0,394.3,985.0,Ayni,0.9703
6,394.3,955.0,478.7,985.0,satirda,0.9703
6,478.7,955.0,539.0,985.0,hemen,0.9703
6,539.0,955.0,623.4,985.0,arkadan,0.9703
6,623.4,955.0,683.6,985.0,gelen,0.9703
6,683.6,955.0,743.9,985.0,be-el,0.9703
6,743.9,955.0,768.0,985.0,a-,0.9703
6,92.0,984.0,114.6,1011.0,%6,0.9596
6,114.6,984.0,182.2,1011.0,fadesi,0.9596
6,182.2,984.0,249.9,1011.0,içinde,0.9596
6,249.9,984.0,283.7,1011.0,bir,0.9596
6,283.7,984.0,340.1,1011.0,çözüm,0.9596
6,340.1,984.0,498.0,1011.0,getiremiyoruz.,0.9596
6,171.0,1034.0,206.1,1060.0,St.,0.9724
6,206.1,1034.0,241.2,1060.0,61),0.9724
6,241.2,1034.0,393.4,1060.0,a-ha-<at>-ni:,0.9724
6,393.4,1034.0,475.4,1060.0,a-ha-ni,0.9724
6,475.4,1034.0,569.0,1060.0,"yazlini,",0.9724
6,569.0,1034.0,639.2,1060.0,ilgili,0.9724
6,639.2,1034.0,768.0,1060.0,sözlüklerde,0.9724
6,93.0,1061.0,201.0,1087.0,"verilen,",0.9865
6,201.0,1061.0,336.0,1087.0,metnimizin,0.9865
6,336.0,1061.0,417.0,1087.0,akiina,0.9865
6,417.0,1061.0,498.0,1087.0,uyacak,0.9865
6,498.0,1061.0,606.0,1087.0,herhangi,0.9865
6,606.0,1061.0,646.5,1087.0,bir,0.9865
6,646.5,1061.0,768.0,1087.0,kelimeyle,0.9865
6,93.0,1087.0,337.0,1113.0,irtibatlandramiyoruz.,0.9697
6,337.0,1087.0,406.8,1113.0,"Ancak,",0.9697
6,406.8,1087.0,464.9,1113.0,gerek,0.9697
6,464.9,1087.0,534.6,1113.0,metnin,0.9697
6,534.6,1087.0,581.1,1113.0,bazi,0.9697
6,581.1,1087.0,732.1,1113.0,"kisimlarinda,",0.9697
6,732.1,1087.0,767.0,1113.0,adi,0.9697
6,94.0,1116.0,204.3,1139.0,verilmeden,0.9699
6,204.3,1116.0,248.5,1139.0,(st.,0.9699
6,248.5,1116.0,281.6,1139.0,46.,0.9699
6,281.6,1116.0,469.1,1139.0,"na-ah-lá-pá-tí-a,",0.9699
6,469.1,1116.0,502.2,1139.0,st.,0.9699
6,502.2,1116.0,535.3,1139.0,47.,0.9699
6,535.3,1116.0,656.7,1139.0,"í-it-ri-a),",0.9699
6,656.7,1116.0,678.7,1139.0,-a,0.9699
6,678.7,1116.0,700.8,1139.0,ek,0.9699
6,700.8,1116.0,767.0,1139.0,zamiri,0.9699
6,93.0,1141.0,127.9,1165.0,ile,0.9832
6,127.9,1141.0,162.7,1165.0,bir,0.9832
6,162.7,1141.0,255.7,1165.0,bayandan,0.9832
6,255.7,1141.0,290.6,1165.0,söz,0.9832
6,290.6,1141.0,395.1,1165.0,"edilmesi,",0.9832
6,395.1,1141.0,476.5,1165.0,gerekse,0.9832
6,476.5,1141.0,569.4,1165.0,belgenin,0.9832
6,569.4,1141.0,604.3,1165.0,son,0.9832
6,604.3,1141.0,708.9,1165.0,satirinda,0.9832
6,708.9,1141.0,767.0,1165.0,geçen,0.9832
6,91.0,1166.0,164.7,1194.0,qalpum,0.9713
6,164.7,1166.0,263.1,1194.0,fiilinin,0.9713
6,263.1,1166.0,312.2,1194.0,fem.,0.9713
6,312.2,1166.0,435.1,1194.0,çekimlenmi,0.9713
6,435.1,1166.0,508.9,1194.0,olmasi,0.9713
6,508.9,1166.0,631.8,1194.0,"nedeniyle,",0.9713
6,631.8,1166.0,656.4,1194.0,bu,0.9713
6,656.4,1166.0,767.0,1194.0,"kelimeye,",0.9713
6,93.0,1193.0,238.4,1219.0,unutulduunu,0.9646
6,238.4,1193.0,370.5,1219.0,düündüümüz,0.9646
6,370.5,1193.0,410.2,1219.0,(st,0.9646
6,410.2,1193.0,476.3,1219.0,51'de,0.9646
6,476.3,1193.0,568.8,1219.0,"-tùnun,",0.9646
6,568.8,1193.0,608.4,1219.0,st.,0.9646
6,608.4,1193.0,674.5,1219.0,56'da,0.9646
6,674.5,1193.0,767.0,1219.0,-¯u'nun,0.9646
6,93.0,1219.0,203.1,1247.0,unutulduu,0.9545
6,203.1,1219.0,264.3,1247.0,gibi),0.9545
6,264.3,1219.0,301.0,1247.0,-at,0.9545
6,301.0,1219.0,398.9,1247.0,iaretini,0.9545
6,398.9,1219.0,460.1,1247.0,ilave,0.9545
6,460.1,1219.0,533.5,1247.0,etmeyi,0.9545
6,533.5,1219.0,594.7,1247.0,uygun,0.9545
6,594.7,1219.0,717.1,1247.0,buluyoruz.,0.9545
6,717.1,1219.0,766.0,1247.0,Ayni,0.9545
7,227.0,66.0,365.1,90.0,KÜLTEPE'DEN,0.9325
7,365.1,66.0,453.1,90.0,DEGI§IK,0.9325
7,453.1,66.0,490.7,90.0,BIR,0.9325
7,490.7,66.0,566.1,90.0,MASRAF,0.9325
7,566.1,66.0,654.0,90.0,LISTESI,0.9325
7,779.0,69.0,798.0,90.0,7,0.9999
7,88.0,113.0,166.3,142.0,satirda,0.9905
7,166.3,113.0,233.5,142.0,metnin,0.9905
7,233.5,113.0,267.0,142.0,son,0.9905
7,267.0,113.0,323.0,142.0,fiili,0.9905
7,323.0,113.0,390.1,142.0,olarak,0.9905
7,390.1,113.0,446.1,142.0,geçen,0.9905
7,446.1,113.0,569.2,142.0,ta-aq-lu-up,0.9905
7,569.2,113.0,614.0,142.0,"ise,",0.9905
7,614.0,113.0,703.5,142.0,"""soymak,",0.9905
7,703.5,113.0,793.0,142.0,derisini,0.9905
7,87.0,142.0,178.4,169.0,"yüzmek""",0.9756
7,178.4,142.0,322.0,169.0,anlamindaki,0.9756
7,322.0,142.0,400.3,169.0,qalpum,0.9756
7,400.3,142.0,478.7,169.0,fiilin,0.9756
7,478.7,142.0,504.8,169.0,I.,0.9756
7,504.8,142.0,557.0,169.0,kalp,0.9756
7,557.0,142.0,583.1,169.0,3.,0.9756
7,583.1,142.0,622.3,169.0,tk.,0.9756
7,622.3,142.0,648.4,169.0,h.,0.9756
7,648.4,142.0,726.7,169.0,(fem.),0.9756
7,726.7,142.0,792.0,169.0,formu,0.9756
7,88.0,170.0,179.3,196.0,olduunu,0.9939
7,179.3,170.0,322.7,196.0,düünüyoruz.,0.9939
7,322.7,170.0,400.9,196.0,galbum,0.9939
7,400.9,170.0,453.0,196.0,"""tra",0.9939
7,453.0,170.0,531.3,196.0,"etmek""",0.9939
7,531.3,170.0,635.6,196.0,fiilinin,0.9939
7,635.6,170.0,661.6,196.0,I.,0.9939
7,661.6,170.0,713.8,196.0,kalp,0.9939
7,713.8,170.0,792.0,196.0,çekimi,0.9939
7,87.0,196.0,181.0,226.0,olmadi,0.9424
7,181.0,196.0,212.3,226.0,ve,0.9424
7,212.3,196.0,353.3,226.0,mânâsinin,0.9424
7,353.3,196.0,447.3,226.0,metnin,0.9424
7,447.3,196.0,604.0,226.0,bütünlüüne,0.9424
7,604.0,196.0,651.0,226.0,çok,0.9424
7,651.0,196.0,792.0,226.0,uymayaca1,0.9424
7,88.0,225.0,244.2,250.0,"düüncesiyle,",0.9903
7,244.2,225.0,270.3,250.0,bu,0.9903
7,270.3,225.0,322.3,250.0,fili,0.9903
7,322.3,225.0,400.4,250.0,qalpum,0.9903
7,400.4,225.0,478.6,250.0,olarak,0.9903
7,478.6,225.0,725.9,250.0,deerlendirmekteyiz.,0.9903
7,725.9,225.0,791.0,250.0,a-ha-,0.9903
7,87.0,250.0,178.5,278.0,<at>-ni,0.9683
7,178.5,250.0,283.1,278.0,qa-qa-sà,0.9683
7,283.1,250.0,335.4,278.0,a-na,0.9683
7,335.4,250.0,387.7,278.0,Itar,0.9683
7,387.7,250.0,531.5,278.0,ta-aq-lu-up,0.9683
7,531.5,250.0,583.8,278.0,"""Kiz",0.9683
7,583.8,250.0,701.5,278.0,kardeimiz,0.9683
7,701.5,250.0,740.7,278.0,ban,0.9683
7,740.7,250.0,793.0,278.0,Itar,0.9683
7,86.0,276.0,134.7,305.0,için,0.9748
7,134.7,276.0,195.6,305.0,"açti""",0.9748
7,195.6,276.0,280.8,305.0,ifadesi,0.9748
7,280.8,276.0,378.1,305.0,herhalde,0.9748
7,378.1,276.0,451.2,305.0,mecazi,0.9748
7,451.2,276.0,487.7,305.0,bir,0.9748
7,487.7,276.0,560.7,305.0,anlama,0.9748
7,560.7,276.0,706.8,305.0,gelmektedir.,0.9748
7,706.8,276.0,743.3,305.0,tar,0.9748
7,743.3,276.0,792.0,305.0,için,0.9748
7,85.0,302.0,154.2,331.0,"""bani",0.9519
7,154.2,302.0,237.3,331.0,soymak,0.9519
7,237.3,302.0,334.2,331.0,"(amak)""",0.9519
7,334.2,302.0,403.4,331.0,tbiri,0.9519
7,403.4,302.0,458.8,331.0,"ile,",0.9519
7,458.8,302.0,528.0,331.0,"""kizn",0.9519
7,528.0,302.0,555.7,331.0,ba,0.9519
7,555.7,302.0,666.4,331.0,örtüsünü,0.9519
7,666.4,302.0,791.0,331.0,"ç1karmas""",0.9519
7,84.0,327.0,219.8,359.0,kastedilmi,0.9799
7,219.8,327.0,328.4,359.0,olmaldr.,0.9799
7,328.4,327.0,423.4,359.0,Buradan,0.9799
7,423.4,327.0,559.2,359.0,"hareketle,",0.9799
7,559.2,327.0,667.8,359.0,qaqqadam,0.9799
7,667.8,327.0,749.3,359.0,qalpum,0.9799
7,749.3,327.0,790.0,359.0,"""ba",0.9799
7,84.0,354.0,169.1,386.0,"soymak,",0.9825
7,169.1,354.0,242.0,386.0,"açmak""",0.9825
7,242.0,354.0,375.7,386.0,"ifadesinin,",0.9825
7,375.7,354.0,460.8,386.0,Kültepe,0.9825
7,460.8,354.0,606.7,386.0,metinlerinde,0.9825
7,606.7,354.0,667.4,386.0,"geen,",0.9825
7,667.4,354.0,703.9,386.0,bir,0.9825
7,703.9,354.0,789.0,386.0,bayanin,0.9825
7,84.0,383.0,145.8,412.0,baini,0.9649
7,145.8,383.0,232.2,412.0,amasina,0.9649
7,232.2,383.0,318.7,412.0,karilik,0.9649
7,318.7,383.0,380.4,412.0,gelen,0.9649
7,380.4,383.0,479.2,412.0,qaqqadam,0.9649
7,479.2,383.0,553.3,412.0,pat'um,0.9649
7,553.3,383.0,627.4,412.0,tâbiri,0.9649
7,627.4,383.0,664.5,412.0,ile,0.9649
7,664.5,383.0,750.9,412.0,paralel,0.9649
7,750.9,383.0,788.0,412.0,bir,0.9649
7,84.0,409.0,159.3,437.0,anlama,0.9818
7,159.3,409.0,259.8,437.0,geldiini,0.9818
7,259.8,409.0,448.1,437.0,söyleyebiliriz.,0.9818
7,448.1,409.0,485.7,437.0,Kr.,0.9818
7,485.7,409.0,510.8,437.0,J.,0.9818
7,510.8,409.0,535.9,437.0,G.,0.9818
7,535.9,409.0,648.9,437.0,"Dercksen,",0.9818
7,648.9,409.0,699.1,437.0,NABU,0.9818
7,699.1,409.0,761.9,437.0,"1991,",0.9818
7,761.9,409.0,787.0,437.0,28,0.9818
7,84.0,436.0,130.9,460.0,(AKT,0.9879
7,130.9,436.0,154.3,460.0,"I,",0.9879
7,154.3,436.0,177.7,460.0,77,0.9879
7,177.7,436.0,212.9,460.0,t.:,0.9879
7,212.9,436.0,259.7,460.0,3-4;,0.9879
7,259.7,436.0,294.9,460.0,z.:,0.9879
7,294.9,436.0,330.0,460.0,6.),0.9879
7,157.0,480.0,220.0,514.0,Özet,0.9586
7,162.0,513.0,206.4,542.0,1988,0.9674
7,206.4,513.0,239.8,542.0,yil,0.9674
7,239.8,513.0,350.8,542.0,tabletleri,0.9674
7,350.8,513.0,450.8,542.0,"arasinda,",0.9674
7,450.8,513.0,561.9,542.0,Pilah-Itar,0.9674
7,561.9,513.0,650.7,542.0,ailesine,0.9674
7,650.7,513.0,684.0,542.0,âit,0.9674
7,684.0,513.0,717.4,542.0,bir,0.9674
7,717.4,513.0,784.0,542.0,arivin,0.9674
7,80.0,539.0,151.9,571.0,olduu,0.9794
7,151.9,539.0,353.4,571.0,bilinmektedir.,0.9794
7,353.4,539.0,382.1,571.0,Bu,0.9794
7,382.1,539.0,454.1,571.0,arive,0.9794
7,454.1,539.0,497.2,571.0,ait,0.9794
7,497.2,539.0,554.8,571.0,daha,0.9794
7,554.8,539.0,655.5,571.0,önceden,0.9794
7,655.5,539.0,785.0,571.0,yayinlanm,0.9794
7,79.0,566.0,233.0,596.0,"belgelerden,",0.9881
7,233.0,566.0,361.4,596.0,Pilah-ltar,0.9881
7,361.4,566.0,399.9,596.0,ile,0.9881
7,399.9,566.0,451.3,596.0,dier,0.9881
7,451.3,566.0,515.4,596.0,erkek,0.9881
7,515.4,566.0,631.0,596.0,kardeleri,0.9881
7,631.0,566.0,733.7,596.0,"arasnda,",0.9881
7,733.7,566.0,785.0,596.0,artk,0.9881
7,80.0,595.0,169.5,621.0,büyümüs,0.989
7,169.5,595.0,220.6,621.0,olan,0.989
7,220.6,595.0,258.9,621.0,kiz,0.989
7,258.9,595.0,412.3,621.0,kardelerinin,0.989
7,412.3,595.0,591.3,621.0,evlendirilmesi,0.989
7,591.3,595.0,706.3,621.0,konusunda,0.989
7,706.3,595.0,783.0,621.0,çeitli,0.989
7,80.0,623.0,215.9,647.0,yazimalarin,0.9442
7,215.9,623.0,314.7,647.0,yapildii,0.9442
7,314.7,623.0,487.6,647.0,anlailmaktadr.,0.9442
7,487.6,623.0,598.7,647.0,Bunlardan,0.9442
7,598.7,623.0,648.1,647.0,biri,0.9442
7,648.1,623.0,697.5,647.0,olan,0.9442
7,697.5,623.0,734.6,647.0,Kt.,0.9442
7,734.6,623.0,784.0,647.0,88/k,0.9442
7,79.0,648.0,129.3,676.0,97/b,0.9875
7,129.3,648.0,242.4,676.0,"metninde,",0.9875
7,242.4,648.0,280.1,676.0,söz,0.9875
7,280.1,648.0,355.6,676.0,konusu,0.9875
7,355.6,648.0,393.3,676.0,kiz,0.9875
7,393.3,648.0,481.3,676.0,kardein,0.9875
7,481.3,648.0,569.3,676.0,"""kocaya",0.9875
7,569.3,648.0,695.0,676.0,"verilmesi""",0.9875
7,695.0,648.0,745.3,676.0,için,0.9875
7,745.3,648.0,783.0,676.0,bir,0.9875
7,79.0,675.0,155.7,701.0,miktar,0.9823
7,155.7,675.0,232.4,701.0,masraf,0.9823
7,232.4,675.0,347.4,701.0,yapilacai,0.9823
7,347.4,675.0,373.0,701.0,ve,0.9823
7,373.0,675.0,462.5,701.0,ihtiyaç,0.9823
7,462.5,675.0,551.9,701.0,duyulan,0.9823
7,551.9,675.0,628.6,701.0,gümüün,0.9823
7,628.6,675.0,718.1,701.0,nereden,0.9823
7,718.1,675.0,782.0,701.0,temin,0.9823
7,78.0,701.0,171.9,726.0,edilecei,0.9756
7,171.9,701.0,265.7,726.0,hakkinda,0.9756
7,265.7,701.0,336.1,726.0,dikkat,0.9756
7,336.1,701.0,394.8,726.0,çeken,0.9756
7,394.8,701.0,488.7,726.0,ifadeler,0.9756
7,488.7,701.0,664.7,726.0,bulunmaktadir.4,0.9756
7,664.7,701.0,782.0,726.0,"Bunlardan,",0.9756
7,78.0,726.0,133.2,754.0,Kani,0.9696
7,133.2,726.0,257.5,754.0,krum'unda,0.9696
7,257.5,726.0,395.5,754.0,düzenlenmi,0.9696
7,395.5,726.0,423.1,754.0,ve,0.9696
7,423.1,726.0,478.3,754.0,yine,0.9696
7,478.3,726.0,533.5,754.0,ayni,0.9696
7,533.5,726.0,630.2,754.0,arivden,0.9696
7,630.2,726.0,685.4,754.0,olan,0.9696
7,685.4,726.0,726.8,754.0,Kt.,0.9696
7,726.8,726.0,782.0,754.0,88/k,0.9696
7,77.0,751.0,113.4,780.0,629,0.9758
7,113.4,751.0,234.8,780.0,belgesinde,0.9758
7,234.8,751.0,271.2,780.0,"de,",0.9758
7,271.2,751.0,441.1,780.0,"Pilah-Itar'in,",0.9758
7,441.1,751.0,477.6,780.0,kiz,0.9758
7,477.6,751.0,586.8,780.0,kardeinin,0.9758
7,586.8,751.0,671.8,780.0,sözlüsü,0.9758
7,671.8,751.0,720.3,780.0,olan,0.9758
7,720.3,751.0,781.0,780.0,Amur-,0.9758
7,77.0,777.0,155.3,806.0,Itar'a,0.9765
7,155.3,777.0,259.8,806.0,"hitâben,",0.9765
7,259.8,777.0,364.2,806.0,evliliin,0.9765
7,364.2,777.0,520.9,806.0,gerçeklemesi,0.9765
7,520.9,777.0,625.3,806.0,"yönünde,",0.9765
7,625.3,777.0,703.7,806.0,1srarl,0.9765
7,703.7,777.0,782.0,806.0,çarlar,0.9765
7,76.0,805.0,165.7,831.0,yaptini,0.964
7,165.7,805.0,306.7,831.0,görüyoruz.5,0.964
7,306.7,805.0,383.6,831.0,Arivin,0.964
7,383.6,805.0,524.6,831.0,yayinlanmam,0.964
7,524.6,805.0,640.0,831.0,belgeleri,0.964
7,640.0,805.0,755.4,831.0,"arasinda,",0.964
7,755.4,805.0,781.0,831.0,bu,0.964
7,76.0,831.0,149.6,858.0,konuda,0.9836
7,149.6,831.0,235.4,858.0,yazilmi,0.9836
7,235.4,831.0,284.4,858.0,baka,0.9836
7,284.4,831.0,407.0,858.0,belgelerin,0.9836
7,407.0,831.0,431.5,858.0,de,0.9836
7,431.5,831.0,541.9,858.0,bulunmasi,0.9836
7,541.9,831.0,689.0,858.0,muhtemeldir.,0.9836
7,100.0,896.0,120.1,922.0,S.,0.9767
7,120.1,896.0,170.2,922.0,Ceçen,0.9767
7,170.2,896.0,270.5,922.0,tarafindan,0.9767
7,270.5,896.0,370.8,922.0,yayinlanan,0.9767
7,370.8,896.0,441.0,922.0,(mutanu,0.9767
7,441.0,896.0,461.1,922.0,in,0.9767
7,461.1,896.0,491.1,922.0,den,0.9767
7,491.1,896.0,641.6,922.0,"Kültepe-Texten,",0.9767
7,641.6,896.0,681.7,922.0,ArAn,0.9767
7,681.7,896.0,701.8,922.0,"I,",0.9767
7,701.8,896.0,721.8,922.0,s.,0.9767
7,721.8,896.0,751.9,922.0,56),0.9767
7,751.9,896.0,782.0,922.0,Kt.,0.9767
7,75.0,918.0,112.2,943.0,88/k,0.9674
7,112.2,918.0,149.3,943.0,97/b,0.9674
7,149.3,918.0,242.3,943.0,belgesinin,0.9674
7,242.3,918.0,298.0,943.0,ilgili,0.9674
7,298.0,918.0,381.7,943.0,satirlari,0.9674
7,381.7,918.0,456.0,943.0,öyledir:,0.9674
7,532.0,923.0,622.0,941.0,a-ha-at-ni,0.9995
7,622.0,922.0,710.3,942.0,6)ir-té-bi,0.9679
7,710.3,922.0,781.0,942.0,ba-a-nim,0.9679
7,75.0,940.0,166.0,966.0,Kù.BABBAR,0.9373
7,166.0,940.0,216.6,966.0,ma-la,0.9373
7,216.6,940.0,327.9,966.0,"""i-ga-mu-ru",0.9373
7,327.9,940.0,338.0,966.0,3,0.9373
7,338.0,940.0,388.5,966.0,né-nu,0.9373
7,388.5,940.0,439.1,966.0,_a-na,0.9373
7,439.1,940.0,590.8,966.0,8)ki-i-da-tí-ni,0.9373
7,590.8,940.0,600.9,966.0,/,0.9373
7,600.9,940.0,621.2,966.0,lu,0.9373
7,621.2,940.0,783.0,966.0,ni-i-ta-pá-ak-ma,0.9373
7,75.0,960.0,134.8,987.0,9)ù-lá,0.9387
7,134.8,960.0,144.8,987.0,É,0.9387
7,144.8,960.0,264.4,987.0,tám-kà-ri-im,0.9387
7,264.4,960.0,354.2,987.0,Kù.BABBAR,0.9387
7,354.2,960.0,394.0,987.0,a-na,0.9387
7,394.0,960.0,513.7,987.0,10)sí-ib-tim,0.9387
7,513.7,960.0,533.6,987.0,lu,0.9387
7,533.6,960.0,653.3,987.0,ni-il5-qé-ma,0.9387
7,653.3,960.0,743.0,987.0,gam-ra-am,0.9387
7,741.0,960.0,785.0,988.0,mu,0.7211
7,76.0,986.0,229.2,1006.0,ni-<ig>-mu-ur-ma,0.9971
7,229.2,986.0,325.0,1006.0,a-ha-at-ni,0.9971
7,342.0,988.0,385.0,1005.0,a-na,0.9518
7,385.0,988.0,449.5,1005.0,mu-tim,0.9518
7,449.5,988.0,471.0,1005.0,lu,0.9518
7,471.0,988.0,546.2,1005.0,ni-dí-i,0.9518
7,546.2,988.0,557.0,1005.0,"""",0.9518
7,624.0,979.0,688.0,1015.0,6-8K1z,0.9685
7,688.0,979.0,784.0,1015.0,kardeimiz,0.9685
7,74.0,1005.0,150.5,1033.0,"büyüdú,",0.9398
7,150.5,1005.0,205.1,1033.0,gelin,0.9398
7,205.1,1005.0,314.3,1033.0,harcanacak,0.9398
7,314.3,1005.0,368.9,1033.0,kadar,0.9398
7,368.9,1005.0,423.5,1033.0,gümúú,0.9398
7,423.5,1005.0,456.3,1033.0,biz,0.9398
7,456.3,1005.0,521.8,1033.0,üçúmüz,0.9398
7,521.8,1005.0,696.6,1033.0,kazançlarimizdan,0.9398
7,696.6,1005.0,729.4,1033.0,bir,0.9398
7,729.4,1005.0,784.0,1033.0,araya,0.9398
7,75.0,1028.0,158.0,1052.0,getirelim,1.0
7,715.0,1026.0,758.0,1046.0,11-12),0.9982
7,752.0,1030.0,783.0,1054.0,k1z,0.9328
7,76.0,1052.0,175.6,1071.0,kardeimizi,0.9993
7,175.6,1052.0,235.3,1071.0,kocaya,0.9993
7,235.3,1052.0,315.0,1071.0,"verelim""",0.9993
7,78.0,1072.0,87.0,1082.0,5,0.9967
7,101.0,1071.0,121.9,1096.0,H.,0.9723
7,121.9,1071.0,174.2,1096.0,Sever,0.9723
7,174.2,1071.0,278.8,1096.0,tarafindan,0.9723
7,278.8,1071.0,341.6,1096.0,ilenen,0.9723
7,341.6,1071.0,456.7,1096.0,(Anadolu'da,0.9723
7,456.7,1071.0,519.5,1096.0,Nianin,0.9723
7,519.5,1071.0,613.6,1096.0,Bozulmasi,0.9723
7,613.6,1071.0,697.3,1096.0,Hakkinda,0.9723
7,697.3,1071.0,781.0,1096.0,Verilmi§,0.9723
7,76.0,1093.0,117.4,1118.0,Kani,0.9734
7,117.4,1093.0,179.5,1118.0,Karumu,0.9734
7,179.5,1093.0,262.4,1118.0,"Karari"",",0.9734
7,262.4,1093.0,345.2,1118.0,Belleten,0.9734
7,345.2,1093.0,365.9,1118.0,c.,0.9734
7,365.9,1093.0,396.9,1118.0,LVI,0.9734
7,396.9,1093.0,438.4,1118.0,say1,0.9734
7,438.4,1093.0,479.8,1118.0,"217,",0.9734
7,479.8,1093.0,500.5,1118.0,s.,0.9734
7,500.5,1093.0,583.3,1118.0,670-671),0.9734
7,583.3,1093.0,614.4,1118.0,Kt.,0.9734
7,614.4,1093.0,655.8,1118.0,88/k,0.9734
7,655.8,1093.0,717.9,1118.0,629'un,0.9734
7,717.9,1093.0,780.0,1118.0,ilgili,0.9734
7,76.0,1115.0,146.9,1139.0,satrlar,0.9836
7,146.9,1115.0,228.0,1139.0,öyledir:,0.9836
7,217.0,1113.0,226.6,1142.0,:,0.9487
7,226.6,1113.0,360.6,1142.0,1-3)Pilah-itar,0.9487
7,360.6,1113.0,466.0,1142.0,Amur-Itar'a,0.9487
7,466.0,1113.0,504.3,1142.0,kar1,0.9487
7,504.3,1113.0,542.6,1142.0,bizi,0.9487
7,542.6,1113.0,590.5,1142.0,(ahit,0.9487
7,590.5,1113.0,705.4,1142.0,olarak)tuttu,0.9487
7,705.4,1113.0,724.5,1142.0,ve,0.9487
7,724.5,1113.0,782.0,1142.0,Pilah-,0.9487
7,78.0,1138.0,115.6,1158.0,itar,0.956
7,115.6,1138.0,162.7,1158.0,söyle,0.956
7,162.7,1138.0,238.0,1158.0,söyledi:,0.956
7,230.0,1134.0,239.7,1166.0,:,0.9372
7,239.7,1134.0,346.2,1166.0,"4-6)""Babama",0.9372
7,346.2,1134.0,375.3,1166.0,söz,0.9372
7,375.3,1134.0,462.4,1166.0,"vermitin,",0.9372
7,462.4,1134.0,491.5,1166.0,gel,0.9372
7,491.5,1134.0,549.6,1166.0,karini,0.9372
7,549.6,1134.0,578.6,1166.0,al!,0.9372
7,578.6,1134.0,685.2,1166.0,7)Amur-ltar,0.9372
7,685.2,1134.0,723.9,1166.0,öyle,0.9372
7,723.9,1134.0,782.0,1166.0,(cevap,0.9372
7,77.0,1158.0,138.0,1178.0,verdi):,0.9989
7,135.0,1151.0,244.7,1189.0,*-13)Babana,0.9428
7,244.7,1151.0,274.6,1189.0,sôz,0.9428
7,274.6,1151.0,354.3,1189.0,vermitim,0.9428
7,354.3,1151.0,404.2,1189.0,(ama),0.9428
7,404.2,1151.0,454.0,1189.0,kayin,0.9428
7,454.0,1151.0,573.6,1189.0,biraderlerim,0.9428
7,573.6,1151.0,633.5,1189.0,olarak,0.9428
7,633.5,1151.0,683.3,1189.0,belim,0.9428
7,683.3,1151.0,723.2,1189.0,için,0.9428
7,723.2,1151.0,783.0,1189.0,kemeri,0.9428
7,78.0,1179.0,117.5,1201.0,bana,0.9984
7,117.5,1179.0,226.0,1201.0,vermediniz.,0.9984
7,229.0,1177.0,269.0,1194.0,14-16),0.9995
7,263.0,1177.0,334.2,1208.0,"Ayrica,",0.9876
7,334.2,1177.0,415.6,1208.0,kardeimi,0.9876
7,415.6,1177.0,466.5,1208.0,davet,0.9876
7,466.5,1177.0,568.3,1208.0,"etmediniz,",0.9876
7,568.3,1177.0,629.4,1208.0,günler,0.9876
7,629.4,1177.0,690.4,1208.0,"geçti,",0.9876
7,690.4,1177.0,720.9,1208.0,ben,0.9876
7,720.9,1177.0,782.0,1208.0,deitim,0.9876
7,79.0,1200.0,158.3,1223.0,(fikrim,0.9531
7,158.3,1200.0,226.3,1223.0,deiti),0.9531
7,226.3,1200.0,249.0,1223.0,ve,0.9531
7,253.0,1194.0,380.2,1234.0,16-19)ikinci,0.9613
7,380.2,1194.0,412.0,1234.0,bir,0.9613
7,412.0,1194.0,475.6,1234.0,Asurlu,0.9613
7,475.6,1194.0,528.6,1234.0,bayan,0.9613
7,528.6,1194.0,613.4,1234.0,alacaim.,0.9613
7,613.4,1194.0,666.4,1234.0,Senin,0.9613
7,666.4,1194.0,698.2,1234.0,kiz,0.9613
7,698.2,1194.0,783.0,1234.0,kardeini,0.9613
7,79.0,1222.0,205.0,1247.0,"almayacaim"".",0.9657
8,84.0,56.0,101.0,77.0,x,0.7475
8,344.0,64.0,412.1,94.0,IRFAN,0.982
8,412.1,64.0,521.0,94.0,ALBAYRAK,0.982
8,168.0,112.0,226.8,149.0,Buyúk,0.9773
8,226.8,112.0,344.5,149.0,"ihtimalle,",0.9773
8,344.5,112.0,426.8,149.0,yukarda,0.9773
8,426.8,112.0,497.4,149.0,sözünü,0.9773
8,497.4,112.0,591.5,149.0,ettiimiz,0.9773
8,591.5,112.0,662.1,149.0,tüccar,0.9773
8,662.1,112.0,768.0,149.0,ailesinin,0.9773
8,86.0,138.0,175.9,177.0,arivine,0.9674
8,175.9,138.0,214.5,177.0,àit,0.9674
8,214.5,138.0,265.9,177.0,olan,0.9674
8,265.9,138.0,291.6,177.0,bu,0.9674
8,291.6,138.0,343.0,177.0,yeni,0.9674
8,343.0,138.0,420.1,177.0,"belge,",0.9674
8,420.1,138.0,510.0,177.0,metinde,0.9674
8,510.0,138.0,561.4,177.0,sözü,0.9674
8,561.4,138.0,638.5,177.0,edilen,0.9674
8,638.5,138.0,677.1,177.0,kiz,0.9674
8,677.1,138.0,767.0,177.0,kardein,0.9674
8,86.0,165.0,232.5,206.0,evlendirilmesi,0.9873
8,232.5,165.0,263.8,206.0,ile,0.9873
8,263.8,165.0,337.1,206.0,"ilgili,",0.9873
8,337.1,165.0,410.3,206.0,yapilan,0.9873
8,410.3,165.0,525.4,206.0,masraflarin,0.9873
8,525.4,165.0,640.5,206.0,kaydedildii,0.9873
8,640.5,165.0,671.8,206.0,bir,0.9873
8,671.8,165.0,766.0,206.0,listedir.,0.9873
8,87.0,195.0,146.4,233.0,Diger,0.9854
8,146.4,195.0,253.3,233.0,"taraftan,",0.9854
8,253.3,195.0,336.4,233.0,metinde,0.9854
8,336.4,195.0,407.7,233.0,"ekmek,",0.9854
8,407.7,195.0,443.3,233.0,"et,",0.9854
8,443.3,195.0,490.8,233.0,bira,0.9854
8,490.8,195.0,562.1,233.0,"malti,",0.9854
8,562.1,195.0,621.5,233.0,"arap,",0.9854
8,621.5,195.0,657.1,233.0,"ya,",0.9854
8,657.1,195.0,704.6,233.0,"bal,",0.9854
8,704.6,195.0,764.0,233.0,"soan,",0.9854
8,86.0,222.0,170.9,260.0,"bulgur,",0.9815
8,170.9,222.0,231.5,260.0,"arpa,",0.9815
8,231.5,222.0,304.2,260.0,"buday,",0.9815
8,304.2,222.0,364.9,260.0,"siir,",0.9815
8,364.9,222.0,437.6,260.0,"koyun,",0.9815
8,437.6,222.0,498.2,260.0,farkl,0.9815
8,498.2,222.0,655.9,260.0,büyüklüklerde,0.9815
8,655.9,222.0,765.0,260.0,"kazanlar,",0.9815
8,86.0,252.0,145.5,285.0,"odun,",0.98
8,145.5,252.0,216.8,285.0,"kemer,",0.98
8,216.8,252.0,288.2,285.0,birkaç,0.98
8,288.2,252.0,323.9,285.0,tür,0.98
8,323.9,252.0,371.5,285.0,kuma,0.98
8,371.5,252.0,407.2,285.0,...,0.98
8,407.2,252.0,466.6,285.0,"gibi,",0.98
8,466.6,252.0,502.3,285.0,çou,0.98
8,502.3,252.0,585.6,285.0,yiyecek,0.98
8,585.6,252.0,764.0,285.0,malzemelerinden,0.98
8,86.0,281.0,149.9,311.0,oluan,0.9839
8,149.9,281.0,188.2,311.0,çok,0.9839
8,188.2,281.0,264.8,311.0,çeitli,0.9839
8,264.8,281.0,405.3,311.0,nesnelerden,0.9839
8,405.3,281.0,443.7,311.0,söz,0.9839
8,443.7,281.0,558.6,311.0,"edilmesi,",0.9839
8,558.6,281.0,686.4,311.0,Kültepe'de,0.9839
8,686.4,281.0,763.0,311.0,Koloni,0.9839
8,85.0,309.0,157.6,337.0,Cainda,0.9804
8,157.6,309.0,230.3,337.0,yaayan,0.9804
8,230.3,309.0,351.4,337.0,insanlarin,0.9804
8,351.4,309.0,424.0,337.0,mutfak,0.9804
8,424.0,309.0,448.2,337.0,ve,0.9804
8,448.2,309.0,545.1,337.0,beslenme,0.9804
8,545.1,309.0,666.1,337.0,kültürleri,0.9804
8,666.1,309.0,763.0,337.0,hakkinda,0.9804
8,86.0,336.0,153.6,365.0,bilgi,0.9745
8,153.6,336.0,288.8,365.0,edinmemizi,0.9745
8,288.8,336.0,451.0,365.0,salamaktadr.,0.9745
8,451.0,336.0,545.7,365.0,"Ayrica,",0.9745
8,545.7,336.0,572.7,365.0,bu,0.9745
8,572.7,336.0,613.3,365.0,çok,0.9745
8,613.3,336.0,680.9,365.0,deiik,0.9745
8,680.9,336.0,735.0,365.0,cins,0.9745
8,735.0,336.0,762.0,365.0,ve,0.9745
8,84.0,362.0,233.4,394.0,miktarlardaki,0.9634
8,233.4,362.0,348.3,394.0,malzemeler,0.9634
8,348.3,362.0,394.3,394.0,için,0.9634
8,394.3,362.0,451.7,394.0,küçük,0.9634
8,451.7,362.0,497.7,394.0,çapl,0.9634
8,497.7,362.0,612.6,394.0,ödemelerin,0.9634
8,612.6,362.0,727.5,394.0,"yapilmasi,",0.9634
8,727.5,362.0,762.0,394.0,bir,0.9634
8,84.0,392.0,151.6,419.0,"tören,",0.9645
8,151.6,392.0,219.2,419.0,elence,0.9645
8,219.2,392.0,264.3,419.0,veya,0.9645
8,264.3,392.0,354.4,419.0,toplanti,0.9645
8,354.4,392.0,455.8,419.0,hazirlina,0.9645
8,455.8,392.0,512.1,419.0,iaret,0.9645
8,512.1,392.0,579.7,419.0,olarak,0.9645
8,579.7,392.0,636.1,419.0,kabul,0.9645
8,636.1,392.0,760.0,419.0,edilebilir.,0.9645
8,83.0,417.0,158.2,447.0,Metnin,0.9715
8,158.2,417.0,246.0,447.0,sonunda,0.9715
8,246.0,417.0,308.7,447.0,geçen,0.9715
8,308.7,417.0,358.8,447.0,"""Kiz",0.9715
8,358.8,417.0,471.6,447.0,kardeimiz,0.9715
8,471.6,417.0,509.3,447.0,ban,0.9715
8,509.3,417.0,559.4,447.0,Itar,0.9715
8,559.4,417.0,609.6,447.0,için,0.9715
8,609.6,417.0,672.2,447.0,"açti""",0.9715
8,672.2,417.0,760.0,447.0,ifadesi,0.9715
8,83.0,444.0,117.5,474.0,ile,0.9856
8,117.5,444.0,243.9,474.0,vurgulanmak,0.9856
8,243.9,444.0,324.3,474.0,istenen,0.9856
8,324.3,444.0,381.8,474.0,durum,0.9856
8,381.8,444.0,450.7,474.0,yoruma,0.9856
8,450.7,444.0,542.7,474.0,açiktir.,0.9856
8,542.7,444.0,565.6,474.0,Bu,0.9856
8,565.6,444.0,623.1,474.0,ifade,0.9856
8,623.1,444.0,669.1,474.0,"ile,",0.9856
8,669.1,444.0,726.5,474.0,belki,0.9856
8,726.5,444.0,749.5,474.0,de,0.9856
8,749.5,444.0,761.0,474.0,o,0.9856
8,85.0,476.0,178.0,500.0,"çalarda,",0.9842
8,178.0,476.0,224.4,500.0,genç,0.9842
8,224.4,476.0,317.4,500.0,kizlarin,0.9842
8,317.4,476.0,375.5,500.0,artik,0.9842
8,375.5,476.0,480.1,500.0,evlenecek,0.9842
8,480.1,476.0,515.0,500.0,yaa,0.9842
8,515.0,476.0,654.4,500.0,geldiklerini,0.9842
8,654.4,476.0,759.0,500.0,göstermek,0.9842
8,84.0,501.0,141.3,525.0,"için,",0.9662
8,141.3,501.0,210.0,525.0,tanrça,0.9662
8,210.0,501.0,255.9,525.0,Itar,0.9662
8,255.9,501.0,301.7,525.0,adna,0.9662
8,301.7,501.0,416.3,525.0,düzenlenen,0.9662
8,416.3,501.0,450.6,525.0,bir,0.9662
8,450.6,501.0,519.4,525.0,törene,0.9662
8,519.4,501.0,656.9,525.0,katildiklari,0.9662
8,656.9,501.0,679.8,525.0,ve,0.9662
8,679.8,501.0,702.7,525.0,bu,0.9662
8,702.7,501.0,760.0,525.0,tören,0.9662
8,82.0,526.0,183.8,555.0,esnasinda,0.9713
8,183.8,526.0,263.1,555.0,balarin,0.9713
8,263.1,526.0,353.6,555.0,atiklari,0.9713
8,353.6,526.0,398.9,555.0,akla,0.9713
8,398.9,526.0,557.3,555.0,getirilebilir.,0.9713
8,557.3,526.0,647.8,555.0,"Elbette,",0.9713
8,647.8,526.0,659.1,555.0,o,0.9713
8,659.1,526.0,738.4,555.0,çalarda,0.9713
8,738.4,526.0,761.0,555.0,bu,0.9713
8,81.0,554.0,115.1,582.0,tür,0.9852
8,115.1,554.0,251.3,582.0,geleneklerin,0.9852
8,251.3,554.0,285.3,582.0,var,0.9852
8,285.3,554.0,364.8,582.0,olduunu,0.9852
8,364.8,554.0,421.5,582.0,kesin,0.9852
8,421.5,554.0,489.6,582.0,olarak,0.9852
8,489.6,554.0,637.2,582.0,söyleyebilmek,0.9852
8,637.2,554.0,693.9,582.0,"için,",0.9852
8,693.9,554.0,762.0,582.0,benzer,0.9852
8,82.0,580.0,195.2,610.0,ifadelerin,0.9861
8,195.2,580.0,274.4,610.0,"geçtii,",0.9861
8,274.4,580.0,319.6,610.0,daha,0.9861
8,319.6,580.0,387.5,610.0,detayl,0.9861
8,387.5,580.0,478.1,610.0,bilgiler,0.9861
8,478.1,580.0,534.7,610.0,veren,0.9861
8,534.7,580.0,579.9,610.0,yeni,0.9861
8,579.9,580.0,681.8,610.0,belgelere,0.9861
8,681.8,580.0,761.0,610.0,ihtiyaç,0.9861
8,78.0,606.0,152.0,637.0,vardir.,0.911
9,753.0,130.0,811.0,188.0,A,0.4813
9,701.0,165.0,739.0,235.0,SE,0.3521
9,893.0,195.0,936.0,251.0,H,0.4438
9,716.0,299.0,736.0,330.0,EF,0.351
9,387.0,411.0,407.0,430.0,3,0.2609
9,968.0,522.0,992.0,557.0,7f,0.6876
9,606.0,585.0,632.0,624.0,E,0.2711
9,923.0,580.0,951.0,606.0,0,0.1417
9,809.0,590.0,841.0,639.0,I,0.4399
9,541.0,648.0,559.0,669.0,J,0.4196
10,79.0,54.0,105.0,76.0,10,0.9988
10,328.0,59.0,393.0,80.0,IRFAN,0.9732
10,393.0,59.0,497.0,80.0,ALBAYRAK,0.9732
10,88.0,235.0,116.0,260.0,35,0.9978
10,201.0,232.0,607.0,274.0,Y,0.3547
10,349.0,269.0,473.0,299.0,CI,0.4226
10,188.0,317.0,623.0,344.0,AEEENT,0.5185
10,231.0,343.0,598.0,366.0,A,0.3502
10,84.0,357.0,114.0,382.0,40,0.9999
10,259.0,366.0,635.0,390.0,E,0.4743
10,83.0,477.0,116.0,506.0,45,0.9997
10,252.0,533.0,559.0,561.0,ENEC,0.5145
10,280.0,557.0,559.0,588.0,CENNEL,0.3056
10,463.0,611.0,520.0,646.0,74,0.7192
10,208.0,644.0,416.0,673.0,EE,0.831
10,182.0,691.0,656.0,737.0,RNEE,0.3868
10,84.0,756.0,114.0,781.0,55,0.995
10,180.0,754.0,604.0,787.0,TAEES,0.3003
10,84.0,877.0,123.0,904.0,Sk.,0.9898
10,113.0,855.0,730.0,911.0,MHEENATIEHRFES,0.5286
10,129.0,886.0,732.0,941.0,IHETE,0.2655
10,441.0,917.0,737.0,956.0,IHNERSEE,0.4642
10,84.0,980.0,112.0,1005.0,60,0.9999
10,295.0,973.0,741.0,1015.0,ME,0.3472
