page,x0,y0,x1,y1,predicted_text,confidence
1,150.0,83.0,212.6,117.0,EIN,0.9852
1,212.6,83.0,317.0,117.0,NEUES,0.9852
1,317.0,83.0,609.2,117.0,ALTASSYRISCHES,0.9852
1,609.2,83.0,797.0,117.0,TESTAMENT,0.9852
1,344.0,118.0,409.7,151.0,AUS,0.9765
1,409.7,118.0,563.0,151.0,KULTEPE,0.9765
1,624.0,180.0,687.2,211.0,Irfan,0.9674
1,687.2,180.0,801.0,211.0,Albayrak*,0.9674
1,157.0,240.0,215.8,264.0,Unter,0.9848
1,215.8,240.0,251.1,264.0,den,0.9848
1,251.1,240.0,380.5,264.0,zahlreichen,0.9848
1,380.5,240.0,545.2,264.0,Kültepe-Tafeln,0.9848
1,545.2,240.0,639.3,264.0,erschien,0.9848
1,639.3,240.0,674.6,264.0,bis,0.9848
1,674.6,240.0,709.9,264.0,zur,0.9848
1,709.9,240.0,804.0,264.0,heutigen,0.9848
1,94.0,263.0,143.1,297.0,Zeit,0.9876
1,143.1,263.0,179.9,297.0,nur,0.9876
1,179.9,263.0,253.6,297.0,wenige,0.9876
1,253.6,263.0,376.3,297.0,"Urkunden',",0.9876
1,376.3,263.0,413.2,297.0,die,0.9876
1,413.2,263.0,450.0,297.0,man,0.9876
1,450.0,263.0,486.8,297.0,als,0.9876
1,486.8,263.0,560.5,297.0,genaue,0.9876
1,560.5,263.0,683.2,297.0,Testamente,0.9876
1,683.2,263.0,806.0,297.0,bezeichnen,0.9876
1,92.0,293.0,150.4,328.0,kann.,0.9805
1,150.4,293.0,173.8,328.0,Es,0.9805
1,173.8,293.0,208.9,328.0,ist,0.9805
1,208.9,293.0,349.1,328.0,"erstaunlich,",0.9805
1,349.1,293.0,384.2,328.0,daβ,0.9805
1,384.2,293.0,419.3,328.0,die,0.9805
1,419.3,293.0,547.9,328.0,Erbverträge,0.9805
1,547.9,293.0,606.3,328.0,unter,0.9805
1,606.3,293.0,629.7,328.0,so,0.9805
1,629.7,293.0,699.8,328.0,groBen,0.9805
1,699.8,293.0,769.9,328.0,Mengen,0.9805
1,769.9,293.0,805.0,328.0,der,0.9805
1,93.0,322.0,258.9,354.0,Kültepe-Tafeln,0.9819
1,258.9,322.0,318.1,354.0,(etwa,0.9819
1,318.1,322.0,389.2,354.0,20.000,0.9819
1,389.2,322.0,424.8,354.0,auf,0.9819
1,424.8,322.0,460.4,354.0,der,0.9819
1,460.4,322.0,519.6,354.0,Welt),0.9819
1,519.6,322.0,543.3,354.0,in,0.9819
1,543.3,322.0,638.1,354.0,geringer,0.9819
1,638.1,322.0,685.5,354.0,Zahl,0.9819
1,685.5,322.0,732.9,354.0,sind,0.9819
1,732.9,322.0,780.3,354.0,"und,",0.9819
1,780.3,322.0,804.0,354.0,da,0.9819
1,92.0,350.0,128.8,383.0,sie,0.99
1,128.8,350.0,177.8,383.0,alle,0.99
1,177.8,350.0,214.6,383.0,den,0.99
1,214.6,350.0,349.4,383.0,assyrischen,0.99
1,349.4,350.0,472.0,383.0,Kaufleuten,0.99
1,472.0,350.0,570.1,383.0,gehören.,0.99
1,570.1,350.0,606.9,383.0,Wie,0.99
1,606.9,350.0,643.6,383.0,wir,0.99
1,643.6,350.0,692.7,383.0,auch,0.99
1,692.7,350.0,803.0,383.0,"annehmen,",0.99
1,91.0,382.0,158.3,414.0,zeigt,0.9856
1,158.3,382.0,185.2,414.0,W.,0.9856
1,185.2,382.0,225.5,414.0,von,0.9856
1,225.5,382.0,292.8,414.0,Soden,0.9856
1,292.8,382.0,333.2,414.0,die,0.9856
1,333.2,382.0,427.3,414.0,Ursache,0.9856
1,427.3,382.0,508.0,414.0,"dafür,",0.9856
1,508.0,382.0,561.8,414.0,"""daβ",0.9856
1,561.8,382.0,602.2,414.0,die,0.9856
1,602.2,382.0,736.7,414.0,Errichtung,0.9856
1,736.7,382.0,804.0,414.0,eines,0.9856
1,90.0,411.0,230.1,441.0,Testamentes,0.9902
1,230.1,411.0,281.0,441.0,sich,0.9902
1,281.0,411.0,408.3,441.0,"erübrigte,",0.9902
1,408.3,411.0,459.2,441.0,wenn,0.9902
1,459.2,411.0,484.7,441.0,es,0.9902
1,484.7,411.0,548.4,441.0,keine,0.9902
1,548.4,411.0,586.6,441.0,aus,0.9902
1,586.6,411.0,713.9,441.0,besonderen,0.9902
1,713.9,411.0,803.0,441.0,Gründen,0.9902
1,90.0,440.0,218.6,470.0,bevorzugten,0.983
1,218.6,440.0,277.0,470.0,Erben,0.983
1,277.0,440.0,323.8,470.0,"gab,",0.983
1,323.8,440.0,370.5,470.0,weil,0.983
1,370.5,440.0,405.6,470.0,das,0.983
1,405.6,440.0,580.9,470.0,Gewonheitsrecht,0.983
1,580.9,440.0,616.0,470.0,die,0.983
1,616.0,440.0,709.5,470.0,normalen,0.983
1,709.5,440.0,803.0,470.0,Erbfälle,0.983
1,92.0,471.0,134.1,498.0,klar,0.9804
1,134.1,471.0,186.7,498.0,genug,0.9804
1,186.7,471.0,292.0,498.0,"regelte"".2",0.9804
1,154.0,503.0,209.9,531.0,Auβer,0.9787
1,209.9,503.0,333.0,531.0,Erbverträge,0.9787
1,333.0,503.0,377.8,531.0,gibt,0.9787
1,377.8,503.0,400.2,531.0,es,0.9787
1,400.2,503.0,467.3,531.0,einige,0.9787
1,467.3,503.0,534.4,531.0,Briefe,0.9787
1,534.4,503.0,568.0,531.0,und,0.9787
1,568.0,503.0,769.4,531.0,Gerichtsprotokolle,0.9787
1,769.4,503.0,803.0,531.0,aus,0.9787
1,92.0,531.0,195.4,559.0,"Kültepe,",0.9852
1,195.4,531.0,234.2,559.0,die,0.9852
1,234.2,531.0,298.8,559.0,Licht,0.9852
1,298.8,531.0,337.6,559.0,auf,0.9852
1,337.6,531.0,376.4,559.0,das,0.9852
1,376.4,531.0,479.8,559.0,Erbrecht,0.9852
1,479.8,531.0,518.6,559.0,der,0.9852
1,518.6,531.0,699.6,559.0,altassyrischen,0.9852
1,699.6,531.0,803.0,559.0,Handels-,0.9852
1,91.0,559.0,246.6,588.0,kolonienzeit,0.9906
1,246.6,559.0,272.5,588.0,in,0.9906
1,272.5,559.0,376.2,588.0,Anatolia,0.9906
1,376.2,559.0,466.9,588.0,werfen.,0.9906
1,466.9,559.0,531.8,588.0,Diese,0.9906
1,531.8,559.0,622.5,588.0,"Tafeln,",0.9906
1,622.5,559.0,661.4,588.0,die,0.9906
1,661.4,559.0,765.1,588.0,meistens,0.9906
1,765.1,559.0,804.0,588.0,von,0.9906
1,92.0,591.0,214.0,617.0,assyrischen,0.9939
1,214.0,591.0,325.0,617.0,Kaufleuten,0.9939
1,325.0,591.0,447.0,617.0,geschrieben,0.9939
1,447.0,591.0,502.5,617.0,"sind,",0.9939
1,502.5,591.0,624.5,617.0,ermöglichen,0.9939
1,624.5,591.0,713.2,617.0,wichtige,0.9939
1,713.2,591.0,802.0,617.0,Hinweise,0.9939
1,91.0,618.0,137.6,646.0,über,0.9975
1,137.6,618.0,172.6,646.0,das,0.9975
1,172.6,618.0,265.8,646.0,Erbrecht,0.9975
1,265.8,618.0,300.8,646.0,des,0.9975
1,300.8,618.0,464.0,646.0,altassyrischen,0.9975
1,464.0,618.0,533.9,646.0,Volkes,0.9975
1,533.9,618.0,557.2,646.0,zu,0.9975
1,557.2,618.0,662.1,646.0,erhalten.,0.9975
1,662.1,618.0,720.4,646.0,Diese,0.9975
1,720.4,618.0,802.0,646.0,"Tafeln,",0.9975
1,91.0,648.0,151.3,676.0,deren,0.9988
1,151.3,648.0,295.9,676.0,gröBtenteils,0.9988
1,295.9,648.0,344.1,676.0,nach,0.9988
1,344.1,648.0,380.2,676.0,dem,0.9988
1,380.2,648.0,416.4,676.0,Tod,0.9988
1,416.4,648.0,476.6,676.0,eines,0.9988
1,476.6,648.0,585.1,676.0,Kaufmanns,0.9988
1,585.1,648.0,717.6,676.0,geschrieben,0.9988
1,717.6,648.0,802.0,676.0,"wurden,",0.9988
1,91.0,675.0,192.6,704.0,betreffen,0.9857
1,192.6,675.0,226.4,704.0,die,0.9857
1,226.4,675.0,373.1,704.0,Erbverteilung,0.9857
1,373.1,675.0,463.4,704.0,zwischen,0.9857
1,463.4,675.0,497.3,704.0,den,0.9857
1,497.3,675.0,644.0,704.0,"Geschwistern,",0.9857
1,644.0,675.0,677.9,704.0,die,0.9857
1,677.9,675.0,745.6,704.0,einige,0.9857
1,745.6,675.0,802.0,704.0,davon,0.9857
1,93.0,705.0,117.5,726.0,im,0.9967
1,117.5,705.0,203.1,726.0,Ausland,0.9967
1,203.1,705.0,301.0,726.0,wohnten.,0.9967
1,153.0,732.0,312.2,761.0,Andererseits,0.9773
1,312.2,732.0,352.0,761.0,gab,0.9773
1,352.0,732.0,378.5,761.0,es,0.9773
1,378.5,732.0,431.6,761.0,kein,0.9773
1,431.6,732.0,564.2,761.0,"Testament,",0.9773
1,564.2,732.0,604.0,761.0,daB,0.9773
1,604.0,732.0,643.8,761.0,den,0.9773
1,643.8,732.0,803.0,761.0,anatolischen,0.9773
1,92.0,762.0,214.8,790.0,Kaufleuten,0.992
1,214.8,762.0,263.9,790.0,oder,0.992
1,263.9,762.0,398.9,790.0,irgendeinem,0.992
1,398.9,762.0,558.5,790.0,Berufstätigen,0.992
1,558.5,762.0,656.7,790.0,gehören.,0.992
1,656.7,762.0,705.8,790.0,Doch,0.992
1,705.8,762.0,754.9,790.0,gibt,0.992
1,754.9,762.0,779.4,790.0,es,0.992
1,779.4,762.0,804.0,790.0,in,0.992
1,90.0,789.0,227.1,819.0,kleineren,0.9922
1,227.1,789.0,318.5,819.0,zahlen,0.9922
1,318.5,789.0,425.1,819.0,"Tafeln,",0.9922
1,425.1,789.0,470.9,819.0,die,0.9922
1,470.9,789.0,516.6,819.0,die,0.9922
1,516.6,789.0,684.1,819.0,Beziehungen,0.9922
1,684.1,789.0,760.3,819.0,unter,0.9922
1,760.3,789.0,806.0,819.0,den,0.9922
1,91.0,820.0,309.2,848.0,Familienangehörigen,0.9936
1,309.2,820.0,343.6,848.0,aus,0.9936
1,343.6,820.0,447.0,848.0,Anatolian,0.9936
1,447.0,820.0,527.4,848.0,"regeln,",0.9936
1,527.4,820.0,561.8,848.0,die,0.9936
1,561.8,820.0,607.8,848.0,aber,0.9936
1,607.8,820.0,676.7,848.0,zeigen,0.9936
1,676.7,820.0,734.1,848.0,keine,0.9936
1,734.1,820.0,803.0,848.0,genaue,0.9936
1,93.0,852.0,276.2,876.0,Eigentümlichkeit,0.9855
1,276.2,852.0,333.5,876.0,eines,0.9855
1,333.5,852.0,470.9,876.0,"Testaments²,",0.9855
1,470.9,852.0,516.7,876.0,weil,0.9855
1,516.7,852.0,551.1,876.0,sie,0.9855
1,551.1,852.0,631.2,876.0,während,0.9855
1,631.2,852.0,665.6,876.0,der,0.9855
1,665.6,852.0,768.6,876.0,Lebenzeit,0.9855
1,768.6,852.0,803.0,876.0,der,0.9855
1,91.0,880.0,158.8,904.0,Eltern,0.9837
1,158.8,880.0,271.8,904.0,Gültigkeit,0.9837
1,271.8,880.0,350.9,904.0,hatten.,0.9837
1,350.9,880.0,441.3,904.0,AuBerdem,0.9837
1,441.3,880.0,497.9,904.0,haben,0.9837
1,497.9,880.0,531.8,904.0,sie,0.9837
1,531.8,880.0,588.3,904.0,keine,0.9837
1,588.3,880.0,769.1,904.0,Einletungsformel,0.9837
1,769.1,880.0,803.0,904.0,wie,0.9837
1,92.0,909.0,128.8,934.0,die,0.9728
1,128.8,909.0,227.0,934.0,"anderen,",0.9728
1,227.0,909.0,263.9,934.0,die,0.9728
1,263.9,909.0,300.7,934.0,von,0.9728
1,300.7,909.0,337.5,934.0,den,0.9728
1,337.5,909.0,472.6,934.0,assyrischen,0.9728
1,472.6,909.0,595.3,934.0,Kaufleuten,0.9728
1,595.3,909.0,730.3,934.0,geschrieben,0.9728
1,730.3,909.0,804.0,934.0,worden,0.9728
1,90.0,943.0,159.0,964.0,waren.,0.9709
1,92.0,1060.0,328.3,1081.0,*Fachbereich-Sumerologie,0.9951
1,328.3,1060.0,357.9,1081.0,der,0.9951
1,357.9,1060.0,545.0,1081.0,Universität-Ankara.,0.9951
1,91.0,1084.0,117.4,1112.0,1.,0.9925
1,117.4,1084.0,209.8,1112.0,Weitere,0.9925
1,209.8,1084.0,341.9,1112.0,Testamente,0.9925
1,341.9,1084.0,394.7,1112.0,sind,0.9925
1,394.7,1084.0,434.3,1112.0,ICK,0.9925
1,434.3,1084.0,460.7,1112.0,"I,",0.9925
1,460.7,1084.0,500.3,1112.0,"12,",0.9925
1,500.3,1084.0,539.9,1112.0,BIN,0.9925
1,539.9,1084.0,579.5,1112.0,"VI,",0.9925
1,579.5,1084.0,632.4,1112.0,"222,",0.9925
1,632.4,1084.0,658.8,1112.0,RA,0.9925
1,658.8,1084.0,685.2,1112.0,60,0.9925
1,685.2,1084.0,764.4,1112.0,131ff.,0.9925
1,764.4,1084.0,804.0,1112.0,Für,0.9925
1,90.0,1111.0,244.5,1140.0,Bearbeitungen,0.9946
1,244.5,1111.0,292.0,1140.0,vgl.,0.9946
1,292.0,1111.0,315.8,1140.0,W.,0.9946
1,315.8,1111.0,351.4,1140.0,von,0.9946
1,351.4,1111.0,422.7,1140.0,"Soden,",0.9946
1,422.7,1111.0,446.5,1140.0,WO,0.9946
1,446.5,1111.0,470.3,1140.0,"8,",0.9946
1,470.3,1111.0,565.3,1140.0,"1975-76,",0.9946
1,565.3,1111.0,636.6,1140.0,211ff.,0.9946
1,636.6,1111.0,672.3,1140.0,und,0.9946
1,672.3,1111.0,696.0,1140.0,C.,0.9946
1,696.0,1111.0,779.2,1140.0,"Wilcke,",0.9946
1,779.2,1111.0,803.0,1140.0,ZA,0.9946
1,92.0,1138.0,113.1,1159.0,66,0.9632
1,113.1,1138.0,165.8,1159.0,"1976,",0.9632
1,165.8,1138.0,229.0,1159.0,196ff.,0.9632
1,91.0,1163.0,115.3,1186.0,2.,0.9618
1,115.3,1163.0,139.5,1186.0,W.,0.9618
1,139.5,1163.0,175.9,1186.0,von,0.9618
1,175.9,1163.0,248.7,1186.0,"Soden,",0.9618
1,248.7,1163.0,273.0,1186.0,WO,0.9618
1,273.0,1163.0,297.2,1186.0,"8,",0.9618
1,297.2,1163.0,370.0,1186.0,211ff.,0.9618
1,90.0,1186.0,114.7,1222.0,3.,0.9785
1,114.7,1186.0,151.6,1222.0,KKS,0.9785
1,151.6,1186.0,200.9,1222.0,(ICK,0.9785
1,200.9,1186.0,250.3,1222.0,III),0.9785
1,250.3,1186.0,287.2,1222.0,57;,0.9785
1,287.2,1186.0,311.9,1222.0,TC,0.9785
1,311.9,1186.0,324.2,1222.0,I,0.9785
1,324.2,1186.0,361.2,1222.0,62;,0.9785
1,361.2,1186.0,385.9,1222.0,Kt,0.9785
1,385.9,1186.0,435.2,1222.0,89/k,0.9785
1,435.2,1186.0,521.5,1222.0,"369,370",0.9785
1,521.5,1186.0,558.4,1222.0,(V.,0.9785
1,558.4,1186.0,644.7,1222.0,"Donbaz,",0.9785
1,644.7,1186.0,706.4,1222.0,Prof.,0.9785
1,706.4,1186.0,743.4,1222.0,Dr.,0.9785
1,743.4,1186.0,805.0,1222.0,Nimet,0.9785
1,91.0,1213.0,163.8,1241.0,Özgüç'e,0.9648
1,163.8,1213.0,236.7,1241.0,Armaçan,0.9648
1,236.7,1213.0,309.5,1241.0,"Kitabi,",0.9648
1,309.5,1213.0,424.0,1241.0,s.131-154).,0.9648
2,89.0,70.0,125.0,101.0,18,1.0
2,649.0,84.0,715.2,113.0,Irfan,0.9978
2,715.2,84.0,821.0,113.0,ALBAYRAK,0.9978
2,158.0,122.0,194.8,163.0,Vor,0.9973
2,194.8,122.0,231.6,163.0,der,0.9973
2,231.6,122.0,366.4,163.0,Bearbeitung,0.9973
2,366.4,122.0,452.2,163.0,unseres,0.9973
2,452.2,122.0,513.5,163.0,neuen,0.9973
2,513.5,122.0,636.1,163.0,Testaments,0.9973
2,636.1,122.0,709.7,163.0,wollen,0.9973
2,709.7,122.0,746.4,163.0,wir,0.9973
2,746.4,122.0,820.0,163.0,einige,0.9973
2,95.0,150.0,203.8,192.0,Ausdrücke,0.9816
2,203.8,150.0,240.0,192.0,als,0.9816
2,240.0,150.0,348.8,192.0,Beispiele,0.9816
2,348.8,150.0,421.2,192.0,"geben,",0.9816
2,421.2,150.0,457.5,192.0,die,0.9816
2,457.5,150.0,505.8,192.0,über,0.9816
2,505.8,150.0,542.1,192.0,das,0.9816
2,542.1,150.0,590.4,192.0,Erbe,0.9816
2,590.4,150.0,614.6,192.0,in,0.9816
2,614.6,150.0,650.8,192.0,den,0.9816
2,650.8,150.0,820.0,192.0,Kültepe-Texten,0.9816
2,94.0,181.0,225.0,211.0,vorkommen.,0.9997
2,159.0,219.0,185.9,258.0,Im,0.9923
2,185.9,219.0,239.8,258.0,Text,0.9923
2,239.8,219.0,280.2,258.0,mit,0.9923
2,280.2,219.0,320.6,258.0,der,0.9923
2,320.6,219.0,401.4,258.0,Nummer,0.9923
2,401.4,219.0,414.9,258.0,I,0.9923
2,414.9,219.0,468.8,258.0,7054,0.9923
2,468.8,219.0,563.1,258.0,handelt,0.9923
2,563.1,219.0,590.0,258.0,es,0.9923
2,590.0,219.0,643.9,258.0,sich,0.9923
2,643.9,219.0,670.8,258.0,um,0.9923
2,670.8,219.0,738.2,258.0,einen,0.9923
2,738.2,219.0,819.0,258.0,Streit,0.9923
2,96.0,250.0,144.9,287.0,über,0.9886
2,144.9,250.0,181.7,287.0,die,0.9886
2,181.7,250.0,304.0,287.0,Verteilung,0.9886
2,304.0,250.0,340.7,287.0,des,0.9886
2,340.7,250.0,475.4,287.0,väterlichen,0.9886
2,475.4,250.0,536.5,287.0,Erbes,0.9886
2,536.5,250.0,634.4,287.0,zwischen,0.9886
2,634.4,250.0,683.4,287.0,zwei,0.9886
2,683.4,250.0,781.3,287.0,Brüdern.,0.9886
2,781.3,250.0,818.0,287.0,Von,0.9886
2,96.0,279.0,176.1,316.0,diesem,0.9976
2,176.1,279.0,229.5,316.0,Text,0.9976
2,229.5,279.0,309.6,316.0,können,0.9976
2,309.6,279.0,349.7,316.0,wir,0.9976
2,349.7,279.0,389.7,316.0,die,0.9976
2,389.7,279.0,509.9,316.0,schlische,0.9976
2,509.9,279.0,683.5,316.0,Erbverteilung,0.9976
2,683.5,279.0,710.2,316.0,im,0.9976
2,710.2,279.0,817.0,316.0,Wohnraum,0.9976
2,96.0,307.0,190.4,344.0,deutlich,0.9957
2,190.4,307.0,332.1,344.0,feststellen.,0.9957
2,332.1,307.0,367.5,344.0,Sie,0.9957
2,367.5,307.0,438.3,344.0,werden,0.9957
2,438.3,307.0,461.9,344.0,im,0.9957
2,461.9,307.0,509.1,344.0,Text,0.9957
2,509.1,307.0,544.5,344.0,als,0.9957
2,544.5,307.0,615.3,344.0,subrum,0.9957
2,615.3,307.0,733.4,344.0,"""Gesinde"",",0.9957
2,733.4,307.0,816.0,344.0,utuptum,0.9957
2,94.0,336.0,203.1,377.0,"""Möbel"",",0.9539
2,203.1,336.0,312.3,377.0,gablitum,0.9539
2,312.3,336.0,516.9,377.0,"""Metall-Gefaβ"",",0.9539
2,516.9,336.0,598.7,377.0,paurum,0.9539
2,598.7,336.0,707.9,377.0,"""Tisch"",",0.9539
2,707.9,336.0,817.0,377.0,mazlagum,0.9539
2,93.0,367.0,218.3,407.0,"""Löffel"",",0.9697
2,218.3,367.0,343.6,407.0,ugarri'um,0.9697
2,343.6,367.0,455.0,407.0,"""Dolch"",",0.9697
2,455.0,367.0,538.5,407.0,samlum,0.9697
2,538.5,367.0,594.2,407.0,"""ein",0.9697
2,594.2,367.0,719.5,407.0,"Gefäβart""",0.9697
2,719.5,367.0,761.3,407.0,und,0.9697
2,761.3,367.0,817.0,407.0,maku,0.9697
2,92.0,396.0,174.2,435.0,"""Fell""",0.9752
2,174.2,396.0,311.2,435.0,angegeben.,0.9752
2,311.2,396.0,338.6,435.0,Im,0.9752
2,338.6,396.0,393.4,435.0,Text,0.9752
2,393.4,396.0,448.2,435.0,hebt,0.9752
2,448.2,396.0,502.9,435.0,sich,0.9752
2,502.9,396.0,571.4,435.0,einer,0.9752
2,571.4,396.0,612.5,435.0,von,0.9752
2,612.5,396.0,653.6,435.0,den,0.9752
2,653.6,396.0,749.5,435.0,Brüdern,0.9752
2,749.5,396.0,818.0,435.0,seine,0.9752
2,94.0,430.0,202.7,460.0,Ansprüche,0.9954
2,202.7,430.0,263.1,460.0,gegen,0.9954
2,263.1,430.0,299.3,460.0,den,0.9954
2,299.3,430.0,383.8,460.0,anderen,0.9954
2,383.8,430.0,565.0,460.0,folgendermaβen:,0.9954
2,92.0,477.0,143.5,506.0,"""i-na",0.9177
2,143.5,477.0,226.0,506.0,i-ma-tim,0.9177
2,412.0,483.0,467.4,511.0,1·3)In,0.9885
2,467.4,483.0,495.2,511.0,dem,0.9885
2,495.2,483.0,578.3,511.0,Testament,0.9885
2,578.3,483.0,643.0,511.0,unseres,0.9885
2,92.0,501.0,123.5,528.0,2)a,0.8577
2,123.5,501.0,197.0,528.0,a-bi-ni,0.8577
2,197.0,501.0,207.5,528.0,/,0.8577
2,207.5,501.0,218.0,528.0,É,0.8577
2,415.0,508.0,477.4,533.0,Vaters,0.9962
2,477.4,508.0,550.3,533.0,gehören,0.9962
2,550.3,508.0,581.5,533.0,das,0.9962
2,581.5,508.0,633.6,533.0,Hause,0.9962
2,633.6,508.0,654.4,533.0,in,0.9962
2,654.4,508.0,696.0,533.0,Kani,0.9962
2,93.0,525.0,123.4,554.0,3)a,0.9167
2,123.4,525.0,194.4,554.0,Kà-ni-i,0.9167
2,194.4,525.0,306.0,554.0,si-ub-ru-um,0.9167
2,409.0,528.0,477.7,558.0,4-5)und,0.944
2,477.7,528.0,507.2,558.0,die,0.944
2,507.2,528.0,556.3,558.0,Möbel,0.944
2,556.3,528.0,575.9,558.0,zu,0.944
2,575.9,528.0,625.0,558.0,"mir"".",0.944
2,93.0,551.0,225.0,579.0,4)ùú-tù-up-tum,0.9671
2,92.0,573.0,168.0,604.0,5)i-a-um,0.9878
2,94.0,626.0,129.1,657.0,Die,0.9985
2,129.1,626.0,234.5,657.0,folgenden,0.9985
2,234.5,626.0,304.7,657.0,Zeilen,0.9985
2,304.7,626.0,363.2,657.0,gehen,0.9985
2,363.2,626.0,527.1,657.0,folgendermaBen,0.9985
2,527.1,626.0,609.0,657.0,weiter:,0.9985
2,94.0,655.0,120.0,672.0,16),0.9885
2,127.0,660.0,190.0,678.0,.....a-na,0.9022
2,411.0,657.0,446.0,672.0,16-20),0.9853
2,442.0,657.0,478.0,685.0,",Für",0.9738
2,478.0,657.0,550.0,685.0,(meinen),0.9738
2,550.0,657.0,685.0,685.0,übrigen(Anteil),0.9738
2,92.0,675.0,178.1,705.0,17)i-tim/,0.9197
2,178.1,675.0,293.0,705.0,a-lá-ak-<ma>,0.9197
2,409.0,683.0,461.8,705.0,werde,0.9853
2,461.8,683.0,493.5,705.0,ich,0.9853
2,493.5,683.0,620.3,705.0,(hin)kommen.,0.9853
2,620.3,683.0,652.0,705.0,Und,0.9853
2,93.0,699.0,159.7,727.0,18)bé-t,0.9084
2,159.7,699.0,169.2,727.0,|,0.9084
2,169.2,699.0,207.3,727.0,i-na,0.9084
2,207.3,699.0,274.0,727.0,Kàni-is,0.9084
2,409.0,705.0,442.0,729.0,ich,0.9911
2,442.0,705.0,497.0,729.0,werde,0.9911
2,497.0,705.0,541.0,729.0,mein,0.9911
2,541.0,705.0,585.0,729.0,Haus,0.9911
2,585.0,705.0,607.0,729.0,in,0.9911
2,607.0,705.0,651.0,729.0,Kani,0.9911
2,91.0,721.0,217.0,755.0,19)a-ma-ar-ma,0.9895
2,408.0,729.0,465.7,756.0,prüfen,0.9904
2,465.7,729.0,504.2,756.0,dann,0.9904
2,504.2,729.0,552.2,756.0,(wenn,0.9904
2,552.2,729.0,600.3,756.0,etwas,0.9904
2,600.3,729.0,658.0,756.0,fehlt),0.9904
2,93.0,748.0,193.0,773.0,20)a-sé-e-kà,0.892
2,408.0,751.0,447.6,777.0,dich,0.9976
2,447.6,751.0,517.0,777.0,"suchen""",0.9976
2,159.0,781.0,206.9,813.0,Eine,0.9864
2,206.9,781.0,278.6,813.0,andere,0.9864
2,278.6,781.0,374.3,813.0,"Urkunde,",0.9864
2,374.3,781.0,410.2,813.0,die,0.9864
2,410.2,781.0,446.1,813.0,das,0.9864
2,446.1,781.0,494.0,813.0,Erbe,0.9864
2,494.0,781.0,601.7,813.0,"betrifft,",0.9864
2,601.7,781.0,697.4,813.0,befindet,0.9864
2,697.4,781.0,745.2,813.0,sich,0.9864
2,745.2,781.0,781.1,813.0,mit,0.9864
2,781.1,781.0,817.0,813.0,der,0.9864
2,94.0,809.0,168.6,843.0,Nummer,0.993
2,168.6,809.0,193.4,843.0,30,0.993
2,193.4,809.0,218.3,843.0,in,0.993
2,218.3,809.0,255.6,843.0,den,0.993
2,255.6,809.0,429.6,843.0,unpublizeirten,0.993
2,429.6,809.0,466.9,843.0,o/k,0.993
2,466.9,809.0,541.5,843.0,Texten,0.993
2,541.5,809.0,740.4,843.0,(Ausgrabungsjahr,0.993
2,740.4,809.0,815.0,843.0,1963).,0.993
2,94.0,839.0,119.9,870.0,Da,0.9905
2,119.9,839.0,210.4,870.0,handelt,0.9905
2,210.4,839.0,236.2,870.0,es,0.9905
2,236.2,839.0,287.9,870.0,sich,0.9905
2,287.9,839.0,313.8,870.0,um,0.9905
2,313.8,839.0,352.6,870.0,den,0.9905
2,352.6,839.0,391.4,870.0,Tod,0.9905
2,391.4,839.0,430.1,870.0,der,0.9905
2,430.1,839.0,520.6,870.0,"Akadia,",0.9905
2,520.6,839.0,637.0,870.0,Schwester,0.9905
2,637.0,839.0,675.8,870.0,von,0.9905
2,675.8,839.0,818.0,870.0,Usur-a-Itar,0.9905
2,92.0,867.0,133.9,898.0,und,0.9866
2,133.9,867.0,301.7,898.0,Iddi(n)-Aur.,0.9866
2,301.7,867.0,385.6,898.0,Dieser,0.9866
2,385.6,867.0,455.5,898.0,Brief,0.9866
2,455.5,867.0,525.4,898.0,wurde,0.9866
2,525.4,867.0,721.1,898.0,wahrscheinlich,0.9866
2,721.1,867.0,749.1,898.0,in,0.9866
2,749.1,867.0,819.0,898.0,Assur,0.9866
2,92.0,896.0,244.8,927.0,geschrieben.,0.9975
2,244.8,896.0,270.3,927.0,Im,0.9975
2,270.3,896.0,321.3,927.0,Text,0.9975
2,321.3,896.0,448.6,927.0,informiert,0.9975
2,448.6,896.0,525.1,927.0,zuerst,0.9975
2,525.1,896.0,665.2,927.0,Iddi(n)-Aur,0.9975
2,665.2,896.0,741.6,927.0,seinen,0.9975
2,741.6,896.0,818.0,927.0,groBen,0.9975
2,92.0,923.0,165.7,955.0,Bruder,0.9925
2,165.7,923.0,288.6,955.0,Uur-a-Itar,0.9925
2,288.6,923.0,337.8,955.0,über,0.9925
2,337.8,923.0,386.9,955.0,ihre,0.9925
2,386.9,923.0,497.5,955.0,Schwester,0.9925
2,497.5,923.0,583.5,955.0,"Akadia,",0.9925
2,583.5,923.0,620.4,955.0,die,0.9925
2,620.4,923.0,731.0,955.0,gestorben,0.9925
2,731.0,923.0,767.8,955.0,sei,0.9925
2,767.8,923.0,817.0,955.0,"und,",0.9925
2,92.0,950.0,118.9,982.0,da,0.985
2,118.9,950.0,159.1,982.0,die,0.985
2,159.1,950.0,280.0,982.0,Lamasstum,0.985
2,280.0,950.0,320.2,982.0,das,0.985
2,320.2,950.0,441.1,982.0,Testament,0.985
2,441.1,950.0,481.4,982.0,der,0.985
2,481.4,950.0,561.9,982.0,Akadia,0.985
2,561.9,950.0,642.5,982.0,öffnen,0.985
2,642.5,950.0,709.6,982.0,will.,0.985
2,709.6,950.0,817.0,982.0,AuBerdem,0.985
2,92.0,980.0,185.2,1009.0,schreibt,0.9903
2,185.2,980.0,220.1,1009.0,"er,",0.9903
2,220.1,980.0,243.4,1009.0,da,0.9903
2,243.4,980.0,313.3,1009.0,Akadia,0.9903
2,313.3,980.0,348.3,1009.0,ihm,0.9903
2,348.3,980.0,359.9,1009.0,1,0.9903
2,359.9,980.0,383.2,1009.0,M.,0.9903
2,383.2,980.0,476.4,1009.0,(Silber),0.9903
2,476.4,980.0,569.6,1009.0,Schulden,0.9903
2,569.6,980.0,709.4,1009.0,hinterlassen,0.9903
2,709.4,980.0,756.0,1009.0,hat.,0.9903
2,90.0,1023.0,124.9,1052.0,Die,0.994
2,124.9,1023.0,264.4,1052.0,betreffenden,0.994
2,264.4,1023.0,334.2,1052.0,Zeilen,0.994
2,334.2,1023.0,369.1,1052.0,des,0.994
2,369.1,1023.0,427.2,1052.0,Texts,0.994
2,427.2,1023.0,485.3,1052.0,gehen,0.994
2,485.3,1023.0,508.6,1052.0,so,0.994
2,508.6,1023.0,590.0,1052.0,weiter:,0.994
2,91.0,1050.0,146.4,1075.0,1)a-na,0.923
2,146.4,1050.0,275.8,1075.0,U-su-ur-a-Itar,0.923
2,275.8,1050.0,359.0,1075.0,qi-bi4-ma,0.923
2,404.0,1049.0,458.4,1082.0,1-2)An,0.9842
2,458.4,1049.0,549.0,1082.0,Uur-a-Itar,0.9842
2,549.0,1049.0,612.5,1082.0,spricht,0.9842
2,612.5,1049.0,685.0,1082.0,Iddi(n)-,0.9842
2,89.0,1073.0,157.5,1097.0,2)um-ma,0.9833
2,157.5,1073.0,274.9,1097.0,I-di-A-ur-ma,0.9833
2,274.9,1073.0,363.0,1097.0,A-kà-di-a,0.9833
2,402.0,1075.0,434.7,1102.0,Aur,0.9885
2,434.7,1075.0,598.0,1102.0,folgendermaBen:,0.9885
2,590.0,1077.0,685.0,1103.0,2-4)Akadia,0.9476
2,89.0,1096.0,217.4,1121.0,3)me-[ta1-at,0.9456
2,217.4,1096.0,313.8,1121.0,KU.BABBAR,0.9456
2,313.8,1096.0,324.5,1121.0,1,0.9456
2,324.5,1096.0,378.0,1121.0,ma-na,0.9456
2,402.0,1100.0,429.0,1125.0,ist,0.9809
2,429.0,1100.0,465.0,1125.0,tot.,0.9809
2,465.0,1100.0,492.0,1125.0,Sie,0.9809
2,492.0,1100.0,582.0,1125.0,hinterlieB,0.9809
2,582.0,1100.0,609.0,1125.0,dir,0.9809
2,609.0,1100.0,618.0,1125.0,1,0.9809
2,618.0,1100.0,636.0,1125.0,M.,0.9809
2,89.0,1120.0,222.2,1148.0,4)h[u-b]u-lá-am,0.9424
2,222.2,1120.0,382.0,1148.0,té-zi-<ba>-5ku7-um,0.9424
2,401.0,1124.0,454.1,1150.0,Silber,0.9882
2,454.1,1124.0,498.4,1150.0,(als),0.9882
2,498.4,1124.0,578.0,1150.0,Schulden',0.9882
2,91.0,1184.0,112.7,1223.0,4.,0.9884
2,112.7,1184.0,177.8,1223.0,Hecker,0.9884
2,177.8,1184.0,199.5,1223.0,K.,0.9884
2,199.5,1184.0,210.3,1223.0,-,0.9884
2,210.3,1184.0,286.3,1223.0,Krysatz,0.9884
2,286.3,1184.0,308.0,1223.0,G.,0.9884
2,308.0,1184.0,449.1,1223.0,Kappadokische,0.9884
2,449.1,1184.0,568.4,1223.0,Keilschrift,0.9884
2,568.4,1184.0,644.4,1223.0,"Tafeln,",0.9884
2,644.4,1184.0,687.8,1223.0,Prag,0.9884
2,687.8,1184.0,742.0,1223.0,1998.,0.9884
2,90.0,1209.0,114.8,1250.0,5.,0.9663
2,114.8,1209.0,164.5,1250.0,Über,0.9663
2,164.5,1209.0,201.8,1250.0,die,0.9663
2,201.8,1209.0,288.8,1250.0,Familie,0.9663
2,288.8,1209.0,326.1,1250.0,von,0.9663
2,326.1,1209.0,400.6,1250.0,Akadia,0.9663
2,400.6,1209.0,450.3,1250.0,vgl.,0.9663
2,450.3,1209.0,549.7,1250.0,"S.Ceçen,",0.9663
2,549.7,1209.0,686.3,1250.0,"""Uur-a-Itar",0.9663
2,686.3,1209.0,723.6,1250.0,Est,0.9663
2,723.6,1209.0,748.5,1250.0,le,0.9663
2,748.5,1209.0,798.2,1250.0,Fils,0.9663
2,798.2,1209.0,823.0,1250.0,de,0.9663
2,88.0,1232.0,164.2,1277.0,"Sargon,",0.984
2,164.2,1232.0,196.9,1277.0,Roi,0.984
2,196.9,1232.0,218.6,1277.0,de,0.984
2,218.6,1232.0,327.5,1277.0,l'Ancienne,0.984
2,327.5,1232.0,436.3,1277.0,"Assyrie?"",",0.984
2,436.3,1232.0,523.4,1277.0,Archivum,0.984
2,523.4,1232.0,632.3,1277.0,Anatolicum,0.984
2,632.3,1232.0,664.9,1277.0,"II,",0.984
2,664.9,1232.0,752.0,1277.0,S.11-17.,0.984
3,82.0,79.0,126.1,111.0,EIN,0.9894
3,126.1,79.0,199.7,111.0,NEUES,0.9894
3,199.7,79.0,405.6,111.0,ALTASSYRISCHES,0.9894
3,405.6,79.0,537.9,111.0,TESTAMENT,0.9894
3,537.9,79.0,582.0,111.0,AUS,0.9894
3,582.0,79.0,685.0,111.0,KÜLTEPE,0.9894
3,775.0,88.0,805.0,115.0,19,1.0
3,147.0,126.0,170.9,158.0,In,0.994
3,170.9,126.0,206.6,158.0,den,0.994
3,206.6,126.0,314.0,158.0,folgenden,0.994
3,314.0,126.0,385.5,158.0,Zeilen,0.994
3,385.5,126.0,421.3,158.0,des,0.994
3,421.3,126.0,504.8,158.0,gleiche,0.994
3,504.8,126.0,576.4,158.0,Textes,0.994
3,576.4,126.0,636.0,158.0,sehen,0.994
3,636.0,126.0,671.8,158.0,wir,0.994
3,671.8,126.0,707.6,158.0,die,0.994
3,707.6,126.0,767.2,158.0,Klage,0.994
3,767.2,126.0,803.0,158.0,des,0.994
3,82.0,155.0,226.2,190.0,Iddi(n)-Aur,0.9796
3,226.2,155.0,278.6,190.0,über,0.9796
3,278.6,155.0,318.0,190.0,die,0.9796
3,318.0,155.0,449.1,190.0,Bemuhungen,0.9796
3,449.1,155.0,488.4,190.0,von,0.9796
3,488.4,155.0,567.0,190.0,seiner,0.9796
3,567.0,155.0,685.0,190.0,Schwester,0.9796
3,685.0,155.0,803.0,190.0,Lamasstum,0.9796
3,80.0,186.0,110.9,222.0,um,0.9777
3,110.9,186.0,157.1,222.0,die,0.9777
3,157.1,186.0,296.0,222.0,Eröffnung,0.9777
3,296.0,186.0,342.2,222.0,des,0.9777
3,342.2,186.0,496.5,222.0,Testaments,0.9777
3,496.5,186.0,542.8,222.0,der,0.9777
3,542.8,186.0,650.7,222.0,Akadia.,0.9777
3,650.7,186.0,681.6,222.0,Er,0.9777
3,681.6,186.0,805.0,222.0,schreibt,0.9777
3,82.0,217.0,269.0,250.0,folgendermaBen:,0.9866
3,82.0,253.0,223.6,284.0,20)Lα-ma-sa-tum,0.8882
3,223.6,253.0,261.4,284.0,i-na,0.8882
3,261.4,253.0,318.0,284.0,Ébi--à,0.8882
3,394.0,254.0,539.7,286.0,20.22)Lamassatum,0.9705
3,539.7,254.0,567.0,286.0,hat,0.9705
3,567.0,254.0,603.4,286.0,sich,0.9705
3,603.4,254.0,621.6,286.0,in,0.9705
3,621.6,254.0,658.0,286.0,dein,0.9705
3,83.0,279.0,205.8,307.0,21)ta-ta-a-ab,0.9746
3,205.8,279.0,253.0,307.0,um-ma,0.9746
3,394.0,282.0,438.0,307.0,Hause,0.9964
3,438.0,282.0,508.4,307.0,gesetzt.,0.9964
3,508.4,282.0,534.8,307.0,Sie,0.9964
3,534.8,282.0,614.0,307.0,(spricht),0.9964
3,82.0,302.0,170.3,332.0,22)i-it-ma,0.9613
3,170.3,302.0,205.6,332.0,i-na,0.9613
3,205.6,302.0,285.0,332.0,si-ma-tim,0.9613
3,395.0,305.0,655.9,332.0,"folgendermaBen:22-25)""Aufgrund",0.9752
3,655.9,305.0,682.0,332.0,des,0.9752
3,82.0,325.0,178.2,354.0,23)a-ha-tum,0.9736
3,178.2,325.0,187.0,354.0,/,0.9736
3,187.0,325.0,248.2,354.0,a-ha-at,0.9736
3,248.2,325.0,257.0,354.0,/,0.9736
3,257.0,325.0,327.0,354.0,ta-bé-el,0.9736
3,395.0,329.0,488.0,354.0,Testaments,0.996
3,488.0,329.0,515.9,354.0,ist,0.996
3,515.9,329.0,553.1,354.0,eine,0.996
3,553.1,329.0,636.8,354.0,Schwester,0.996
3,636.8,329.0,674.0,354.0,eine,0.996
3,81.0,349.0,110.4,380.0,24),0.9619
3,110.4,349.0,188.9,380.0,i-ma-tim,0.9619
3,188.9,349.0,287.0,380.0,a-pá-ta-im,0.9619
3,395.0,354.0,494.4,379.0,"Schwester"".",0.9679
3,494.4,354.0,521.5,379.0,Sie,0.9679
3,521.5,354.0,575.7,379.0,führte,0.9679
3,575.7,354.0,611.9,379.0,sich,0.9679
3,611.9,354.0,639.0,379.0,als,0.9679
3,79.0,372.0,170.0,404.0,25)ta-za-az,0.9871
3,397.0,380.0,515.5,405.0,(Haus)herrin,0.9934
3,515.5,380.0,545.2,405.0,auf,0.9934
3,545.2,380.0,574.8,405.0,und,0.9934
3,574.8,380.0,624.2,405.0,tritt,0.9934
3,624.2,380.0,653.8,405.0,für,0.9934
3,653.8,380.0,683.5,405.0,die,0.9934
3,683.5,380.0,772.4,405.0,Eröffnung,0.9934
3,772.4,380.0,802.0,405.0,des,0.9934
3,394.0,402.0,486.1,427.0,Testaments,0.9765
3,486.1,402.0,523.0,427.0,ein.,0.9765
3,144.0,436.0,185.2,467.0,Kt.,0.9927
3,185.2,436.0,226.4,467.0,v/k,0.9927
3,226.4,436.0,267.6,467.0,776,0.9927
3,267.6,436.0,308.8,467.0,ist,0.9927
3,308.8,436.0,363.7,467.0,noch,0.9927
3,363.7,436.0,418.6,467.0,eine,0.9927
3,418.6,436.0,501.0,467.0,andere,0.9927
3,501.0,436.0,610.8,467.0,"Urkunde,",0.9927
3,610.8,436.0,652.0,467.0,die,0.9927
3,652.0,436.0,720.6,467.0,unser,0.9927
3,720.6,436.0,803.0,467.0,"Thema,",0.9927
3,82.0,467.0,167.5,496.0,nämlich,0.9826
3,167.5,467.0,204.2,496.0,das,0.9826
3,204.2,467.0,253.1,496.0,Erbe,0.9826
3,253.1,467.0,363.1,496.0,betrifft.,0.9826
3,363.1,467.0,387.5,496.0,Da,0.9826
3,387.5,467.0,436.4,496.0,geht,0.9826
3,436.4,467.0,460.8,496.0,es,0.9826
3,460.8,467.0,485.3,496.0,um,0.9826
3,485.3,467.0,534.2,496.0,eine,0.9826
3,534.2,467.0,656.4,496.0,Erpressung,0.9826
3,656.4,467.0,717.5,496.0,eines,0.9826
3,717.5,467.0,803.0,496.0,Persons,0.9826
3,83.0,496.0,120.9,520.0,von,0.988
3,120.9,496.0,196.8,520.0,seiner,0.988
3,196.8,496.0,285.4,520.0,eigenen,0.988
3,285.4,496.0,411.9,520.0,"Schwester,",0.988
3,411.9,496.0,589.0,520.0,wahrscheinlich,0.988
3,589.0,496.0,614.3,520.0,in,0.988
3,614.3,496.0,677.5,520.0,Assur,0.988
3,677.5,496.0,766.1,520.0,wohnte.,0.988
3,766.1,496.0,804.0,520.0,Der,0.988
3,83.0,522.0,152.9,548.0,kleine,0.9791
3,152.9,522.0,234.4,548.0,"Bruder,",0.9791
3,234.4,522.0,269.3,548.0,der,0.9791
3,269.3,522.0,327.5,548.0,unter,0.9791
3,327.5,522.0,385.8,548.0,Druck,0.9791
3,385.8,522.0,420.7,548.0,von,0.9791
3,420.7,522.0,490.6,548.0,seiner,0.9791
3,490.6,522.0,595.4,548.0,Schwester,0.9791
3,595.4,522.0,676.9,548.0,gesetzt,0.9791
3,676.9,522.0,735.1,548.0,"wird,",0.9791
3,735.1,522.0,805.0,548.0,teilte,0.9791
3,82.0,550.0,124.6,574.0,das,0.9955
3,124.6,550.0,252.4,574.0,Verhalten,0.9955
3,252.4,550.0,294.9,574.0,von,0.9955
3,294.9,550.0,365.9,574.0,ihrer,0.9955
3,365.9,550.0,493.7,574.0,Schwester,0.9955
3,493.7,550.0,522.1,574.0,zu,0.9955
3,522.1,550.0,607.3,574.0,seinen,0.9955
3,607.3,550.0,706.6,574.0,älteren,0.9955
3,706.6,550.0,806.0,574.0,Brüdern,0.9955
3,82.0,576.0,241.4,603.0,folgendermaBen,0.9981
3,241.4,576.0,287.0,603.0,mit:,0.9981
3,83.0,610.0,181.4,634.0,6)a-na-kam,0.8854
3,181.4,610.0,220.8,634.0,a-di,0.8854
3,220.8,610.0,270.0,634.0,5-[a},0.8854
3,393.0,608.0,467.5,635.0,6-7)Hier,0.9707
3,467.5,608.0,495.4,635.0,kam,0.9707
3,495.4,608.0,551.2,635.0,unsere,0.9707
3,551.2,608.0,635.0,635.0,Schwester,0.9707
3,83.0,636.0,190.1,658.0,7)a-ha-at-ni,0.969
3,190.1,636.0,234.7,658.0,a-lam,0.969
3,234.7,636.0,324.0,658.0,ta-ak-u-ud,0.969
3,395.0,637.0,435.8,657.0,fünf,0.9632
3,435.8,637.0,466.4,657.0,mal,0.9632
3,466.4,637.0,486.8,657.0,zu,0.9632
3,486.8,637.0,517.4,657.0,der,0.9632
3,517.4,637.0,568.4,657.0,Stadt,0.9632
3,568.4,637.0,599.0,657.0,an.,0.9632
3,81.0,659.0,147.8,684.0,8)um-ma,0.9579
3,147.8,659.0,224.2,684.0,5i-it-ma,0.9579
3,224.2,659.0,291.0,684.0,i-ma-at,0.9579
3,393.0,658.0,438.8,683.0,8)Sie,0.9845
3,438.8,658.0,512.0,683.0,(sprach),0.9845
3,512.0,658.0,548.7,683.0,dann,0.9845
3,548.7,658.0,686.0,683.0,folgendermaBen:,0.9845
3,81.0,682.0,99.5,707.0,9),0.9694
3,99.5,682.0,173.5,707.0,a-biz-ni,0.9694
3,173.5,682.0,238.2,707.0,lá-a-me,0.9694
3,238.2,682.0,303.0,707.0,a-na-ku,0.9694
3,391.0,680.0,466.8,706.0,"8-9)""Das",0.9825
3,466.8,680.0,552.1,706.0,Testament,0.9825
3,552.1,680.0,618.5,706.0,unseres,0.9825
3,618.5,680.0,675.3,706.0,Vaters,0.9825
3,675.3,680.0,713.2,706.0,will,0.9825
3,713.2,680.0,741.7,706.0,ich,0.9825
3,741.7,680.0,808.0,706.0,"hören!""",0.9825
3,84.0,706.0,235.4,731.0,10)ak-ta-na-la-si,0.9571
3,235.4,706.0,279.9,731.0,um-ma,0.9571
3,279.9,706.0,369.0,731.0,a-na-ku-ma,0.9571
3,393.0,707.0,421.7,730.0,Ich,0.997
3,421.7,707.0,498.3,730.0,versuche,0.997
3,498.3,707.0,527.1,730.0,sie,0.997
3,527.1,707.0,574.9,730.0,immer,0.997
3,574.9,707.0,632.4,730.0,wieder,0.997
3,632.4,707.0,776.0,730.0,"zurückzuhalten,",0.997
3,83.0,730.0,166.2,756.0,11)a-hu-ni,0.9477
3,166.2,730.0,266.0,756.0,ra-biz-u-tum,0.9477
3,398.0,731.0,430.6,756.0,(in,0.9981
3,430.6,731.0,474.0,756.0,dem),0.9981
3,468.0,729.0,510.0,751.0,10·15),0.8998
3,502.0,731.0,529.7,757.0,ich,0.9977
3,529.7,731.0,751.0,757.0,folgendermaBen(spreche):,0.9977
3,83.0,751.0,243.6,781.0,12)i-li-ku-ni-ma,0.9397
3,243.6,751.0,253.7,781.0,ù,0.9397
3,253.7,751.0,344.0,781.0,KU.BABBAR,0.9397
3,393.0,754.0,465.5,782.0,"""Unsere",0.9846
3,465.5,754.0,537.9,782.0,älteren,0.9846
3,537.9,754.0,600.1,782.0,Brüder,0.9846
3,600.1,754.0,651.8,782.0,mögen,0.9846
3,651.8,754.0,745.0,782.0,herkommen,0.9846
3,86.0,780.0,125.1,803.0,13)1,0.9305
3,125.1,780.0,154.5,803.0,GíN,0.9305
3,154.5,780.0,164.3,803.0,a,0.9305
3,164.3,780.0,223.0,803.0,GÁNhim,0.9305
3,223.0,780.0,360.0,803.0,li-ip-hu-ra-ma,0.9305
3,393.0,779.0,422.0,805.0,und,0.9818
3,422.0,779.0,460.7,805.0,dann,0.9818
3,460.7,779.0,489.7,805.0,das,0.9818
3,489.7,779.0,557.3,805.0,"Silber,",0.9818
3,557.3,779.0,605.7,805.0,jeden,0.9818
3,605.7,779.0,692.7,805.0,einzelnen,0.9818
3,692.7,779.0,741.0,805.0,Seqel,0.9818
3,85.0,805.0,119.5,829.0,14)ù,0.9455
3,119.5,805.0,179.9,829.0,i-ma-at,0.9455
3,179.9,805.0,249.0,829.0,a-bia-ni,0.9455
3,393.0,803.0,423.3,829.0,von,0.9931
3,423.3,803.0,524.4,829.0,"AuBerhalb,",0.9931
3,524.4,803.0,605.2,829.0,sammeln.,0.9931
3,605.2,803.0,645.6,829.0,Dann,0.9931
3,645.6,803.0,706.3,829.0,wollen,0.9931
3,706.3,803.0,736.6,829.0,wir,0.9931
3,736.6,803.0,777.0,829.0,alle,0.9931
3,86.0,828.0,205.6,854.0,15)ku-lu-ni-ma,0.9709
3,205.6,828.0,222.7,854.0,lu,0.9709
3,222.7,828.0,291.0,854.0,ni-is-me,0.9709
3,393.0,827.0,422.3,853.0,das,0.9742
3,422.3,827.0,510.3,853.0,Testament,0.9742
3,510.3,827.0,578.7,853.0,unseres,0.9742
3,578.7,827.0,637.4,853.0,Vaters,0.9742
3,637.4,827.0,696.0,853.0,"hören""",0.9742
3,144.0,882.0,170.5,909.0,In,0.9982
3,170.5,882.0,289.6,909.0,folgenden,0.9982
3,289.6,882.0,369.1,909.0,Zeilen,0.9982
3,369.1,882.0,408.8,909.0,des,0.9982
3,408.8,882.0,488.2,909.0,Textes,0.9982
3,488.2,882.0,580.9,909.0,bemerkt,0.9982
3,580.9,882.0,620.6,909.0,man,0.9982
3,620.6,882.0,739.8,909.0,"deutlich,",0.9982
3,739.8,882.0,766.3,909.0,da,0.9982
3,766.3,882.0,806.0,909.0,die,0.9982
3,84.0,911.0,237.9,938.0,klageführende,0.9927
3,237.9,911.0,344.4,938.0,Schwester,0.9927
3,344.4,911.0,379.9,938.0,zum,0.9927
3,379.9,911.0,462.8,938.0,Gericht,0.9927
3,462.8,911.0,557.4,938.0,gegangen,0.9927
3,557.4,911.0,604.8,938.0,ist.,0.9927
3,604.8,911.0,711.3,938.0,Daraufhin,0.9927
3,711.3,911.0,770.5,938.0,hätte,0.9927
3,770.5,911.0,806.0,938.0,das,0.9927
3,83.0,937.0,178.5,967.0,Gericht,0.9818
3,178.5,937.0,314.9,967.0,"geurteilt,",0.9818
3,314.9,937.0,342.2,967.0,da,0.9818
3,342.2,937.0,383.1,967.0,das,0.9818
3,383.1,937.0,505.9,967.0,Testament,0.9818
3,505.9,937.0,546.8,967.0,und,0.9818
3,546.8,937.0,587.7,967.0,die,0.9818
3,587.7,937.0,642.3,967.0,Lage,0.9818
3,642.3,937.0,683.2,967.0,von,0.9818
3,683.2,937.0,806.0,967.0,niemandem,0.9818
3,81.0,962.0,183.0,996.0,eröffnet,0.9825
3,183.0,962.0,259.6,996.0,werden,0.9825
3,259.6,962.0,348.8,996.0,"sollte,",0.9825
3,348.8,962.0,387.1,996.0,bis,0.9825
3,387.1,962.0,425.4,996.0,die,0.9825
3,425.4,962.0,514.6,996.0,älteren,0.9825
3,514.6,962.0,603.9,996.0,Brüdern,0.9825
3,603.9,962.0,731.5,996.0,herkommen.,0.9825
3,731.5,962.0,808.0,996.0,Dieser,0.9825
3,81.0,988.0,169.0,1026.0,Beschlu,0.9959
3,169.0,988.0,206.7,1026.0,des,0.9959
3,206.7,988.0,307.2,1026.0,Gerichts,0.9959
3,307.2,988.0,370.0,1026.0,kommt,0.9959
3,370.0,988.0,395.2,1026.0,im,0.9959
3,395.2,988.0,445.4,1026.0,Text,0.9959
3,445.4,988.0,483.1,1026.0,mit,0.9959
3,483.1,988.0,520.8,1026.0,den,0.9959
3,520.8,988.0,633.9,1026.0,folgenden,0.9959
3,633.9,988.0,696.7,1026.0,Sätze,0.9959
3,696.7,988.0,747.0,1026.0,vor.,0.9959
3,82.0,1026.0,140.9,1053.0,16)i-na,0.9975
3,140.9,1026.0,242.0,1053.0,wa-ar-ki-tim,0.9975
3,385.0,1022.0,492.4,1058.0,16-19)Spter,0.9004
3,492.4,1022.0,521.7,1058.0,kam,0.9004
3,521.7,1022.0,551.0,1058.0,sie,0.9004
3,84.0,1050.0,143.7,1074.0,17)a-na,0.9928
3,143.7,1050.0,186.3,1074.0,a-lim,0.9928
3,186.3,1050.0,280.0,1074.0,ta-li-kà-ma,0.9928
3,390.0,1053.0,420.0,1073.0,zur,0.9991
3,420.0,1053.0,470.0,1073.0,Stadt,0.9991
3,470.0,1053.0,500.0,1073.0,her,0.9991
3,500.0,1053.0,530.0,1073.0,und,0.9991
3,85.0,1072.0,158.0,1096.0,18)um-ma,0.9556
3,158.0,1072.0,221.9,1096.0,i-it-ma,0.9556
3,221.9,1072.0,304.0,1096.0,si-ma-tim,0.9556
3,388.0,1073.0,466.0,1106.0,(sprach),0.9947
3,466.0,1073.0,612.2,1106.0,folgendermaBen:,0.9947
3,612.2,1073.0,651.2,1106.0,"""Das",0.9947
3,651.2,1073.0,739.0,1106.0,Testament,0.9947
3,85.0,1095.0,185.2,1119.0,19)la-â5-me,0.9201
3,185.2,1095.0,249.0,1119.0,a-na-ku,0.9201
3,249.0,1095.0,285.4,1119.0,a-na,0.9201
3,285.4,1095.0,331.0,1119.0,a-lim,0.9201
3,387.0,1094.0,425.2,1129.0,will,0.971
3,425.2,1094.0,453.8,1129.0,ich,0.971
3,453.8,1094.0,520.6,1129.0,"hören!""",0.971
3,520.6,1094.0,606.4,1129.0,19-23)Ich,0.971
3,606.4,1094.0,663.7,1129.0,wandte,0.971
3,663.7,1094.0,701.8,1129.0,mich,0.971
3,701.8,1094.0,740.0,1129.0,dann,0.971
3,85.0,1118.0,153.0,1143.0,20)ki-ma,0.9921
3,153.0,1118.0,221.0,1143.0,ku-nu-ti,0.9921
3,221.0,1118.0,306.0,1143.0,u-ta-er-ma,0.9921
3,393.0,1122.0,412.8,1150.0,in,0.9812
3,412.8,1122.0,462.4,1150.0,eurer,0.9812
3,462.4,1122.0,561.6,1150.0,Vertretung,0.9812
3,561.6,1122.0,621.1,1150.0,wieder,0.9812
3,621.1,1122.0,640.9,1150.0,an,0.9812
3,640.9,1122.0,670.7,1150.0,die,0.9812
3,670.7,1122.0,720.2,1150.0,Stadt,0.9812
3,720.2,1122.0,750.0,1150.0,und,0.9812
3,84.0,1141.0,158.6,1169.0,21)um-ma,0.9987
3,158.6,1141.0,251.8,1169.0,a-na-ku-ma,0.9987
3,251.8,1141.0,317.0,1169.0,a-hu-ni,0.9987
3,390.0,1148.0,465.2,1172.0,(sprach),0.9964
3,465.2,1148.0,606.2,1172.0,folgendermaBen:,0.9964
3,606.2,1148.0,672.0,1172.0,"""Unsere",0.9964
3,87.0,1166.0,216.0,1188.0,22)ra-bi-u-tum,0.8847
3,216.0,1166.0,252.9,1188.0,i-na,0.8847
3,252.9,1166.0,299.0,1188.0,GÁN§m,0.8847
3,389.0,1170.0,454.3,1196.0,alteren,0.9789
3,454.3,1170.0,510.2,1196.0,Brüder,0.9789
3,510.2,1170.0,547.5,1196.0,sind,0.9789
3,547.5,1170.0,640.8,1196.0,"AuBerhalb,",0.9789
3,640.8,1170.0,668.7,1196.0,wir,0.9789
3,668.7,1170.0,734.0,1196.0,sollten,0.9789
3,86.0,1240.0,108.1,1267.0,6.,0.9838
3,108.1,1240.0,174.5,1267.0,Dieser,0.9838
3,174.5,1240.0,218.7,1267.0,Text,0.9838
3,218.7,1240.0,251.9,1267.0,ist,0.9838
3,251.9,1240.0,274.0,1267.0,im,0.9838
3,274.0,1240.0,307.2,1267.0,AKT,0.9838
3,307.2,1240.0,340.4,1267.0,III,0.9838
3,340.4,1240.0,395.7,1267.0,unter,0.9838
3,395.7,1240.0,428.9,1267.0,den,0.9838
3,428.9,1240.0,495.2,1267.0,Nummer,0.9838
3,495.2,1240.0,517.3,1267.0,94,0.9838
3,517.3,1240.0,639.0,1267.0,bearbeitet.,0.9838
4,88.0,76.0,124.0,105.0,20,1.0
4,660.0,78.0,726.9,105.0,Irfan,0.9995
4,726.9,78.0,834.0,105.0,ALBAYRAK,0.9995
4,92.0,118.0,123.0,155.0,23É,0.9479
4,123.0,118.0,205.7,155.0,ku-nu-ki,0.9479
4,205.7,118.0,216.0,155.0,ù,0.9479
4,216.0,118.0,298.7,155.0,i-ma-tim,0.9479
4,298.7,118.0,319.3,155.0,lá,0.9479
4,319.3,118.0,402.0,155.0,ni-pá-té,0.9479
4,429.0,128.0,458.6,154.0,die,0.9866
4,458.6,128.0,498.0,154.0,Lage,0.9866
4,498.0,128.0,527.6,154.0,und,0.9866
4,527.6,128.0,557.1,154.0,das,0.9866
4,557.1,128.0,645.9,154.0,Testament,0.9866
4,645.9,128.0,695.1,154.0,nicht,0.9866
4,695.1,128.0,774.0,154.0,"öffnen!""",0.9866
4,91.0,144.0,189.9,177.0,24)a-lu-um,0.9828
4,189.9,144.0,249.2,177.0,di-nam,0.9828
4,249.2,144.0,318.4,177.0,i-di-ma,0.9828
4,318.4,144.0,358.0,177.0,a-di,0.9828
4,424.0,152.0,504.6,181.0,24-26)Die,0.9862
4,504.6,152.0,549.3,181.0,Stadt,0.9862
4,549.3,152.0,603.0,181.0,sprach,0.9862
4,603.0,152.0,728.3,181.0,folgendermaBen,0.9862
4,728.3,152.0,782.0,181.0,Recht:,0.9862
4,92.0,168.0,245.7,201.0,25)ta-la-kà-ni-ni,0.941
4,245.7,168.0,254.7,201.0,É,0.941
4,254.7,168.0,327.0,201.0,ku-nu-ki,0.941
4,426.0,180.0,455.9,204.0,Bis,0.9901
4,455.9,180.0,485.8,204.0,ihr,0.9901
4,485.8,180.0,575.5,204.0,"herkommt,",0.9901
4,575.5,180.0,635.3,204.0,sollen,0.9901
4,635.3,180.0,665.2,204.0,die,0.9901
4,665.2,180.0,705.1,204.0,Lage,0.9901
4,705.1,180.0,735.0,204.0,und,0.9901
4,93.0,195.0,132.9,227.0,26)ù,0.902
4,132.9,195.0,212.6,227.0,i-ma-tum,0.902
4,212.6,195.0,232.5,227.0,là,0.902
4,232.5,195.0,382.0,227.0,i-<<j>>-pa-te-a,0.902
4,432.0,205.0,460.0,230.0,das,0.9853
4,460.0,205.0,544.1,230.0,Testament,0.9853
4,544.1,205.0,590.8,230.0,nicht,0.9853
4,590.8,205.0,665.6,230.0,geöffnet,0.9853
4,665.6,205.0,731.0,230.0,werden.,0.9853
4,164.0,236.0,202.7,269.0,Ein,0.988
4,202.7,236.0,293.0,269.0,anderes,0.988
4,293.0,236.0,396.3,269.0,Beispiel,0.988
4,396.3,236.0,435.0,269.0,ist,0.988
4,435.0,236.0,473.7,269.0,der,0.988
4,473.7,236.0,538.2,269.0,"Text,",0.988
4,538.2,236.0,576.9,269.0,der,0.988
4,576.9,236.0,615.6,269.0,mit,0.988
4,615.6,236.0,654.3,269.0,der,0.988
4,654.3,236.0,731.8,269.0,Nummer,0.988
4,731.8,236.0,770.5,269.0,287,0.988
4,770.5,236.0,835.0,269.0,(Jena,0.988
4,96.0,265.0,151.8,297.0,369),0.9787
4,151.8,265.0,179.8,297.0,in,0.9787
4,179.8,265.0,207.7,297.0,EL,0.9787
4,207.7,265.0,249.6,297.0,von,0.9787
4,249.6,265.0,305.4,297.0,Lewy,0.9787
4,305.4,265.0,445.1,297.0,publiziert,0.9787
4,445.1,265.0,528.8,297.0,wurde.,0.9787
4,528.8,265.0,584.7,297.0,Hier,0.9787
4,584.7,265.0,682.4,297.0,handelt,0.9787
4,682.4,265.0,710.3,297.0,es,0.9787
4,710.3,265.0,766.2,297.0,sich,0.9787
4,766.2,265.0,794.1,297.0,um,0.9787
4,794.1,265.0,836.0,297.0,die,0.9787
4,94.0,292.0,222.1,326.0,Verteilung,0.9928
4,222.1,292.0,260.5,326.0,des,0.9928
4,260.5,292.0,324.6,326.0,Erbes,0.9928
4,324.6,292.0,375.8,326.0,gemä,0.9928
4,375.8,292.0,414.3,326.0,dem,0.9928
4,414.3,292.0,555.2,326.0,bestehenden,0.9928
4,555.2,292.0,696.1,326.0,Testaments.,0.9928
4,696.1,292.0,760.1,326.0,Diese,0.9928
4,760.1,292.0,837.0,326.0,Zeilen,0.9928
4,93.0,318.0,145.6,350.0,sind,0.9922
4,145.6,318.0,185.0,350.0,so:,0.9922
4,95.0,355.0,155.0,386.0,4)ni-i,0.9476
4,155.0,355.0,205.0,386.0,a-lim,0.9476
4,205.0,355.0,315.0,386.0,it-mu-[u-ma,0.9476
4,315.0,355.0,395.0,386.0,a-ma-lá],0.9476
4,427.0,360.0,494.8,385.0,4-5)Sie,0.9816
4,494.8,360.0,572.4,385.0,schworen,0.9816
4,572.4,360.0,601.4,385.0,den,0.9816
4,601.4,360.0,630.5,385.0,Eid,0.9816
4,630.5,360.0,659.6,385.0,der,0.9816
4,659.6,360.0,708.0,385.0,Stadt,0.9816
4,708.0,360.0,737.1,385.0,und,0.9816
4,737.1,360.0,766.2,385.0,wir,0.9816
4,766.2,360.0,834.0,385.0,führten,0.9816
4,95.0,380.0,185.6,412.0,5)i-ma-at,0.935
4,185.6,380.0,286.4,412.0,a-bi4-u-nu,0.935
4,286.4,380.0,377.0,412.0,ne-[pu-u],0.935
4,429.0,385.0,470.3,409.0,gemä,0.9964
4,470.3,385.0,501.3,409.0,dem,0.9964
4,501.3,385.0,594.3,409.0,Testament,0.9964
4,594.3,385.0,646.0,409.0,ihren,0.9964
4,646.0,385.0,708.0,409.0,Vaters,0.9964
4,708.0,385.0,770.0,409.0,durch.,0.9964
4,97.0,437.0,134.0,463.0,Die,0.9745
4,134.0,437.0,244.8,463.0,folgenden,0.9745
4,244.8,437.0,318.8,463.0,Zeilen,0.9745
4,318.8,437.0,368.0,463.0,sind,0.9745
4,368.0,437.0,405.0,463.0,so:,0.9745
4,94.0,471.0,121.0,494.0,8),0.8585
4,123.0,475.0,161.1,500.0,....,0.8984
4,161.1,475.0,208.7,500.0,i-tám,0.8984
4,208.7,475.0,227.8,500.0,lu,0.8984
4,227.8,475.0,304.0,500.0,u-tá-tám,0.8984
4,426.0,472.0,512.7,504.0,18-22)...,0.9404
4,512.7,472.0,551.3,504.0,Auch,0.9404
4,551.3,472.0,580.2,504.0,den,0.9404
4,580.2,472.0,628.4,504.0,"Rest,",0.9404
4,628.4,472.0,657.3,504.0,sei,0.9404
4,657.3,472.0,676.5,504.0,es,0.9404
4,676.5,472.0,744.0,504.0,"Weizen,",0.9404
4,96.0,496.0,149.1,527.0,19)lu,0.964
4,149.1,496.0,212.8,527.0,am-tám,0.964
4,212.8,496.0,234.0,527.0,lu,0.964
4,234.0,496.0,319.0,527.0,[wa]rdam,0.964
4,428.0,502.0,455.8,524.0,sei,0.9769
4,455.8,502.0,474.4,524.0,es,0.9769
4,474.4,502.0,548.6,524.0,"Sklavin,",0.9769
4,548.6,502.0,576.5,524.0,sei,0.9769
4,576.5,502.0,595.0,524.0,es,0.9769
4,595.0,502.0,660.0,524.0,"Sklave,",0.9769
4,97.0,521.0,141.0,551.0,20)lu,0.9117
4,141.0,521.0,255.4,551.0,zi-i[t]-t[am],0.9117
4,255.4,521.0,317.0,551.0,a-ma-lá,0.9117
4,430.0,527.0,459.6,547.0,sei,0.9918
4,459.6,527.0,479.3,547.0,es,0.9918
4,479.3,527.0,568.0,547.0,(sonstige,0.9918
4,568.0,527.0,656.7,547.0,"Erb)teil,",0.9918
4,656.7,527.0,715.9,547.0,werden,0.9918
4,715.9,527.0,745.4,547.0,sie,0.9918
4,745.4,527.0,775.0,547.0,gem,0.9918
4,98.0,547.0,190.4,576.0,21)i-ma-at,0.9149
4,190.4,547.0,292.0,576.0,a-bi4-su-mu,0.9149
4,428.0,550.0,457.7,572.0,dem,0.9838
4,457.7,550.0,547.0,572.0,Testament,0.9838
4,547.0,550.0,596.5,572.0,ihres,0.9838
4,596.5,550.0,656.0,572.0,Vaters,0.9838
4,97.0,569.0,182.0,600.0,22)i-zu-zu,0.9487
4,427.0,571.0,493.0,597.0,"teilen"".",0.8953
4,167.0,614.0,211.9,639.0,BIN,0.9891
4,211.9,614.0,241.9,639.0,VI,0.9891
4,241.9,614.0,256.9,639.0,2,0.9891
4,256.9,614.0,301.8,639.0,und,0.9891
4,301.8,614.0,361.7,639.0,POAT,0.9891
4,361.7,614.0,391.7,639.0,19,0.9891
4,391.7,614.0,451.6,639.0,sind,0.9891
4,451.6,614.0,511.5,639.0,auch,0.9891
4,511.5,614.0,571.4,639.0,gute,0.9891
4,571.4,614.0,706.2,639.0,Beispiele,0.9891
4,706.2,614.0,751.1,639.0,für,0.9891
4,751.1,614.0,841.0,639.0,unsere,0.9891
4,101.0,639.0,183.3,672.0,Thema.,0.9858
4,183.3,639.0,238.2,672.0,Hier,0.9858
4,238.2,639.0,293.1,672.0,geht,0.9858
4,293.1,639.0,320.6,672.0,es,0.9858
4,320.6,639.0,348.0,672.0,um,0.9858
4,348.0,639.0,389.2,672.0,den,0.9858
4,389.2,639.0,430.3,672.0,Tod,0.9858
4,430.3,639.0,498.9,672.0,eines,0.9858
4,498.9,639.0,622.4,672.0,Kaufmanns,0.9858
4,622.4,639.0,663.6,672.0,und,0.9858
4,663.6,639.0,691.1,672.0,um,0.9858
4,691.1,639.0,732.2,672.0,die,0.9858
4,732.2,639.0,814.6,672.0,"Frage,",0.9858
4,814.6,639.0,842.0,672.0,ob,0.9858
4,102.0,669.0,124.8,700.0,er,0.9878
4,124.8,669.0,159.0,700.0,ein,0.9878
4,159.0,669.0,261.6,700.0,Testament,0.9878
4,261.6,669.0,398.4,700.0,hinterlassen,0.9878
4,398.4,669.0,466.8,700.0,hätte.,0.9878
4,466.8,669.0,501.0,700.0,Die,0.9878
4,501.0,669.0,637.8,700.0,betreffenden,0.9878
4,637.8,669.0,706.2,700.0,Zeilen,0.9878
4,706.2,669.0,751.8,700.0,sind,0.9878
4,751.8,669.0,786.0,700.0,so:,0.9878
4,100.0,712.0,152.0,739.0,BIN,0.9486
4,152.0,712.0,186.7,739.0,VI,0.9486
4,186.7,712.0,204.0,739.0,2,0.9486
4,101.0,741.0,176.7,762.0,3)E-l-li,0.9445
4,176.7,741.0,224.0,762.0,me-et,0.9445
4,427.0,733.0,502.9,760.0,"3-5)""Elali",0.9799
4,502.9,733.0,525.6,760.0,ist,0.9799
4,525.6,733.0,556.0,760.0,tot.,0.9799
4,102.0,765.0,207.8,786.0,4)Si-im-ti-u,0.9141
4,207.8,765.0,243.0,786.0,u-lá,0.9141
4,428.0,760.0,448.0,783.0,Er,0.9945
4,448.0,760.0,508.0,783.0,machte,0.9945
4,508.0,760.0,558.0,783.0,nicht,0.9945
4,558.0,760.0,598.0,783.0,sein,0.9945
4,100.0,788.0,175.0,812.0,5)i-i-im,0.814
4,425.0,778.0,516.6,812.0,Testament,0.9284
4,516.6,778.0,537.0,812.0,""".",0.9284
4,100.0,828.0,165.1,856.0,POAT,0.9899
4,165.1,828.0,214.0,856.0,19:,0.9899
4,100.0,859.0,133.4,890.0,28),0.9697
4,133.4,859.0,233.8,890.0,tup-pu-um,0.9697
4,233.8,859.0,245.0,890.0,a,0.9697
4,245.0,859.0,323.0,890.0,i-ma-at,0.9697
4,429.0,855.0,485.0,878.0,28·31),0.9762
4,485.0,855.0,522.3,878.0,"""Die",0.9762
4,522.3,855.0,597.0,878.0,"Urkunde,",0.9762
4,597.0,855.0,625.0,878.0,die,0.9762
4,625.0,855.0,709.0,878.0,Testament,0.9762
4,100.0,882.0,128.3,910.0,29),0.9565
4,128.3,882.0,250.9,910.0,A-sùr-i-mi-ti,0.9565
4,250.9,882.0,288.6,910.0,i-na,0.9565
4,288.6,882.0,364.0,910.0,Hu-ra-ma,0.9565
4,429.0,878.0,459.1,902.0,von,0.9809
4,459.1,878.0,559.5,902.0,Aur-imitti,0.9809
4,559.5,878.0,599.7,902.0,"ist,",0.9809
4,599.7,878.0,629.8,902.0,ist,0.9809
4,629.8,878.0,659.9,902.0,mit,0.9809
4,659.9,878.0,690.0,902.0,dem,0.9809
4,102.0,904.0,138.6,933.0,30),0.9143
4,138.6,904.0,187.4,933.0,i-ti,0.9143
4,187.4,904.0,248.4,933.0,a-lim,0.9143
4,248.4,904.0,297.2,933.0,A-ùr,0.9143
4,297.2,904.0,346.0,933.0,DUMU,0.9143
4,431.0,903.0,541.7,924.0,"Salim-Aur,",0.9707
4,541.7,903.0,586.0,924.0,Sohn,0.9707
4,124.0,933.0,176.9,959.0,En-um,0.9591
4,176.9,933.0,251.0,959.0,A-s[ùr],0.9591
4,428.0,924.0,464.7,952.0,von,0.9962
4,464.7,924.0,587.0,952.0,"Ennum-Aur,",0.9962
4,103.0,957.0,191.0,981.0,31)i-ba-,0.8535
4,430.0,947.0,449.3,973.0,in,0.9768
4,449.3,947.0,507.2,973.0,Hurama,0.9768
4,507.2,947.0,623.0,973.0,"vorhanden"""".",0.9768
4,169.0,978.0,210.6,1018.0,All,0.9849
4,210.6,978.0,252.1,1018.0,die,0.9849
4,252.1,978.0,390.7,1018.0,"Beispiele,",0.9849
4,390.7,978.0,432.3,1018.0,die,0.9849
4,432.3,978.0,473.9,1018.0,wir,0.9849
4,473.9,978.0,529.3,1018.0,oben,0.9849
4,529.3,978.0,695.6,1018.0,"vorschlugen,",0.9849
4,695.6,978.0,820.3,1018.0,"beweisen,",0.9849
4,820.3,978.0,848.0,1018.0,da,0.9849
4,103.0,1007.0,189.7,1049.0,während,0.9902
4,189.7,1007.0,226.8,1049.0,der,0.9902
4,226.8,1007.0,400.2,1049.0,altassyrischen,0.9902
4,400.2,1007.0,635.5,1049.0,Handelskolonienzeit,0.9902
4,635.5,1007.0,660.2,1049.0,in,0.9902
4,660.2,1007.0,771.7,1049.0,"Anatolia,",0.9902
4,771.7,1007.0,846.0,1049.0,insbe-,0.9902
4,104.0,1036.0,185.4,1078.0,sondere,0.9996
4,185.4,1036.0,301.6,1078.0,assyrische,0.9996
4,301.6,1036.0,429.5,1078.0,"Kaufleuten,",0.9996
4,429.5,1036.0,476.0,1078.0,ihre,0.9996
4,476.0,1036.0,534.1,1078.0,Erben,0.9996
4,534.1,1036.0,592.2,1078.0,durch,0.9996
4,592.2,1036.0,708.5,1078.0,Testamente,0.9996
4,708.5,1036.0,848.0,1078.0,hinterlassen,0.9996
4,103.0,1063.0,187.3,1107.0,"haben,",0.994
4,187.3,1063.0,215.5,1107.0,so,0.994
4,215.5,1063.0,243.6,1107.0,da,0.994
4,243.6,1063.0,285.7,1107.0,sie,0.994
4,285.7,1063.0,342.0,1107.0,ihre,0.994
4,342.0,1063.0,468.5,1107.0,Vererbung,0.994
4,468.5,1063.0,510.6,1107.0,auf,0.994
4,510.6,1063.0,552.8,1107.0,die,0.994
4,552.8,1063.0,721.5,1107.0,juristischen,0.994
4,721.5,1063.0,848.0,1107.0,Grundlage,0.994
4,105.0,1104.0,215.1,1135.0,gegründen,0.9989
4,215.1,1104.0,313.0,1135.0,wollten.,0.9989
4,171.0,1125.0,215.2,1164.0,Der,0.9788
4,215.2,1125.0,288.9,1164.0,unten,0.9788
4,288.9,1125.0,451.0,1164.0,bearbeitete,0.9788
4,451.0,1125.0,495.3,1164.0,Kt.,0.9788
4,495.3,1125.0,539.5,1164.0,o/k,0.9788
4,539.5,1125.0,583.7,1164.0,196,0.9788
4,583.7,1125.0,613.2,1164.0,"a,",0.9788
4,613.2,1125.0,642.7,1164.0,c',0.9788
4,642.7,1125.0,745.8,1164.0,Urkunde,0.9788
4,745.8,1125.0,849.0,1164.0,-modern,0.9788
4,105.0,1156.0,235.5,1196.0,geöffnet8-,0.9856
4,235.5,1156.0,274.7,1196.0,ist,0.9856
4,274.7,1156.0,300.8,1196.0,im,0.9856
4,300.8,1156.0,496.6,1196.0,Ausgrabungsjahr,0.9856
4,496.6,1156.0,548.8,1196.0,1963,0.9856
4,548.8,1156.0,574.9,1196.0,in,0.9856
4,574.9,1156.0,666.3,1196.0,Kültepe,0.9856
4,666.3,1156.0,783.7,1196.0,gefunden.,0.9856
4,783.7,1156.0,822.9,1196.0,Das,0.9856
4,822.9,1156.0,849.0,1196.0,in,0.9856
4,107.0,1224.0,131.3,1257.0,7.,0.9764
4,131.3,1224.0,167.7,1257.0,Die,0.9764
4,167.7,1224.0,228.5,1257.0,GröBe,0.9764
4,228.5,1224.0,264.9,1257.0,der,0.9764
4,264.9,1224.0,422.8,1257.0,bronz-farbige,0.9764
4,422.8,1224.0,507.9,1257.0,Urkunde,0.9764
4,507.9,1224.0,544.3,1257.0,ist,0.9764
4,544.3,1224.0,592.9,1257.0,"10,7",0.9764
4,592.9,1224.0,617.2,1257.0,cm,0.9764
4,617.2,1224.0,629.3,1257.0,x,0.9764
4,629.3,1224.0,665.8,1257.0,"6,7",0.9764
4,665.8,1224.0,690.1,1257.0,cm,0.9764
4,690.1,1224.0,702.2,1257.0,x,0.9764
4,702.2,1224.0,738.7,1257.0,"3,9",0.9764
4,738.7,1224.0,763.0,1257.0,cm,0.9764
4,763.0,1224.0,848.0,1257.0,(Hülle),0.9764
4,106.0,1247.0,143.2,1284.0,und,0.9776
4,143.2,1247.0,180.4,1284.0,"8,9",0.9776
4,180.4,1247.0,205.2,1284.0,cm,0.9776
4,205.2,1247.0,217.6,1284.0,x,0.9776
4,217.6,1247.0,254.8,1284.0,"5,7",0.9776
4,254.8,1247.0,279.6,1284.0,cm,0.9776
4,279.6,1247.0,292.0,1284.0,x,0.9776
4,292.0,1247.0,329.2,1284.0,"2,4",0.9776
4,329.2,1247.0,354.0,1284.0,cm,0.9776
4,354.0,1247.0,453.2,1284.0,(Tafel).,0.9776
4,453.2,1247.0,478.0,1284.0,Im,0.9776
4,478.0,1247.0,552.4,1284.0,Museum,0.9776
4,552.4,1247.0,602.0,1284.0,gibt,0.9776
4,602.0,1247.0,626.8,1284.0,es,0.9776
4,626.8,1247.0,676.4,1284.0,noch,0.9776
4,676.4,1247.0,713.6,1284.0,ein,0.9776
4,713.6,1247.0,775.6,1284.0,Tafel,0.9776
4,775.6,1247.0,812.8,1284.0,mit,0.9776
4,812.8,1247.0,850.0,1284.0,der,0.9776
5,94.0,86.0,139.4,119.0,EIN,0.9838
5,139.4,86.0,215.0,119.0,NEUES,0.9838
5,215.0,86.0,426.7,119.0,ALTASSYRISCHES,0.9838
5,426.7,86.0,562.8,119.0,TESTAMENT,0.9838
5,562.8,86.0,608.1,119.0,AUS,0.9838
5,608.1,86.0,714.0,119.0,KÜLTEPE,0.9838
5,805.0,92.0,836.0,119.0,21,0.9999
5,97.0,133.0,169.3,166.0,diesem,0.9898
5,169.3,133.0,217.5,166.0,Jahr,0.9898
5,217.5,133.0,325.9,166.0,gefundene,0.9898
5,325.9,133.0,410.3,166.0,"Archiv,",0.9898
5,410.3,133.0,446.4,166.0,das,0.9898
5,446.4,133.0,494.6,166.0,etwa,0.9898
5,494.6,133.0,530.8,166.0,aus,0.9898
5,530.8,133.0,579.0,166.0,zwei,0.9898
5,579.0,133.0,663.3,166.0,hundert,0.9898
5,663.3,133.0,735.6,166.0,Tafeln,0.9898
5,735.6,133.0,832.0,166.0,"besteht,",0.9898
5,98.0,166.0,181.1,193.0,gehört,0.9828
5,181.1,166.0,250.3,193.0,nicht,0.9828
5,250.3,166.0,291.9,193.0,nur,0.9828
5,291.9,166.0,361.1,193.0,einem,0.9828
5,361.1,166.0,485.8,193.0,"Kaufmann,",0.9828
5,485.8,166.0,582.7,193.0,sondern,0.9828
5,582.7,166.0,693.5,193.0,mehreren,0.9828
5,693.5,166.0,790.5,193.0,Leuten.,0.9828
5,790.5,166.0,832.0,193.0,Der,0.9828
5,97.0,195.0,201.9,222.0,Besitzer,0.9809
5,201.9,195.0,280.5,222.0,dieses,0.9809
5,280.5,195.0,346.0,222.0,neuen,0.9809
5,346.0,195.0,477.1,222.0,Testaments,0.9809
5,477.1,195.0,529.5,222.0,heit,0.9809
5,529.5,195.0,582.0,222.0,"Aga,",0.9809
5,582.0,195.0,647.5,222.0,Vater,0.9809
5,647.5,195.0,686.8,222.0,von,0.9809
5,686.8,195.0,791.7,222.0,"Su-Blum,",0.9809
5,791.7,195.0,831.0,222.0,der,0.9809
5,97.0,223.0,146.0,253.0,auch,0.9852
5,146.0,223.0,182.8,253.0,ein,0.9852
5,182.8,223.0,256.2,253.0,Archiv,0.9852
5,256.2,223.0,280.8,253.0,in,0.9852
5,280.8,223.0,317.5,253.0,den,0.9852
5,317.5,223.0,354.2,253.0,o/k,0.9852
5,354.2,223.0,427.8,253.0,Texten,0.9852
5,427.8,223.0,476.8,253.0,hat.,0.9852
5,476.8,223.0,513.5,253.0,Die,0.9852
5,513.5,223.0,550.2,253.0,vor,0.9852
5,550.2,223.0,599.2,253.0,fünf,0.9852
5,599.2,223.0,672.8,253.0,Zeugen,0.9852
5,672.8,223.0,832.0,253.0,ausgefertigte,0.9852
5,100.0,254.0,238.9,277.0,Hüllen-Tafel,0.9994
5,238.9,254.0,273.6,277.0,ist,0.9994
5,273.6,254.0,308.3,277.0,zum,0.9994
5,308.3,254.0,366.1,277.0,Glück,0.9994
5,366.1,254.0,400.9,277.0,gut,0.9994
5,400.9,254.0,505.0,277.0,erhalten.,0.9994
5,341.0,302.0,382.1,328.0,Kt.,0.987
5,382.1,302.0,423.2,328.0,o/k,0.987
5,423.2,302.0,464.3,328.0,196,0.987
5,464.3,302.0,478.0,328.0,a,0.987
5,181.0,344.0,217.1,374.0,Die,0.9928
5,217.1,344.0,277.1,374.0,Hülle,0.9928
5,277.1,344.0,313.2,374.0,ist,0.9928
5,313.2,344.0,385.3,374.0,modern,0.9928
5,385.3,344.0,481.5,374.0,geöffnet,0.9928
5,481.5,344.0,517.5,374.0,und,0.9928
5,517.5,344.0,553.6,374.0,hat,0.9928
5,553.6,344.0,613.7,374.0,sechs,0.9928
5,613.7,344.0,757.9,374.0,verschiedene,0.9928
5,757.9,344.0,830.0,374.0,Sigel-,0.9928
5,101.0,375.0,249.3,401.0,"abrollungen,",0.9799
5,249.3,375.0,323.4,401.0,einige,0.9799
5,323.4,375.0,385.2,401.0,davon,0.9799
5,385.2,375.0,459.3,401.0,tragen,0.9799
5,459.3,375.0,607.6,401.0,Inschriften.,0.9799
5,607.6,375.0,681.7,401.0,"AuBer,",0.9799
5,681.7,375.0,718.8,401.0,wem,0.9799
5,718.8,375.0,792.9,401.0,dieses,0.9799
5,792.9,375.0,830.0,401.0,Te-,0.9799
5,101.0,401.0,187.4,430.0,stament,0.9973
5,187.4,401.0,273.7,430.0,"gehört,",0.9973
5,273.7,401.0,323.1,430.0,gibt,0.9973
5,323.1,401.0,347.8,430.0,es,0.9973
5,347.8,401.0,384.8,430.0,auf,0.9973
5,384.8,401.0,421.8,430.0,der,0.9973
5,421.8,401.0,483.5,430.0,Hülle,0.9973
5,483.5,401.0,520.5,430.0,wie,0.9973
5,520.5,401.0,557.5,430.0,man,0.9973
5,557.5,401.0,656.3,430.0,erwartet,0.9973
5,656.3,401.0,717.9,430.0,keine,0.9973
5,717.9,401.0,829.0,430.0,Hinweise.,0.9973
5,102.0,429.0,139.0,458.0,Die,0.9768
5,139.0,429.0,287.1,458.0,abgebrochene,0.9768
5,287.1,429.0,348.8,458.0,Zeile,0.9768
5,348.8,429.0,410.5,458.0,(Z.7),0.9768
5,410.5,429.0,447.5,458.0,ist,0.9768
5,447.5,429.0,496.8,458.0,nach,0.9768
5,496.8,429.0,533.9,458.0,der,0.9768
5,533.9,429.0,669.6,458.0,Reihenfolge,0.9768
5,669.6,429.0,706.6,458.0,der,0.9768
5,706.6,429.0,793.0,458.0,"Zeugen,",0.9768
5,793.0,429.0,830.0,458.0,die,0.9768
5,104.0,459.0,138.4,486.0,auf,0.9963
5,138.4,459.0,172.8,486.0,der,0.9963
5,172.8,459.0,230.2,486.0,Tafel,0.9963
5,230.2,459.0,310.4,486.0,"stehen,",0.9963
5,310.4,459.0,390.7,486.0,ergänzt,0.9963
5,390.7,459.0,471.0,486.0,worden.,0.9963
5,96.0,498.0,147.0,533.0,Vs.,0.9991
5,288.0,502.0,469.3,533.0,(Siegelabrollung,0.9933
5,469.3,502.0,480.7,533.0,A,0.9933
5,480.7,502.0,492.0,533.0,),0.9933
5,184.0,531.0,201.0,554.0,1,0.9992
5,261.0,527.0,309.5,560.0,KIIB,0.9274
5,309.5,527.0,443.0,560.0,I-dí-Su-en6,0.9274
5,262.0,558.0,316.9,590.0,DUMU,0.982
5,316.9,558.0,468.0,590.0,Puzur4-Itar,0.982
5,261.0,583.0,316.7,617.0,KIIB,0.9629
5,316.7,583.0,456.0,617.0,A-ùr-na-da,0.9629
5,262.0,615.0,322.0,647.0,DUMU,0.9882
5,322.0,615.0,502.0,647.0,Pu<zur>-A-na,0.9882
5,286.0,643.0,462.0,677.0,(Siegelabrollung,0.9974
5,462.0,643.0,484.0,677.0,B),0.9974
5,182.0,674.0,199.0,695.0,5,0.9999
5,261.0,671.0,306.7,705.0,KIIB,0.9162
5,306.7,671.0,478.0,705.0,A-pi-il5-ke-en6,0.9162
5,261.0,697.0,325.3,732.0,[DUMU,0.9462
5,325.3,697.0,454.0,732.0,-]li-da[n],0.9462
5,261.0,725.0,331.6,761.0,[KIIB,0.9625
5,331.6,725.0,458.6,761.0,I-ku-pi-a,0.9625
5,458.6,725.0,515.0,761.0,DUMU,0.9625
5,666.0,732.0,687.0,760.0,],0.9746
5,280.0,755.0,291.3,787.0,(,0.9984
5,291.3,755.0,461.3,787.0,Siegelabrollung,0.9984
5,461.3,755.0,484.0,787.0,B),0.9984
5,98.0,781.0,148.0,806.0,u.K.,0.9999
5,259.0,779.0,313.5,815.0,KIIB,0.9397
5,313.5,779.0,408.9,815.0,Sà-li-a,0.9397
5,408.9,779.0,463.4,815.0,DUMU,0.9397
5,463.4,779.0,586.0,815.0,U-sú-ur-[,0.9397
5,666.0,787.0,687.0,815.0,],0.9898
5,96.0,807.0,138.0,835.0,Rs.,0.9993
5,284.0,811.0,460.9,842.0,(Siegelabrollung,0.9993
5,460.9,811.0,483.0,842.0,C),0.9993
5,284.0,840.0,460.9,872.0,(Siegelabrollung,0.9822
5,460.9,840.0,483.0,872.0,D),0.9822
5,257.0,868.0,270.6,898.0,a,0.9936
5,270.6,868.0,365.6,898.0,i-ma-at,0.9936
5,365.6,868.0,447.0,898.0,A-gu-a,0.9936
5,177.0,895.0,208.0,921.0,10,0.9997
5,258.0,897.0,322.4,921.0,DUMU,0.9966
5,322.4,897.0,435.0,921.0,u-A-nim,0.9966
5,277.0,926.0,453.9,953.0,(Siegelabrollung,0.9999
5,453.9,926.0,476.0,953.0,D),0.9999
5,276.0,954.0,451.1,980.0,(Siegelabrollung,0.9934
5,451.1,954.0,473.0,980.0,E),0.9934
5,90.0,976.0,141.0,1006.0,o.K.,0.8996
5,275.0,980.0,449.2,1010.0,(Siegelabrollung,0.9999
5,449.2,980.0,471.0,1010.0,F),0.9999
5,90.0,1004.0,133.0,1031.0,1.S.,0.8424
5,274.0,1009.0,365.2,1036.0,(Abgebr.,0.9975
5,365.2,1009.0,536.2,1036.0,Siegelabrollung,0.9975
5,536.2,1009.0,559.0,1036.0,F),0.9975
5,88.0,1034.0,132.0,1061.0,r.S.,0.9967
5,273.0,1036.0,449.0,1066.0,(Siegelabrollung,0.9996
5,449.0,1036.0,471.0,1066.0,E),0.9996
5,171.0,1075.0,295.1,1114.0,I-s)Siegel,0.9723
5,295.1,1075.0,332.3,1114.0,von,0.9723
5,332.3,1075.0,506.0,1114.0,"Iddi(n)-Su'en,",0.9723
5,506.0,1075.0,555.6,1114.0,Sohn,0.9723
5,555.6,1075.0,592.9,1114.0,von,0.9723
5,592.9,1075.0,729.3,1114.0,"Puzur-Itar,",0.9723
5,729.3,1075.0,803.8,1114.0,Siegel,0.9723
5,803.8,1075.0,841.0,1114.0,von,0.9723
5,88.0,1107.0,185.4,1139.0,"Aur-nd,",0.9977
5,185.4,1107.0,241.0,1139.0,Sohn,0.9977
5,241.0,1107.0,282.7,1139.0,von,0.9977
5,282.7,1107.0,421.8,1139.0,"Puzur-Ana,",0.9977
5,421.8,1107.0,505.2,1139.0,Siegel,0.9977
5,505.2,1107.0,546.9,1139.0,von,0.9977
5,546.9,1107.0,658.2,1139.0,"Apil-kn,",0.9977
5,658.2,1107.0,713.8,1139.0,Sohn,0.9977
5,713.8,1107.0,755.6,1139.0,von,0.9977
5,755.6,1107.0,839.0,1139.0,Ili-dn,0.9977
5,88.0,1162.0,161.8,1193.0,Nummer,0.9833
5,161.8,1162.0,198.7,1193.0,o/k,0.9833
5,198.7,1162.0,235.5,1193.0,196,0.9833
5,235.5,1162.0,260.1,1193.0,"b,",0.9833
5,260.1,1162.0,309.3,1193.0,aber,0.9833
5,309.3,1162.0,346.2,1193.0,die,0.9833
5,346.2,1162.0,383.1,1193.0,hat,0.9833
5,383.1,1162.0,456.9,1193.0,sowohl,0.9833
5,456.9,1162.0,506.0,1193.0,ihre,0.9833
5,506.0,1162.0,579.8,1193.0,Inhalt,0.9833
5,579.8,1162.0,616.7,1193.0,als,0.9833
5,616.7,1162.0,665.9,1193.0,auch,0.9833
5,665.9,1162.0,715.0,1193.0,ihre,0.9833
5,715.0,1162.0,776.5,1193.0,GröBe,0.9833
5,776.5,1162.0,838.0,1193.0,keine,0.9833
5,88.0,1189.0,193.0,1215.0,Verbindung,0.9926
5,193.0,1189.0,224.5,1215.0,mit,0.9926
5,224.5,1189.0,298.0,1215.0,unserer,0.9926
5,298.0,1189.0,424.0,1215.0,Hüllentafel.,0.9926
5,87.0,1211.0,109.8,1247.0,8.,0.9983
5,109.8,1211.0,143.9,1247.0,Die,0.9983
5,143.9,1211.0,200.8,1247.0,Hülle,0.9983
5,200.8,1211.0,234.9,1247.0,der,0.9983
5,234.9,1211.0,291.8,1247.0,Tafel,0.9983
5,291.8,1211.0,360.1,1247.0,könnte,0.9983
5,360.1,1211.0,394.2,1247.0,von,0.9983
5,394.2,1211.0,428.4,1247.0,den,0.9983
5,428.4,1211.0,530.8,1247.0,"Forscher,",0.9983
5,530.8,1211.0,564.9,1247.0,die,0.9983
5,564.9,1211.0,610.4,1247.0,sich,0.9983
5,610.4,1211.0,644.6,1247.0,mit,0.9983
5,644.6,1211.0,838.0,1247.0,Siegelabrollungen,0.9983
5,90.0,1242.0,221.9,1264.0,"beschäftigen,",0.9972
5,221.9,1242.0,303.0,1264.0,geöffnet,0.9972
5,303.0,1242.0,374.0,1264.0,werden.,0.9972
6,96.0,81.0,131.0,112.0,22,0.9998
6,632.0,83.0,696.2,110.0,Irfan,0.9948
6,696.2,83.0,799.0,110.0,ALBAYRAK,0.9948
6,102.0,132.0,190.8,158.0,[Siegel,0.9538
6,190.8,132.0,228.9,158.0,von,0.9538
6,228.9,132.0,343.1,158.0,"Ikuppija,",0.9538
6,343.1,132.0,393.9,158.0,Sohn,0.9538
6,393.9,132.0,432.0,158.0,von,0.9538
6,432.0,132.0,508.1,158.0,"....],",0.9538
6,508.1,132.0,584.3,158.0,Siegel,0.9538
6,584.3,132.0,622.3,158.0,von,0.9538
6,622.3,132.0,711.2,158.0,"Salija,",0.9538
6,711.2,132.0,761.9,158.0,Sohn,0.9538
6,761.9,132.0,800.0,158.0,von,0.9538
6,324.0,218.0,363.3,247.0,"Kt,",0.9805
6,363.3,218.0,402.6,247.0,o/k,0.9805
6,402.6,218.0,441.9,247.0,196,0.9805
6,441.9,218.0,455.0,247.0,c,0.9805
6,178.0,262.0,212.4,291.0,Man,0.9963
6,212.4,262.0,258.2,291.0,kann,0.9963
6,258.2,262.0,304.1,291.0,wohl,0.9963
6,304.1,262.0,372.9,291.0,"sagen,",0.9963
6,372.9,262.0,407.3,291.0,daB,0.9963
6,407.3,262.0,441.6,291.0,die,0.9963
6,441.6,262.0,499.0,291.0,Tafel,0.9963
6,499.0,262.0,556.3,291.0,auBer,0.9963
6,556.3,262.0,636.5,291.0,einigen,0.9963
6,636.5,262.0,797.0,291.0,Schreibfehlern,0.9963
6,103.0,290.0,171.3,320.0,(Hülle,0.9737
6,171.3,290.0,194.0,320.0,Z.,0.9737
6,194.0,290.0,216.8,320.0,4;,0.9737
6,216.8,290.0,273.7,320.0,Tafel,0.9737
6,273.7,290.0,353.3,320.0,"16',44)",0.9737
6,353.3,290.0,387.4,320.0,gut,0.9737
6,387.4,290.0,512.6,320.0,geschrieben,0.9737
6,512.6,290.0,546.7,320.0,und,0.9737
6,546.7,290.0,637.7,320.0,komplett,0.9737
6,637.7,290.0,728.7,320.0,erhalten,0.9737
6,728.7,290.0,797.0,320.0,worden,0.9737
6,101.0,318.0,146.6,349.0,ist.,0.996
6,146.6,318.0,180.8,349.0,Die,0.996
6,180.8,318.0,317.5,349.0,Feststellung,0.996
6,317.5,318.0,351.7,349.0,der,0.996
6,351.7,318.0,579.5,349.0,verwandtschaftlichen,0.996
6,579.5,318.0,704.9,349.0,Beziehungen,0.996
6,704.9,318.0,796.0,349.0,zwischen,0.996
6,102.0,349.0,149.8,377.0,Agua,0.9734
6,149.8,349.0,185.6,377.0,und,0.9734
6,185.6,349.0,269.3,377.0,anderen,0.9734
6,269.3,349.0,376.8,377.0,"Personen,",0.9734
6,376.8,349.0,412.7,377.0,die,0.9734
6,412.7,349.0,436.6,377.0,im,0.9734
6,436.6,349.0,484.3,377.0,Text,0.9734
6,484.3,349.0,603.8,377.0,"vorkommen,",0.9734
6,603.8,349.0,651.6,377.0,sind,0.9734
6,651.6,349.0,747.2,377.0,meistens,0.9734
6,747.2,349.0,795.0,377.0,nach,0.9734
6,100.0,377.0,136.0,409.0,den,0.9962
6,136.0,377.0,304.0,409.0,unpublizierten,0.9962
6,304.0,377.0,340.0,409.0,o/k,0.9962
6,340.0,377.0,412.0,409.0,Texten,0.9962
6,412.0,377.0,448.0,409.0,und,0.9962
6,448.0,377.0,520.0,409.0,einige,0.9962
6,520.0,377.0,580.0,409.0,schon,0.9962
6,580.0,377.0,724.0,409.0,publizierten,0.9962
6,724.0,377.0,796.0,409.0,Texten,0.9962
6,100.0,406.0,219.4,437.0,festgestellt,0.9715
6,219.4,406.0,289.0,437.0,worden.,0.9715
6,101.0,452.0,135.8,483.0,Die,0.9784
6,135.8,452.0,205.5,483.0,Themen,0.9784
6,205.5,452.0,240.3,483.0,des,0.9784
6,240.3,452.0,356.4,483.0,Testaments,0.9784
6,356.4,452.0,402.9,483.0,sind,0.9784
6,402.9,452.0,577.0,483.0,folgendermaBen:,0.9784
6,100.0,481.0,121.1,512.0,Z.,0.9763
6,121.1,481.0,163.2,512.0,1-2),0.9763
6,163.2,481.0,194.8,512.0,Die,0.9763
6,194.8,481.0,373.9,512.0,Einleitungsformel,0.9763
6,373.9,481.0,405.6,512.0,des,0.9763
6,405.6,481.0,510.9,512.0,Testaments,0.9763
6,510.9,481.0,553.1,512.0,",,PN",0.9763
6,553.1,481.0,595.2,512.0,imti,0.9763
6,595.2,481.0,647.9,512.0,bti-u,0.9763
6,647.9,481.0,669.0,512.0,(a,0.9763
6,669.0,481.0,774.3,512.0,Kani/alim),0.9763
6,774.3,481.0,827.0,512.0,iimma,0.9763
6,101.0,509.0,121.8,537.0,Z.,0.9789
6,121.8,509.0,163.5,537.0,2-6),0.9789
6,163.5,509.0,226.0,537.0,Anteil,0.9789
6,226.0,509.0,257.3,537.0,von,0.9789
6,257.3,509.0,309.4,537.0,Aguas,0.9789
6,309.4,509.0,361.5,537.0,"Frau,",0.9789
6,361.5,509.0,392.7,537.0,die,0.9789
6,392.7,509.0,538.6,537.0,wahrscheinlich,0.9789
6,538.6,509.0,559.4,537.0,in,0.9789
6,559.4,509.0,611.5,537.0,Assur,0.9789
6,611.5,509.0,674.0,537.0,wohnt.,0.9789
6,102.0,536.0,124.9,559.0,Z.,0.9862
6,124.9,536.0,182.0,559.0,7-10),0.9862
6,182.0,536.0,250.7,559.0,Anteil,0.9862
6,250.7,536.0,285.0,559.0,von,0.9862
6,285.0,536.0,365.0,559.0,u-Blum.,0.9862
6,100.0,562.0,122.6,592.0,Z.,0.9879
6,122.6,562.0,190.2,592.0,10-11),0.9879
6,190.2,562.0,224.1,592.0,Wer,0.9879
6,224.1,562.0,269.2,592.0,soll,0.9879
6,269.2,562.0,303.0,592.0,die,0.9879
6,303.0,562.0,393.2,592.0,Schulden,0.9879
6,393.2,562.0,506.0,592.0,übernehmen,0.9879
6,506.0,562.0,551.1,592.0,nach,0.9879
6,551.1,562.0,584.9,592.0,dem,0.9879
6,584.9,562.0,618.8,592.0,Tod,0.9879
6,618.8,562.0,652.6,592.0,von,0.9879
6,652.6,562.0,709.0,592.0,Agüa.,0.9879
6,101.0,591.0,123.3,615.0,Z.,0.9884
6,123.3,591.0,190.0,615.0,11-16),0.9884
6,190.0,591.0,256.8,615.0,Anteil,0.9884
6,256.8,591.0,290.2,615.0,von,0.9884
6,290.2,591.0,357.0,615.0,Abalim,0.9884
6,101.0,619.0,122.5,644.0,Z.,0.9759
6,122.5,619.0,187.1,644.0,17-22),0.9759
6,187.1,619.0,251.7,644.0,Anteil,0.9759
6,251.7,619.0,284.0,644.0,von,0.9759
6,284.0,619.0,380.8,644.0,"Personen,",0.9759
6,380.8,619.0,413.1,644.0,die,0.9759
6,413.1,619.0,456.2,644.0,Agüa,0.9759
6,456.2,619.0,488.5,644.0,als,0.9759
6,488.5,619.0,531.5,644.0,mrua,0.9759
6,531.5,619.0,596.1,644.0,",meine",0.9759
6,596.1,619.0,660.7,644.0,"Söhne""",0.9759
6,660.7,619.0,736.0,644.0,nannte.,0.9759
6,100.0,643.0,122.1,674.0,Z.,0.9969
6,122.1,643.0,188.5,674.0,22-26),0.9969
6,188.5,643.0,243.8,674.0,Unter,0.9969
6,243.8,643.0,321.2,674.0,welchen,0.9969
6,321.2,643.0,409.7,674.0,Personen,0.9969
6,409.7,643.0,476.0,674.0,werden,0.9969
6,476.0,643.0,509.2,674.0,die,0.9969
6,509.2,643.0,586.6,674.0,übrigen,0.9969
6,586.6,643.0,664.0,674.0,"Silber,",0.9969
6,664.0,643.0,697.2,674.0,die,0.9969
6,697.2,643.0,774.6,674.0,Sklaven,0.9969
6,774.6,643.0,807.8,674.0,und,0.9969
6,807.8,643.0,841.0,674.0,die,0.9969
6,102.0,672.0,182.0,698.0,Sklavinen,0.9965
6,182.0,672.0,262.0,698.0,verteilt.,0.9965
6,102.0,699.0,121.3,724.0,Z.,0.983
6,121.3,699.0,179.2,724.0,26-27),0.983
6,179.2,699.0,217.9,724.0,Eine,0.983
6,217.9,699.0,285.4,724.0,spezial,0.983
6,285.4,699.0,410.9,724.0,"Entscheidung,",0.983
6,410.9,699.0,439.9,724.0,die,0.983
6,439.9,699.0,546.1,724.0,Aur-iddi(n),0.983
6,546.1,699.0,633.0,724.0,betrifft.,0.983
6,101.0,725.0,123.3,753.0,Z.,0.9671
6,123.3,725.0,190.3,753.0,27-38),0.9671
6,190.3,725.0,234.9,753.0,Wenn,0.9671
6,234.9,725.0,279.6,753.0,Agua,0.9671
6,279.6,725.0,346.5,753.0,keines,0.9671
6,346.5,725.0,458.2,753.0,"hinterlät,",0.9671
6,458.2,725.0,525.1,753.0,sollen,0.9671
6,525.1,725.0,625.6,753.0,Uur-a-Aur,0.9671
6,625.6,725.0,659.1,753.0,und,0.9671
6,659.1,725.0,770.7,753.0,Puzur-Itar,0.9671
6,770.7,725.0,793.0,753.0,je,0.9671
6,102.0,752.0,113.3,779.0,2,0.9623
6,113.3,752.0,124.7,779.0,M,0.9623
6,124.7,752.0,192.7,779.0,zürück,0.9623
6,192.7,752.0,272.0,779.0,zahlen.,0.9623
6,101.0,776.0,121.9,807.0,Z.,0.99
6,121.9,776.0,184.6,807.0,39-43),0.99
6,184.6,776.0,236.9,807.0,Unter,0.99
6,236.9,776.0,310.0,807.0,welchen,0.99
6,310.0,776.0,425.0,807.0,Bedingungen,0.99
6,425.0,776.0,456.4,807.0,hat,0.99
6,456.4,776.0,529.5,807.0,Abi-ili,0.99
6,529.5,776.0,560.9,807.0,auf,0.99
6,560.9,776.0,592.2,807.0,das,0.99
6,592.2,776.0,686.3,807.0,Testament,0.99
6,686.3,776.0,749.0,807.0,Recht.,0.99
6,103.0,806.0,125.0,834.0,Z.,0.9737
6,125.0,806.0,268.0,834.0,44-45)Zeugen.,0.9737
6,99.0,863.0,153.0,897.0,Vs.,0.9994
6,178.0,867.0,199.0,890.0,1,0.9992
6,255.0,860.0,324.4,892.0,A-gu-a,0.9517
6,324.4,860.0,335.9,892.0,/,0.9517
6,335.9,860.0,440.0,892.0,i-im-tù-u,0.9517
6,253.0,882.0,330.7,923.0,i-i-ma,0.9796
6,330.7,882.0,343.6,923.0,/,0.9796
6,343.6,882.0,421.3,923.0,bé-tum,0.9796
6,421.3,882.0,434.3,923.0,a,0.9796
6,434.3,882.0,499.0,923.0,a-lim,0.9796
6,254.0,916.0,265.8,946.0,a,0.9638
6,265.8,916.0,360.4,946.0,a-i-ti-a,0.9638
6,360.4,916.0,419.6,946.0,/i-na,0.9638
6,419.6,916.0,526.0,946.0,KU.BABBAR,0.9638
6,254.0,946.0,308.7,979.0,qá-di,0.9708
6,308.7,946.0,319.7,979.0,/,0.9708
6,319.7,946.0,451.0,979.0,me-er-e-a-ma,0.9708
6,179.0,983.0,200.0,1008.0,5,0.9999
6,254.0,971.0,343.9,1004.0,ta-zu-az,0.9955
6,343.9,971.0,388.9,1004.0,i-na,0.9955
6,388.9,971.0,490.0,1004.0,KU.BABBAR,0.9955
6,254.0,999.0,331.6,1032.0,zi-ti-a,0.9766
6,331.6,999.0,342.7,1032.0,/,0.9766
6,342.7,999.0,420.2,1032.0,a-ba-at,0.9766
6,420.2,999.0,431.3,1032.0,ù,0.9766
6,431.3,999.0,520.0,1032.0,um-ma-at,0.9766
6,255.0,1027.0,347.1,1060.0,bé-tù-um,0.9657
6,347.1,1027.0,358.7,1060.0,ù,0.9657
6,358.7,1027.0,462.3,1060.0,KU.BABBAR,0.9657
6,462.3,1027.0,589.0,1060.0,wa-ar-kà-sà,0.9657
6,254.0,1058.0,266.3,1090.0,ù,0.9308
6,266.3,1058.0,328.0,1090.0,mi-ma,0.9308
6,328.0,1058.0,402.0,1090.0,ti-u-u,0.9308
6,254.0,1084.0,266.3,1116.0,a,0.9748
6,266.3,1084.0,364.6,1116.0,u-Be-lim,0.9748
6,364.6,1084.0,463.0,1116.0,bé-tù-um,0.9748
6,180.0,1122.0,211.0,1149.0,10,0.9999
6,253.0,1109.0,266.4,1145.0,a,0.9557
6,266.4,1109.0,360.1,1145.0,Kà-ni-i,0.9557
6,360.1,1109.0,373.5,1145.0,/,0.9557
6,373.5,1109.0,386.9,1145.0,a,0.9557
6,386.9,1109.0,494.0,1145.0,u-Be-lim,0.9557
6,255.0,1140.0,362.0,1172.0,um-mì-a-ni,0.9505
6,362.0,1140.0,372.7,1172.0,/,0.9505
6,372.7,1140.0,469.0,1172.0,me-er-u-a,0.9505
6,255.0,1168.0,369.8,1201.0,e-pu-lu-ma,0.9896
6,369.8,1168.0,415.7,1201.0,i-na,0.9896
6,415.7,1168.0,519.0,1201.0,KU.BABBAR,0.9896
6,255.0,1197.0,265.2,1226.0,a,0.9799
6,265.2,1197.0,326.2,1226.0,i-a-ti,0.9799
6,326.2,1197.0,336.4,1226.0,/,0.9799
6,336.4,1197.0,428.0,1226.0,i-i-ta-ni,0.9799
6,258.0,1224.0,294.3,1252.0,1/3,0.9615
6,294.3,1224.0,354.8,1252.0,ma-na,0.9615
6,354.8,1224.0,415.4,1252.0,KU.GI,0.9615
6,415.4,1224.0,427.5,1252.0,1,0.9615
6,427.5,1224.0,488.0,1252.0,ma-na,0.9615
7,785.0,63.0,818.0,93.0,23,0.9999
7,82.0,66.0,126.4,109.0,EIN,0.9826
7,126.4,66.0,200.4,109.0,NEUES,0.9826
7,200.4,66.0,407.7,109.0,ALTASSYRISCHES,0.9826
7,407.7,66.0,541.0,109.0,TESTAMENT,0.9826
7,541.0,66.0,585.4,109.0,AUS,0.9826
7,585.4,66.0,689.0,109.0,KÜLTEPE,0.9826
7,164.0,126.0,197.0,155.0,15,1.0
7,240.0,118.0,360.0,154.0,KU.BABBAR,0.9613
7,360.0,118.0,373.3,154.0,ù,0.9613
7,373.3,118.0,453.3,154.0,am-tám,0.9613
7,453.3,118.0,560.0,154.0,Áb-a-lim,0.9613
7,241.0,150.0,417.2,183.0,tù-<na>-a-ra-ma,0.9783
7,417.2,150.0,429.0,183.0,/,0.9783
7,429.0,150.0,523.0,183.0,ta-lá-qé,0.9783
7,241.0,183.0,252.5,213.0,ù,0.9809
7,252.5,183.0,298.3,213.0,i-na,0.9809
7,298.3,183.0,390.0,213.0,i-ta-tim,0.9809
7,240.0,213.0,344.0,243.0,me-er-u-a,0.9903
7,89.0,243.0,139.0,272.0,u.K.,0.9674
7,240.0,240.0,252.2,268.0,a,0.9967
7,252.2,240.0,362.0,268.0,bé-ta-tim,0.9967
7,162.0,270.0,198.0,300.0,20,0.9999
7,239.0,265.0,261.4,297.0,lá,0.8915
7,261.4,265.0,384.7,297.0,il5-qé-u-ni,0.8915
7,384.7,265.0,395.9,297.0,4,0.8915
7,395.9,265.0,452.0,297.0,GU.TA,0.8915
7,88.0,298.0,129.0,326.0,Rs.,0.9989
7,239.0,293.0,299.2,322.0,URUDU,0.9865
7,299.2,293.0,359.4,322.0,ki-ma,0.9865
7,359.4,293.0,516.0,322.0,bé-ta-ti-u-nu,0.9865
7,237.0,321.0,333.2,351.0,i-lá-qé-u,0.9488
7,333.2,321.0,376.0,351.0,i-na,0.9488
7,239.0,349.0,288.9,375.0,i-tí,0.9723
7,288.9,349.0,401.0,375.0,KU.BABBAR,0.9723
7,401.0,349.0,475.8,375.0,am-tim,0.9723
7,475.8,349.0,588.0,375.0,wa-ar-dim,0.9723
7,240.0,379.0,313.2,403.0,a-i-ti,0.9397
7,313.2,379.0,410.9,403.0,u-Be-lim,0.9397
7,410.9,379.0,423.1,403.0,ù,0.9397
7,423.1,379.0,533.0,403.0,me-er-u-a,0.9397
7,160.0,407.0,195.0,435.0,25,1.0
7,237.0,406.0,299.7,434.0,mu-tá,0.9911
7,299.7,406.0,400.0,434.0,mu-tá-ma,0.9911
7,238.0,435.0,323.5,460.0,i-zu-zu,0.9713
7,323.5,435.0,408.9,460.0,a-wi-su,0.9713
7,408.9,435.0,421.1,460.0,a,0.9713
7,421.1,435.0,531.0,460.0,A-ùr-i-di,0.9713
7,238.0,464.0,413.5,489.0,wa-u-ra-sú-um,0.9807
7,413.5,464.0,467.5,489.0,u-ma,0.9807
7,467.5,464.0,589.0,489.0,KU.BABBAR,0.9807
7,237.0,493.0,303.3,517.0,i-a-ti,0.9357
7,303.3,493.0,358.5,517.0,mì-ma,0.9357
7,358.5,493.0,402.7,517.0,ú-la,0.9357
7,402.7,493.0,491.0,517.0,i-ti-tám,0.9357
7,236.0,519.0,250.5,546.0,4,0.9621
7,250.5,519.0,323.3,546.0,GU.TA,0.9621
7,323.3,519.0,396.0,546.0,URUDU,0.9621
7,160.0,546.0,195.0,576.0,30,0.9998
7,236.0,547.0,247.1,574.0,a,0.9227
7,247.1,547.0,402.0,574.0,bé-ta-ti-Su-nu,0.9227
7,235.0,574.0,334.0,604.0,me-er-u-a,0.951
7,334.0,574.0,345.0,604.0,/,0.951
7,345.0,574.0,389.0,604.0,u-lá,0.951
7,389.0,574.0,488.0,604.0,i-lá-qé-u,0.951
7,238.0,605.0,251.5,626.0,2,0.9907
7,251.5,605.0,319.2,626.0,ma-na,0.9907
7,319.2,605.0,441.0,626.0,KU.BABBAR,0.9907
7,235.0,631.0,367.0,658.0,Puzur4-Itar,0.963
7,367.0,631.0,439.0,658.0,u-WA-u,0.963
7,233.0,659.0,247.0,690.0,2,0.9379
7,247.0,659.0,317.0,690.0,ma-na,0.9379
7,317.0,659.0,443.0,690.0,KU.BABBAR,0.9379
7,443.0,659.0,625.0,690.0,U-ú-ur-a-A-ùr,0.9379
7,158.0,688.0,193.0,717.0,35,0.9999
7,232.0,687.0,311.0,716.0,u-ta-ar,0.9502
7,233.0,716.0,383.0,742.0,e-li-a-tù-u-nu,0.9623
7,234.0,745.0,428.0,773.0,a-pu-a-ti-u-nu-ma,0.9982
7,81.0,767.0,133.0,801.0,o.K.,0.968
7,231.0,770.0,337.0,801.0,i-ta-pu-lu,0.9997
7,232.0,798.0,344.1,828.0,A-bi-i-li,0.9787
7,344.1,798.0,393.9,828.0,u-ma,0.9787
7,393.9,798.0,418.8,828.0,10,0.9787
7,418.8,798.0,481.0,828.0,ma-na,0.9787
7,155.0,824.0,191.0,854.0,40,0.9999
7,231.0,826.0,347.4,858.0,KU.BABBAR,0.9925
7,347.4,826.0,438.0,858.0,i-a-qal,0.9925
7,78.0,853.0,122.0,884.0,1.S.,0.8319
7,232.0,856.0,297.0,890.0,qá-di,0.9682
7,297.0,856.0,414.0,890.0,a-hi-u-ma,0.9682
7,414.0,856.0,427.0,890.0,/,0.9682
7,427.0,856.0,518.0,890.0,i-zu-az,0.9682
7,518.0,856.0,570.0,890.0,u-ma,0.9682
7,570.0,856.0,596.0,890.0,10,0.9682
7,596.0,856.0,661.0,890.0,ma-na,0.9682
7,232.0,885.0,346.8,916.0,KU.BABBAR,0.9389
7,346.8,885.0,372.2,916.0,lá,0.9389
7,372.2,885.0,436.0,916.0,i-qúl,0.9389
7,436.0,885.0,448.8,916.0,/,0.9389
7,448.8,885.0,550.8,916.0,na-sí-ih,0.9389
7,550.8,885.0,563.5,916.0,ù,0.9389
7,563.5,885.0,589.0,916.0,10,0.9389
7,589.0,885.0,691.0,916.0,ma-na.TA,0.9389
7,232.0,915.0,338.3,946.0,KU.BABBAR,0.9696
7,338.3,915.0,385.6,946.0,a-na,0.9696
7,385.6,915.0,456.5,946.0,a-hi-u,0.9696
7,456.5,915.0,574.6,946.0,i-na-pá-al,0.9696
7,574.6,915.0,610.0,946.0,IGI,0.9696
7,610.0,915.0,740.0,946.0,I-di-Sú-en6,0.9696
7,231.0,945.0,265.0,975.0,IGI,0.9341
7,265.0,945.0,378.3,975.0,A-ùr-na-da,0.9341
7,378.3,945.0,412.3,975.0,IGI,0.9341
7,412.3,945.0,605.0,975.0,A-pi-il5-ke-<en6>,0.9341
7,605.0,945.0,639.0,975.0,IGI,0.9341
7,639.0,945.0,741.0,975.0,I-ku-pi-a,0.9341
7,152.0,971.0,188.0,1000.0,45,1.0
7,231.0,974.0,263.1,999.0,IGI,0.9553
7,263.1,974.0,338.0,999.0,Sà-li-a,0.9553
7,71.0,1055.0,134.8,1092.0,Stadt,0.9796
7,134.8,1055.0,211.3,1092.0,gehört,0.9796
7,211.3,1055.0,287.9,1092.0,meiner,0.9796
7,287.9,1055.0,351.7,1092.0,Frau.,0.9796
7,351.7,1055.0,428.2,1092.0,3-5)Am,0.9796
7,428.2,1055.0,504.8,1092.0,Silber,0.9796
7,504.8,1055.0,555.8,1092.0,soll,0.9796
7,555.8,1055.0,594.1,1092.0,sie,0.9796
7,594.1,1055.0,696.2,1092.0,zusammen,0.9796
7,696.2,1055.0,734.4,1092.0,mit,0.9796
7,734.4,1055.0,811.0,1092.0,meinen,0.9796
7,72.0,1087.0,147.5,1115.0,Söhnen,0.9909
7,147.5,1087.0,223.0,1115.0,erben.,0.9909
7,212.0,1085.0,283.4,1122.0,5.6)An,0.9649
7,283.4,1085.0,319.1,1122.0,dem,0.9649
7,319.1,1085.0,402.4,1122.0,"Silber,",0.9649
7,402.4,1085.0,461.9,1122.0,ihrem,0.9649
7,461.9,1085.0,557.1,1122.0,"Erbteil,",0.9649
7,557.1,1085.0,592.8,1122.0,ist,0.9649
7,592.8,1085.0,628.5,1122.0,sie,0.9649
7,628.5,1085.0,688.0,1122.0,Vater,0.9649
7,688.0,1085.0,723.7,1122.0,und,0.9649
7,723.7,1085.0,807.0,1122.0,Mutter.,0.9649
7,67.0,1110.0,143.7,1157.0,7-9Das,0.9863
7,143.7,1110.0,194.8,1157.0,Haus,0.9863
7,194.8,1110.0,233.1,1157.0,und,0.9863
7,233.1,1110.0,271.4,1157.0,das,0.9863
7,271.4,1110.0,360.8,1157.0,"Silber,",0.9863
7,360.8,1110.0,399.2,1157.0,das,0.9863
7,399.2,1110.0,437.5,1157.0,sie,0.9863
7,437.5,1110.0,565.3,1157.0,"hinterlät,",0.9863
7,565.3,1110.0,603.6,1157.0,und,0.9863
7,603.6,1110.0,680.2,1157.0,"alles,",0.9863
7,680.2,1110.0,718.6,1157.0,was,0.9863
7,718.6,1110.0,756.9,1157.0,sie,0.9863
7,756.9,1110.0,808.0,1157.0,"hat,",0.9863
7,73.0,1147.0,162.2,1170.0,gehört,0.9645
7,162.2,1147.0,206.9,1170.0,dem,0.9645
7,206.9,1147.0,311.0,1170.0,u-Blum.,0.9645
7,312.0,1140.0,428.0,1182.0,9-10)Das,0.9691
7,428.0,1140.0,486.0,1182.0,Haus,0.9691
7,486.0,1140.0,515.0,1182.0,in,0.9691
7,515.0,1140.0,573.0,1182.0,Kani,0.9691
7,573.0,1140.0,660.0,1182.0,gehört,0.9691
7,660.0,1140.0,703.5,1182.0,dem,0.9691
7,703.5,1140.0,805.0,1182.0,u-Blum.,0.9691
7,72.0,1170.0,200.2,1206.0,11·12)Meine,0.9699
7,200.2,1170.0,258.5,1206.0,Söhne,0.9699
7,258.5,1170.0,328.4,1206.0,sollen,0.9699
7,328.4,1170.0,363.4,1206.0,die,0.9699
7,363.4,1170.0,456.6,1206.0,Glubiger,0.9699
7,456.6,1170.0,573.1,1206.0,begleichen,0.9699
7,573.1,1170.0,713.0,1206.0,(zufrieden).,0.9699
7,716.0,1176.0,805.0,1207.0,12-16)Von,0.9852
7,71.0,1199.0,109.5,1237.0,dem,0.9754
7,109.5,1199.0,199.2,1237.0,"Silber,",0.9754
7,199.2,1199.0,237.7,1237.0,das,0.9754
7,237.7,1199.0,276.2,1237.0,mir,0.9754
7,276.2,1199.0,340.3,1237.0,übrig,0.9754
7,340.3,1199.0,430.1,1237.0,"bleibt,",0.9754
7,430.1,1199.0,481.4,1237.0,soll,0.9754
7,481.4,1199.0,519.9,1237.0,die,0.9754
7,519.9,1199.0,609.6,1237.0,Ab-alim,0.9754
7,609.6,1199.0,648.1,1237.0,1/3,0.9754
7,648.1,1199.0,673.8,1237.0,M.,0.9754
7,673.8,1199.0,725.1,1237.0,Gold,0.9754
7,725.1,1199.0,789.2,1237.0,(und),0.9754
7,789.2,1199.0,802.0,1237.0,1,0.9754
7,74.0,1233.0,99.5,1255.0,M.,0.9989
7,99.5,1233.0,175.9,1255.0,Silber,0.9989
7,175.9,1233.0,290.6,1255.0,abzweigen,0.9989
7,290.6,1233.0,328.8,1255.0,und,0.9989
7,328.8,1233.0,418.0,1255.0,nehmen.,0.9989
7,414.0,1226.0,523.1,1268.0,17-22)Und,0.9818
7,523.1,1226.0,559.5,1268.0,von,0.9818
7,559.5,1226.0,595.9,1268.0,den,0.9818
7,595.9,1226.0,668.6,1268.0,Resten,0.9818
7,668.6,1226.0,741.4,1268.0,sollen,0.9818
7,741.4,1226.0,802.0,1268.0,meine,0.9818
8,91.0,72.0,127.0,102.0,24,0.9999
8,182.0,75.0,195.0,90.0,2,0.5148
8,658.0,80.0,725.7,101.0,Irfan,0.9981
8,725.7,80.0,834.0,101.0,ALBAYRAK,0.9981
8,94.0,121.0,172.2,153.0,"Söhne,",0.9864
8,172.2,121.0,211.3,153.0,die,0.9864
8,211.3,121.0,276.5,153.0,keine,0.9864
8,276.5,121.0,354.7,153.0,Häuser,0.9864
8,354.7,121.0,485.1,153.0,"erhielten,",0.9864
8,485.1,121.0,576.3,153.0,jeweils,0.9864
8,576.3,121.0,589.3,153.0,4,0.9864
8,589.3,121.0,615.4,153.0,T.,0.9864
8,615.4,121.0,693.6,153.0,Kupfer,0.9864
8,693.6,121.0,797.9,153.0,anstelle,0.9864
8,797.9,121.0,837.0,153.0,von,0.9864
8,94.0,151.0,174.0,180.0,Häusern,0.9847
8,174.0,151.0,208.3,180.0,für,0.9847
8,208.3,151.0,254.1,180.0,sich,0.9847
8,254.1,151.0,357.0,180.0,erhalten.,0.9847
8,355.0,148.0,463.4,186.0,23-26)Von,0.9752
8,463.4,148.0,499.6,186.0,dem,0.9752
8,499.6,148.0,547.8,186.0,Rest,0.9752
8,547.8,148.0,583.9,186.0,des,0.9752
8,583.9,148.0,680.3,186.0,"Silbers,",0.9752
8,680.3,148.0,716.5,186.0,der,0.9752
8,716.5,148.0,800.8,186.0,Sklavin,0.9752
8,800.8,148.0,837.0,186.0,und,0.9752
8,94.0,181.0,133.7,213.0,des,0.992
8,133.7,181.0,226.3,213.0,Sklaven,0.992
8,226.3,181.0,305.7,213.0,sollen,0.992
8,305.7,181.0,371.9,213.0,meine,0.992
8,371.9,181.0,438.0,213.0,"Frau,",0.992
8,438.0,181.0,517.4,213.0,u-Blum,0.992
8,517.4,181.0,557.1,213.0,und,0.992
8,557.1,181.0,623.3,213.0,meine,0.992
8,623.3,181.0,742.4,213.0,(anderen),0.992
8,742.4,181.0,808.5,213.0,Söhne,0.992
8,808.5,181.0,835.0,213.0,je,0.992
8,95.0,213.0,144.8,242.0,nach,0.9995
8,144.8,213.0,269.3,242.0,Restbetrag,0.9995
8,269.3,213.0,344.0,242.0,erben.,0.9995
8,358.0,212.0,394.0,227.0,26-27,0.9999
8,395.0,214.0,442.0,239.0,Die,0.9722
8,442.0,214.0,536.1,239.0,awitum,0.9722
8,536.1,214.0,583.1,239.0,von,0.9722
8,583.1,214.0,739.9,239.0,Aur-iddi(n,0.9722
8,739.9,214.0,787.0,239.0,ist,0.9722
8,787.0,214.0,834.0,239.0,ihm,0.9722
8,95.0,240.0,214.0,269.0,überlassen.,0.9979
8,216.0,237.0,342.3,273.0,27-32)Wenn,0.9842
8,342.3,237.0,392.9,273.0,kein,0.9842
8,392.9,237.0,468.7,273.0,Silber,0.9842
8,468.7,237.0,506.6,273.0,von,0.9842
8,506.6,237.0,544.4,273.0,mir,0.9842
8,544.4,237.0,607.6,273.0,übrig,0.9842
8,607.6,237.0,696.0,273.0,"bleibt,",0.9842
8,696.0,237.0,771.8,273.0,sollen,0.9842
8,771.8,237.0,835.0,273.0,meine,0.9842
8,95.0,272.0,158.6,299.0,Söhne,0.9841
8,158.6,272.0,247.7,299.0,jeweils,0.9841
8,247.7,272.0,260.4,299.0,4,0.9841
8,260.4,272.0,285.9,299.0,T.,0.9841
8,285.9,272.0,362.2,299.0,Kupfer,0.9841
8,362.2,272.0,489.4,299.0,(anstelle),0.9841
8,489.4,272.0,527.6,299.0,von,0.9841
8,527.6,272.0,591.2,299.0,ihren,0.9841
8,591.2,272.0,680.3,299.0,Häusern,0.9841
8,680.3,272.0,718.5,299.0,für,0.9841
8,718.5,272.0,769.4,299.0,sich,0.9841
8,769.4,272.0,833.0,299.0,nicht,0.9841
8,93.0,299.0,184.0,325.0,erhalten.,0.9999
8,186.0,294.0,276.9,331.0,32-35)2,0.9457
8,276.9,294.0,302.8,331.0,M.,0.9457
8,302.8,294.0,380.7,331.0,Silber,0.9457
8,380.7,294.0,432.6,331.0,wird,0.9457
8,432.6,294.0,562.4,331.0,Puzur-Itar,0.9457
8,562.4,294.0,627.3,331.0,.....,0.9457
8,627.3,294.0,666.3,331.0,und,0.9457
8,666.3,294.0,679.2,331.0,2,0.9457
8,679.2,294.0,705.2,331.0,M.,0.9457
8,705.2,294.0,783.1,331.0,Silber,0.9457
8,783.1,294.0,835.0,331.0,wird,0.9457
8,94.0,328.0,225.8,355.0,Usur-a-Aur,0.9769
8,225.8,328.0,384.0,355.0,zurückgeben.,0.9769
8,398.0,329.0,437.0,343.0,36-38),0.9248
8,433.0,330.0,484.6,355.0,Ihre,0.9928
8,484.6,330.0,639.5,355.0,zusätzlichen,0.9928
8,639.5,330.0,742.7,355.0,Ausgaben,0.9928
8,742.7,330.0,794.3,355.0,sind,0.9928
8,794.3,330.0,833.0,355.0,auf,0.9928
8,93.0,355.0,151.3,386.0,ihren,0.9988
8,151.3,355.0,233.0,386.0,Stirnen,0.9988
8,233.0,355.0,349.7,386.0,(gebunden),0.9988
8,349.7,355.0,384.7,386.0,und,0.9988
8,384.7,355.0,489.7,386.0,Ausgleich,0.9988
8,489.7,355.0,583.0,386.0,gezahlt.,0.9988
8,578.0,353.0,716.7,390.0,39-41)Abi-ili,0.9791
8,716.7,353.0,770.0,390.0,"soll,",0.9791
8,770.0,353.0,812.7,390.0,wenn,0.9791
8,812.7,353.0,834.0,390.0,er,0.9791
8,94.0,384.0,118.6,415.0,10,0.995
8,118.6,384.0,143.2,415.0,M.,0.995
8,143.2,384.0,217.0,415.0,Silber,0.995
8,217.0,384.0,290.9,415.0,"zahlt,",0.995
8,290.9,384.0,389.3,415.0,zusammen,0.995
8,389.3,384.0,426.2,415.0,mit,0.995
8,426.2,384.0,500.0,415.0,seinen,0.995
8,500.0,384.0,586.2,415.0,Brüdern,0.995
8,586.2,384.0,660.0,415.0,erben.,0.995
8,661.0,384.0,774.3,413.0,41-43)Wenn,0.9982
8,774.3,384.0,797.0,413.0,er,0.9982
8,797.0,384.0,831.0,413.0,die,0.9982
8,94.0,413.0,118.9,442.0,10,0.9803
8,118.9,413.0,143.9,442.0,M.,0.9803
8,143.9,413.0,218.7,442.0,Silber,0.9803
8,218.7,413.0,281.1,442.0,nicht,0.9803
8,281.1,413.0,356.0,442.0,"zahlt,",0.9803
8,356.0,413.0,393.4,442.0,ist,0.9803
8,393.4,413.0,418.3,442.0,er,0.9803
8,418.3,413.0,505.7,442.0,enterbt,0.9803
8,505.7,413.0,543.1,442.0,und,0.9803
8,543.1,413.0,593.0,442.0,soll,0.9803
8,593.0,413.0,667.8,442.0,seinen,0.9803
8,667.8,413.0,755.2,442.0,Brüdern,0.9803
8,755.2,413.0,780.1,442.0,je,0.9803
8,780.1,413.0,805.1,442.0,10,0.9803
8,805.1,413.0,830.0,442.0,M.,0.9803
8,94.0,442.0,159.1,468.0,Silber,0.9992
8,159.1,442.0,235.0,468.0,zahlen.,0.9992
8,236.0,438.0,347.8,475.0,43-45)Vor,0.9706
8,347.8,438.0,521.6,475.0,"Iddi(n)-Su'en,",0.9706
8,521.6,438.0,558.8,475.0,vor,0.9706
8,558.8,438.0,658.2,475.0,"Aur-nda,",0.9706
8,658.2,438.0,695.4,475.0,vor,0.9706
8,695.4,438.0,794.8,475.0,"Apil-kn,",0.9706
8,794.8,438.0,832.0,475.0,vor,0.9706
8,93.0,471.0,187.3,501.0,"Ikuppija,",0.9822
8,187.3,471.0,218.7,501.0,vor,0.9822
8,218.7,471.0,292.0,501.0,Salija.,0.9822
8,94.0,530.0,245.0,558.0,Anmerkungen:,0.9938
8,94.0,565.0,120.7,596.0,Z.,0.9827
8,120.7,565.0,174.2,596.0,1-2),0.9827
8,174.2,565.0,267.7,596.0,Weitere,0.9827
8,267.7,565.0,401.4,596.0,Testamente,0.9827
8,401.4,565.0,454.8,596.0,sind,0.9827
8,454.8,565.0,494.9,596.0,ICK,0.9827
8,494.9,565.0,521.6,596.0,"I,",0.9827
8,521.6,565.0,561.7,596.0,"12,",0.9827
8,561.7,565.0,601.8,596.0,BIN,0.9827
8,601.8,565.0,641.9,596.0,"VI,",0.9827
8,641.9,565.0,695.4,596.0,"222,",0.9827
8,695.4,565.0,722.1,596.0,RA,0.9827
8,722.1,565.0,748.8,596.0,60,0.9827
8,748.8,565.0,829.0,596.0,131ff.,0.9827
8,93.0,593.0,134.0,624.0,Für,0.9809
8,134.0,593.0,311.7,624.0,Bearbeitungen,0.9809
8,311.7,593.0,366.3,624.0,vgl.,0.9809
8,366.3,593.0,393.7,624.0,W.,0.9809
8,393.7,593.0,434.7,624.0,von,0.9809
8,434.7,593.0,516.7,624.0,"Soden,",0.9809
8,516.7,593.0,544.0,624.0,WO,0.9809
8,544.0,593.0,571.3,624.0,"8,",0.9809
8,571.3,593.0,680.7,624.0,"1975-76,",0.9809
8,680.7,593.0,762.7,624.0,211ff.,0.9809
8,762.7,593.0,803.7,624.0,und,0.9809
8,803.7,593.0,831.0,624.0,C.,0.9809
8,94.0,622.0,181.6,653.0,"Wilcke,",0.984
8,181.6,622.0,206.6,653.0,ZA,0.984
8,206.6,622.0,244.1,653.0,"66,",0.984
8,244.1,622.0,306.6,653.0,"1976,",0.984
8,306.6,622.0,381.7,653.0,196ff.,0.984
8,381.7,622.0,431.7,653.0,Alle,0.984
8,431.7,622.0,544.3,653.0,Examplare,0.984
8,544.3,622.0,594.3,653.0,sind,0.984
8,594.3,622.0,769.5,653.0,gekennzeichnet,0.984
8,769.5,622.0,832.0,653.0,durch,0.984
8,96.0,655.0,134.6,680.0,die,0.9731
8,134.6,655.0,353.1,680.0,Einleitungsformel,0.9731
8,353.1,655.0,378.8,680.0,Pn,0.9731
8,378.8,655.0,455.9,680.0,imtu-u,0.9731
8,455.9,655.0,507.3,680.0,bzw.,0.9731
8,507.3,655.0,558.8,680.0,imti,0.9731
8,558.8,655.0,623.0,680.0,bti-u,0.9731
8,623.0,655.0,713.0,680.0,iim-ma.,0.9731
8,94.0,711.0,118.6,737.0,Z.,0.9745
8,118.6,711.0,143.1,737.0,6),0.9745
8,143.1,711.0,229.1,737.0,a-ba-at,0.9745
8,229.1,711.0,241.4,737.0,ú,0.9745
8,241.4,711.0,339.7,737.0,um-ma-at,0.9745
8,339.7,711.0,376.5,737.0,ist,0.9745
8,376.5,711.0,450.2,737.0,sicher,0.9745
8,450.2,711.0,487.1,737.0,als,0.9745
8,487.1,711.0,536.2,737.0,fem.,0.9745
8,536.2,711.0,597.6,737.0,Stat.,0.9745
8,597.6,711.0,622.2,737.0,Zu,0.9745
8,622.2,711.0,659.0,737.0,der,0.9745
8,659.0,711.0,769.6,737.0,bekannten,0.9745
8,769.6,711.0,831.0,737.0,abum-,0.9745
8,94.0,739.0,254.6,765.0,ummum-Formel,0.9882
8,254.6,739.0,281.3,765.0,zu,0.9882
8,281.3,739.0,482.1,765.0,"interpretieren,",0.9882
8,482.1,739.0,522.2,765.0,die,0.9882
8,522.2,739.0,589.1,765.0,auBer,0.9882
8,589.1,739.0,602.5,765.0,I,0.9882
8,602.5,739.0,642.7,765.0,837,0.9882
8,642.7,739.0,682.8,765.0,(FS,0.9882
8,682.8,739.0,803.2,765.0,Güterbock,0.9882
8,803.2,739.0,830.0,765.0,II,0.9882
8,94.0,768.0,178.5,792.0,"141ff),",0.9551
8,178.5,768.0,335.3,792.0,"5,10(gen.),13",0.9551
8,335.3,768.0,371.5,792.0,und,0.9551
8,371.5,768.0,395.6,792.0,TC,0.9551
8,395.6,768.0,431.8,792.0,"62,",0.9551
8,431.8,768.0,468.0,792.0,"2',",0.9551
8,468.0,768.0,612.8,792.0,"9'(gen.),17'",0.9551
8,612.8,768.0,649.0,792.0,vor,0.9551
8,649.0,768.0,709.3,792.0,allem,0.9551
8,709.3,768.0,757.6,792.0,noch,0.9551
8,757.6,768.0,781.7,792.0,Kt,0.9551
8,781.7,768.0,830.0,792.0,89/k,0.9551
8,93.0,796.0,141.3,822.0,"369,",0.9809
8,141.3,796.0,274.0,822.0,"7(gen.),11;",0.9809
8,274.0,796.0,322.2,822.0,"370,",0.9809
8,322.2,796.0,370.5,822.0,"6-7,",0.9809
8,370.5,796.0,479.1,822.0,"14(gen.),",0.9809
8,479.1,796.0,503.2,822.0,25,0.9809
8,503.2,796.0,539.4,822.0,und,0.9809
8,539.4,796.0,575.6,822.0,e/k,0.9809
8,575.6,796.0,611.8,822.0,167,0.9809
8,611.8,796.0,660.1,822.0,"6,12",0.9809
8,660.1,796.0,732.5,822.0,(gen.),0.9809
8,732.5,796.0,792.8,822.0,(alle,0.9809
8,792.8,796.0,829.0,822.0,bei,0.9809
8,93.0,825.0,218.0,850.0,"V.Donbaz,",0.9817
8,218.0,825.0,245.8,850.0,FS,0.9817
8,245.8,825.0,343.0,850.0,"N.Özgü,",0.9817
8,343.0,825.0,384.6,850.0,141,0.9817
8,384.6,825.0,440.2,850.0,ff.),0.9817
8,440.2,825.0,523.5,850.0,belegt,0.9817
8,523.5,825.0,565.2,850.0,ist,0.9817
8,565.2,825.0,606.8,850.0,und,0.9817
8,606.8,825.0,648.5,850.0,mit,0.9817
8,648.5,825.0,690.1,850.0,der,0.9817
8,690.1,825.0,731.8,850.0,das,0.9817
8,731.8,825.0,829.0,850.0,einzige,0.9817
8,93.0,851.0,280.4,883.0,Verfügungsrecht,0.9846
8,280.4,851.0,317.8,883.0,der,0.9846
8,317.8,851.0,392.8,883.0,Eltern,0.9846
8,392.8,851.0,442.8,883.0,über,0.9846
8,442.8,851.0,480.2,883.0,den,0.9846
8,480.2,851.0,617.6,883.0,Fammiliären,0.9846
8,617.6,851.0,692.6,883.0,Besitz,0.9846
8,692.6,851.0,830.0,883.0,beschrieben,0.9846
8,89.0,881.0,153.0,913.0,wird.,0.9993
8,94.0,915.0,119.3,946.0,Z.,0.9832
8,119.3,915.0,144.7,946.0,7),0.9832
8,144.7,915.0,284.1,946.0,wa-ar-kà-sà,0.9832
8,284.1,915.0,360.1,946.0,möchte,0.9832
8,360.1,915.0,398.1,946.0,man,0.9832
8,398.1,915.0,524.9,946.0,eigentlich,0.9832
8,524.9,915.0,562.9,946.0,von,0.9832
8,562.9,915.0,651.6,946.0,warktum,0.9832
8,651.6,915.0,753.0,946.0,ableiten,0.9832
8,753.0,915.0,791.0,946.0,und,0.9832
8,791.0,915.0,829.0,946.0,als,0.9832
8,94.0,943.0,155.3,976.0,",,ihr",0.993
8,155.3,943.0,216.7,976.0,"Erbe""",0.993
8,216.7,943.0,351.6,976.0,übersetzen.,0.993
8,351.6,943.0,376.1,976.0,Da,0.993
8,376.1,943.0,400.7,976.0,es,0.993
8,400.7,943.0,449.7,976.0,aber,0.993
8,449.7,943.0,511.1,976.0,wenig,0.993
8,511.1,943.0,609.2,976.0,sinnvoll,0.993
8,609.2,943.0,731.9,976.0,"erscheint,",0.993
8,731.9,943.0,768.7,976.0,daB,0.993
8,768.7,943.0,830.0,976.0,Aguas,0.993
8,94.0,970.0,144.8,1002.0,Sohn,0.9964
8,144.8,970.0,233.6,1002.0,"u-Blum,",0.9964
8,233.6,970.0,335.1,1002.0,Besitzer,0.9964
8,335.1,970.0,373.2,1002.0,des,0.9964
8,373.2,970.0,474.7,1002.0,Besitzes,0.9964
8,474.7,970.0,550.8,1002.0,seiner,0.9964
8,550.8,970.0,627.0,1002.0,Mutter,0.9964
8,627.0,970.0,677.7,1002.0,sein,0.9964
8,677.7,970.0,741.2,1002.0,"soll,",0.9964
8,741.2,970.0,830.0,1002.0,möchten,0.9964
8,93.0,998.0,133.2,1032.0,wir,0.9793
8,133.2,998.0,186.8,1032.0,eher,0.9793
8,186.8,998.0,213.6,1032.0,an,0.9793
8,213.6,998.0,267.2,1032.0,eine,0.9793
8,267.2,998.0,387.8,1032.0,"Regelung,",0.9793
8,387.8,998.0,428.0,1032.0,wie,0.9793
8,428.0,998.0,454.8,1032.0,in,0.9793
8,454.8,998.0,481.6,1032.0,KH,0.9793
8,481.6,998.0,495.0,1032.0,§,0.9793
8,495.0,998.0,548.6,1032.0,"158,",0.9793
8,548.6,998.0,642.4,1032.0,"denken,",0.9793
8,642.4,998.0,669.2,1032.0,wo,0.9793
8,669.2,998.0,709.4,1032.0,der,0.9793
8,709.4,998.0,830.0,1032.0,verwandte,0.9793
8,93.0,1026.0,198.1,1061.0,Ausdruck,0.9843
8,198.1,1026.0,250.7,1061.0,arki,0.9843
8,250.7,1026.0,290.1,1061.0,abi,0.9843
8,290.1,1026.0,355.9,1061.0,",nach",0.9843
8,355.9,1026.0,395.3,1061.0,dem,0.9843
8,395.3,1026.0,447.9,1061.0,Tode,0.9843
8,447.9,1026.0,487.3,1061.0,des,0.9843
8,487.3,1026.0,579.3,1061.0,"Vaters""",0.9843
8,579.3,1026.0,697.6,1061.0,bedeutet.,0.9843
8,697.6,1026.0,776.4,1061.0,u-Blum,0.9843
8,776.4,1026.0,829.0,1061.0,wäre,0.9843
8,94.0,1056.0,162.1,1088.0,damit,0.9839
8,162.1,1056.0,203.0,1088.0,als,0.9839
8,203.0,1056.0,312.1,1088.0,Nacherbe,0.9839
8,312.1,1056.0,393.9,1088.0,seiner,0.9839
8,393.9,1056.0,475.6,1088.0,Mutter,0.9839
8,475.6,1056.0,598.3,1088.0,bestimmt.,0.9839
8,598.3,1056.0,666.4,1088.0,mimma,0.9839
8,666.4,1056.0,693.7,1088.0,ti,0.9839
8,693.7,1056.0,775.5,1088.0,könnte,0.9839
8,775.5,1056.0,830.0,1088.0,dann,0.9839
8,93.0,1084.0,173.3,1118.0,Besitz,0.9869
8,173.3,1084.0,213.4,1118.0,der,0.9869
8,213.4,1084.0,293.7,1118.0,Gattin,0.9869
8,293.7,1084.0,333.9,1118.0,des,0.9869
8,333.9,1084.0,387.4,1118.0,Agüa,0.9869
8,387.4,1084.0,534.6,1118.0,"bezeichnen,",0.9869
8,534.6,1084.0,574.7,1118.0,der,0.9869
8,574.7,1084.0,641.7,1118.0,nicht,0.9869
8,641.7,1084.0,681.8,1118.0,aus,0.9869
8,681.8,1084.0,721.9,1118.0,dem,0.9869
8,721.9,1084.0,762.1,1118.0,von,0.9869
8,762.1,1084.0,829.0,1118.0,ihrem,0.9869
8,95.0,1114.0,160.3,1147.0,Gatten,0.9974
8,160.3,1114.0,247.3,1147.0,Ererbten,0.9974
8,247.3,1114.0,301.7,1147.0,(z.B.,0.9974
8,301.7,1114.0,388.8,1147.0,"Mitgift,",0.9974
8,388.8,1114.0,454.1,1147.0,eigene,0.9974
8,454.1,1114.0,660.8,1147.0,Geschäftstätigkeit),0.9974
8,660.8,1114.0,737.0,1147.0,stammt.,0.9974
8,95.0,1152.0,121.2,1184.0,Z.,0.9851
8,121.2,1152.0,147.5,1184.0,9),0.9851
8,147.5,1152.0,226.2,1184.0,u-Blum,0.9851
8,226.2,1152.0,265.6,1184.0,war,0.9851
8,265.6,1152.0,449.4,1184.0,wahrscheinlich,0.9851
8,449.4,1152.0,488.8,1184.0,der,0.9851
8,488.8,1152.0,580.6,1184.0,älteste,0.9851
8,580.6,1152.0,633.1,1184.0,Sohn,0.9851
8,633.1,1152.0,672.5,1184.0,von,0.9851
8,672.5,1152.0,738.1,1184.0,Agua.,0.9851
8,738.1,1152.0,764.4,1184.0,Da,0.9851
8,764.4,1152.0,790.6,1184.0,er,0.9851
8,790.6,1152.0,830.0,1184.0,das,0.9851
8,96.0,1177.0,147.6,1213.0,Haus,0.9791
8,147.6,1177.0,224.9,1213.0,seines,0.9791
8,224.9,1177.0,302.3,1213.0,Vaters,0.9791
8,302.3,1177.0,328.1,1213.0,in,0.9791
8,328.1,1177.0,379.7,1213.0,Kani,0.9791
8,379.7,1177.0,444.2,1213.0,"erbt,",0.9791
8,444.2,1177.0,495.7,1213.0,darf,0.9791
8,495.7,1177.0,534.4,1213.0,man,0.9791
8,534.4,1177.0,650.5,1213.0,"vermuten,",0.9791
8,650.5,1177.0,689.2,1213.0,daB,0.9791
8,689.2,1177.0,727.8,1213.0,o/k,0.9791
8,727.8,1177.0,779.4,1213.0,196a,0.9791
8,779.4,1177.0,818.1,1213.0,und,0.9791
8,818.1,1177.0,831.0,1213.0,c,0.9791
8,95.0,1206.0,123.3,1241.0,in,0.9891
8,123.3,1206.0,208.2,1241.0,diesem,0.9891
8,208.2,1206.0,264.8,1241.0,Haus,0.9891
8,264.8,1206.0,378.1,1241.0,gefunden,0.9891
8,378.1,1206.0,463.0,1241.0,wurde.,0.9891
8,463.0,1206.0,533.8,1241.0,Warum,0.9891
8,533.8,1206.0,618.7,1241.0,u-Blum,0.9891
8,618.7,1206.0,746.1,1241.0,gegenüber,0.9891
8,746.1,1206.0,831.0,1241.0,seinen,0.9891
8,96.0,1235.0,236.0,1269.0,Geschwistern,0.9898
8,236.0,1235.0,329.3,1269.0,derartig,0.9898
8,329.3,1235.0,434.3,1269.0,bevorzugt,0.9898
8,434.3,1235.0,492.7,1269.0,"wird,",0.9898
8,492.7,1235.0,539.3,1269.0,kann,0.9898
8,539.3,1235.0,597.7,1269.0,nicht,0.9898
8,597.7,1235.0,632.7,1269.0,mit,0.9898
8,632.7,1235.0,749.3,1269.0,Sicherheit,0.9898
8,749.3,1235.0,831.0,1269.0,erklärt,0.9898
9,91.0,86.0,134.7,115.0,EIN,0.9802
9,134.7,86.0,207.5,115.0,NEUES,0.9802
9,207.5,86.0,411.3,115.0,ALTASSYRISCHES,0.9802
9,411.3,86.0,542.4,115.0,TESTAMENT,0.9802
9,542.4,86.0,586.1,115.0,AUS,0.9802
9,586.1,86.0,688.0,115.0,KÜLTEPE,0.9802
9,780.0,86.0,810.0,114.0,25,1.0
9,92.0,135.0,176.7,159.0,werden.,0.9911
9,176.7,135.0,200.9,159.0,Da,0.9911
9,200.9,135.0,225.1,159.0,er,0.9911
9,225.1,135.0,321.9,159.0,offenbar,0.9911
9,321.9,135.0,442.9,159.0,Alleinerbe,0.9911
9,442.9,135.0,515.6,159.0,seiner,0.9911
9,515.6,135.0,588.2,159.0,Mutter,0.9911
9,588.2,135.0,636.6,159.0,sein,0.9911
9,636.6,135.0,697.1,159.0,"soll,",0.9911
9,697.1,135.0,769.7,159.0,könnte,0.9911
9,769.7,135.0,806.0,159.0,man,0.9911
9,93.0,164.0,141.3,190.0,auch,0.9851
9,141.3,164.0,201.6,190.0,daran,0.9851
9,201.6,164.0,286.1,190.0,"denken,",0.9851
9,286.1,164.0,322.3,190.0,daB,0.9851
9,322.3,164.0,346.4,190.0,er,0.9851
9,346.4,164.0,406.8,190.0,deren,0.9851
9,406.8,164.0,503.3,190.0,einziger,0.9851
9,503.3,164.0,551.6,190.0,Sohn,0.9851
9,551.6,164.0,599.8,190.0,"war,",0.9851
9,599.8,164.0,684.3,190.0,während,0.9851
9,684.3,164.0,720.5,190.0,die,0.9851
9,720.5,164.0,805.0,190.0,anderen,0.9851
9,93.0,194.0,160.8,220.0,Brüder,0.9854
9,160.8,194.0,183.5,220.0,in,0.9854
9,183.5,194.0,319.2,220.0,Wirklichkeit,0.9854
9,319.2,194.0,353.1,220.0,nur,0.9854
9,353.1,194.0,466.2,220.0,Halbbrüder,0.9854
9,466.2,194.0,534.0,220.0,Waren.,0.9854
9,93.0,240.0,119.3,264.0,Z.,0.9611
9,119.3,240.0,158.8,264.0,16),0.9611
9,158.8,240.0,356.3,264.0,tù-<na>-a-ra-ma,0.9611
9,356.3,240.0,422.2,264.0,(nr):,0.9611
9,422.2,240.0,461.7,264.0,Die,0.9611
9,461.7,240.0,632.8,264.0,Notwendigkeit,0.9611
9,632.8,240.0,672.3,264.0,zur,0.9611
9,672.3,240.0,804.0,264.0,Emendation,0.9611
9,94.0,269.0,164.8,293.0,ergibt,0.9886
9,164.8,269.0,223.8,293.0,"sich,",0.9886
9,223.8,269.0,271.0,293.0,weil,0.9886
9,271.0,269.0,306.4,293.0,die,0.9886
9,306.4,269.0,436.2,293.0,unmittelbar,0.9886
9,436.2,269.0,542.4,293.0,denkbaren,0.9886
9,542.4,269.0,684.0,293.0,Alleintungen,0.9886
9,684.0,269.0,754.8,293.0,(warum,0.9886
9,754.8,269.0,802.0,293.0,",los",0.9886
9,92.0,296.0,189.9,322.0,"lassen"",",0.9791
9,189.9,296.0,214.4,322.0,ar,0.9791
9,214.4,296.0,287.9,322.0,",reich",0.9791
9,287.9,296.0,385.8,322.0,"werden"",",0.9791
9,385.8,296.0,447.0,322.0,armum,0.9791
9,447.0,296.0,618.4,322.0,",,abschneiden""",0.9791
9,618.4,296.0,679.6,322.0,usw.),0.9791
9,679.6,296.0,740.8,322.0,nicht,0.9791
9,740.8,296.0,765.3,322.0,in,0.9791
9,765.3,296.0,802.0,322.0,den,0.9791
9,89.0,323.0,168.5,354.0,Kontext,0.9579
9,168.5,323.0,248.0,354.0,passen.,0.9579
9,91.0,365.0,118.3,392.0,Z.,0.9931
9,118.3,365.0,159.4,392.0,15),0.9931
9,159.4,365.0,186.7,392.0,Es,0.9931
9,186.7,365.0,227.7,392.0,ist,0.9931
9,227.7,365.0,337.1,392.0,"bekannt,",0.9931
9,337.1,365.0,364.5,392.0,da,0.9931
9,364.5,365.0,405.5,392.0,die,0.9931
9,405.5,365.0,460.2,392.0,Name,0.9931
9,460.2,365.0,542.2,392.0,Abalim,0.9931
9,542.2,365.0,624.3,392.0,sowohl,0.9931
9,624.3,365.0,761.0,392.0,Maskulinum,0.9931
9,761.0,365.0,802.0,392.0,als,0.9931
9,91.0,394.0,139.1,420.0,auch,0.9856
9,139.1,394.0,247.2,420.0,Femininum,0.9856
9,247.2,394.0,355.4,420.0,verwendet,0.9856
9,355.4,394.0,415.5,420.0,wurde,0.9856
9,415.5,394.0,499.6,420.0,(Einige,0.9856
9,499.6,394.0,619.7,420.0,Beispiele:,0.9856
9,619.7,394.0,655.8,420.0,CCT,0.9856
9,655.8,394.0,703.9,420.0,"III,",0.9856
9,703.9,394.0,800.0,420.0,"14:3,32;",0.9856
9,91.0,421.0,127.1,449.0,ICK,0.9934
9,127.1,421.0,151.1,449.0,II,0.9934
9,151.1,421.0,211.2,449.0,156:5,0.9934
9,211.2,421.0,247.2,449.0,als,0.9934
9,247.2,421.0,355.4,449.0,Schwester,0.9934
9,355.4,421.0,391.4,449.0,von,0.9934
9,391.4,421.0,547.6,449.0,Aur-lamassi).,0.9934
9,547.6,421.0,571.7,449.0,Im,0.9934
9,571.7,421.0,619.7,449.0,Text,0.9934
9,619.7,421.0,655.8,449.0,ist,0.9934
9,655.8,421.0,691.8,449.0,die,0.9934
9,691.8,421.0,800.0,449.0,verwandt-,0.9934
9,91.0,450.0,227.8,479.0,schaftliche,0.988
9,227.8,450.0,339.8,479.0,Beizehung,0.988
9,339.8,450.0,439.3,479.0,zwischen,0.988
9,439.3,450.0,489.0,479.0,Agua,0.988
9,489.0,450.0,526.4,479.0,und,0.988
9,526.4,450.0,601.0,479.0,Abalim,0.988
9,601.0,450.0,688.1,479.0,unklar.,0.988
9,688.1,450.0,712.9,479.0,Da,0.988
9,712.9,450.0,762.7,479.0,Agua,0.988
9,762.7,450.0,800.0,479.0,von,0.988
9,91.0,480.0,176.1,506.0,seines,0.9827
9,176.1,480.0,247.0,506.0,Erbes,0.9827
9,247.0,480.0,261.2,506.0,1,0.9827
9,261.2,480.0,289.5,506.0,M.,0.9827
9,289.5,480.0,360.4,506.0,"Gold,",0.9827
9,360.4,480.0,403.0,506.0,1/3,0.9827
9,403.0,480.0,431.3,506.0,M.,0.9827
9,431.3,480.0,516.4,506.0,Silber,0.9827
9,516.4,480.0,558.9,506.0,und,0.9827
9,558.9,480.0,615.7,506.0,eine,0.9827
9,615.7,480.0,714.9,506.0,Sklavin,0.9827
9,714.9,480.0,757.5,506.0,für,0.9827
9,757.5,480.0,800.0,506.0,sie,0.9827
9,91.0,509.0,237.7,534.0,hinterlassen,0.9857
9,237.7,509.0,286.6,534.0,"hat,",0.9857
9,286.6,509.0,359.9,534.0,könnte,0.9857
9,359.9,509.0,396.6,534.0,man,0.9857
9,396.6,509.0,457.7,534.0,daran,0.9857
9,457.7,509.0,543.3,534.0,"denken,",0.9857
9,543.3,509.0,580.0,534.0,daB,0.9857
9,580.0,509.0,616.6,534.0,die,0.9857
9,616.6,509.0,690.0,534.0,Abalim,0.9857
9,690.0,509.0,726.7,534.0,die,0.9857
9,726.7,509.0,800.0,534.0,zweite,0.9857
9,92.0,538.0,141.7,563.0,Frau,0.9931
9,141.7,538.0,178.9,563.0,von,0.9931
9,178.9,538.0,228.6,563.0,Agua,0.9931
9,228.6,538.0,278.3,563.0,war.,0.9931
9,278.3,538.0,377.7,563.0,Aufgrund,0.9931
9,377.7,538.0,452.2,563.0,dessen,0.9931
9,452.2,538.0,539.2,563.0,dürften,0.9931
9,539.2,538.0,576.4,563.0,die,0.9931
9,576.4,538.0,688.2,563.0,"Personen,",0.9931
9,688.2,538.0,725.5,563.0,die,0.9931
9,725.5,538.0,750.3,563.0,im,0.9931
9,750.3,538.0,800.0,563.0,Text,0.9931
9,91.0,565.0,142.6,593.0,ohne,0.9882
9,142.6,565.0,207.0,593.0,Namen,0.9882
9,207.0,565.0,245.7,593.0,als,0.9882
9,245.7,565.0,361.7,593.0,me-er-u-a,0.9882
9,361.7,565.0,439.1,593.0,",meine",0.9882
9,439.1,565.0,516.4,593.0,"Söhne""",0.9882
9,516.4,565.0,606.6,593.0,genannt,0.9882
9,606.6,565.0,696.9,593.0,"wurden,",0.9882
9,696.9,565.0,735.5,593.0,die,0.9882
9,735.5,565.0,800.0,593.0,Söhne,0.9882
9,93.0,597.0,129.8,619.0,der,0.9985
9,129.8,597.0,203.2,619.0,Abalim,0.9985
9,203.2,597.0,276.8,619.0,seien.,0.9985
9,276.8,597.0,325.8,619.0,Vgl.,0.9985
9,325.8,597.0,436.0,619.0,Anmerkung,0.9985
9,436.0,597.0,460.5,619.0,Z.,0.9985
9,460.5,597.0,485.0,619.0,9.,0.9985
9,90.0,636.0,115.8,664.0,Z.,0.9829
9,115.8,636.0,154.5,664.0,25),0.9829
9,154.5,636.0,206.2,664.0,muta,0.9829
9,206.2,636.0,257.8,664.0,muta,0.9829
9,257.8,636.0,335.3,664.0,zu'zum,0.9829
9,335.3,636.0,374.0,664.0,ist,0.9829
9,374.0,636.0,438.5,664.0,nicht,0.9829
9,438.5,636.0,490.2,664.0,ganz,0.9829
9,490.2,636.0,554.7,664.0,klar.,0.9829
9,554.7,636.0,606.4,664.0,Nach,0.9829
9,606.4,636.0,645.1,664.0,CAD,0.9829
9,645.1,636.0,709.6,664.0,"(M/2,",0.9829
9,709.6,636.0,774.2,664.0,S.320,0.9829
9,774.2,636.0,800.0,664.0,a),0.9829
9,90.0,665.0,187.8,691.0,bedeutet,0.9891
9,187.8,665.0,224.5,691.0,mut,0.9891
9,224.5,665.0,261.1,691.0,'um,0.9891
9,261.1,665.0,420.1,691.0,",,underweiht,",0.9891
9,420.1,665.0,566.7,691.0,"deficiency"".",0.9891
9,566.7,665.0,615.6,691.0,muta,0.9891
9,615.6,665.0,664.5,691.0,muta,0.9891
9,664.5,665.0,737.9,691.0,zu'zum,0.9891
9,737.9,665.0,799.0,691.0,kommt,0.9891
9,91.0,692.0,142.5,719.0,auch,0.9816
9,142.5,692.0,168.2,719.0,in,0.9816
9,168.2,692.0,206.9,719.0,KKS,0.9816
9,206.9,692.0,258.3,719.0,(ICK,0.9816
9,258.3,692.0,284.1,719.0,3),0.9816
9,284.1,692.0,309.8,719.0,"1,",0.9816
9,309.8,692.0,335.6,719.0,22,0.9816
9,335.6,692.0,374.2,719.0,und,0.9816
9,374.2,692.0,399.9,719.0,24,0.9816
9,399.9,692.0,490.1,719.0,(Taf.);,0.9816
9,490.1,692.0,528.7,719.0,"21,",0.9816
9,528.7,692.0,554.4,719.0,23,0.9816
9,554.4,692.0,644.5,719.0,(Hülle),0.9816
9,644.5,692.0,696.0,719.0,vor.,0.9816
9,696.0,692.0,721.8,719.0,In,0.9816
9,721.8,692.0,799.0,719.0,dieser,0.9816
9,90.0,720.0,164.5,748.0,Stelle,0.9921
9,164.5,720.0,326.0,748.0,interpretiert,0.9921
9,326.0,720.0,388.1,748.0,Matou,0.9921
9,388.1,720.0,462.6,748.0,diesen,0.9921
9,462.6,720.0,562.0,748.0,Ausdruck,0.9921
9,562.0,720.0,735.9,748.0,",,entsprechend",0.9921
9,735.9,720.0,798.0,748.0,jedem,0.9921
9,90.0,749.0,194.8,777.0,einzelnen,0.9893
9,194.8,749.0,311.1,777.0,Fehlbetrag,0.9893
9,311.1,749.0,381.0,777.0,werden,0.9893
9,381.0,749.0,415.9,777.0,wir,0.9893
9,415.9,749.0,509.0,777.0,"teilen"".",0.9893
9,509.0,749.0,543.9,777.0,Wir,0.9893
9,543.9,749.0,613.8,777.0,wollen,0.9893
9,613.8,749.0,660.3,777.0,hier,0.9893
9,660.3,749.0,706.9,777.0,(KKS,0.9893
9,706.9,749.0,730.2,777.0,1),0.9893
9,730.2,749.0,800.0,777.0,darauf,0.9893
9,90.0,777.0,214.4,803.0,aufmerksam,0.9867
9,214.4,777.0,301.5,803.0,"machen,",0.9867
9,301.5,777.0,338.8,803.0,daB,0.9867
9,338.8,777.0,413.4,803.0,dieser,0.9867
9,413.4,777.0,512.9,803.0,Ausdruck,0.9867
9,512.9,777.0,550.2,803.0,auf,0.9867
9,550.2,777.0,587.5,803.0,der,0.9867
9,587.5,777.0,649.7,803.0,Tafel,0.9867
9,649.7,777.0,687.1,803.0,und,0.9867
9,687.1,777.0,749.2,803.0,Hülle,0.9867
9,749.2,777.0,799.0,803.0,zwei,0.9867
9,89.0,805.0,242.6,833.0,verschiedenen,0.9747
9,242.6,805.0,349.0,833.0,Varianten,0.9747
9,349.0,805.0,431.7,833.0,benutzt,0.9747
9,431.7,805.0,514.4,833.0,wurden.,0.9747
9,514.4,805.0,585.3,833.0,Obwohl,0.9747
9,585.3,805.0,608.9,833.0,in,0.9747
9,608.9,805.0,644.4,833.0,der,0.9747
9,644.4,805.0,703.5,833.0,Hülle,0.9747
9,703.5,805.0,762.6,833.0,gá-ta,0.9747
9,762.6,805.0,798.0,833.0,gá-,0.9747
9,88.0,834.0,112.5,861.0,ta,0.9825
9,112.5,834.0,185.9,861.0,zu'zum,0.9825
9,185.9,834.0,259.4,861.0,"steht,",0.9825
9,259.4,834.0,357.3,861.0,befindet,0.9825
9,357.3,834.0,406.3,861.0,sich,0.9825
9,406.3,834.0,455.2,861.0,aber,0.9825
9,455.2,834.0,492.0,861.0,auf,0.9825
9,492.0,834.0,528.7,861.0,der,0.9825
9,528.7,834.0,589.9,861.0,Tafel,0.9825
9,589.9,834.0,651.1,861.0,mu-tá,0.9825
9,651.1,834.0,712.3,861.0,mu-tá,0.9825
9,712.3,834.0,798.0,861.0,zu'zum.,0.9825
9,88.0,863.0,184.4,890.0,Aufgrund,0.9932
9,184.4,863.0,256.7,890.0,dieser,0.9932
9,256.7,863.0,389.3,890.0,Paralellitt,0.9932
9,389.3,863.0,461.6,890.0,dürfte,0.9932
9,461.6,863.0,497.7,890.0,man,0.9932
9,497.7,863.0,606.2,890.0,"vermuten,",0.9932
9,606.2,863.0,630.3,890.0,da,0.9932
9,630.3,863.0,726.7,890.0,zwischen,0.9932
9,726.7,863.0,799.0,890.0,diesen,0.9932
9,88.0,891.0,175.1,917.0,Wörtern,0.9867
9,175.1,891.0,212.4,917.0,mut,0.9867
9,212.4,891.0,249.7,917.0,'um,0.9867
9,249.7,891.0,287.0,917.0,und,0.9867
9,287.0,891.0,349.2,917.0,"gtum,",0.9867
9,349.2,891.0,498.5,917.0,hinsichtlich,0.9867
9,498.5,891.0,535.8,917.0,die,0.9867
9,535.8,891.0,672.6,917.0,Bedeutungen,0.9867
9,672.6,891.0,797.0,917.0,nahelegen.,0.9867
9,89.0,921.0,149.2,944.0,Somit,0.9711
9,149.2,921.0,221.4,944.0,könnte,0.9711
9,221.4,921.0,257.5,944.0,man,0.9711
9,257.5,921.0,317.6,944.0,disen,0.9711
9,317.6,921.0,413.9,944.0,Ausdruck,0.9711
9,413.9,921.0,450.0,944.0,mit,0.9711
9,450.0,921.0,474.1,944.0,zu,0.9711
9,474.1,921.0,522.2,944.0,'zum,0.9711
9,522.2,921.0,534.3,944.0,",",0.9711
9,534.3,921.0,606.5,944.0,Anteil,0.9711
9,606.5,921.0,642.6,944.0,für,0.9711
9,642.6,921.0,714.8,944.0,Anteil,0.9711
9,714.8,921.0,799.0,944.0,"teilen""",0.9711
9,87.0,946.0,208.0,973.0,übersetzen.,0.996
9,88.0,989.0,114.8,1014.0,Z.,0.9838
9,114.8,989.0,155.0,1014.0,26),0.9838
9,155.0,989.0,222.0,1014.0,awtum,0.9838
9,222.0,989.0,262.2,1014.0,als,0.9838
9,262.2,989.0,355.9,1014.0,unklare,0.9838
9,355.9,989.0,503.3,1014.0,Bezeichnung,0.9838
9,503.3,989.0,543.5,1014.0,fur,0.9838
9,543.5,989.0,597.1,1014.0,eine,0.9838
9,597.1,989.0,650.6,1014.0,Dame,0.9838
9,650.6,989.0,690.8,1014.0,ist,0.9838
9,690.8,989.0,798.0,1014.0,auBerdem,0.9838
9,87.0,1015.0,136.8,1045.0,noch,0.9533
9,136.8,1015.0,174.2,1045.0,AKT,0.9533
9,174.2,1015.0,186.6,1045.0,I,0.9533
9,186.6,1015.0,224.0,1045.0,"77,",0.9533
9,224.0,1015.0,273.8,1045.0,Taf.,0.9533
9,273.8,1015.0,286.3,1045.0,4,0.9533
9,286.3,1015.0,373.5,1045.0,belegt:,0.9533
9,373.5,1015.0,473.1,1045.0,qá-qá-sà,0.9533
9,473.1,1015.0,560.3,1045.0,4)pá-ti,0.9533
9,560.3,1015.0,572.8,1045.0,/,0.9533
9,572.8,1015.0,635.1,1045.0,(dazu,0.9533
9,635.1,1015.0,797.0,1045.0,"J.G.Dercksen,",0.9533
9,87.0,1042.0,137.7,1072.0,NABU,0.9181
9,137.7,1042.0,201.1,1072.0,"1991,",0.9181
9,201.1,1042.0,239.1,1072.0,28),0.9181
9,239.1,1042.0,365.9,1072.0,a-wi-tám10,0.9181
9,365.9,1042.0,442.0,1072.0,5)i-na,0.9181
9,442.0,1042.0,556.1,1072.0,a-ha-ti-a,0.9181
9,556.1,1042.0,632.2,1072.0,6)u-lá,0.9181
9,632.2,1042.0,733.6,1072.0,u-é-a-áb,0.9181
9,733.6,1042.0,797.0,1072.0,",,(u-",0.9181
9,88.0,1072.0,144.3,1101.0,Su'en,0.9885
9,144.3,1072.0,245.8,1101.0,heiratete,0.9885
9,245.8,1072.0,279.6,1101.0,die,0.9885
9,279.6,1072.0,347.2,1101.0,Etri.),0.9885
9,347.2,1072.0,381.0,1101.0,Ihr,0.9885
9,381.0,1072.0,437.4,1101.0,Haupt,0.9885
9,437.4,1072.0,471.2,1101.0,ist,0.9885
9,471.2,1072.0,617.7,1101.0,entschleiert.,0.9885
9,617.7,1072.0,662.8,1101.0,Eine,0.9885
9,662.8,1072.0,730.4,1101.0,awitum,0.9885
9,730.4,1072.0,775.5,1101.0,darf,0.9885
9,775.5,1072.0,798.0,1101.0,er,0.9885
9,87.0,1100.0,122.0,1131.0,ihr,0.9751
9,122.0,1100.0,180.2,1131.0,nicht,0.9751
9,180.2,1100.0,215.2,1131.0,zur,0.9751
9,215.2,1100.0,273.5,1131.0,Seite,0.9751
9,273.5,1100.0,378.4,1131.0,"stellen"".",0.9751
9,378.4,1100.0,471.6,1131.0,Verboten,0.9751
9,471.6,1100.0,506.6,1131.0,ist,0.9751
9,506.6,1100.0,553.2,1131.0,Laut,0.9751
9,553.2,1100.0,576.5,1131.0,Z.,0.9751
9,576.5,1100.0,611.5,1131.0,7-9,0.9751
9,611.5,1100.0,658.1,1131.0,auch,0.9751
9,658.1,1100.0,693.1,1131.0,die,0.9751
9,693.1,1100.0,763.0,1131.0,Heirat,0.9751
9,763.0,1100.0,798.0,1131.0,mit,0.9751
9,86.0,1127.0,151.9,1163.0,einer,0.9966
9,151.9,1127.0,270.6,1163.0,Hierodule,0.9966
9,270.6,1127.0,402.4,1163.0,(qaditum).,0.9966
9,402.4,1127.0,455.2,1163.0,Nach,0.9966
9,455.2,1127.0,481.6,1163.0,Y.,0.9966
9,481.6,1127.0,587.0,1163.0,Kawasaki,0.9966
9,587.0,1127.0,639.8,1163.0,wird,0.9966
9,639.8,1127.0,679.3,1163.0,das,0.9966
9,679.3,1127.0,732.1,1163.0,Wort,0.9966
9,732.1,1127.0,798.0,1163.0,awtum,0.9966
9,86.0,1193.0,108.5,1229.0,9.,0.9806
9,108.5,1193.0,153.6,1229.0,Vgl.,0.9806
9,153.6,1193.0,209.9,1229.0,"auch,",0.9806
9,209.9,1193.0,254.9,1229.0,"Gül,",0.9806
9,254.9,1193.0,277.4,1229.0,"$,",0.9806
9,277.4,1193.0,322.5,1229.0,AMMY,0.9806
9,322.5,1193.0,378.8,1229.0,"1989,",0.9806
9,378.8,1193.0,423.8,1229.0,S.53,0.9806
9,423.8,1193.0,468.9,1229.0,(Kt.,0.9806
9,468.9,1193.0,502.7,1229.0,b/k,0.9806
9,502.7,1193.0,547.7,1229.0,"177,",0.9806
9,547.7,1193.0,604.0,1229.0,6-7).,0.9806
9,85.0,1214.0,118.1,1263.0,10.,0.9917
9,118.1,1214.0,162.3,1263.0,Nach,0.9917
9,162.3,1214.0,217.6,1263.0,Koll.,0.9917
9,217.6,1214.0,261.7,1263.0,lies,0.9917
9,261.7,1214.0,305.9,1263.0,auch,0.9917
9,305.9,1214.0,328.0,1263.0,so,0.9917
9,328.0,1214.0,361.2,1263.0,auf,0.9917
9,361.2,1214.0,394.3,1263.0,der,0.9917
9,394.3,1214.0,460.6,1263.0,"Hülle,",0.9917
9,460.6,1214.0,482.7,1263.0,Z.,0.9917
9,482.7,1214.0,493.7,1263.0,7,0.9917
9,493.7,1214.0,548.9,1263.0,statt,0.9917
9,548.9,1214.0,582.1,1263.0,des,0.9917
9,582.1,1214.0,747.8,1263.0,unverstndlichen,0.9917
9,747.8,1214.0,803.0,1263.0,e-wa-,0.9917
9,84.0,1244.0,134.0,1273.0,tám.,0.8862
10,106.0,72.0,142.0,103.0,26,1.0
10,176.0,66.0,188.8,89.0,\fra,0.5727
10,188.8,66.0,192.0,89.0,{,0.5727
10,662.0,71.0,732.4,101.0,Irfan,0.9984
10,732.4,71.0,845.0,101.0,ALBAYRAK,0.9984
10,106.0,116.0,229.0,153.0,"verwendet,",0.9852
10,229.0,116.0,253.6,153.0,um,0.9852
10,253.6,116.0,290.5,153.0,den,0.9852
10,290.5,116.0,364.3,153.0,Status,0.9852
10,364.3,116.0,401.2,153.0,von,0.9852
10,401.2,116.0,462.7,153.0,einen,0.9852
10,462.7,116.0,622.6,153.0,Frauengruppen,0.9852
10,622.6,116.0,647.2,153.0,zu,0.9852
10,647.2,116.0,807.1,153.0,definieren11.,0.9852
10,807.1,116.0,844.0,153.0,Ein,0.9852
10,109.0,149.0,210.2,177.0,weiterer,0.9814
10,210.2,149.0,273.5,177.0,Beleg,0.9814
10,273.5,149.0,349.4,177.0,findet,0.9814
10,349.4,149.0,400.1,177.0,sich,0.9814
10,400.1,149.0,450.7,177.0,noch,0.9814
10,450.7,149.0,488.7,177.0,Kt.,0.9814
10,488.7,149.0,539.3,177.0,87/k,0.9814
10,539.3,149.0,589.9,177.0,"287,",0.9814
10,589.9,149.0,665.8,177.0,5-612:,0.9814
10,665.8,149.0,716.4,177.0,KIIB,0.9814
10,716.4,149.0,843.0,177.0,E-num-Itar,0.9814
10,109.0,178.0,200.6,208.0,a-wi-it,0.9598
10,200.6,178.0,344.6,208.0,Lá-qé-pi-im,0.9598
10,344.6,178.0,449.3,208.0,",,Siegel",0.9598
10,449.3,178.0,488.6,208.0,von,0.9598
10,488.6,178.0,619.5,208.0,"Ennum-tar,",0.9598
10,619.5,178.0,632.6,208.0,.,0.9598
10,632.6,178.0,671.8,208.0,von,0.9598
10,671.8,178.0,763.5,208.0,"Laqpum""",0.9598
10,763.5,178.0,802.7,208.0,und,0.9598
10,802.7,178.0,842.0,208.0,als,0.9598
10,108.0,208.0,221.9,235.0,Inschrift,0.9874
10,221.9,208.0,259.9,235.0,auf,0.9874
10,259.9,208.0,297.8,235.0,dem,0.9874
10,297.8,208.0,437.0,235.0,zugehörigen,0.9874
10,437.0,208.0,513.0,235.0,Siegel,0.9874
10,513.0,208.0,538.3,235.0,C.,0.9874
10,538.3,208.0,614.2,235.0,Formal,0.9874
10,614.2,208.0,690.1,235.0,könnte,0.9874
10,690.1,208.0,728.1,235.0,das,0.9874
10,728.1,208.0,778.7,235.0,fem.,0.9874
10,778.7,208.0,816.7,235.0,Pt.,0.9874
10,816.7,208.0,842.0,235.0,zu,0.9874
10,110.0,238.0,154.4,264.0,awúm,0.9588
10,154.4,238.0,254.3,264.0,",,braten,",0.9588
10,254.3,238.0,332.0,264.0,"rösten""",0.9588
10,332.0,238.0,443.0,264.0,vorliegen.,0.9588
10,109.0,276.0,135.6,302.0,Z.,0.9562
10,135.6,276.0,175.5,302.0,32),0.9562
10,175.5,276.0,295.3,302.0,u-wu/wA-u,0.9562
10,295.3,276.0,375.2,302.0,bleibt,0.9562
10,375.2,276.0,468.3,302.0,unklar.,0.9562
10,468.3,276.0,508.3,302.0,Ein,0.9562
10,508.3,276.0,588.1,302.0,Formel,0.9562
10,588.1,276.0,641.4,302.0,käme,0.9562
10,641.4,276.0,681.3,302.0,ein,0.9562
10,681.3,276.0,774.5,302.0,D-Stamm,0.9562
10,774.5,276.0,801.1,302.0,zu,0.9562
10,801.1,276.0,841.0,302.0,ewú,0.9562
10,108.0,304.0,209.0,329.0,",Werden""",0.9786
10,209.0,304.0,234.2,329.0,in,0.9786
10,234.2,304.0,347.8,329.0,Betracht.,0.9786
10,347.8,304.0,385.7,329.0,Man,0.9786
10,385.7,304.0,486.6,329.0,erwartet,0.9786
10,486.6,304.0,537.1,329.0,hier,0.9786
10,537.1,304.0,600.2,329.0,einen,0.9786
10,600.2,304.0,701.2,329.0,Ausdruck,0.9786
10,701.2,304.0,739.0,329.0,wie,0.9786
10,739.0,304.0,789.5,329.0,",,Er",0.9786
10,789.5,304.0,840.0,329.0,wird,0.9786
10,108.0,330.0,243.7,356.0,"zurückgeben""",0.9811
10,243.7,330.0,300.2,356.0,(vgl.,0.9811
10,300.2,330.0,322.8,356.0,Z.,0.9811
10,322.8,330.0,368.0,356.0,35).,0.9811
10,106.0,364.0,131.3,397.0,Z.,0.9826
10,131.3,364.0,169.3,397.0,36),0.9826
10,169.3,364.0,359.1,397.0,e-li-a-tù-u-nu:,0.9826
10,359.1,364.0,422.4,397.0,Diese,0.9826
10,422.4,364.0,498.3,397.0,Zeilen,0.9826
10,498.3,364.0,586.9,397.0,bleiben,0.9826
10,586.9,364.0,713.4,397.0,weitgehend,0.9826
10,713.4,364.0,802.0,397.0,dunkel.,0.9826
10,802.0,364.0,840.0,397.0,Die,0.9826
10,105.0,391.0,233.3,428.0,Übersetzung,0.9728
10,233.3,391.0,268.3,428.0,von,0.9728
10,268.3,391.0,431.7,428.0,e-li-a-tù-u-nu,0.9728
10,431.7,391.0,525.0,428.0,(=Nom.'),0.9728
10,525.0,391.0,595.0,428.0,",,Ihre",0.9728
10,595.0,391.0,735.0,428.0,zusätzlichen,0.9728
10,735.0,391.0,840.0,428.0,"Ausgaben""",0.9728
10,105.0,420.0,152.4,454.0,wird,0.9887
10,152.4,420.0,270.9,454.0,nahegelegt,0.9887
10,270.9,420.0,330.1,454.0,durch,0.9887
10,330.1,420.0,365.7,454.0,die,0.9887
10,365.7,420.0,484.2,454.0,allerdings,0.9887
10,484.2,420.0,602.7,454.0,beschdigte,0.9887
10,602.7,420.0,673.8,454.0,Stelle,0.9887
10,673.8,420.0,697.5,454.0,RA,0.9887
10,697.5,420.0,733.1,454.0,"60,",0.9887
10,733.1,420.0,780.5,454.0,"135,",0.9887
10,780.5,420.0,816.0,454.0,51.,0.9887
10,103.0,459.0,130.8,492.0,Z.,0.9808
10,130.8,459.0,172.5,492.0,37),0.9808
10,172.5,459.0,422.8,492.0,a-pu-a-ti-u-nu-ma:,0.9808
10,422.8,459.0,450.6,492.0,Ob,0.9808
10,450.6,459.0,534.1,492.0,dieses,0.9808
10,534.1,459.0,589.7,492.0,Wort,0.9808
10,589.7,459.0,631.4,492.0,mit,0.9808
10,631.4,459.0,673.1,492.0,dem,0.9808
10,673.1,459.0,700.9,492.0,in,0.9808
10,700.9,459.0,742.7,492.0,CAD,0.9808
10,742.7,459.0,784.4,492.0,I/A,0.9808
10,784.4,459.0,840.0,492.0,S.50,0.9808
10,104.0,490.0,214.2,520.0,genannten,0.9949
10,214.2,490.0,300.0,520.0,abbutum,0.9949
10,300.0,490.0,422.5,520.0,",,fatherly",0.9949
10,422.5,490.0,532.8,520.0,"attitude,",0.9949
10,532.8,490.0,667.5,520.0,"fatherhood""",0.9949
10,667.5,490.0,692.0,520.0,im,0.9949
10,692.0,490.0,839.0,520.0,Zusammenhang,0.9949
10,102.0,516.0,187.3,549.0,"steht,",0.9888
10,187.3,516.0,272.5,549.0,wissen,0.9888
10,272.5,516.0,315.2,549.0,wir,0.9888
10,315.2,516.0,386.2,549.0,nicht,0.9888
10,386.2,516.0,471.5,549.0,genau.,0.9888
10,471.5,516.0,528.3,549.0,Aber,0.9888
10,528.3,516.0,571.0,549.0,man,0.9888
10,571.0,516.0,656.2,549.0,könnte,0.9888
10,656.2,516.0,784.2,549.0,"vermuten,",0.9888
10,784.2,516.0,812.6,549.0,da,0.9888
10,812.6,516.0,841.0,549.0,es,0.9888
10,100.0,546.0,200.2,577.0,zwischen,0.9894
10,200.2,546.0,413.1,577.0,a-pu-a-ti-u-nu-ma,0.9894
10,413.1,546.0,450.7,577.0,und,0.9894
10,450.7,546.0,538.4,577.0,abbutum,0.9894
10,538.4,546.0,601.0,577.0,keine,0.9894
10,601.0,546.0,726.3,577.0,Verbindung,0.9894
10,726.3,546.0,788.9,577.0,"gibt,",0.9894
10,788.9,546.0,839.0,577.0,weil,0.9894
10,101.0,574.0,140.6,606.0,die,0.9791
10,140.6,574.0,167.0,606.0,in,0.9791
10,167.0,574.0,206.6,606.0,CAD,0.9791
10,206.6,574.0,259.4,606.0,über,0.9791
10,259.4,574.0,351.7,606.0,abbutum,0.9791
10,351.7,574.0,470.5,606.0,gegebenen,0.9791
10,470.5,574.0,589.3,606.0,Beispiele,0.9791
10,589.3,574.0,655.3,606.0,immer,0.9791
10,655.3,574.0,694.8,606.0,als,0.9791
10,694.8,574.0,747.6,606.0,a-na,0.9791
10,747.6,574.0,840.0,606.0,a-bu-ti,0.9791
10,100.0,604.0,221.0,632.0,vorkommen.,0.9859
10,221.0,604.0,366.2,632.0,Andererseits,0.9859
10,366.2,604.0,438.8,632.0,denken,0.9859
10,438.8,604.0,487.1,632.0,"wir,",0.9859
10,487.1,604.0,511.3,632.0,da,0.9859
10,511.3,604.0,559.7,632.0,sich,0.9859
10,559.7,604.0,632.3,632.0,dieses,0.9859
10,632.3,604.0,680.7,632.0,Wort,0.9859
10,680.7,604.0,801.7,632.0,vielleicht,0.9859
10,801.7,604.0,838.0,632.0,mit,0.9859
10,101.0,634.0,145.2,662.0,dem,0.995
10,145.2,634.0,218.9,662.0,Präp.,0.995
10,218.9,634.0,263.1,662.0,ana,0.995
10,263.1,634.0,307.4,662.0,und,0.995
10,307.4,634.0,351.6,662.0,der,0.995
10,351.6,634.0,395.8,662.0,Pl.,0.995
10,395.8,634.0,440.0,662.0,von,0.995
10,440.0,634.0,499.0,662.0,ptum,0.995
10,499.0,634.0,587.4,662.0,bildet,0.995
10,587.4,634.0,646.4,662.0,"und,",0.995
10,646.4,634.0,675.9,662.0,da,0.995
10,675.9,634.0,720.1,662.0,das,0.995
10,720.1,634.0,779.0,662.0,Wort,0.995
10,779.0,634.0,838.0,662.0,eine,0.995
10,101.0,664.0,219.7,693.0,figürliche,0.9842
10,219.7,664.0,326.5,693.0,Bedeutung,0.9842
10,326.5,664.0,445.3,693.0,überträgt.,0.9842
10,445.3,664.0,469.0,693.0,Im,0.9842
10,469.0,664.0,528.4,693.0,Licht,0.9842
10,528.4,664.0,599.6,693.0,dieser,0.9842
10,599.6,664.0,730.2,693.0,Anmerkungen,0.9842
10,730.2,664.0,837.0,693.0,verstehen,0.9842
10,99.0,691.0,136.2,718.0,wir,0.9739
10,136.2,691.0,198.3,718.0,diese,0.9739
10,198.3,691.0,272.8,718.0,Zeilen,0.9739
10,272.8,691.0,459.0,718.0,folgendermaBen:,0.9739
10,470.0,692.0,552.9,722.0,36)Ihre,0.9915
10,552.9,692.0,694.9,722.0,zusätslichen,0.9915
10,694.9,692.0,789.6,722.0,Ausgaben,0.9915
10,789.6,692.0,837.0,722.0,sind,0.9915
10,97.0,717.0,165.3,751.0,37)auf,0.9776
10,165.3,717.0,222.2,751.0,Ihren,0.9776
10,222.2,717.0,301.9,751.0,Stirnen,0.9776
10,301.9,717.0,415.8,751.0,(gebunden),0.9776
10,415.8,717.0,449.9,751.0,und,0.9776
10,449.9,717.0,586.5,751.0,38)Ausgleich,0.9776
10,586.5,717.0,666.2,751.0,gezahlt,0.9776
10,666.2,717.0,723.2,751.0,(d.h.,0.9776
10,723.2,717.0,757.3,751.0,die,0.9776
10,757.3,717.0,837.0,751.0,jeweils,0.9776
10,97.0,747.0,112.7,778.0,2,0.9881
10,112.7,747.0,144.2,778.0,M.,0.9881
10,144.2,747.0,285.7,778.0,"Silber)"".",0.9881
10,285.7,747.0,332.9,778.0,Man,0.9881
10,332.9,747.0,427.2,778.0,könnte,0.9881
10,427.2,747.0,490.1,778.0,auch,0.9881
10,490.1,747.0,631.6,778.0,"vermuten,",0.9881
10,631.6,747.0,663.0,778.0,da,0.9881
10,663.0,747.0,694.5,778.0,es,0.9881
10,694.5,747.0,757.4,778.0,hier,0.9881
10,757.4,747.0,788.8,778.0,um,0.9881
10,788.8,747.0,836.0,778.0,den,0.9881
10,97.0,774.0,241.0,806.0,"Ehrenschuld,",0.995
10,241.0,774.0,385.0,806.0,Ehrenpflicht,0.995
10,385.0,774.0,421.0,806.0,für,0.995
10,421.0,774.0,541.0,806.0,Puzur-Itar,0.995
10,541.0,774.0,577.0,806.0,und,0.995
10,577.0,774.0,697.0,806.0,Usur-a-Aur,0.995
10,697.0,774.0,757.0,806.0,geht.,0.995
10,96.0,815.0,122.4,846.0,Z.,0.979
10,122.4,815.0,162.0,846.0,38),0.979
10,162.0,815.0,333.5,846.0,i-ta-b/pu-lu:,0.979
10,333.5,815.0,359.9,846.0,Es,0.979
10,359.9,815.0,399.5,846.0,ist,0.979
10,399.5,815.0,478.7,846.0,schwer,0.979
10,478.7,815.0,505.1,846.0,zu,0.979
10,505.1,815.0,637.1,846.0,enscheiden,0.979
10,637.1,815.0,676.6,846.0,von,0.979
10,676.6,815.0,769.0,846.0,welchem,0.979
10,769.0,815.0,835.0,846.0,Stamm,0.979
10,97.0,844.0,176.2,874.0,dieses,0.9946
10,176.2,844.0,229.0,874.0,Verb,0.9946
10,229.0,844.0,308.1,874.0,kommt.,0.9946
10,308.1,844.0,334.5,874.0,Es,0.9946
10,334.5,844.0,387.3,874.0,gibt,0.9946
10,387.3,844.0,440.1,874.0,zwei,0.9946
10,440.1,844.0,585.3,874.0,Alternative,0.9946
10,585.3,844.0,664.4,874.0,dafür.,0.9946
10,664.4,844.0,770.0,874.0,Entweder,0.9946
10,770.0,844.0,836.0,874.0,kommt,0.9946
10,97.0,873.0,170.7,902.0,dieses,0.9803
10,170.7,873.0,219.8,902.0,Verb,0.9803
10,219.8,873.0,256.7,902.0,aus,0.9803
10,256.7,873.0,330.4,902.0,naplum,0.9803
10,330.4,873.0,477.8,902.0,",,Ausgleiche",0.9803
10,477.8,873.0,563.8,902.0,"zahlen""",0.9803
10,563.8,873.0,637.5,902.0,(Stat.,0.9803
10,637.5,873.0,686.6,902.0,Gtn),0.9803
10,686.6,873.0,735.7,902.0,oder,0.9803
10,735.7,873.0,834.0,902.0,w/tablum,0.9803
10,96.0,901.0,297.8,932.0,",,(weg)tragen"".",0.9891
10,297.8,901.0,324.7,932.0,Da,0.9891
10,324.7,901.0,365.1,932.0,das,0.9891
10,365.1,901.0,418.9,932.0,Verb,0.9891
10,418.9,901.0,499.6,932.0,naplum,0.9891
10,499.6,901.0,580.4,932.0,besser,0.9891
10,580.4,901.0,620.7,932.0,dem,0.9891
10,620.7,901.0,714.9,932.0,Kontext,0.9891
10,714.9,901.0,795.6,932.0,"passt,",0.9891
10,795.6,901.0,836.0,932.0,ist,0.9891
10,95.0,932.0,170.4,957.0,unsere,0.9993
10,170.4,932.0,308.7,957.0,Bevorzugung,0.9993
10,308.7,932.0,421.9,957.0,zugunsten,0.9993
10,421.9,932.0,459.6,957.0,des,0.9993
10,459.6,932.0,535.0,957.0,Verbes,0.9993
10,535.0,932.0,623.0,957.0,naplum.,0.9993
10,162.0,977.0,352.0,998.0,Zusammenfassung,0.9999
10,159.0,1008.0,222.8,1041.0,Unter,0.9784
10,222.8,1008.0,261.0,1041.0,den,0.9784
10,261.0,1008.0,286.5,1041.0,im,0.9784
10,286.5,1008.0,350.3,1041.0,Jahre,0.9784
10,350.3,1008.0,401.3,1041.0,1963,0.9784
10,401.3,1008.0,439.6,1041.0,aus,0.9784
10,439.6,1008.0,528.9,1041.0,Kültepe,0.9784
10,528.9,1008.0,656.4,1041.0,gefundenen,0.9784
10,656.4,1008.0,733.0,1041.0,Tafeln,0.9784
10,733.0,1008.0,835.0,1041.0,befindet,0.9784
10,91.0,1034.0,145.2,1073.0,sich,0.9909
10,145.2,1034.0,226.5,1073.0,wenige,0.9909
10,226.5,1034.0,348.4,1073.0,"Urkunden,",0.9909
10,348.4,1034.0,389.0,1073.0,die,0.9909
10,389.0,1034.0,429.6,1073.0,dem,0.9909
10,429.6,1034.0,510.9,1073.0,Archiv,0.9909
10,510.9,1034.0,551.5,1073.0,von,0.9909
10,551.5,1034.0,592.2,1073.0,Aga,0.9909
10,592.2,1034.0,700.5,1073.0,gehören.,0.9909
10,700.5,1034.0,795.4,1073.0,Dagegen,0.9909
10,795.4,1034.0,836.0,1073.0,hat,0.9909
10,91.0,1061.0,172.3,1102.0,dessen,0.9627
10,172.3,1061.0,226.5,1102.0,Sohn,0.9627
10,226.5,1061.0,307.7,1102.0,u-Blum,0.9627
10,307.7,1061.0,348.4,1102.0,ein,0.9627
10,348.4,1061.0,443.2,1102.0,"Archiv,",0.9627
10,443.2,1061.0,483.8,1102.0,das,0.9627
10,483.8,1061.0,524.5,1102.0,aus,0.9627
10,524.5,1061.0,700.5,1102.0,verschiedenen,0.9627
10,700.5,1061.0,836.0,1102.0,Belegarten,0.9627
10,90.0,1093.0,214.2,1131.0,besteht.,0.9866
10,214.2,1093.0,338.3,1131.0,Deswegen,0.9866
10,338.3,1093.0,431.5,1131.0,könnte,0.9866
10,431.5,1093.0,478.0,1131.0,man,0.9866
10,478.0,1093.0,617.7,1131.0,"vermuten,",0.9866
10,617.7,1093.0,648.7,1131.0,da,0.9866
10,648.7,1093.0,741.9,1131.0,u-Blum,0.9866
10,741.9,1093.0,835.0,1131.0,dieses,0.9866
10,91.0,1147.0,125.4,1190.0,11.,0.9946
10,125.4,1147.0,228.5,1190.0,"Kawasaki,",0.9946
10,228.5,1147.0,251.5,1190.0,Y.,0.9946
10,251.5,1147.0,331.7,1190.0,"""Status",0.9946
10,331.7,1147.0,354.6,1190.0,of,0.9946
10,354.6,1147.0,411.9,1190.0,Women,0.9946
10,411.9,1147.0,446.3,1190.0,and,0.9946
10,446.3,1147.0,538.0,1190.0,Marriage,0.9946
10,538.0,1147.0,652.6,1190.0,Instituton,0.9946
10,652.6,1147.0,675.5,1190.0,of,0.9946
10,675.5,1147.0,709.9,1190.0,the,0.9946
10,709.9,1147.0,744.3,1190.0,Old,0.9946
10,744.3,1147.0,836.0,1190.0,Assyrian,0.9946
10,94.0,1178.0,180.7,1205.0,"Society""",0.9809
10,180.7,1178.0,256.6,1205.0,Oriento,0.9809
10,256.6,1178.0,332.5,1205.0,(Japan),0.9809
10,332.5,1178.0,354.1,1205.0,37,0.9809
10,354.1,1178.0,375.8,1205.0,/1,0.9809
10,375.8,1178.0,430.0,1205.0,1994.,0.9809
10,91.0,1199.0,127.0,1244.0,12.,0.9677
10,127.0,1199.0,163.1,1244.0,Der,0.9677
10,163.1,1199.0,211.2,1244.0,Text,0.9677
10,211.2,1199.0,271.2,1244.0,wurde,0.9677
10,271.2,1199.0,307.3,1244.0,von,0.9677
10,307.3,1199.0,331.3,1244.0,K.,0.9677
10,331.3,1199.0,403.4,1244.0,Hecker,0.9677
10,403.4,1199.0,427.5,1244.0,im,0.9677
10,427.5,1199.0,463.5,1244.0,für,0.9677
10,463.5,1199.0,487.5,1244.0,E.,0.9677
10,487.5,1199.0,559.6,1244.0,Bilgiç,0.9677
10,559.6,1199.0,595.7,1244.0,als,0.9677
10,595.7,1199.0,691.8,1244.0,Andenken,0.9677
10,691.8,1199.0,836.0,1244.0,publizierten,0.9677
10,91.0,1232.0,144.6,1265.0,"Buch,",0.9508
10,144.6,1232.0,198.3,1265.0,unter,0.9508
10,198.3,1232.0,230.5,1265.0,den,0.9508
10,230.5,1232.0,284.1,1265.0,Titel,0.9508
10,284.1,1232.0,337.8,1265.0,"""Über",0.9508
10,337.8,1232.0,370.0,1265.0,den,0.9508
10,370.0,1232.0,445.1,1265.0,Euphrat,0.9508
10,445.1,1232.0,488.0,1265.0,"...""",0.9508
10,488.0,1232.0,606.0,1265.0,bearbeitet.,0.9508
11,98.0,87.0,143.4,120.0,EIN,0.9969
11,143.4,87.0,219.2,120.0,NEUES,0.9969
11,219.2,87.0,431.2,120.0,ALTASSYRISCHES,0.9969
11,431.2,87.0,567.5,120.0,TESTAMENT,0.9969
11,567.5,87.0,613.0,120.0,AUS,0.9969
11,613.0,87.0,719.0,120.0,KÜLTEPE,0.9969
11,814.0,84.0,853.0,114.0,27,1.0
11,99.0,138.0,215.1,165.0,Testament,0.9849
11,215.1,138.0,240.9,165.0,in,0.9849
11,240.9,138.0,318.2,165.0,seinem,0.9849
11,318.2,138.0,408.5,165.0,eigenen,0.9849
11,408.5,138.0,485.9,165.0,Archiv,0.9849
11,485.9,138.0,640.7,165.0,aufbewahren.,0.9849
11,640.7,138.0,666.4,165.0,Im,0.9849
11,666.4,138.0,743.8,165.0,Grunde,0.9849
11,743.8,138.0,847.0,165.0,genommen,0.9849
11,99.0,163.0,158.8,197.0,wird,0.9763
11,158.8,163.0,188.8,197.0,es,0.9763
11,188.8,163.0,218.7,197.0,im,0.9763
11,218.7,163.0,278.5,197.0,Text,0.9763
11,278.5,163.0,383.2,197.0,"betont,",0.9763
11,383.2,163.0,413.2,197.0,da,0.9763
11,413.2,163.0,502.9,197.0,u-Blum,0.9763
11,502.9,163.0,547.8,197.0,das,0.9763
11,547.8,163.0,637.6,197.0,gröBte,0.9763
11,637.6,163.0,697.4,197.0,Teil,0.9763
11,697.4,163.0,742.3,197.0,von,0.9763
11,742.3,163.0,787.2,197.0,der,0.9763
11,787.2,163.0,847.0,197.0,Erbe,0.9763
11,100.0,195.0,171.6,227.0,-auch,0.985
11,171.6,195.0,214.6,227.0,das,0.985
11,214.6,195.0,271.9,227.0,Haus,0.985
11,271.9,195.0,300.6,227.0,in,0.985
11,300.6,195.0,372.2,227.0,Kani-,0.985
11,372.2,195.0,486.8,227.0,erhalten,0.985
11,486.8,195.0,587.1,227.0,sollte.,0.985
11,587.1,195.0,644.4,227.0,Denn,0.985
11,644.4,195.0,716.1,227.0,führt,0.985
11,716.1,195.0,802.0,227.0,u-Blum,0.985
11,802.0,195.0,845.0,227.0,das,0.985
11,99.0,227.0,203.6,256.0,Geschäft,0.9857
11,203.6,227.0,282.0,256.0,seines,0.9857
11,282.0,227.0,360.4,256.0,Vaters,0.9857
11,360.4,227.0,451.9,256.0,weiter.,0.9857
11,451.9,227.0,530.3,256.0,u-Blum,0.9857
11,530.3,227.0,608.7,256.0,könnte,0.9857
11,608.7,227.0,647.9,256.0,das,0.9857
11,647.9,227.0,765.6,256.0,Testament,0.9857
11,765.6,227.0,844.0,256.0,seines,0.9857
11,97.0,256.0,169.1,287.0,Vaters,0.9869
11,169.1,256.0,313.3,287.0,aufbewahrten,0.9869
11,313.3,256.0,397.4,287.0,"wollen,",0.9869
11,397.4,256.0,421.4,287.0,um,0.9869
11,421.4,256.0,553.6,287.0,irgendeinen,0.9869
11,553.6,256.0,697.8,287.0,vermutlichen,0.9869
11,697.8,256.0,842.0,287.0,Wiederspruch,0.9869
11,99.0,292.0,134.0,316.0,von,0.9928
11,134.0,292.0,203.9,316.0,seinen,0.9928
11,203.9,292.0,285.5,316.0,Brüdern,0.9928
11,285.5,292.0,308.8,316.0,zu,0.9928
11,308.8,292.0,437.0,316.0,beseitigen.,0.9928
11,161.0,323.0,198.7,354.0,Wir,0.9811
11,198.7,323.0,274.2,354.0,wollen,0.9811
11,274.2,323.0,324.5,354.0,auch,0.9811
11,324.5,323.0,374.8,354.0,hier,0.9811
11,374.8,323.0,412.5,354.0,auf,0.9811
11,412.5,323.0,500.5,354.0,einigen,0.9811
11,500.5,323.0,588.5,354.0,Punkten,0.9811
11,588.5,323.0,714.3,354.0,aufmerksam,0.9811
11,714.3,323.0,802.3,354.0,"machen,",0.9811
11,802.3,323.0,840.0,354.0,die,0.9811
11,98.0,352.0,138.5,387.0,wir,0.978
11,138.5,352.0,232.9,387.0,wichtig,0.978
11,232.9,352.0,327.3,387.0,finden.,0.978
11,327.3,352.0,421.8,387.0,Erstens,0.978
11,421.8,352.0,502.7,387.0,wissen,0.978
11,502.7,352.0,543.2,387.0,wir,0.978
11,543.2,352.0,610.7,387.0,nicht,0.978
11,610.7,352.0,691.6,387.0,"genau,",0.978
11,691.6,352.0,759.1,387.0,warum,0.978
11,759.1,352.0,840.0,387.0,u-Blum,0.978
11,97.0,383.0,162.1,416.0,unter,0.9899
11,162.1,383.0,201.1,416.0,den,0.9899
11,201.1,383.0,279.2,416.0,Söhnen,0.9899
11,279.2,383.0,318.3,416.0,von,0.9899
11,318.3,383.0,370.4,416.0,Agua,0.9899
11,370.4,383.0,526.6,416.0,privilegiert,0.9899
11,526.6,383.0,578.6,416.0,"war,",0.9899
11,578.6,383.0,617.7,416.0,und,0.9899
11,617.7,383.0,682.8,416.0,warum,0.9899
11,682.8,383.0,734.9,416.0,Agua,0.9899
11,734.9,383.0,760.9,416.0,in,0.9899
11,760.9,383.0,839.0,416.0,seinem,0.9899
11,97.0,411.0,225.4,443.0,Testament,0.9816
11,225.4,411.0,296.8,443.0,auBer,0.9816
11,296.8,411.0,396.7,443.0,Su-Blum,0.9816
11,396.7,411.0,468.0,443.0,seine,0.9816
11,468.0,411.0,567.9,443.0,anderen,0.9816
11,567.9,411.0,639.2,443.0,Söhne,0.9816
11,639.2,411.0,710.6,443.0,nicht,0.9816
11,710.6,411.0,753.4,443.0,als,0.9816
11,753.4,411.0,796.2,443.0,mit,0.9816
11,796.2,411.0,839.0,443.0,den,0.9816
11,98.0,441.0,194.1,475.0,eigenen,0.9988
11,194.1,441.0,262.7,475.0,Namen,0.9988
11,262.7,441.0,358.7,475.0,nannte.,0.9988
11,358.7,441.0,468.5,475.0,Zweitens,0.9988
11,468.5,441.0,550.8,475.0,obwohl,0.9988
11,550.8,441.0,592.0,475.0,wir,0.9988
11,592.0,441.0,633.2,475.0,von,0.9988
11,633.2,441.0,797.8,475.0,publizierten,0.9988
11,797.8,441.0,839.0,475.0,und,0.9988
11,98.0,472.0,266.8,506.0,unpublizerten,0.9853
11,266.8,472.0,344.7,506.0,Texten,0.9853
11,344.7,472.0,448.5,506.0,erfahren,0.9853
11,448.5,472.0,526.4,506.0,"haben,",0.9853
11,526.4,472.0,552.4,506.0,da,0.9853
11,552.4,472.0,604.3,506.0,alle,0.9853
11,604.3,472.0,682.2,506.0,Brüder,0.9853
11,682.2,472.0,747.1,506.0,Söhne,0.9853
11,747.1,472.0,786.1,506.0,von,0.9853
11,786.1,472.0,838.0,506.0,Agua,0.9853
11,98.0,501.0,175.9,535.0,"waren,",0.9881
11,175.9,501.0,253.8,535.0,können,0.9881
11,253.8,501.0,292.7,535.0,wir,0.9881
11,292.7,501.0,344.7,535.0,über,0.9881
11,344.7,501.0,383.6,535.0,die,0.9881
11,383.6,501.0,630.3,535.0,verwandschaftlichen,0.9881
11,630.3,501.0,773.1,535.0,Beziehungen,0.9881
11,773.1,501.0,812.0,535.0,der,0.9881
11,812.0,501.0,838.0,535.0,im,0.9881
11,98.0,531.0,145.5,566.0,Text,0.9862
11,145.5,531.0,252.2,566.0,genennten,0.9862
11,252.2,531.0,347.1,566.0,Personen,0.9862
11,347.1,531.0,382.7,566.0,(Z.,0.9862
11,382.7,531.0,418.3,566.0,"15,",0.9862
11,418.3,531.0,453.9,566.0,"26,",0.9862
11,453.9,531.0,489.5,566.0,"33,",0.9862
11,489.5,531.0,525.1,566.0,34),0.9862
11,525.1,531.0,596.2,566.0,nichts,0.9862
11,596.2,531.0,703.0,566.0,erfahren.,0.9862
11,162.0,567.0,206.1,605.0,Wir,0.9872
11,206.1,567.0,264.9,605.0,sind,0.9872
11,264.9,567.0,294.3,605.0,in,0.9872
11,294.3,567.0,338.3,605.0,der,0.9872
11,338.3,567.0,455.9,605.0,"Meinung,",0.9872
11,455.9,567.0,485.3,605.0,da,0.9872
11,485.3,567.0,529.4,605.0,die,0.9872
11,529.4,567.0,602.9,605.0,Zeile,0.9872
11,602.9,567.0,647.0,605.0,5-6,0.9872
11,647.0,567.0,691.0,605.0,des,0.9872
11,691.0,567.0,779.2,605.0,Textes,0.9872
11,779.2,567.0,838.0,605.0,noch,0.9872
11,98.0,597.0,217.1,636.0,kommentar,0.9916
11,217.1,597.0,322.9,636.0,braucht.,0.9916
11,322.9,597.0,362.6,636.0,Mit,0.9916
11,362.6,597.0,442.0,636.0,diesem,0.9916
11,442.0,597.0,495.0,636.0,Satz,0.9916
11,495.0,597.0,547.9,636.0,(ina,0.9916
11,547.9,597.0,627.3,636.0,kaspim,0.9916
11,627.3,597.0,706.7,636.0,ziti-a,0.9916
11,706.7,597.0,759.6,636.0,abat,0.9916
11,759.6,597.0,772.8,636.0,u,0.9916
11,772.8,597.0,839.0,636.0,ummat,0.9916
11,98.0,626.0,134.5,667.0,"""An",0.9896
11,134.5,626.0,171.1,667.0,dem,0.9896
11,171.1,626.0,256.3,667.0,"Silber,",0.9896
11,256.3,626.0,317.2,667.0,ihrem,0.9896
11,317.2,626.0,414.7,667.0,"Erbteil,",0.9896
11,414.7,626.0,451.2,667.0,ist,0.9896
11,451.2,626.0,487.8,667.0,sie,0.9896
11,487.8,626.0,548.7,667.0,Vater,0.9896
11,548.7,626.0,585.2,667.0,und,0.9896
11,585.2,626.0,670.5,667.0,"Mutter""",0.9896
11,670.5,626.0,743.6,667.0,könnte,0.9896
11,743.6,626.0,767.9,667.0,es,0.9896
11,767.9,626.0,841.0,667.0,betont,0.9896
11,98.0,656.0,188.9,696.0,"werden,",0.9953
11,188.9,656.0,214.8,696.0,da,0.9953
11,214.8,656.0,253.8,696.0,die,0.9953
11,253.8,656.0,331.7,696.0,Mutter,0.9953
11,331.7,656.0,383.6,696.0,mehr,0.9953
11,383.6,656.0,461.5,696.0,Rechte,0.9953
11,461.5,656.0,500.5,696.0,auf,0.9953
11,500.5,656.0,539.4,696.0,das,0.9953
11,539.4,656.0,591.3,696.0,Erbe,0.9953
11,591.3,656.0,656.2,696.0,ihres,0.9953
11,656.2,656.0,734.1,696.0,Mannes,0.9953
11,734.1,656.0,799.1,696.0,hatte,0.9953
11,799.1,656.0,838.0,696.0,als,0.9953
11,97.0,684.0,148.2,724.0,ihre,0.9815
11,148.2,684.0,237.7,724.0,Kinder.,0.9815
11,237.7,684.0,263.3,724.0,Es,0.9815
11,263.3,684.0,340.1,724.0,dürfte,0.9815
11,340.1,684.0,391.2,724.0,sich,0.9815
11,391.2,684.0,442.4,724.0,hier,0.9815
11,442.4,684.0,468.0,724.0,um,0.9815
11,468.0,684.0,519.2,724.0,zwei,0.9815
11,519.2,684.0,672.7,724.0,verschiedene,0.9815
11,672.7,684.0,762.2,724.0,Anteile,0.9815
11,762.2,684.0,800.6,724.0,für,0.9815
11,800.6,684.0,839.0,724.0,die,0.9815
11,98.0,715.0,174.8,755.0,Mutter,0.9849
11,174.8,715.0,277.1,755.0,"handeln,",0.9849
11,277.1,715.0,366.7,755.0,nämlich,0.9849
11,366.7,715.0,405.0,755.0,der,0.9849
11,405.0,715.0,494.6,755.0,"Anteil,",0.9849
11,494.6,715.0,533.0,755.0,den,0.9849
11,533.0,715.0,571.3,755.0,sie,0.9849
11,571.3,715.0,609.7,755.0,von,0.9849
11,609.7,715.0,673.7,755.0,ihren,0.9849
11,673.7,715.0,724.9,755.0,Mann,0.9849
11,724.9,715.0,788.8,755.0,erben,0.9849
11,788.8,715.0,840.0,755.0,wird,0.9849
11,99.0,745.0,136.0,784.0,und,0.9918
11,136.0,745.0,173.0,784.0,der,0.9918
11,173.0,745.0,259.3,784.0,"Anteil,",0.9918
11,259.3,745.0,296.3,784.0,den,0.9918
11,296.3,745.0,333.3,784.0,sie,0.9918
11,333.3,745.0,395.0,784.0,wegen,0.9918
11,395.0,745.0,444.3,784.0,ihre,0.9918
11,444.3,745.0,592.3,784.0,Mutterschaft,0.9918
11,592.3,745.0,629.3,784.0,von,0.9918
11,629.3,745.0,691.0,784.0,ihren,0.9918
11,691.0,745.0,777.3,784.0,Kindern,0.9918
11,777.3,745.0,839.0,784.0,erben,0.9918
11,99.0,776.0,160.8,812.0,wird.,0.9903
11,160.8,776.0,185.4,812.0,Es,0.9903
11,185.4,776.0,222.5,812.0,ist,0.9903
11,222.5,776.0,271.9,812.0,aber,0.9903
11,271.9,776.0,321.3,812.0,doch,0.9903
11,321.3,776.0,370.7,812.0,noch,0.9903
11,370.7,776.0,420.1,812.0,früh,0.9903
11,420.1,776.0,444.8,812.0,zu,0.9903
11,444.8,776.0,593.0,812.0,"beschlieBen,",0.9903
11,593.0,776.0,617.7,812.0,ob,0.9903
11,617.7,776.0,679.4,812.0,diese,0.9903
11,679.4,776.0,840.0,812.0,Angelegenheit,0.9903
11,102.0,813.0,135.6,842.0,die,0.9984
11,135.6,813.0,247.8,842.0,allgemeine,0.9984
11,247.8,813.0,359.9,842.0,Mentalität,0.9984
11,359.9,813.0,393.6,842.0,der,0.9984
11,393.6,813.0,528.1,842.0,Gesellschaft,0.9984
11,528.1,813.0,573.0,842.0,war.,0.9984
