,text,orientation,language,mean_confidence,used_original_text,time,scale
0,"


qariiztye, pl. -at Querscheibe

= qgariziystu Ifoganiye seir
Kopf (sc. des Nagels albas-
mar)
garrasa Stemmeisen
qarod, pl. gawérid hilzerne:
Stampfer
qarrat, ygarrat (Il) zerbeiBen
~ gare (Koll) Kiirbisse
garCa (nu), pl. garcat ~ gre
Kiirbis = garCatayn zwei Kiir-
bisse
agra, f. garCa, pl. gare kahl-
képfig
garCawayS Name einer
Pflanze
 garcan Koran [< aar. qur2én]
gerag, pl. -at Rand, Ufer »
fa-qardg almayy am Ufer des
Wassers
qaraf, yaqref (I) abbrechen
abreiBen (vor allem von Ah
ren) m= tagraf assambaleye sie
bricht die Ahre ab
| garqad, yqargag (I) zerstam-
pfen, zerkleinern [zu gard
Stampfer] = ygarqddu ba-Iha-
bot er zerkleinert sie (sc. die
Hirse addaxan) mit der
Dreschflegel
- garga’, ygargae (1) donnern =
matal aigarg6° ygargae wenr
ein Donnerschlag ertént
argo’, pl. garégi Donner-
schlag,
garaqgol Gendarmerieposter
[< tiirk. karakol dass]
garme, pl. garémi 1. Wurzel-
stock, Holzklotz = garme
qasam 1. ‘leil, Partie = gas-
mayn zwei Teile, zwei Partien.
2. Abteilung, Gattung = gasm
alhamir die Gattung der Esel
gaSar, yaqsar (1) schiilen, ent-
hilsen’ = kiggasariwa bsan
“fi ihn (se. den

16E enthiilst, um

1 kochen)

31 47 geschiilt, ent-

‘fat liye mag-

Sora der weizen, der ge-
schillt, enthiilst ist

qasSar, ygassar (I) schilen »

tgaSSor alpatata w albaydat
sie schilt die Kartoffeln und

 

Otto Jastrow

Glossar zu Kinderib
(Anatolisches Arabisch)

Harrassowitz Verlag

’bbas trockene \
2. hélzernes Sc
‘raditionellen Tui
(unter karmit be
oll.) Ziegelstein
nit Dachziegel]
uu), pl. garmigat
© garmitat alhe
Ziegelsteine
train Horn

kleine Gold-_
e, die von Fri
nschmuck getrs

1 garani, du. ge

iereckig = mdaw
na-we (der Rah
und, nicht vieres
ra (I) rezitieren |
rrdlu dye er rezi
ien Koranvers
nrezitator = gar
en Koran rezitie
2zitation = qq
lie Rezitation
in

« (wohl levant.)

2 (D teilen = ya
-nnass sie teilet
vile

‘gassam (II) verte
tasséma Cala tfa
's (sc. das Fle
unter seinen

erbalnom. II) Ve
ilung

yatqassam (V) u
gasfin schwarzw
| qasabat Leber
ssawda die Lebe
Thamra die Lung
etzger

qasd allah w q
an bei Gott und
cht

‘balnom. I) Zufh

tiel, Zweck, Abs
lu mé akal-we s
st nicht zu es
tanzawwéga

er Ziel ist es, sie

. ieee ees",0.0,eng,71.71362179063361,False,1648427517.281485,1.75
1,Otto Jastrow Glossar zu Kinderib,0.0,deu,93.2449556,False,1648427517.718521,1.75
2,"


Semitica Viva

Herausgegeben von Otto Jastrow

Band 36

2005
Harrassowitz Verlag - Wiesbaden",0.0,deu,93.34323523076924,False,1648427518.0296772,1.75
3,"


Otto Jastrow

Glossar zu Kinderib
(Anatolisches Arabisch)

2005
Harrassowitz Verlag - Wiesbaden",0.0,deu,91.59691358333333,False,1648427518.391447,1.75
4,"Bibliografische Information Der Deutschen Bibliothek: Die Deutsche Bibliothek verzeichnet diese Publikation in der Deutschen . Nationalbibliografie; detaillierte bibliografische Daten sind im Internet uiber http://dnb.ddb.de abrufbar. Bibliographic information published by Die Deutsche Bibliothek: Die Deutsche Bibliothek lists this publication in the Deutsche Nationalbibliografie; detailed bibliographic data is available in the internet at http://dnb.ddb.de. Informationen zum Verlagsprogramm finden Sie unter http://www.harrassowitz.de/verlag © Otto Harrassowitz GmbH & Co. KG Wiesbaden 2005 Das Werk einschlieflich aller seiner Teile ist urheberrechtlich geschiitzt. Jede Verwertung auferhalb der engen Grenzen des Urheberrechtsgesetzes ist ohne Zustimmung des Verlages unzulassig und strafbar. Das gilt insbesondere fiir Vervielfaltigungen jeder Art, Ubersetzungen, Mikroverfilmungen und fiir die Einspeicherung in elektronische Systeme. Gedruckt auf alterungsbestandigem Papier. Druck und Verarbeitung: Memminger MedienCentrum AG Printed in Germany ISSN 0931-2811 ISBN 3-477-05243-0",0.0,eng,90.90959689682539,False,1648427519.969504,2.2604166666666665
5,"


Vorwort

Das vorliegende Glossar enthalt den gesamten Wortschatz meines 2003
erschienenen Bandes Arabische Texte aus Kinderib. Aus meinen Notiz-
biichern wurden nicht im Text belegte Formen (z.B. Singular/Plural,
Perfekt/Imperfekt) soweit vorhanden erganzt; in geringem Umfang
wurden auch zusitzliche lexikalische Eintrage aus den Notizbiichern
tibernommen. Ein Nachweis der Belegstellen im Textband war aus
arbeitstechnischen Griinden nicht méglich, doch erfolgt stets ein Hinweis
auf die Texte, in denen ein betreffendes Lemma thematisiert wird, bzw.
auf die Seite im Textband, auf der ein betreffender Gegenstand durch
eine Zeichnung des Informanten Abu Mhammad dargestellt ist.

Auch diesmal gilt mein besonderer Dank Shabo Talay, der mein
Manuskript in Spaltensatz umformatiert und ihm seine endgiiltige Gestalt
gegeben hat.

Erlangen, im Juni 2005
Otto Jastrow",0.0,eng,91.06943786440681,False,1648427520.68364,1.75
6,"


Einleitung

I Anordnung der Artikel

Die Artikel sind nach Wurzeln geordnet. Bei Fremdwértern, Wort-
zusammensetzungen etc. werden die ersten drei oder maximal vier Kon-
sonanten als virtuelle Wurzel angesetzt. Homonyme Wurzeln werden
durch hochgestellte Indexzahlen unterschieden.

Bei der Nominalformen KaK wird w als mittlerer Radikal angesetzt
(unabhiangig von der Etymologie, z.B rds unter rws).

Obgleich Hamza (?) im Wortanlaut keinen Phonemstatus hat und in
der Umschrift der Texte in der Regel unberiicksichtigt bleibt (s. Textband
S. 3 £), wird es im Glossar als erster Radikal aufgefiihrt; so erscheint z. B.
akal essen“ unter der Wurzel kl.

Die Reihenfolge der Eintrage folgt dem arabischen Alphabet; zusatzli-
che Konsonanten werden nach ihrer stimmhaften oder stimmlosen Ent-
sprechung eingeordnet. Die sekundaren emphatischen Konsonanten b, m,
r und | werden bei der Angabe der Wurzel unter b, m, r und 1 subsum-
miert. Damit ergibt sich folgende alphabetische Reihenfolge:

JbptrEeEnhxddrzsszes
d@tdzcCéfvqakgimnhwy

1 Aufbau der Artikel
Unter einer Wurzel erscheinen zuerst die Verben in der Reihenfolge der
arabischen Verbstamme, sodann die Nomina nach zunehmender Komple-
xitat der Bildungsweise, dann die iibrigen Wortarten.
Verben werden mit Perfekt und (getrennt durch ein Komma) Imperfekt
zitiert; wenn eine der beiden Stammformen nicht belegt ist, steht - z. B:
-, yantékal (VII) gegessen werden, e8bar sein
Danach folgt in Klammern die Angabe des Verbstammes in rémischen
Ziffern. Bei vierradikaligen Verben wird zwischen Grundstamm (I) und
Reflexivstamm (V) unterschieden. Bei unregelmaBigen Verben wie axad
»nehmen’, ga kommen‘, sawa ,machen“ werden bei Bedarf zusitzliche
Formen angegeben. Bei Verben, die nur einmal sind belegt sind, wird zu-
nachst der Verbstamm und nach einem Doppelpunkt die konkrete Form
aufgefiihrt. Nach jedem Verbstamm werden, falls vorhanden, die zugehéri-",0.0,eng,87.12987567518249,False,1648427522.063678,1.75
7,"


Einleitung

 

gen Partizipia aktiv und passiv sowie das zugepirige Verbalnomen (Ver-
balnom,), nomen vicis (nv) und nomen actionis’ (n.a.) aufgefiihrt, z.B. zu
saq, ysoq (1) ,pfliigen*:

(Verbalnom. 1) sawg, (nx 1) sawga, (na. I) sigén

Nomina werden mit Singular und Plural zitiert; soweit belegt, wird
auch der Dual angegeben. Kollektivnomina sind durch (Koll) gekenn-
zeichnet, Nomina unitatis (n.u.) folgen als eigener Eintrag. Bei femininen
Nomina ist der Plural manchmals verkiirzt als -at angegeben, z. B. ballota,
pl. -dt (zu lesen als ballogat). Nach der deutschen Bedeutungsangabe wer-
den gegebenenfalls Formen mit Pronominalsuffixen aufgefiihrt.

Ebenso werden bei Prapositionen nach der deutschen Bedeutungsan-
gabe die belegten Formen mit Pronominalsuffixen angegeben.

Es folgen fallweise etymologische Hinweise in eckigen Klammern.

Ill Etymologische Hinweise

Das Glossar ist nicht als durchgehend etymologisch angelegt, vielmehr
werden Hinweise vor allem gegeben, wenn

a) eine fremdsprachliche Etymologie (vor allem tiirkisch, kurdisch
oder aramiisch ) vorliegt,

b) die Wurzel im Vergleich zum Altarabischen eine lautliche Verande-
rung erfahren hat, z.B. xasal, yaxsal ,waschen* [< aar. gsi].

Die Abkiirzung aar impliziert, daB es sich um ein Erbwort handelt,
wahrend die seltenen Entlehnungen aus dem modernen Hocharabischen
mit har, gekennzeichnet sind. Entlehnungen aus dem syro-libanesischen
Arabisch werden mit levant. gekennzeichnet.

Wenn nicht anders vermerkt, werden Etymologien aus dem Tiirki-
schen nach Steuerwald, Tiirkisch-Deutsches Wérterbuch, Etymologien
aus dem Kurdischen nach Omar, Kurdisch-Deutsches Wérterbuch (Kur-
‘manci) zitiert. Wenn ein Wort sowohl im Tiirkischen als auch im Kurdi-
chen belegt ist, wird im allgemeinen Tiirkisch als Quelle angenommen.
Ebenso wird bei Wortern, die im Tiirkischen und modernen Hocharabi-
schen belegt sind, im allgemeinen Tiirkisch als die unmittelbare Quelle
angenommen. Bei aramaischen Entlehnungen wird das Etymon in seiner
altsyrischen Form zitiert.

1 nur im Grundstamm vorhanden, Nominalschema fa°lén.",0.0,eng,87.88453388652482,False,1648427523.4562361,1.75
8,"


Einleitung 3

 

IV Bedeutungsangabe
bercht unterschiedliche Bedeutungen werden durch Strichpunkt getrennt,
zB:
tabaqa Schicht, Lage; Stockwerk
tase Schale; Schiissel
Starker abweichende Bedeutungen sind fett numeriert, z.B:
id 1. Hand. 2 Seite
xallas, yxallas 1. beenden, fertig werden. 2. retten
Die deutsche Bedeutungsangabe kann Aussagen zum Subjekt oder Objekt
oder zur Valenz eines Verbums enthalten, z.B.
a) Angabe des Subjekts: sahal, yashal (Pferd, Esel:) wiehern
b) Angabe des Objekts: baha, yabhi schiiren (Glut)
c) Angaben zur Valenz eines Verbums:
Cata geben (jdm. = Akk),
Sattam, ySattam beschimpfen (jdn. fo-)
nazal, yanzal hinabsteigen, hinabgehen (zu Cala)

V_ Belege

Nach dem Symbol » folgen Belege aus dem Textband, jedoch wurde auf
Stellenangaben verzichtet. Wenn ein Beispiel verkiirzt ist, so daB die
Wortfolge nicht genau dem Originaltext entspricht, werden Klammern
oder ... verwendet, z.B.

(lanCél) ysiifin (die Hufeisen) nutzen sich ab
Wenn ein Begriff Gegenstand eines eigenen Textes ist, erfolgt ein Hii
weis am Ende des Eintrags, z.B. dast »Kessel, — Text 82. Gleichfalls hin-
gewiesen wird auf Abbildungen (Abb.) im Text*.

Die Wiedergabe der Belege folgt der Schreibung im Textband, ist je-
doch bisweilen leicht regularisiert, insbesondere in folgenden Punkten:

a) Das Symbol 2, das den Hilfsvokal in einer Wortgruppe bezeichnet,
wird im allgemeinen weggelassen, z.B. Textband man @bCid, Glossar man
bCid ,von ferne*

b) Ebenso wird das Symbol = zur Angabe eines Akzentkompositums
nicht immer iibernommen, z.B. Textband ma=ga, Glossar md ga ,er kam
nicht“

 

2 Bei der Reproduktion der Abbildungen im Textband wurden bisweilen die
diakritischen Punkte der handschriftlichen Glossen wegretuschiert, z.B. S.
165 Sarét fiir korrekt Sarét, balldta fiir korrekt ball6ta.",0.0,eng,88.30476213793105,False,1648427524.654151,1.75
9,"


4 Einleitung

 

c) Die fakultative Assimilation von t (s. Textband S. 4-5) wird bei den
Belegstellen beibehalten, beim Eintrag der Verbstaémmen aber unter-
driickt, z.B. Beleg yabbdzarin ,,sie feilschen miteinander“, aber Verbein-
trag thdzar, yatbdzar ,,miteinander feilschen“.

Die Ubersetzung der Belege ist kontextunabhingig, deshalb kann im
Textband eine leicht abweichende Formulierung stehen.

VI Literaturhinweise

Jastrow, Otto: Die mesopotamisch-arabischen qaltu-Dialekte. Bd. I: Pho-
nologie und Morphologie. Wiesbaden 1978 (= Abhandlungen fiir die
Kunde des Morgenlandes 43,4)

Jastrow, Otto: Arabische Texte aus Kinderib. Wiesbaden 2003 (= Semitica
Viva 30)

Omar, Feryad Fazil: Kurdisch-Deutsches Wérterbuch (Kurmanci. Berlin
1992

Steuerwald, Karl: Tiirkisch-Deutsches Worterbuch. Wiesbaden 1988

VII Abkiirzungen

aar altarabisch
Abb Abbildung,

adj. adjektivisch
Adv Adverb

Akk. Akkusativ
aram. aramaisch
altsyr altsyrisch
dass. dasselbe

dat. eth. dativus ethicus
enkl. enklitisch
Elat. Elativ

£ feminin

folg. folgende

har hocharabisch
idiom. idiomatischer Ausdruck
Imperf. Imperfekt
Imperat. Imperativ

indekl. indeklinabel",0.0,eng,84.90888033098592,False,1648427525.492673,1.75
10,"


Einleitung

 

intrans, intransitiv

Koll. Kollektivnomen
Konj. Konjunktion
Kons. Konsonant
kurd, kurdisch

levant. levantinisch (syro-libanesisch)
m. maskulin

na. nomen actionis
nu. nomen unitatis
nv nomen vicis
Perf Perfekt

pl Plural

pp Partizip passiv
pa. Partizip aktiv
Prap Praposition
Pron. Pronomen
redupl. redupliziert

sc. scilicet, namlich
selbstand. selbstandig

sg. Singular

stat. constr status constructus
subst. substantivisch
Suff. Suffix(e)

trans transitiv

tiirk. tiirkisch
unpers. unpersénlich
unverand. unverdnderlich
Verbalnom. Verbalnomen
vel. vergleiche
Zéahipl. Zahiplural

VII Symbole
* rekonstruierte Form
< entlehnt aus

~ variiert mit

> siehe, siehe auch",0.0,eng,82.65814949411765,False,1648427526.130707,1.75
11,,,eng,,True,1648427526.130959,
12,"


2b
2bd

br

bt
2bn

bw

2prx aprax (Koll) gefiillte (gewil

Ips

Alif

al?abb der Vater. > 2bw
abadan niemals, iiberhaupt
nicht [har] = ahhad mo-=
yeCraf abadan iiberhaupt nie-
mand wei8 davon

abre, pl. abéri Nadel = ba-
labre mit der Nadel

> tht

aban, pl. widd Sohn. - mit
Suffixen: abni mein Sohn,
abnu sein Sohn, abnan ihr (pl.)
Sohn, dbanna unser Sohn,
ébanken ever Sohn = mdlu
aban er hat keinen Sohn. aban
Cammu sein Vetter. wlad
Cammu seine Vettern. aban
axtihu sein Neffe. la-2abna zu
ihrem Sohn

abu ~ abi- (stat. constr) Va-
ter. - mit Suffixen: abithu sein
Vater, abiéwa ihr Vater, abii-
wan ihr (pl) Vater. abityi mein
Vater m abu Ixort der Vater
des jungen Mannes. bayt abu
Ibant das Vaterhaus (die El-
tern) des Méadchens. bayt
abiyi mein Vaterhaus, meine
Eltern. > bb

 

kelte) Weinblatter [<_ tiirk.
yaprak dolmast dass] = halla-
prax, kéf ysawawhu? wie be-
reitet man gefiillte Weinblat-
ter zu? > Text 713

apraxdye (n.u.), pl. apraxayat
gefiilltes Weinblatt

ApSe Ortsname (Dorf bei

 

&

hd

Kinderib)

apséni aus ApSe stammend
atél Hotel [< tiirk. otel dass] =
yroh la-Ilitél er geht ins Ho-
tel

Otomatik automatisch [< tiirk.
otomatik dass]

> pwr?

atna Zeit, Zeitpunkt [< tiirk.
esna dass] = fa-hdk al-2atna
zu dieser Zeit (= tiirk. 0 es-
nada)

aggar, yagger (I) mieten =
yaggarallu dda er mietet
sich ein Zimmer (wohl levant.,
echt yakrilu dda)

aééax ~ Gé&age wann [<x
xays=Cax; > wx) w hal-
habwe, at&ax tagi? dieser

Schnee, wann kommt er?
ahhad jemand, in negierten
Satzen: niemand = ahhad man
bayt abu Ibant jemand von der
Familie des Méadchens. méfi
ahhad es ist niemand da.
ahhad ma=§a la-Candu nie-
mand kam zu ihm. md=teCti st
L-ahhad sie gibt niemandem
etwas. gatf=ahhad iiberhaupt
niemand

alahhad ~ allahhad der
Sonntag = nha alahhad der
Sonntag; am Sonntag

axt, pl. xawat Schwester =
xewdtu seine Schwestern
alaxx der Bruder. > 2xw
axad, ydxad (1) nehmen, weg-
nehmen # axad taru er hat
seinen Platz eingenommen.
ydxed Caléyu qlayl er nimmt
(verlangt) wenig dafiir",0.0,eng,79.2725094347826,False,1648427527.5448341,1.75
13,"


Alif

 

xr

oxw

Imperativ: xad, f. xadi, pl
xedu; oft mit Dat. eth. xallak |
(< xadlak), nimm dir!, f xalki |
(sic), pL xalkan (sic)

Paxxar, yat?axxar (V) sich
verspaten m fikiin nat?axxar
falls wir uns verspaten

éxar Ende = éxar nisdn Ende
April. man awwéla 1-éxéra
von Anfang bis Ende. fo-
lléxar zuletzt

éxar (stat. constr) der, die
letzte m é@xar wahde die
letzte. @xar Ca tiyém die
letzten zehn Tage. éxar waxt
spat. @xar waxt sdrat es ist
spat geworden

*éxri letzter, hinterer = sabac
aléxriye der letzte (d.h. der
kleine) Finger. sdqatu léxriye
seine Hinterbeine

allax [< aar. al? axar], f. allaxx,
pl. allawx, mit verkiirztem Ar-
tikel lax, laxx, lawx der an-
dere, die andere(n) = tarfac
wahde w thatt laxx sie hebt
eine (Hand) und senkt die an-
dere. hawk lawx jene anderen.
nass lax die andere Hiilfte.
ferdyag allawx die anderen
GefaBe.

mit demonstrativem Artikel:
hallax dieser andere, hallawx
diese anderen

-lex (unverind., enklit.) ein
andere, (eine) andere m»
wéhad-lax ein anderer. ayn
-lax zwei andere, noch zwei
axu ~ axit- (stat. constr) Bru-
der - mit Suffixen: axihu
sein Bruder, axiwa ihr Bruder,

 

dm

dr
dn

dy

org

axiyi mein Bruder (aber: axi
mein Lieber). > xx

axwe (pl) Briider m li tat=axwe
ich habe drei Briider axwéta
ihre Briider. axwédti ~ axtti
matu meine Briider sind ge-
storben

adam: wéhad aban adam ein
Mensch

adar Marz

aden, pl adan Ohr. = Cala-
danu auf seine Ohren

ida wenn (— Textband S. 18 f)
a in Verbalsiitzen: ida hakkam
maxxu tayakdlu wenn er sei-
nen Kopf erwischt, dann fri8t
er ihn auf; in Nominalsitzen:
ida ma=Candu hmar wenn er
keinen Esel hat

ida ma wann immer (?) = ida
md &@ tahtu matar wann im-
mer Regen darunter gelangt
ard Boden, Fufboden; pl.
ardgi Feld = fa-2ard albayt
auf dem Fufboden. Ca-llard
ebenerdig, ard almabbaxiye
der Boden des Topfes. ard
kaffu sein Handteller

2rml armale Witwe
2rnb arnab (f£) Hase m al?arnab

ory

qamat der Hase sprang auf

ara, yara (1) sehen; finden [<
aar. rad] = ara ddawse er
sah, fand die Spur. ma=rat sie
fand nicht. ar@wan sie sahen
sie (pl). mda=rdwa sie fanden
sie (sg. f) nicht. ardhu er sah
ihn; ich sehe ihn. md=yara er
sieht nicht. awwal ma yarahu
sobald er ihn sieht. ‘aha
wer sie (sg. £) sieht. - Idiom.

 ",0.0,eng,81.60368287563452,False,1648427529.115732,1.75
14,"


Alif

 

ma=raytu gayr ehe ich mich’s
versah

Astal Ortsname (Ortsteil von
Midyat, tiirk. Este) = fo-
2Astal in Astal

asds grundsitzlich [< tiirk
esas dass]

asam, pl asémi Name »
ygqayyed asmu w yqayyed
asam déCétu er notiert seinen
Namen und den Namen seines
Dorfes. ays=asman wie hei&en
sie? asémi ggabal die Flur-
namen. asémiyan ihre Namen.
> ysm

28qd asqad ~ dSqade wieviel [<
says=qadr] = kaflétan asqad-
ye? wieviele (Personen) um-
faBt ihre Familie? > gdd?
asqad la- (Konj) wieviel, wie
sehr; je mehr m= yhisilan
asgad la-yag kéfon sie pfliik-
ken, wieviel sie Lust haben.
asqad la-qattaCiwa rafiC, hal-
qade maliha-ye je diinner sie
es schneiden, um so besser
ist es

aslak, pl. asélak traditionelles
Hemd, das man unter der Ca-
baye trug [x tiirk. iglik als
Unterwasche getragen]

gig aslag, pl. a8élag > aslak
2Swx GSwaxt ~GySwaxt ~ dyswagt [<
sxay$=wagt] wann

GySwaxt la- (Konj) wann im-
mer m dySwaxt la-a kéfu
wann immer er Lust hat
Jasrafi Engel, der am jiing-
sten Tag ins Horn stéBt

isot (Koll) Peperoni. + T 719
isot hadd scharfe Peperoni

stl

Iss

Jsm

28k

srf
st

 

stk

Isl

dy

kL

isdt halu milde Peperoni
isdtaye (n.u.) (einzelne) Pepe-
roni

Gstik Plastik, Plastiksandalen
astik ag%awweni der Reifen-
schlauch

asil, f. asile edel, Vollblut =
fardsi asile-ye mein Pferd ist
ein Vollblut

asil Sitte m alCade, alasil
Brauch und Sitte

adda, yadgi 1. (mit addanye:)
addanye addat, tedgi der Tag
bricht an, die Morgenrite er-
scheint, es wird hell. [< aar.
dw? IV). 2. hell werden, glan-
zen m= (almabbaxiye) teddi
(der Kochtopf) glanzt

akal, ydkal (I) essen, fressen
= akal man hak alCasal er aB
von dem Honig, akdla, ma=
kala? hat er es gegessen oder
nicht? Jait?Gkalat sie hat ge-
fressen. ay§ yaklin? was fres-
sen sie? kéf tayakdla? wie
wird er sie fressen? addéhne
akalat matha das Butterfett
hat das Salz absorbiert

- Imperativ: kal, f kali iB!,
pl. kalu eBt!

aklén (n.a. 1) essen m aklén
ttéq takal sie kann (regel-
recht) essen

-, yantékal (VII) gegessen
werden, eBbar sein = lahmétu
mé=tentékal man kann sein
Fleisch nicht essen. m6 yan-
takliin sie sind nicht eBbar
akal Essen; Fressen, Futter =
halmaClaga ssér bsGn_akal
der Léffel dient zum Essen.",0.0,eng,78.08275280107527,False,1648427530.646946,1.75
15,"


Alif

 

ck

olf

mu

yadbaxilu akal sie kochen
ihm Essen

oléak, pl. dléakat ~ dléakat
ein HohlmaB (1 oléak = 2 Cal-
be = 26 kg) Ix tiirk. dlgek
KornmaB] = Ca¥ 6léakat hanta
zehn dléak Weizen

alf tausend m= hdy sdrat alf
das ergibt 1000. alf=karra tau-
sendmal. alfayn waraga 2000
tiirk. Lira. xams taldf w mitayn
waraga 5200 tiirk. Lira

alla auRer; unbedingt = alla
halib man amma auBer Milch
von ihrer Mutter alla fkin
maCu hmar er mu8 unbedingt
einen Esel dabei haben.

 

 

2Imn alamanyo Aluminium

th

oy

mr

aljah ~ aljéh ~ alla Gott =
hak-zad__ba-2amr__allah-ye
das geschieht durch Gottes
Willen. roh alla maCak geh,
Gott sei mit dir!

liye Seite [< kurd. alf Rich-
tung, Seite] = rah la-hak la-
lye er ging auf die andere
Seite. f-dlldliye ... w f-dlldliye
auf dieser Seite ... und auf
dieser (dh. der anderen)
Seite. man alit a¢app von der
linken Seite. man ldlitayn ~
ma-lldlitayn auf beiden Seiten
-, ya?mar (1) befehlen = alla
taCdla ya?médru Gott befiehlt
ihm

amar Befehl = amr allah Got-
tes Wille. amar man lahkume
Genehmigung der Regierung

3mm amm Mutter m tagi Pamm die

Mutter kommt. man amma
von ihrer Mutter. amman ihre

 

mn

Onl
In2

n3
Ont

ont

(pl) Mutter

2amma aber, doch

Ik y2amman rohu er sichert
sich ab

iman Glaube = Sahhdtu Cala
gayr iman er machte ihn vom
Glauben abtriinnig

ana (selbstaind. Personalpro-
nomen 1. sg.) ich

anni daB

ankan. > kwn

ant (selbstand. Personalprono-
men 2, sg. m) du

anti (selbstaind. Personalpro-
nomen 2. sg. f) du

antan (selbstand. Personalpro-
nomen 2. pl.) ihr

ante, pl. andte Frau; Weib-
chen, weibliches Tier

Ingx angax nur [< tiirk. ancak

nq

Ins

°ngr

Ings

hd

dass] = fo-lmiye CaSara an-
&ax nur zehn von hundert
angaq > angax

ansan, pl. ansdndat Mensch. >
nys (nés)

angari, pl. angariydt Servier-
teller (aus Kupfer)

angari Camiq tiefer Servier-
teller. > Text 88

angari tayaf flacher Servier-
teller. > Text 89

angas wo (selten statt > ayn)
[< *ayn kés; zu aram. gessa@
Seite]

ahd Rand (des Grabes)

ahal Blutsverwandte (im Ge-
gensatz zu — qardyab) =
ahlan ihre Blutsverwandten
ahlan w sahlan ~ ahla w sahla",0.0,eng,80.96055118306012,False,1648427532.12325,1.75
16,"


Alif

 

we

awl

ayl

willkommen!

ahli zahm

aw oder

sti Koch [x tiirk. aggz dass]
oda, pl. awad Zimmer [< tiirk.
oda dass] = dda ddtayn ein,
zwei Zimmer

aga Agha, kurdischer Gro8-
grundbesitzer [< kurd. axa
dass]

dle, pl. dlat Werkzeug = dle
tistégal fiya ein Werkzeug, mit
dem er arbeitet

awwal Anfang = awwal adar
Anfang Marz. man awwdla 1-
exdra von Anfang bis Ende.
fo-lawwal friiher, zuvor. man
awwal asSete von Winterbe-
ginn an. almalla fa-2awwdlan
der Molla an ihrer Spitze’
awwal (stat. constr) der die
erste m awwal weahde die
erste. awwal gamCa fa-nisan
der erste Freitag im April.
awwal md (Konj) sobald = aw-
wal ma darabu sobald sie
schossen. awwal ma tera
ansan sobald sie einen Men-
schen sieht

dye, pl. Gyat Koranvers = ay-
tayn tate zwei, drei Koran-
verse

é la- bis (Prap.) = & la-lmasa
bis zum Abend. é I-dk acéax
bis zu diesem Zeitpunkt

é la-kama bis (Konj) = é la-
kama yarGhu bis er ihn sieht
é- verstarkendes Prafix bei
Demonstrativa = éhdg genau
so. hawk eben jene. éhdssé-

 

yd

yf

Jynt

niye eben dieses Tablett

id, pl idayn, du. idtayn 1.
Hand, Unterarm, (bei Tieren:)
Vorderbein, Vorderhuf [< aar.
yad| = yatnawal wahde man-

f-id acCapp, w wahde f-id
alyamin er nimmt eine davon
in die linke und eine in die
rechte Hand. f-id laxx in der
anderen Hand. b-id alyamin
mit der rechten Hand. yxayy-
tiwa b-idan sie néhen sie mit
der Hand. teCgénu b-iddya sie
knetet ihn mit ihren Handen.
idayyi meine Hande. ba-Ilid-
tayn mit beiden Handen. ix
taynu man qadddm seine bei-
den VorderfiiBe. 2 Seite =
f-id ac€app ... f-id alyamin auf
der linken Seite .. auf der
rechten Seite

ayS was [< *ayy Say] = ays
yakliin was fressen sie? ays=
lahu hawne? was hat er denn
da? ba-ayS yastégal womit
arbeitet er? man ayS ysa-
wawhu? woraus machen sie
es? bSGn ayS wozu?

ay§ la- was auch immer = ays
la-tabaxu fiya was auch im-
mer sie darin gekocht haben.
arraci ays l-ara ... yhiis was
immer der Hirte sieht, das
pfliickt er ab

— I&x, ISqd, ISwx

ayn wo? = ayn tisayyad? wo
soll er jagen?

ayn + selbst. Personalpron. 3.
pers: ayni(we), f. ayni(ye), pl.
aynén(ne) wo ist er (denn)? =
ayniye raxsdtak? wo ist denn
deine Lizenz?

 

 ",0.0,eng,82.46910845501286,False,1648427533.69075,1.75
17,"


Alif

 

l-ayn, layn wohin? = layn ti-
roh? wohin soll, wird er ge-
hen?

sawb ayn in welche Richtung,
= sawb ayn rahat? in welche
Richtung ist sie gegangen?
man ayn ~ manayn woher? =
& man ayn tangib mayy? wo-
her sollen wir denn Wasser
bringen?

ayn la- (Konj.) wo auch immer
= ayn I-iroh fi Capar wo auch
immer er hingeht, gibt es ei-
nen Ansitz

| yn?

yh

ayna (unvernd.) welcher, wel-
che [< aram. aynd welcher] =
qbor flan=-wehad ayna-nne?
welches sind die Graber von
Soundso? ayna wéhad-we?
welcher ist es?

ayna la- der welcher, jeder
der = ayna la-yadxal fo-lbab
jeder der zur Tiir_herein-
kommt. ayna la-yeg kéfu jeder
der Lust hat

eh ~ & ja = hdgge? qal éh
wirklich? er sagte: ja",0.0,eng,84.16888170542636,False,1648427534.360678,1.75
18,"


ba- ~ b- (Prap) 1 mit (An-
gabe des Werkzeugs) m= ba-
rrafs mit der Schaufel.
tharrékan ba-lmaClaqa_ sie
rihrt sie mit dem Léffel um.
twasséCa ba-sabCa sie weitet
(die Teigtasche) mit ihrem
Finger. traqqu ba-sS6bak sie
rollt (den Teig) mit dem Teig-
holz aus. md=yangdla® ba-llid
er 1a8t sich nicht mit der
Hand ausrei8en 2, in, inner-
halb von (Zeitangabe) = ba-
Tayl in der Nacht. baCd affal-
be b-yawm einen Tag nach
der Brautwerbung. baCd ma
ymiit ®b-yawmayn zwei Tage,
nachdem er gestorben ist 3
um, fiir (Angabe des Preises)
= b-xamse w Casrin waraqa
fiir 25 Lira. tate b-lira drei
(Kilo) fir eine Lira. 4 um,
nach (distributiv) = tetnawal
dawqa b-dawga sie nimmt ei-
nen Pfannkuchen nach dem
andern. - mit Suffixen: 3. sg.
m. biyu, 3. sg. f. biya

bibar Pfeffer [< tiirk. biber
dass]

babbor, pl. bawébir Petro-
leumkocher

— bnt (bant)

bégama Pyjama, Schlafanzug
[< tiirk. pijama dass.]

bah (Interjekt.) doch

bahar Meer

bahs: wala ahhad ygib bahsi

 

bhs

niemand erwahnt mich [<
tiirk. bahis Erwahnung, bah-
setmek erwahnen]

bahs kleine Steine, Kiesel
bahsdye (nu) Steinchen

bxb§ baxbi§ Geschenk, Ehrenge-

bxt

schenk [vgl tiirk. bahsis,
kurd. bexsig Trinkgeld, Beloh-
nung]

baxt Ehre [vgl. kurd. bext
Gliick, Schicksal] = Cala baxti
katgdbar bei, meiner Ehre, er
ist groB geworden. Cala
baxtak sei ehrlich!

baxa§, yabxa§ (1) durchboh-
ren, Lécher bohren

mabxiis (pp. 1) durchbohrt
baxsén (n.a. 1) Durchbohren =
bala baxsén ohne Locher hin-
einzubohren

baxxas, ybaxxa§ (II) durch-
léchern

mbaxxas (pp. Il) durchléchert
baxs, pl. bxii¥ Loch m yab-
xastiwa baxSayn tate sie boh-
ren zwei, drei Lécher hinein

bxmr baxmar, ybaxmar (1) knebeln

(Pferd, Maultier etc.)

baxmar Knebel, den man ei-
nem Pferd, Maultier etc. an-
legt. > Abb. S. 447

baxw eben, gerade, genau
[< kurd. bixwe selbst;  tibri-
gens] = ayn baxwd-we wo ge-
nau es sich befindet

baddal, ybaddal (II) wechseln
(trans)

thaddal, yatbaddal (V) wech-
seln (intrans.) = asma md=yat-
baddal ihr Name wechselt
nicht",0.0,eng,81.89681163914372,False,1648427535.73529,1.75
19,"


14

 

badle Anzug

mbadal anstatt, statt daB =|

@mbadal albibar anstatt des
Pfeffers. @mbadal tanastéri
Calbe statt da8 wir eine Calbe
kaufen

bada, yabdi (1) beginnen
barbaz, ybarbaz (1) verschiit-
ten, verstreuen; zerbréckeln,
zerbréseln [Intensivbildung zu
— bzz] m= bsan Id=ybarbaz
salig Ca-llarg damit er keinen
gekochten Weizen auf der
Erde verschiittet

tharbaz, yatbarbaz (V) ver-
schiittet werden; zerbréseln
(intrans,) = alhagar tabbarbaz
ssér kama Imalh der Stein
zerbréselt und wird wie Salz
barbaz, pl. bardbaz Kaul-
quappe

britél, pl. -at Unterhemd
barad, yabrad (1) 1. (sich) ab-
kiihlen = bsGn yabrad damit
er (sc. addabs der Traubensi-
rup) abkiihlt. bared alwaxt es
ist kihler geworden. 2. (mit
Dativ der Person) frieren m=
bsan Id yabradallu damit er
nicht friert. ykiin kibbaradollu
falls ihm kalt geworden ist,
falls er friert

tharrad, yatbarrad (V) (sich)
abkiihlen’ = addanye bbar-
radat das Wetter hat sich ab-
gekiihlt

bard Kalte = barra bard-we
drauBen herrscht Kilte, ist es
kalt. kdgqafaltu man bardi ich
war halb erfroren

barad (koll) Hagel, Hagelkér-

bra

| bra?

brzn

brél

bréy

brq

 

ner
bérad kalt = mayy bérad kal-
tes Wasser

barrdad Kiihlschrank [levant.]
barad, yabrad (I) feilen
mabrad, pl mabarad ~
mabérad Feile = mabradayn
zwei Feilen. mabrad xasan
grobe Feile

bardi Filllung (fiir Sattel, aus
gezupftem labbad Filz)

barri wild (Gegensatz: ahli) =
tayr barri wildes Steinhuhn.
tyor albarriye die wilden
Steinhiihner

barra drau8en. - stat. constr.
barrat, mit Suffixen: 3. sg. f
barrata, 3. pl barrdten =
barra-nne sie sind drauBen.
ahhad — ld=yatlac —_la-barra
niemand soll _hinausgehen.
kattélaCu barrat addeCa sie
waren aus dem Dorf hinaus-
gegangen

barrani auBerer

barzane, pl. -at griiner Fleck,
Stiick Rasen [aram.?; vgl. Tu-
royo birzdno Rasen, Wiese]
bargal (f.) Weizengriitze =
bargal nésfe ungekochte Wei-
zengriitze. bargal w lahme
Weizengriitze mit Fleisch. >
Text 717

bargaléye (nu) einzelnes
Korn der Weizengriitze

bargi, pl. barégi Schraube;
Ventil m=  bargiyu — seine
Schraube

(addanye) baragat, tabraq (I)
es blitzt m tasti addanye w",0.0,eng,80.5737472383901,False,1648427537.2002869,1.75
20,"


Ba

15

 

brm

brml

brn

bryz

tebrag es regnet und blitzt
barake Segen

bargil, pl. barégil nicht voll-
bliitiges Pferd, Arbeitspferd
bargile weibl. Arbeitspferd,
Stute (Gegensatz: faras)
baram, yabram (1) 1. (intrans.)
sich (im Kreis) drehen; um-
herstreifen = (attawr) yabram
Ca-ddaraxa (der Ochse) geht
im Kreis iiber das Dreschgut.
yabramiin fa-ddéCa sie ziehen
durch das Dorf 2 (trans) (im
Kreis) drehen = yabram hal-
makkina er dreht die Ma-
schine

mabrim (pp. I) abgerundet,
gebogen, rund

nbaram, yanbéram (VII) sich
umdrehen, umwenden

barme Runde; Kriimmung,
Rundung = yabram barmat-
lax Cala ahlu er macht eine
zweite Runde bei seinen Ver-
wandten. barmétu Cayn
barmat asséntye-ye er hat die
gleiche Kriimmung wie das
Tablett

barmil Eisenblech; pl. barémil
Fa aus Eisenblech

baran, pl. baranat Widder,
Schafbock; Lutscher (aus
kleinen Zweigen) [< kurd. be-
ran Widder]

way brawo! oh weh! (Toten-
klage)

baryoz, pl. barydzat Schmie-
dehammer

bazar, yabzer ~ yabzar (1)
sden, ausstreuen (Saatgut)

 

bez

bss?

bss?

bst

bazzar,
streuen
bazar, pl bziire (koll.) Saat-
gut, Korner, Kerne; geréstete
Kerne zum Knabbern; Nach-
wuchs m bazran ihr Nach-
wuchs. kéllama __ bazar
almawt-nahne uns allen ist
der Tod vorherbestimmt
bazréye (nu)  (einzelner)
Kern = bazréyat battéx ein
Melonenkern

bz6r Glasur fiir Gebiick (be-
stehend aus rohem Ei, Sesam-
und Mohnkérnern)

bzdra Auswerfen, Ausstreuen
(der Saat)

bézar, ybézar (Ill) feilschen
[x kurd. bazar, tiirk. pazar
Handel, Geschift] = ybézar
mau er feilscht mit ihm
thazar, yatbazar (V1) (mitein-
ander) feilschen = yabbazarin
fiyu sie feilschen darum

bazz, ybazz (1) zerstreuen,
verteilen = ybazz hawk alkaw-
mat er verteilt diese (Mist-)
Haufen. ybazz algalam er la8t
die Schafe sich zerstreuen
bsise in Butterfett getrankte
Brotkrumen

bass aber, jedoch

w bass (nachgest.) nur =
wahde w bass nur eine.
ba-llayl w bass nur bei Nacht

> bst

ybazzer (II) be-

bsmr basmar, ybasmar (1) nageln,

annageln m= ybasméra fo-
Jarbac basémir er nagelt es
mit vier Nageln an",0.0,eng,83.71818494603174,False,1648427538.687312,1.75
21,"


Ba’

 

bsr

bsq

bsn

bzz! |: rohi ba&Zet laya ich be-

b&z2 bagZ_unbewéassertes Acker-

bss

bst

basmar, pl. basémir Nagel =
basmarayn zwei Nagel
basSar, ybassar (I) eine gute
Nachricht, Botschaft iiber-
bringen = basSaratni sie hat |
mir eine gute Botschaft iiber-
bracht

bSara_ gute Nachricht »
bSarakki_(< bsaratki) bsarat
alxayr kkiin mége deine
Nachricht eine gute sein
baSqa (unverénderl.) anders;
getrennt [< tiirk. baska dass.
= baSqa-nne sie sind anders
bsan 1. (Prap) fiir, zu [< *bi-
San] = bsan Cagin fiir Teig.
ban ay wozu? 2. (Konj.) da-
mit, um zu = bS@n fisawiilna
gada damit sie uns ein Friih-
stick machen. b8an 1 yo-
bradallu damit ihm nicht kalt
wird

gehrte sie

land [< kurd. bej Land] = fo-
bag mo=ysériin auf unbe-
wassertem Land wachsen sie
nicht

bassdye, pl. bassayat ~ basési
gliihende Kohle m= ahmar
kama lbassaye rotgliihend
basat, yabsat ~ basat, yabsat
(D ausbreiten = tabsdta gamba
sie breitet es (sc. algabra das
Backtuch) neben sich aus =

kibbdésatu mriige sie haben
Ziegenhaarteppiche — ausge-
breitet

bassat, ybassat (Il) in Portio-
nen aufteilen (Teig) m ybass-

 

dsl

tan hada (agin sie teilen die-
sen Teig in Portionen auf

VII yanbastin sie vergniigen
sich [levant]

tabsite, pl. tabsitat Teigportion
fir ein Brot m= kat=tabsite
maqdar kilo jede Teigportion
etwa ein Kilo

basal (Koll.) Zwiebeln

basale (n.u.), pl. basalat (ein-
zelne) Zwiebel

VII: tonbétah Cala Zawfa (die
Katze) legt sich flach auf den
Bauch

batiha, pl. batayah Mehlsack m=
yfarréiwan fa-batihtayn sie
leeren sie in zwei Mehlsicke
aus. > Text 12.3

battéx (Koll.) Honigmelonen
battéxa (n.u.), pl. battéxat Ho-
nigmelone

I: ybatt taga er bricht ein Fen-
ster heraus

~ yabral (I) miide werden
battal, ybatfal (Il) aufhéren
battal, pl. batfelin miide

Sahbat alBatem Flurname
batan Bauch = fo-batnu in
seinem Bauch

batanédta ihre Innenseite, ihr
Futter

baton Beton [< tiirk. beton
dass] = ysabbun baton sie
gieBen Beton

ba (Interj.) ach was

ba m6 doch, ja = bac mo
sakru sie sind ja betrunken.
bac mo hiye stade-ye sie ist
doch eine Meisterin",0.0,eng,78.15449336578172,False,1648427540.089659,1.75
22,"


Ba’

17

 

beg almabCig der Teufelsbraten
bed tbaCad, yatbaCad (VI) sich

entfernen, zuriickweichen »
yatbaCadin ma-lqabay sie
treten vom Grab zuriick

bad (Prap.) nach m= batd
almawt nach dem Tod

baCd (Adv) noch, erst = baCd
waxt-ye es ist noch friih. baCd
ma=kala (< ma akdla) er hat
es noch nicht aufgegessen.
baCd Camru kiwe Casrin sane
er ist erst zwanzig Jahre alt
baCd la- (Konj) nachdem =
baCd la-gitu le-hawne nach-
dem ich hierher gekommen
war

bafd ma (Konj) nachdem »=
baCd ma télaCiiwan gattaliiwen
nachdem sie sie herausgeholt
hatten, schlugen sie sie tot.
baCd ma yanbaSalla nagqra ...
yasiiya wenn er fiir sie (sc.
die Falle alfaxxa) ein Loch
gegraben hat, stellt er sie auf
baCda (Adv) danach = baCda
nnawb yrohtin gayr nés da-
nach gehen andere Leute
baCdu: baCdu manna ferner,
des weiteren

baCda ba- (Prap.) nach, spater
(mit Angabe des Zeitraums) =
baCda ba-kam yawm nach ein
paar Tagen. baCda ba-arbac
xams fiyém nach vier, fiinf
Tagen

baCdén danach (levant.)

bCid fern = ida rraha bCide-
ye wenn die Miihle weit ent-
fernt ist. man bCid von ferne

ber balay, yabCar (1) (Rinder:)

 

beg

bgrt

ber?
bgl

bey

bq

bqbq bagbaq,

bgt

bad

bléken, muhen m= albagara
tabCar die Kuh muht

baCg einander = axadu
baCgen sie nahmen (heirate-
ten) einander. yhattan gabb
baCdan er legt sie nebenein-
ander. ma baCdon miteinan-
der, zusammen. bSGn la yaCla-
qan fa-baCdan damit sie nicht
aneinander haften. yatlaCian
kama baCgan sie fallen gleich
aus

bagar, yabgar (1) verriegeln [<
aram. b@gar dass] = halla-
bwab Caddna ... kéf yabga-
ritwan? diese Tiiren bei uns ...
wie verriegelt man sie?

bagre (Koll) kleine Steine,
Kiesel

bagal, pl. bgal Maultier

bagle weibliches Maultier
bagi, f. bdgye, pl. baggay wi-
derspenstig, wild = faras ba-
gye ein widerspenstiges Pferd
= by

ybagbaq (1) spru-
delnd, blubbernd kochen »
halbargal dbaqbaq die Wei-
zengriitze kocht blubbernd
bagéa, pl bagéawat aus
Flicken zusammengenahte
Decke, Flickendecke

bgadd so groB wie = bgadd
ragdye so groB wie eine Mur-
mel. > ge

bagar (Koll) Rinder, Kiihe
bagara ~ bagara Kuh » ba-
gara bagartayn ein, zwei
Kiihe

bdaqora Rinderherde, Rinder a",0.0,eng,80.83753504775281,False,1648427541.5991712,1.75
23,"


18

Ba’

 

bqs

raCi bagora Rinderhirte
bags-w-sama_Siifigkeit aus
frischem Schnee und Trau-
bensirup

bagal eBbare Pflanze(n) =
bagal tayyab-we es ist eine
wohlschmeckende Pflanze
baga, yabgqa (1) 1. bleiben,
iibrigbleiben = bagaw fa-gga-
bal sie blieben auf freier Flur
bagaytu qayam fa-rdsu ich
blieb bei ihm (sc. dem Toten)
stehen. md baqa Si es ist
nichts mehr iibrig. ahhad
mo=yabqa bala hammas nie-
mand bleibt ohne Kichererb-
sen. tabga maftoha sie bleibt
offen. yabqallu azyad man ...
es bleibt ihm mehr als ... 2
ma baga, mo yabga ~ ma
baga (indekl) (mit folg. Im-
perf) nicht mehr m= ahhad
mod=yabqa yahsad niemand
méaht mehr. md baga yanbaCin
sie lassen sich nicht mehr
verkaufen

bag (Kurzform von baqa) = st
la-baq das, was iibriggeblie-
ben ist. md baq manna Si es
ist nichts von ihr iibriggeblie-
ben. md bagallan Sagal es ist
ihnen keine Arbeit mehr ge-
blieben. md=baq yaqtaCin sie
schneiden nicht mehr

baga (Partikel) da, dann, nun
= tanadbah addarmdla baqa
nun wollen wir die Mastham-
mel schlachten

baga ~ bag (Inchoativpartikel, |

mit folg. Imperf) beginnen =
baga azaCwagq ich begann zu
schreien. bag yahgam Cal-

 

faras er begann das Pferd zu
attackieren

abqan (Puturpartikel)

albaqi der Rest

baks Boxfaust, geballte Faust
bakk Kern (von Steinobst)
baka, yakbi (I) weinen = yab-
kawn Caldyu sie beweinen ihn
balad Dorf

baladiye Stadtverwaltung [<
tiirk. belediye dass]

ballas, yballes (I) anfangen
[levant.?] = bballas alhabwe
tagi der Schnee beginnt zu
kommen

balas ~ b-balds umsonst [le-
vant.?]

balléfa, pl. -Gt Griff, Knauf
bldta Steinplatte (?)

ball6C (Koll) rohe KléBe. >
Text 712

ball6Ca (n.u.) roher Klo8

balki vielleicht [< tiirk. belki
dass]

mbalqat, f. mbdlgate gestreift,
gescheckt

ballama@ye Decke an der Un-
terseite des Reitsattels

bala (Prép.) ohne. - mit Suffi-
xen: baldhu ohne ihn = yabqa
bala nawm er bleibt ohne
Schlaf. bad kiye bala hsad
(das Feld) ist noch ungemiht.
balahu mé=ysér ohne ihn geht
es nicht

bala ma (Konj) ohne daS m=
bala ma yhammriwa ohne
daB sie es (sc. addéhne das
Butterfett) anbraunen",0.0,eng,83.00820900000001,False,1648427543.0246139,1.75
24,"


Ba’

 

bly? bale aber, jedoch = kama ta-
Skil mgara, bale dayyaq wie
eine Héhle, aber eng(er)
balé doch! = galtu balé balé
harabat ich sagte: doch, doch,
sie ist geflohen

bly? bilya Kugellager [< tiirk. bilya

dass]

bnt bant, pl. banat Tochter, Mad-

chen. - im stat. constr. héufig

batt = bant w xért ein Mad-

chen und ein junger Mann.

bantan ihre (pl) Tochter.

battkan eure Tochter. batt

flan=-wéhad die Tochter von

Soundso

bndr banadora (Koll) Tomaten [le-
vant.? > baygangan]

bndg bandagdye Gewehrkugel

bng bang Zeit, Saison m bang
alharr zur Zeit der gréBten
Hitze, in der Mittagshitze.
bang allaksah zur Zeit des

Rebschnitts

bny Cala bana in der Absicht, um
zu

bhd nbahad, yanbéhad (VII) sich
wundern (fa- iiber)

bhdl_bahdal, ybahdal (1) bloBstellen,

in eine miGliche Lage bringen
= bahdaltu hdk le-katharrdba
ich habe den blo®gestellt, der
sie entfihrt hatte. alhabwe ...
bbahdal wéhad der Schnee
bringt einen in eine miBliche
Lage

mbahdal, f. -e, pl. -in (pp. 1) in
miBlicher Lage m= mbahda-
lin-anne ihre Lage ist be-
schwerlich

tbahdal, yatbahdal (V) in eine

|
|

 

miBliche Lage geraten,
Schwierigkeiten bekommen
bahdale MiBlichkeit, Unan-
nehmlichkeit
buhar Gewiirzmischung
bahiil Teigklumpen
baha, yabhi (1) schiiren (Glut)
bab, pl. bwab Tiir; Tiirchen,
Offnung = bab assdba die
Ofentiir. bwab alCalm die Wis-
senschaften
bwrr borriye, pl. borriyat ~ bawéri
Ofenrohr [< tiirk. boru dass]
bws_ bas, ybis (1) kiissen m ybiis id
abu lbant er kiiBt die Hand
des Vaters des Madchens
bw8! bas, ybas () werfen (lakCeb
die Knéchel, beim Spiel)
bw8? bastye buntes Tuch; buntes
Kopftuch {< kurd. past £
Kopftuch] m= thaft albiisiye sie
legt das bunte Kopftuch an
bw& bas (unver’nderl) gut [< kurd.
bag dass] = sGrat bas (alfasi-
lye der Bohneneintopf) ist
gut geworden
It ybawwqihu sie raffen es
(sc. alkafan das Leichentuch)
baqa, pl. bdgat Strau8, kleine
Garbe (soviel wie eine Hand
fassen kann)
bal Sinn w yoxli balu er gibt
acht, paBt auf. xala bdlu layu
Cémar-we er bemerkte, daB
er (sc. addahan die Hirse)
dicht stand
bale, pl. balat Ballen (von Wa-
ren)
bayt, pl byit, Zahlpl tabyat
Haus; Haushalt, Familie =

bwq

bwlt

bw?",0.0,eng,80.40135736516854,False,1648427544.518085,1.75
25,"


20

 

baytna unser Haus. bayt abiiyi
mein Vaterhaus (meine El-
tern). Cas=tabyat zehn Haus-
halte, zehn Familien

bydr baydar, pl. bawédar Tenne,

Dreschplatz

byr bir, pl. dbyare gegrabener
Brunnen (in den Wasser
nachsickert)

byrt — byrd

byrd Bayrad Beirut

byd

badat, tbig (I) Eier legen =
mo=bbid (das Huhn) legt
keine Eier

biden (na. 1) Eierlegen w big-
én bbid sie (sc. ag%ége das
Huhn) legt Bier

bayyad (I) verzinnen a»
ybayydiwan man barra w man
&itwa sie verzinnen sie (sc. die
GefaBe) von au8en und von
innen

tabyid (Verbaln. II) Verzinnen
= bad ma yxallas addéca
tabyid wenn er in dem Dorf
mit dem Verzinnen fertig ist
mbayyad, £. mbayyade (pp. II)
verzinnt

bayda, pl. baydat Ei = bayd-
tayn tate zwei, drei Eier

bayad Weife

byéda Verzinnen

biyagd (bayyad@), pl. biyédin
Verzinner

abyag, £. bayda, pl. bid wei8 =
abyad kama thabwe wei8 wie
Schnee

 

bydn baydangan (Koll) 1. baygen-

&an ahmar Tomaten. 2. bay-
dengan aswad Auberginen

 

S$

baygangane (nu)
Aubergine

bétar, pl. bétarin Tierarzt

bac, ybie (1) verkaufen m ybi-
Cithu la-ssafferin sie verkau-
fen es an die Kupferschmiede
= fibiCu mannan er verkauft
ihm von ihnen (d.h. davon)
nbac, yanbac (VII) verkauft
werden, sich verkaufen lassen
= ma baga yanbdCin sie las-
sen sich nicht mehr verkaufen
bayC Verkauf = hatab la-IbayC
Holz zum Verkaufen. (a/Ca-
nab) yagi la-lbayC (die Trau-
ben) gelangen zum Verkauf
bila, pl. biCat Kirche

bayyan, ybayyan (I) 1. (in-
trans) sichtbar sein oder wer-
den m (albir) mo ybayyan (der
Brunnen) ist nicht sichtbar. 2.
(trans) sichtbar machen #
bayynu hamaina macht unsere
Last deutlich (d.h. nennt die
Hohe des Brautpreises)
mbayyan (pp. I) sichtbar, be-
kannt = Sagal addéCa mbay-
yan-we die Arbeit, die im
Dorf anfiillt, ist bekannt

bayn (Prap.) 1 zwischen, un-
ter, in, inmitten w= thatfan bayn
hak almayy sie legt sie (sc.
alkatéli die gefiillten Klége
aus Weizengriitze) in dieses
Wasser. mo=txalli baynu 1a
haskéye sie laBt (beim Ausle-
sen der Kichererbsen alham-
mas) keine einzige Halmparti-
kel in ihnen zuriick. yasbah
bayn almayy er schwimmt im
Wasser. fi baynan farq zwi-

Tomate;",0.0,eng,80.6390295545977,False,1648427546.025963,1.75
26,"


Ba’

21

 

schen ihnen gibt es einen Un-
terschied. bayn arrabic w
bayn alpii§ zwischen dem
griinen und dem verdorrten
Gras. 2 auf (distributiv) =
bayn nawbtayn auf zwei Male
(nicht auf einmal). ssayan
bayn qasmayn sie teilt sie in
zwei Portionen. - mit Suffi-
xen: bayn- ~ baynat-, z. B 3.
sg. m. baynu, 3. sg. f£. bayna ~
baynata, 3 pl c. baynan ~
bayndttan, 1. pl. baynna ~ bay-
natna

la-bayn mitten hinein = git
la-bayn alkarm sie ist in den
Weinberg gegangen. yanzal
la-bayn addéCa er geht ins
Dorf hinunter

 

man bayn zwischen, aus ...
heraus w tfélac hak alfasiiliye
man bayn almayy sie nimmt
die weiBen Bohnen aus dem
Wasser heraus. yrohin man
bayn lagbor, mo bayn laqbor
sie gehen zwischen den Gra-
bern entlang, nicht iiber die
Graber hinweg

ma bayn zwischen, Zwischen-
raum = md bayn addéCtayn-
zade fiyu nass safa zwischen
den beiden Dérfern besteht
eine Entfernung von einer
halben Stunde. md bayn as-
sorrad, w bayn algarbel, ays
fi farq? zwischen einem Ge-
treidesieb und einem Mehl-
sieb, welcher Unterschied be-
steht da?",0.0,eng,84.94417469780221,False,1648427546.9058938,1.75
27,"


Pa

Patt, ypatt (I) zerbréseln, zer-
quetschen, zum Bersten brin-
gen [< aar. bi] = tpatta bayn
hak aldagéq sie briselt sie
(sc. alxamire die Hefe) in die-
sen Teig = ppattan b-iddya sie
zerquetscht sie (sc. die ge-

kochten Kartoffeln) mit den
Handen
VIL (azzdd) yanpatt man

asSaxer (das Getreide) fallt
aus dem Traggestell heraus
pépé I: hak almayy pagpat das
Wasser zischte
pck pactk gelbe Hirse, Rispen-
hirse. > Text 6.7
pxx paxx, ypaxx (1) (mit Wasser)
bespritzen [< aar. bxx]
Prpr parpar, yparpar (1) (Vogel)
flattern
parpare eine Wildpflanze
partagdl (Koll) Orangen [<
tiirk. portakal dass]
Haupthaare, Korperhaare [<
kurd. pirg dass] = pare rdsu
sein Haupthaar. paré alCasCés
die Schwanzhaare (des Pfer-
des)
pr@ partaye, pl. -at Stick [< tiirk.
parca dass] = partayat hadid
Eisenstiicke. paréaytayn tate
zwei, drei Stiicke
parr Laub, Blatter [< kurd.
per dass] = parr addawme
das Laub des Baumes
prt parat, yaprat (1) abreiBen,

prtq
pret

prr

 

ausreifen, auszupfen [< aram.
p®rat auseinanderreifen] =
yapratiin man CasCds alfaras
sie zupfen (Haare) aus dem
Schwanz des Pferdes

maprot (pp. I) gerupft =
(alxarsafe) maprota-ye (die
Fledermaus) ist ohne Feder-
kleid (wortl: gerupft)

part Flaum (auf den Fliigeln
des Schmetterlings)

pril partol, pl. pardfil altes Klei-
dungsstiick

pre parrac, yparrac (I) (Esel,
Ziegen, Schafe:) Dung fallen
lassen [zu aar baCr Mist,
Dung]. > ee
pare (Koll.) Dung (von Eseln,
Ziegen, Schafen)
parcéye (nu), pl parcéyat
Dungkugel

prgl pargal MaBstab [< kurd. pir-
gal Kompa8]

pstm pastamdle, pl. -at Schmuck-
schiirze der Frauen

pstw pastoye Pistole [< tiirk. pistov
ein Pistolentyp]

pén péZne Gerausch [< kurd. péjin
f£ Echo] = pégnat ansan das
Gerausch eines Menschen

Pt  patita (Koll) Kartoffeln. >
Text 711, Text 721

pin potine, pl. paweéfin Stiefel [<
tiirk. potin Halbstiefel]

pkt pakéta, pl. -at Packchen;
Packung (von Patronen) [<
tiirk. paket Paket; Schachtel]

pits paltas, ypaltas (I) in Stiicke

reiBen m= paltasihu nawbe
wahde sie rissen ihn ganz und",0.0,eng,79.50440880625,False,1648427548.3027232,1.75
28,"


Pa’

23

 

pws

gar in Stiicke

pildt Stahl [vgl. kurd. pola
dass]

pantalon, pl. panéfil Méanner-
hose (im westlichen Stil) [<
tiirk. pantalon dass]

piiz Nase; Schnauze, Maul [<
aar. biz] = yabxasiin pizen
(die Frauen) lassen sich die
Nase(nwand) durchbohren
(fiir Schmuck) = awwal ma
tmadd piiza taht amma tater-
ga sobald (das Fohlen) seine
Schnauze unter das Mutter-
tier schiebt, um zu saugen
pas, ypas (I) verdorren, diirr
werden [zu > piis] = @ppiis
arrdbye das Gras auf dem
Hiigel verdorrt

pus (Koll) trockenes, diirres
Gras [< kurd. pis Heu, ge-

 

pys

Pye

trocknetes Gras] = bayn alpias
im diirren Gras

piiséye (nu), pl. -at trockener
Grashalm

pata gleich [< kurd. pata dass]
= hanne w alhasu yatlacin
pata sie (sc. alkatéli die
Kié8e) und die Fiillung gehen
genau auf

Gabb alPire Flurname [< kurd.
pir alte Frau]

pis, f. pise schmutzig; haBlich;
unangenehm [< kurd. pis
dass] = mayya yabqa pis ihr
Wasser wird schmutzig

apyas (Elat.) haBlicher, iibler =
mafi apyas mannu es gibt
nichts HaBlicheres als ihn
pize, pl. pizat Span, Keil [<
kurd. pij spitz, scharf] = piz-
tayn zwei Keile",0.0,eng,82.41241115508022,False,1648427549.1657548,1.75
29,"


Bg

Tr

taht tabtu seine Achselhéhle [<
aar. bf]

taban Hacksel, Spreu = taban
alhanta, taban lasCir, taban
alCads Hacksel von Weizen,
Gerste, Linsen

tapdye Hiigel [< tiirk. tepe
dass]

totan Taback [< tiirk. tiitiin
dass] = Sarrdb tatan-we er ist
Tabakraucher

tegara Handel

taht (Adv) unten m dliyat taht
die untere Seite

la-taht nach unten w dliyat foq
ssawiya la-taht die Oberseite
dreht sie nach unten. rah lo-
taht er ging ,nach unten‘ (sc.
nach Syrien)

man taht darunter, von unten
taht man unterhalb von = liye
taht manna was unterhalb da-
von ist

taht (Prap) unter = taht asso-
ba unter dem Ofen. — mit Suf-
fixen: 3 sg. m. tahtu, f. tahta,
pl. tahtan

la-taht unter (Richtung) =
thallag alhakike la-tahta sie
schiebt den Schaber darunter
man taht von unter; wegen =
tatlac man taht attyab sie
kommt unter der Erde hervor.
yastéri man taht alCabbara er
kauft unter dem Gewilbe.
man taht waraqa wegen einer

 

thsl

trk

Lira

athat (Elat.) unter, weniger =
athat almiye mo=qbal weniger
als hundert akzeptiere ich
nicht

tahténi unterer, Unter- = wace
attahténi die Unterseite. rds
attahténi das untere Ende
tahsildar Steuereinnehmer [<
tiirk. tahsildar dass)

taxtdye, pl. taxtayat Holzbrett,
Holzstiick

V: yattaxxarin sie ziehen sich
zuriick [< aar. 9x7]

trab Erde, Sand w takal trab
sie fri&t Erde

tarrigat ardq ein breiter
Streifen von einer alten San-
dale

tarCazi (Koll), eine Gurkenart
tarCiiziye (nu), pl. tarCaziyat
eine TarCazi-Gurke

VIL: ntarak aufgegeben wer-
den = A@k lazbib ntarak man
ist von diesen Rosinen abge-
kommen

tasCa, mit Gezihltem tesac
neun

tasCin neunzig

> tte

tasérin Herbst m (fi) Sahrayn
tasérin (es gibt) zwei Monate
Herbst

 

der Hitze
taCab Miihe » taCdba ktir-we
es macht viel Miihe

sg. m. taCa, f. taCdy, pl. taCaw
komm!, kommt! (Imperativ zu",0.0,eng,82.0514315033784,False,1648427550.402569,1.75
30,"


Ta’

25,

 

tn

tks

=> &G (&)) = he tacaw la-
zzanébil los, kommt zu den
Kérben!

toffih (Koll) Apfel

toffaha (nu) Apfel m= taffah-
tayn tdte zwei, drei Apfel

Taffe Ortsname (Dorf bei
Kinderib)
tfenge, pl. tfanag Gewehr,

Flinte [< kurd. tifing £ dass] =
tfangtayn zwei Gewehre. tfo-
ndgan ihre Gewehre

tféye, pl. tféyat Feuerstelle [<
aram. fMpayyd dass] = tfeyat
man hagéyar Feuerstellen aus
Steinen. yrakkbin tféyat fo-
ddar sie bauen im Hof Feuer-
stellen auf

tagne (unverind.) viel, sehr =
hawéwin tagne viele Tiere. >
qn

taksi Auto, Pkw

thmé tokmaci, pl. tokmaciye Ku-

thy

pferschmied, Klempner  [<
tiirk. dékmeci GelbgieBer)
taka, yatki (1) lehnen, anleh-
nen (trans) [Riickbildung aus
aar. ittaka2a (wk?) sich anleh-
nen] = yatkawhu la-lhayt sie
lehnen ihn an die Wand

ntaka, yentéki (VII) sich an-
lehnen; mit Dat. eth. ntakalu,
yantakilu sich hinlegen, ein
Nickerchen machen

talCa, pl. tléC kesselférmige
Senke im Gelinde, Bodenloch
(bis 100 m Durchmesser) =
katxdraqu la-tala sie sind zu
einer Bodensenke hiniiberge-
laufen

tala, yatli (1) 1. fiillen; (Wasser)

 

tr

schépfen [Riickbildung zu VII
ntala < aar. imtala2a (ml?) voll
werden] = talaytu satlayn
mayy ich fiillte zwei Henkel-
eimer mit Wasser. tatli séniye
wald sénitayn bargal sie fiillt
ein oder zwei Tabletts mit
Weizengriitze. addéCa kalla
yatlawn mannu das ganze
Dorf schépft (Wasser) aus ihr
(sc. der Zisterne algabb). 2.
(ein Feld) zum drittenmal um-
pfliigen und dabei einsien =
ysoga sawgat-lax yqil hay ta-
layndha er pfliigt das Feld
noch einmal um und sagt: das
haben wir jetzt eingesat

matli, f. matliye (pp. I) gefiillt,
voll = raxt matli ein gefiillter
Patronengurt. (lasqdqa) mat-
liye-ye habwe (die Gasse) ist
voll Schnee

tali (Verbaln.) 1. Fiillen. 2. Um-
pfliigen mit Saen wm tali id eine
Handvoll

ntala, yantdli (VII) sich fiillen,
voll werden m= € la-kama
yantdli zzambil bis der Korb
voll wird

tamra Eichel (Penis)

tammiiz Juli

tamm, ytamm (I) bleiben =
ytamm fa-ddéeCa er bleibt im
Dorf

ytamm mit folgendem Imper-
fekt (modales Hilfsverb): stan-
dig, weiter = ttamm taCgan sie
knetet weiter

tamam in Ordnung

tannor Backofen. > Text 6.1

twr! tire, pl. tarat Puttersack zum",0.0,eng,81.85720644632768,False,1648427551.831863,1.75
31,"


26 Ta’

 

Umhingen [< kurd. tir f£| tyr ter ausreichend [< kurd. tér

Quersack] dass] m= tér tigcad fo-wastu
twr? tawar also, folglich ausreichend um darin zu sit-
twz  t6z Staub [< tiirk. toz dass] = zen

kama ttoz wie Staub tykn_ tikiin wenn > kwn

tzéye (n.u.) Stéubchen tyl tél Draht [< tir tel dass]

twm tawm Zwillinge = almara cag | tym tym Tage. > ywm
la-&§ib tawm wenn eine Frau | tyn _ fin (Koll.) Feigen
Zwillinge zur Welt bringt",0.0,eng,74.63142761445782,False,1648427553.4620569,1.75
32,"


1b
wg

te

tabut fest, stabil = xayt sacar
tabit ein fester Faden aus
Ziegenhaar

atbat (Elat.) fester, stabiler
(als man )

tate ~ tat ~ tat drei [< aar. tif]
tate selbstandiges Zahlwort =
yaqtal tate er tétet drei. tate-
nne es sind drei. tdéteten alle
drei

tat vor einem weiteren Zahl-
wort = fat arbac xams tiyém
drei, vier, fiinf Tage

fet in Verbindung mit dem
Gezéhlten m= feftiyém drei
Tage

tétin dreiBig

tatamiye dreihundert = tatamit
kilo dreihundert Kilo

~ tt (elattacs)

taxan Dicke, Konsistenz =
taxnu seine Dicke

taxin, f. taxine, pl. tran dick-
fliissig; dick

taram, yatram (1) kleinschnei-
den [< aar. frm] m tatram hak
allahme sie schneidet das
Fleisch klein

taClab, pl. ta°élab Fuchs

tagal Gewicht m faqlu yatlac
azyad alsattin kilo sein Ge-
wicht betragt mehr als 60 kg
taqil, f. tagile schwer

toqgdle in die Spindel (mag-
zal) eingesetztes, aus Kiirbis

 

geschnittenes Querstiick, das
das Rutschen der Kniuel
(nbibe) verhindert

folottaCs dreizehn

temm, pl. tmiim 1, Mund, Maul;
Offnung [< aar. fin] = fa-tamm
addib im Maul des Wolfs.
tomm aggebb die Offnung der
Zisterne. 2. Schneide = famm
almaksah die Schneide der
Rebsichel. 3. Maulkorb = fi
lahan tmiim sie haben Maul-
korbe

tménye ~ tman acht

tménye selbstandiges Zahl-
wort m fménye-nne es sind
acht

tman vor einem weiteren
Zahlwort = sab2C tman Cas=
tiyém sieben, acht, zehn Tage
tman= in Verbindung mit dem
Geziahlten = tman=tiyém acht
Tage

tménin achtzig

tmantaC§ achtzehn

tman Geld

tnayn (m) zwei = arawhu
tmayn es sahen ihn zwei.
tnaynan die beiden

nhar latnayn ~ yawm latnayn
der Montag = yagawn @nhar
latnayn sie kommen am Mon-
tag

tantayn (f.) zwei = tantayn tate
zwei, drei (Frauen). fantaynan
die beiden

tac§ zwolf = macs bayda
zwolf Eier

tana, yatni (1) zum zweiten
Mal pfliigen = tanatniya wir",0.0,eng,82.34872209210526,False,1648427554.748443,1.75
33,"


28

Ta’

 

twb

wollen es (sc. das Feld alle-
Cgar) zum zweiten Mal pflii-
gen

téni nachster = téni yawm am
nachsten Tag

atna > %tny

ttawab, yattawab (V1) géhnen
tatéwib (Verbalnom. VI) Gah-
nen

Il tawwar attars das Vieh hat
sich in Bewegung gesetzt, ist
(in Richtung Weide) aufgebro-
chen

tatwir (Verbalnom. II) Auf-
bruch = sar tatwir affarS der
Aufbruch des Viehs ist erfolgt

 

pl

tawr: tawrayn zwei Pflugoch-
sen

tar Platz, Stelle [< aar. 2t7] =
axad taru er nahm seinen
Platz ein. yguman tnayn-lax
la-téran zwei andere treten
an ihre Stelle. alfengan tar
Cay kdn aus der Tasse war
Tee getrunken worden

tim ~ time Knoblauch »
yaklihu b-tiime sie essen es
mit Knoblauch. rds time
Knoblauchknolle.  sannéyat
tiime Knoblauchzehe

time Knoblauchpfannkuchen.
— Text 710

ti ein Unkraut",0.0,eng,79.90450533333332,False,1648427555.4774039,1.75
34,"


Gim

&bb"" gabb, pl. seb Zisterne a Zabb
addar die Zisterne im Hof
&abbe Loch zum Einpassen
des Stiels (z.B bei Spaten,
Beil)

&bb? Sabb (Prap) bei [< aar. gnb] =

&abb latféye bei der Feuer-

stelle. > gmb

&abar, yagbar (I) zwingen «=

&abartenni ihr habt mich ge-

zwungen

Gabrail der Erzengel Gabriel

(dient als Bote Gottes)

abal Berg, Gebirge; freies

Feld, Gelénde m= halganfad

haywan fa-&gabal-we der Igel

ist ein Tier auf freiem Feld

&bI? Zabbale Mortel = Zabbdlat fin
Lehmmértel

gblq ~ablaqa Stim m= gablagdtu
seine Stirn

&hS gahs, pl.

Eselsfiillen

&ahse, pl. gahsat weibliches

Eselsfiillen

&aham, yagham (I) sich bal-

gen, raufen

&add Gro8vater

did, f. &dide, pl. Edad neu =

hanne dad wahrend sie

frisch sind

man ®gdid von neuem

m&addara Gericht aus Linsen

und Weizen. > Text 75

Gadi, pl. Zaddye mannliches

abr

&hés ménnliches

&dd

kar

Bay

 

Zicklein
&rb! garrab, ygarrab (Il) versu-
chen, probieren
&rb? Zorbéni Westhang (eines Tals)
= masraq w Sarbéni Ost- und
Westhang
brér gargar, ygarger (I) zerren
[Intensivbildung zu grr]
&rh garah, yagrah (1) verletzen
magroh (pp. I) verwundet
8&arrah, yagSarrah (V) ver-
letzt werden, sich verletzen
&arha Wunde, Verletzung
&rd! Sarad (Koll) Heuschrecken
&r@ arid, pl. gawerid Kohlen-
schaufel. > Text 18
&rr! &arr, y&arr (1) ziehen, heraus-
ziehen, heranziehen = ggar-
ralla §mil sie zieht eine
Garbe zu sich her. garraytu
alxangar ich zog den Dolch
&rr? garra, pl. Srar zweihenkliger
Tonkrug (als Wasser- oder
Vorratskrug) m tatlila garrat
mayy sie fiillt sich einen Krug
Wasser. garrtayn tate déhne
zwei, drei Kriige Butterfett
ders bargal Weizenschrot
&arise Handmiihle
&arra€, y&arrac (Il) abkrat-
zen w y§arral atfin man Ca-
ssakke er kratzt den Lehm
von der Pflugschar
&aran, pl. dgrane Morser (aus
Stein)
Garu, pl. Zarwén Welpe, jun-
ger Hund
&arwe weibliches Hundejun-
ges

ars

3%",0.0,eng,74.69736326755852,False,1648427558.2543402,1.75
35,"


30

Gim

 

eed
ser

BR

Sara, yagri (I) flieBen

mayy ari flieBendes Wasser
Sasam Kérper w gasam lo-
nsa@n der menschliche Korper
&aCda LandstraBe [<_ tiirk.
cadde dass]

Segara Zigarette [<  tiirk.
sigara dass] m= fiClaq gogardtu
er ziindet sich eine Zigarette
an

&afel, yegfal (I) zusammen-
zucken, erschrecken, sich
fiirchten

&afon, pl. gfan Augenlid =
&fan Cayndyu die Lider seiner
Augen

&&dlad, yag¥alad (V1) losstiir-
zen, angreifen

ngalad, yangdled sich stiirzen
(la- auf), angreifen m asib
katangdlad la-Iqafas schon
hat er sich auf den Kéafig ge-
stiirzt

&élad kalt = mayy gélad kal-
tes Wasser

&ald, pl. glid Leder, Haut «=
(almanfax) man gald-we (der
Blasebalg) ist aus Leder
Salde Haut (z. B. der Tomate)
&alga, pl. galgat Spalt, Spalte
(z.B. im Fels)

&lél Kleider, Wasche [Plural-
bildung zu kurd. cil Kleidung]
a Salahtu gléli ich zog meine
Kleider aus. yaxsalan glél sie
waschen Wasche

galléye, pl. galléyat Lappen,
(kleine) Decke

&ala, yagli (I) scheuern (mit
Scheuersand), putzen = wé-

 

&mb

= FF

&ndr gandaryma  Gendarm(en)

&nh
gnz

had yagli lferayag einer
scheuert die GefaBe

&amb ~ gabb neben (Prap.) [<
aar. nb] = gaCadtu gamba ich
setzte mich neben ihn (sc.
den Ofen assdba). gabb
bagan beieinander, nebenei-
nander. - mit Suff: 3 sg. m.
&ambu, f. gamba

&ambe, pl gambat, du.
ambatayn groBer Korb aus
Weidenruten; Tragkorb (auf
beiden Seiten des Lasttiers;
zwei fambe ergeben ein
hamal) « ygibin alCanab fo-
&éambat sie bringen die Trau-
ben in Tragkérben herbei

— &bb, &mb

gemraye, pl. Zoméri gliihende
Kohle, Stiick Glut

&ammal, y&ammeaC (Il) ver-
binden

ngamaC, yangdmeC (VII) sich
verbinden

emaC Moschee

gama Freitag = nhdr ag-
gama (am) Freitag. yawm
aggemCa (am) Freitag. awwal
&amCa fa-nisan der erste
Freitag im April. gamat
aggéye am folgenden Freitag
ZemdCa eine Anzahl Leute;
die Anwesenden

kk
tiirk. jandarma dass] = gaw
aggandayma die Gendarmen
kamen. Zandarmawayn zwei
Gendarmen

&ndh (pl) Fliigel

fenaze Leichnam, Leiche [<
tiirk. cenaze dass]",0.0,eng,74.45991928526647,False,1648427561.1110752,1.75
36,"


Gm

31

 

he
rl

Bans, pl. agnds (har) Art,
Sorte = kallu man fans
wéhad-we er ist ganz von ei-
ner Art. agnds kfir-anne es
sind viele Arten

&ann, y&ann (I) verriickt wer-
den = yaklab w ygann (die
Melonenpflanze) wiachst wie
verriickt

&ann Geister, Gespenster
magnan verriickt

=> Wz

ehal, f. gehle jung; junger
Mann, junges Madchen

&hnm Fahannam Holle

&wb

&éwab, ygewab (Ill) antworten

&wrb Eawrabe, pl. awérab Strumpf

Bwe

eof

= xamsin zaw§ Sawerab fiinf- |

zig Paar Striimpf

 

Baz, yiiz (D (religids) erlaubt |

sein = mé=§giz Caldyu sie ist
ihm nicht zur Ehe erlaubt
&awz (Koll.) Walniisse

&awze (nu), pl. Sawzat 1. Wal-
nuss. 2. Knéchel = gawzat idu
sein Handknéchel. gawzat
sdqu sein Fu8knéchel

Gawze Ortsname (Dorf kein
Kinderib)

gican ~ gCan, £ giCane ~
&0CGne, pl. SawGCe hungrig
Cadm aggiCan Schienbein
Zawf 1. Bauch w taht gawf lo-
hmar unter dem Bauch des
Esels. 2. pl. gwaf Darm, Pan-
sen = Zawfu lazgayyar sein
Diinndarm. allagwaf die Pan-
sen, Magen (der Schlacht-
tiere)

wml game, pl. Zewam 1, Webstuhl.

 

2. Teich. > T. 34

&wm? gam Glas, Fensterscheibe [<

tiirk. cam dass] = man gam
aus Glas

ww Sawa drinnen, im Haus » yho-

yb

ttiwa &dwa man tut sie ins
Haus. - mit Suff: 3 sg. m. giz-
watu in seinem Innern, in ihm,
3 sg. f giwata, pl. Siwatan
man guwa von drinnen
la-giwa nach innen wm fatahtu
bab la-giwa ich offnete die
Tir nach innen

&iiwéni (Zawwéeni) innerer

&G, yagi (I) kommen; heim-
kommen. — Perfekt: 3. sg. m.
84, f. Git, pl. aw; 2. sg. m. git,
f£ giti, pl gitan; 1. sg. gitu, pl.
Gina. Imperfekt: 3. sg. m. yagi
~ yag, f. togi ~ tog, pl ya-
Sawn; 2. sg. m. tagi ~ tag, f
tegayn, pl. tagawn; 1. sg. agi ~
ag, pl. nagi ~ nag. Imperativ:
m. taCa, f. taCdy, pl. taCaw =
&@ Ca-lbayt er kam nach
Hause. git habwe es fiel
Schnee. hakkéyat la-git fo-
rdsu die Geschichte, die ihm
zugestoBen ist. yagawn la-
batdan sie werden sich einig
Beye (pa, sg. m/f), pl. giyay
(Gayyay) kommend, auf dem
Heimweg befindlich = kanne
&iydy sie kommen soeben, sie
befinden sich auf dem Heim-
weg. hiiwe géye arawhu tnayn
als er auf dem Heimweg war,
sahen ihn zwei (Manner)

&ab, yéib (I) 1. bringen, holen.
2. zur Welt bringen. 3. mit fol-
gendem Imperativ oder Im-",0.0,eng,77.1312450920398,False,1648427562.623028,1.75
37,"


32

Gim

 

perfekt: los!, la8 uns! (Adhor-
tativ) = ygibawa la-Cand
assdhab sie bringen sie zu ih-
rem Besitzer. gibiinna séniyat
habwe holt uns ein Tablett
voll Schnee! hmdratna gabet
&ah§ unsere Eselin hat ein
Filllen zur Welt gebracht.
do-®ib radd los, kehr um!
tangib naggadda lakt uns
friihstiicken!

ayb Tasche, Hosentasche m=

BE
&d

Bz

fe-aybu in seiner Hosenta-
sche

eg (Koll) Hithner [< aar. d&él
&ége (nu), pl §égat Huhn

&id, pl. gidat Oberseite = mo
ba-&gid nicht mit der (Blatt)
Oberseite

@iran Nachbar, Nachbarn =
bayt aggiran das Nachbarhaus
Gdyaz religiés erlaubt
&w2)

(+",0.0,eng,72.80847187628866,False,1648427564.474338,1.75
38,"


pp

car

créer

ref
ore

Gm

Capp links [< kurd. gep dass]
= 1G yamin wald Capp weder
rechts noch links. man lit
ac€app von der linken Seite.
f-id acéapp auf der linken
Seite. b-id aéapp mit der lin-
ken Hand. idu Capp seine
linke Hand. Cala xdsrétu
Céapp auf seiner linken Seite
Capar, pl. epdra Schanze, An-
sitz (des Jagers) [< kurd. ¢e-
per Zaun; Schutz]

Capraz, pl. Capériz Schnalle
¢apan dinner weiSer Baum-
wollstoff

éacte, pl. Cacéat Zitze

éahaf, yacthaf (I) schleifen,
schleppen; _ beiseiteschieben
(Schnee) [< aar ghfl = yachd-
fa er schleift sie. yachaf hada
alhabwe man Ca-lastoh er
schiebt diesen Schnee vom
Dach herunter

ahfén (n.a.) Wegschieben
Cahife Brett zum Wegschie-
ben des Schnees. > Abb. S.
164

Cader Zelt; Zeltbahn [< tiirk.
cadr dass] m= Sagfe man
adder ein Stiick Zeltbahn
éaréar, yéaréar (I) zerrei&en,
in Sticke rei8en [Intensivbil-
dung zu érr]

Caréaf weifes Tuch

Carx Zweig, Arm (einer Ga-
bel) = ysawiyu b-Carxayn er

 

rq

macht ihn mit zwei Armen
(gegabelt)

éarr, yéarr (1) reiBen, abrei-
Ben [durch Wurzelverande-
rung aus grr] = ycarran
Swayye manna sie reiBen ein
Stiick davon ab

€arral, yéarre® (Il) (Kiihe:)
Dung fallen lassen. > pre
éarCe (Koll) Dung von Kii-
hen, Kuhmist

éarcéye (nu), pl arCeyat
Kuhfladen

éarrav Schlamm [< kurd. gi-
rav Sumpf]

CGr6éq traditionelle Sandalen
[< tiirk. garik dass]

éarag, yatrag (I) verkiim-
mern, mickrig werden [< tiirk.
giiriik schlecht, kiimmerlich] ,
= bSan 1d yacragiin damit sie
(sc. die Tiere) nicht kiimmer-
lich werden

méarrag, £. -e, pl. -in (pp. ID
kiimmerlich = hanta méarrage
kiimmerlicher Weizen

rig kiimmerlich [< tiirk. ¢ii-
riik schlecht, kiimmerlich] =
hantéta tagi Crag sein Weizen
fallt mickrig aus

erml éarmél Vorlegebalken [< kurd.

cam

eft

cilméra Stemmeisen]

Cazma Stiefel < [tiirk. cizme
dass]

Cazmaye, pl. -at Knie des
Ofenrohrs

éaft zu zweit [< tiirk. gift
dass]

afta, pl. Caftat Jagdgewehr,
Jagdflinte [< tiirk. gifte dass]",0.0,eng,75.97993513249213,False,1648427565.747384,1.75
39,"


34

Cim

 

eqz aggaz, ySagqaz (Il) hoppeln,

Bockspriinge machen #
yaqqaz xalfa er hoppelt hin-
ter ihr her

éqlb aqlab, yaéCaqlab (V) hinun-
terrollen, -kullern
éqit Caqalata Schokolade [< tiirk.
cikolata dass]
qmq Caqmag, pl. Eagémigq Feuer-
zeug [< tiirk. ¢akmak dass]
chek Cakéak, yéakéak (1) hinein-
stecken (bei plur. Obj.) [Inten-
sivbildung zu ckk] = yCakéok
hawlu Caidayn er steckt um
ihn herum kleine Zweige (in
den Boden)
Gakéta, pl. -at Jacke
Manner) [tiirk. ceket dass]
akk, yéakk (I) hineinstecken,
hineintauchen —_ [Riickbildung
zu Sstakk (skk VII), das als
sxctakk interpretiert wurde] =
yéakku f-allarg er steckt (den
Zweig) in die Erde. éCakk ida
f-ak almayy sie taucht ihre
Hand in das Wasser. > skk
éakk: &akk la-foq senkrecht
nach oben
chk? Sakik, pl. Cowekik Hammer [<
tiirk. gekig dass]

(fir

ok

Ogn agin, pl. Cawégin Spazier-
stock

&m& Cam&e Schipfkelle [< tiirk.
cemce dass.)

¢mnt Comanto Zement I< tiirk. gi-
mento dass.)

Canta (m.), pl. candati Umhiin-
getasche [< tiirk ¢ganta Trag-
tasche, Ranzen] m= waddaw
Cantakan nehmt eure Umhan-

ent

 

nq

se

eyq

getasche mit! — Text 127
Abb. S. 409

Cangal, yEangal (1) einhaken =
yEangaluwa fo-hadidat laxx
sie haken es in das andere
Eisenteil ein

éanéqil (pl.) (eiserne) Haken
[x tiirk. gengel Haken]. >
Snql

eax Zeit, Zeitpunkt [< kurd.
gax dass. ] = hak a&&ax zu je-
ner Zeit, damals. > cwg

ax la- (Konj.) wenn = ax I-
irawn lansdn yfarrin wenn
sie den Menschen sehen, flie-
gen sie davon. kama &ax I-
warr laxbayz fa-lfaran wie
wenn er das Brot in den
Backofen wirft

Cara Mittel, Hilfsmittel, Ge-
genmittel [< tiirk. care dass]
= hay mafi manna Cara dage-
gen hilft nichts

Caz, pl. dzat Aussteuer (der
Braut) [< aar. gihaz]

Cawi¥ Unteroffizier; Anfiihrer
[< tiirk. gavus dass]

eag(e) Zeit, Zeitpunkt = hak
attdge ~ hak ak&age zu je-
nem Zeitpunkt. > Gwx
Cawale, pl Cawdlat Sack [<
tiirk. guval dass]

caléi, pl Giléiye Sattler [zu
tiirk. cul Pferdedeckel.
Text 131

Cay Tee [< tiirk. gay dass]
Cite, pl. citat Stoffstiick, Stoff-
bahn [< kurd. git Tuch, Stoff]
iq (Koll.) Stengel, Stauden =
$aq Cig einzelner Stengel",0.0,eng,72.86331577464789,False,1648427568.629421,1.75
40,"


Ha

hbb! habb, yhabb (1) lieben, liebge-

winnen; mégen m yhabbun
baCdan sie lieben sich. l-thabb
wer méchte

mahabb, pl. mahabbin beliebt;
Bekannter, Freund

hbb? habb (Koll) Korner (sc. von

hbl
hbn

hee

Weizen, Linsen etc.)

habbat assawda Fenchelkir-
ner (?)

habbaye (nu), pl hababi
Korn; einzelnes Stiick (z.B.
von Kartoffeln, Tomaten etc.)
habar Tinte = Cayn alhabar
(schwarz) wie Tinte

habs Gefangnis = waga® fo-
Thabs er kam ins Gefangnis
habot Dreschflegel [vgl. aram.
mahbitd Stock]

habal Strick

habbane, pl. habbanat zwei-
henkliger Wasserkrug aus
Ton, kleiner als > garra
haba, yahbi () auf der Erde
kriechen

hatta sogar

la-hatta (Konj) bis = la-hatta
fazCu bis sie sich fiirchteten
hag& Haddsch (Pilgerfahrt
nach Mekka)

haggi, pl. hagag Mekkapilger
hagar (f) ~ hagara, pl. ha-
éyar Stein = hagartayn tate
zwei, drei Steine. hagéyar
gbar groBe Steine

 

ng

hdd

hdy

hr?

hagal (Koll.) Steinhiihner
hagale weibliches Steinhuhn
tayr hagal, pl tyor hagal
ménnliches Steinhuhn

hadit Hadith (Propheteniiber-
lieferungen)

hadd: fa-hadd- (+ PronSuff.)
normal, im erwiinschten Ma-
Be = ida kanat fo-hadda wenn
sie (sc. almadfiine der Gemii-
seeintopf) im  erwiinschten
MaBe (d.h. weder zu dick-
noch zu diinnfliissig) ist

hadd, £ hddde, pl. haddin
scharf (schneidend) = sakékin
hdddin scharfe Messer

hadid Eisen

hadide Eisenteil, Eisenstiick
haddad, pl. haddédin Schmied.
— Text 132

hadaf, yahdef aufspringen =
hadafat sie sprang auf

hdé (Prap.) gegeniiber = mali
hdé Cayni mein Besitz liegt
vor meinen Augen

harrar, yharrar (Il) séubern,
von Riickstanden reinigen m=
nharrar aggebb wir reinigen
die Zisterne

tharrar, yatharrar (V) von
Riickstanden gereinigt wer-
den = aggtime tatharrar der
Teich wird von seinem Boden-
satz gereinigt

harire SiiBfladen

hardra Riickstiinde, Boden-
satz, Schlamm «  hardrat
addéhne die Riickstande des
Butterfetts

harr Hitze = harr tammiiz die",0.0,eng,81.13896675958188,False,1648427569.9886742,1.75
41,"


36

 

Julihitze. bang alharr zur Zeit
der gré8ten (Mittags-)hitze
harr, f. harra hei8; warm «
rgif xbayz harr ein heifer
Brotfladen. baCd kiye lasétu
harra seine Leiche ist noch
warm
harara Hitze = hararat as-
Sams die Sonnenhitze

hr§_harrays ein Kraut = $aq ha-
rray§ ein Stengel harrayS

hrsf harSaf eine Wildpflanze
harSafe (nu.) einzelne hars-
af-Pflanze

hrs harés, f. harésa, pl. harésin
besorgt, eifrig = harés Cala
farxu um sein Junges besorgt

hrf harf Rand, Saum w= harf zéyed
ein iiberstehender Rand. harf
radan qdputi kitenhdra der
Saum an meinem Mantelar-
mel ist zerschlissen

rq harag, yahrag (1) verbrennen
(trans.)
htarag, yahtéraq (VIII) ver-
brennen (intrans) = ida tohté-
raq sie verbrennt sich die
Hand

hrk harak, yahrak (1) zerreiben
(mit Hilfe eines Mahlsteins
harik)
harrak, yharrak (I) umriihren
= tharrak hak albargal sie
rihrt die Weizengriitze um.
tharrékan ba-lmaClaqa sie
riihrt sie mit dem Loffel um
harake, pl. harakat Bewegung
= md=ysér maCu harake es
riihrt sich nichts bei ihm
harik, pl. hawérik Reibstein,

 

Mahistein (meist aus hagar
maru Feuerstein)

hrm_haram religids verboten
harami, pl. haramitye Rauber
hayamiye Réuberei = ysawn
haramiye sie betreiben Réu-
berei
muharramat Personen, mit
denen die Ehe nicht erlaubt
ist (nahe Verwandte) [har]
— rhm (marhame)

hzrn hziran Juni

hzz hazz Rand, Absatz (beim
Grab)

hzq hazagq, yahzaq (I) festziehen,
fest anziehen, fest driicken [<
aram. h@zaq dass] = tahzaq
hak alwast sie zieht das Giir-
teltuch fest. yahzaq ba-sa-
qayu er driickt mit den FiiBen
dagegen
hazge (nx) Festziehen = ya-
hzéqan hazge kwayyse er
zieht sie fest an
haziq fest m= (albasmar)
hakam haziq (der Nagel) sitzt
zu fest

hsb hasab, yahsab (1) 1. zahlen,
aufzihlen m si la-hasabna
was wir aufgezahlt haben. 2.
hasab hasabu seine Rechnung
machen, sich auf etwas ein-
stellen = man qabla kithésabu
hasaban sie haben sich schon
vorher darauf eingestellt
nhasab, yanhdsab (VII) be-
trachtet werden als = tanhé-
sab déhne es kann als Butter-
fett betrachtet werden
hasab Rechnung [< tiirk. hisap",0.0,eng,80.73593039634147,False,1648427571.400543,1.75
42,"


37

 

hsk

nse

& F

hsd

dass]

hasid neidisch

hass, yhass (I) erwachen =
hassaytu ich erwachte

hass Stimme, Laut, Geraéusch
a yCalli hassu er hebt die
Simme. hass ansdn die Stim-
me/das Gerdusch eines Men-
schen

haske (Koll) kurze Stroh-
stiickchen, Halmteile (wie sie
beim Dreschen entstehen)
haskéye (n.u.) ein Strohstiick-
chen

X: mo=yastahsan yqil er traut
sich nicht zu sagen

ahsan ma (Konj) damit nicht
= ahsan ma naltébak damit
wir uns nicht abmiihen miis-
sen

hasa, yahsi (1) schliirfen

hasig Gras w ysér rabi¢ yatla-
Cun la-lhasi§ es wachst fri-
sches Gras, und sie gehen
hinaus zur Heu(ernte)

htaSak, yahtsak (VII) hinein-
schliipfen, Unterschlupf su-
chen m (alxarsafe) tohtdsak
fo-bax§ (die Fledermaus)
schliipft in ein Loch

hasu Fiillung (bei Speisen). >
hsy

haSa, yahsi (1) fiillen, stopfen
(Speisen) = tahsiyu bargal sie
fiillt ihn mit Weizengriitze
hasad, yahsad (I) Getreide
ernten, maéhen

hsdd Getreideernte, Mahen
des Getreides m yrdhin la-

llahsad sie gehen zur Getrei- |

 

hss
hsl

hgr

demahd. baCd kiye bala hsad
(das Getreide) ist noch unge-
maht

hasid, pl. hawésid Schnitter,
Getreidemaher

hasas (pl) Anteile, Portionen
hassal, yhassal (II) (mit der
Hand) halten; heben, hochhe-
ben = wahdu md=ytéq yhas-
sélu allein kann er ihn nicht
hochheben. thasséla man Ca-
ssa sie hebt (den diinnen
Brotfladen) vom Backblech.
hassal sdq laxx hebe den an-
deren FuB (des Pferdes) hoch!
thassal, yathassal (V) hoch-
gehoben werden

hasa (Koll.) Steinchen, Kiesel
= hasa naCim feiner Kies
hasaye (nu), pl. hasayat ein
Steinchen, Kiesel = fi baynu
hasdayat in ihm (sc. alaammas
die Kichererbsen) befinden
sich kleine Steinchen

hader, yahdar (1) bereitste-
hen, sich einfinden (bei =
Akk) = yahdéru SSaytin der
Satan findet sich bei ihm ein
haddar, yhaddar (Il) vorberei-
ten, herrichten, zurechtma-
chen m= kithaddaru Ifend sie
haben das Mittagessen vorbe-
reitet

thaddar, yathaddar (V) sich
vorbereiten m alhaggag yat-
haddarin die Mekkapilger
bereiten sich vor

hadra, pl. hadgrat Scheune,
Heuscheuer

hdadar, pl. hddrin ~ haddar an-
wesend = shabu manne hdad-",0.0,eng,82.09713614939024,False,1648427572.932362,1.75
43,"


38

Ha’

 

hn

rin seine Besitzer sind nicht
anwesend

I: (ag%age) tahdan Caldya (die
Henne) bebriitet es (sc. das Ei
albayda)

hatab Brennholz; Holz »
hamal hatab eine Traglast
Brennholz. hatab tawil lange
Stangen (beim Bau)

hatt, yhatt (I) 1. stellen, setzen,
legen = yhattiin Cala dahru
@alléye sie legen ihm ein Tuch
auf den Riicken. 2, anlegen
(Gewehr) = galabu latfange w
hattiwa Calayyi sie nahmen
das Gewehr von der Schulter
und legten es auf mich an. 3
sich niederlassen # yforrin w
mo=yhattin (die Végel) fliegen
davon und lassen sich nicht
wieder nieder

nhatt, yanhatt (VII) gestellt,
gesetzt, gelegt werden m (Ja-
SCirdye) tonhatt (die Nudeln
werden (hinein)gelegt

hdes hdaCs elf

hfr
aff

fy
hgb

haq

hafar, yehfer (1) graben

héfor Huf

haff, yhaff (I) abschaben, ab-
tragen

haffe Rand, Saum

mhaffe Hufmesser

héfi, f. héfve, pl. haffay barfuB
= tamsi héfve sie geht barfu8
hagibe, pl. haqayab zweiteili-
ge, aus einer gewebten Tep-
pichbahn genahte Sattelta-
sche. > Text 122, Abb. S. 408
hagq 1. Preis = hagq alkilo der
Preis fiir ein Kilo. asqad-we

 

haqqu wieviel betragt sein
Preis, wieviel kostet er? ba-
haqqu fiir (seinen) Lohn. 2.
Recht = alhaqq Calayk kan du
hattest nicht recht

mhaggaq bestimmt, gewi8 [<
tiirk. miihakak dass]
haqigatan tatsichlich [< tiirk.
hakikaten dass]

hakk, yhakk (1) abkratzen,
glattschaben m= yhakkuhu sie
schaben es (sc. agfald das
Leder) glatt

mhakk, yanhakk (VII) abge-
kratzt werden = (asSaxtat) la
yanhakkin (die Streifen) las-
sen sich nicht abkratzen
hdakiike, pl. haktikat Schaber.
— Text 18, Abb. S. 66

hakam, yahkam (1) _treffen,
zufallig eintreffen, zugegen
sein, sich befinden = alxan-
&ar-zad hakam éhawn der
Dolch traf genau hier. hakam
fe-2Astal er kam zufallig
nach Astal. ayna I-ihkam Ca-
&&abb wer gerade bei der Zi-
sterne ist. ayrds yahkam fo-
Igarb der Kopf ist nach We-
sten gerichtet

hakkam, yhakkem (II) nahe-
kommen, treffen, erwischen =
ida hakkam maxxu taydkédlu
wenn er seinen Kopf er-
wischt, dann fri®t er ihn auf.
modac |-ihakkému die Stelle,
wo er zubeiBt. bSan 1d
yhakkému 1a toz wala wasax
damit er weder mit Staub
noch Schmutz in Beriihrung
kommt",0.0,eng,82.6536587159091,False,1648427574.421113,1.75
44,"


39

 

hakam Urteil = hakmu sein
Urteil

hakam Richter

hkiime Regierung

hakmiye Verurteilung = hak-
miyéti meine Verurteilung
mahkame Gericht

haka, yahki (1) sprechen, er-
zahlen = hakayna Ca-lhabwe
wir haben iiber den Schnee
gesprochen. hakdha fa-ddéCa
er erzihlte es im Dorf. wehad
hag hakani jemand hat mir
das erzahlt

héka, yhéki (Ill) sprechen zu;
nachéaffen m= (algamgam) yhéki
la-SSams (die Agame) spricht
zu der Sonne

haki Rede, Sprechen = kiCra-
fin fa-haki baCgan sie verste-
hen einander in ihrer Sprache.
hakik deine Rede

hakkoye, pl. hakkoyat Ge-
schichte

halab, yahiab (1) melken
nhalab, yanhédlab (VII) gemol-
ken werden = md=yanhdlab
man melkt nicht

halib Milch

halaf, yahlaf (1) schworen;
steif und fest behaupten
halaq, yahlag (1) 1. (intrans.)
sich rasieren m yahlagin sie
rasieren sich 2. (trans) rasie-
ren, abrasieren. = yahlaq
alparé er rasiert die Haare ab
hallaq, yhallag (II) 1. werfen =
thallaq Calayu mars sie wirft
eine Ziegenhaardecke dar-
iiber. yhallgihu Caldya sie

 

hl

werfen ihn auf sie (d.h. sie
lassen die Stute vom Hengst
decken). hallaqu Calayan wat&
sie bedrangten sie, insistier-
ten. 2. greifen (Cala nach) =
thallaq ida la-llargif sie greift
mit der Hand nach dem Brot-
fladen. thallaq alhakike la-
tahta sie schiebt den Schaber
darunter. 3 angreifen (Cala
jmdn.) = yhallaq Ca-lfayas er
greift das Pferd an

halg Schlund = sama halqu
sein Gaumen

hldq Rachenmandeln = hloqu
seine Rachenmandeln

halaq (Koll) Ringe, Biigel;
Ohrringe

halaga (nu), pl. halagat 1. ei-
serner Ring. 2, bogenférmiger
Griff, Biigel (z.B. am Blechei-
mer gddiis). 3. Ohrring

hall, yhall (I) 1. schmelzen (in-
trans), sich auflésen m= hak
addéhne thall das Butterfett
schmilzt. ida hallat (alhabwe)
wenn (der Schnee) schmilzt.
2. lésen (Knoten, Gurt), ab-
schirren = yhalliin (alwast) sie
lésen (den Sattelgurt). yhallan
hawk alhawéwin sie schirren
die Tiere ab. > hly

hall: man hall von neuem
halle (nv) Abschirren = sarat
alhalle es ist Zeit zum Ab-
schirren

halal religiés erlaubt = hak
gatlénu haldl-we dieser darf
getétet werden
haldlétu seine
Ehefrau

 

rechtmaBige",0.0,eng,82.44906191540785,False,1648427575.850375,1.75
45,"


40

Ha’

 

hlw

hy

mhalle, pl. mhallat Stadtvier-
tel

ze

halu: is6t halu milde Paprika
halawe Belohnung

hala SiiBe; siiBer Saft = halata
w hmédéta ihre SiiBe und ihre
Saure. man halat arroh um
des lieben Lebens willen, aus

Todesangst
halla, yhalli (Il) schmelzen
(trans), einschmelzen, (im

halame, pl. halamat Brustwar-

Wasser) auflésen = alkéba- |

niye tathalli addéhne die
Hausfrau wird das Butterfett
einschmelzen. thalliyu bayn
almayy sie lést es im Wasser
auf. > hil

Imhm hamham Ochsenzunge, eine

hmd

haarige, fast stachlige griine
Staude, aus der man die gaf-

fora-Kérbe (> Text 115) her- |

stellt

alhémdalla Gott sei Dank =
alhmdalla la-mant man
deCama Gott sei Dank, daB
du nicht aus unserem Dorf
stammst

hammar, yhammer (I) 1, an-
bréunen, résten = thammar
basale sie bréunt eine Zwie-
bel an. 2, farben = yhammrin
bayd, ahmar w asfar w axdar
sie farben Eier, rot und gelb
und griin

hmarr, yahmarr (IX) 1 heiB
werden m attanndr yahmarr
kwayyas der Backofen wird
ordentlich hei®. 2, knusprig
gebraten, gebacken werden =

 

hmg

asib laxbayz kitahmarr da ist
das Brot knusprig gebacken.
3 verdorren = yahmarriin fo-
SSams sie verdorren in der
Sonne. 4. sich rot farben, rot
werden » hitwe yanSaf ... ya-
hmarr wenn (die scharfe Pa-
prika al?isdt) trocknet, dann
farbt sie sich rot

mar, pl. hamir ~ hamir Esel
hmara, pl. hmarat Eselin,
weiblicher Esel m= yhattiwa
Ca-llahmara sie legen (den
Mehlsack albatiha) auf den
Esel (als Lasttier werden
iiberwiegend weibliche Tiere
verwendet)

hamay Rite, rote Farbe, et-
was Rotes m= bsan la yabqa
fiyu hamar damit nichts Rotes
daran bleibt

ahmar, f. hamra, pl. hamar
rot; rotgliihend; knusprig =
darman ahmar rote Farbe
hammas (Koll) Kichererbsen
hamsaye (n.u.) Kichererbse
hamad, yahmag (1) sauer wer-
den

hammagd, yhammag (Il) sauer
machen = Adak  almayy
yhammad assaliq das Wasser
lat den gekochten Weizen
sauer werden

hamad, f. hamda sauer, séuer-
lich

hmoda Siaure, sauerlicher Ge-
schmack

hamal, yahmal (1) 1, tragen =
tahmal séniye Cala rdsa sie
tragt ein Tablett auf dem
Kopf. 2, aufladen, beladen =",0.0,eng,81.28278099117647,False,1648427577.317198,1.75
46,"


41

 

hamdla Ca-llahmara er lud
ihn (sc. den Weizen alhanta)
auf die Eselin
hammal, yhammal (11) aufla-
den, beladen m yhammlihu
Ca-llahmara sie laden es auf
die Eselin. yhammlin la-hak
allahmara arba® xams farsat
sie laden dieser Eselin vier,
fiinf Steinplatten auf
thammal, yathammal (V) auf-
geladen werden = md yatham-
malin fo-SSaxay sie lassen
sich nicht auf das Traggestell
laden
hamal, pl. hmal 1. Last, Tra-
glast des Esels = hamal: am-
be ... w gambe eine Eselstra-
glast, (bestehend aus) einem
Tragkorb (+ gambe) ... und
einem Tragkorb. Casrin téfin
hamal hatab zwanzig, dreiBig
Lasten Brennholz. 2, Lasttra-
gen m= bsan tanCallému alho-
mal damit wir ihm (sc. dem
Esel) das Tragen von Lasten
beibringen
hamle Traglast (was man mit
beiden Handen tragen kann)
hammdle oberer Schwanzrie-
men (beim Sattel)
mahmal Tragtasche fiir den
Kafig der Steinhiihner

hmm hamam (Koll) Tauben
hamame (nu), pl hamamat
Taube

hmw! alhdmu der Schwiegervater =
hamihu sein Schwiegervater
ldhma die Schwiegereltern =
bayt hmahu das Haus (die Fa-
milie) seiner Schwiegereltern

 

haméta ihre Schwiegermutter

hamw? hamawe Warme. > hmy!

hmy! hami, yahma (1) hei® werden
= hiwe ta-yahma ssag wenn
das Backblech hei wird.
assag kithdmi kwayyas das
Backblech ist ordentlich heii
geworden
hamma, yhammi (II) hei8 ma-
chen, erhitzen m hada lhalib
yhammawhu Swayye diese
Milch erhitzen sie ein wenig

hmy? hame Waldstiick, Waldchen =
yagtaCallu man hamét rohu er
trennt fiir ihn von seinem ei-
genen Waldstiick (etwas) ab

hndq Sahbat alHandagég Flurname

hnt hanta Weizen, pl. hanat Wei-

zenmengen

hantaye (n.u.) Weizenkorn

hantiye Weizensuppe. > T. 72

hantawi > asmar  hantawi

(smr)

hanak Kinn

hannan, yhannan (11) mit Hen-

na farben = yhannanin idéyan

sie farben sich die Hande mit

Henna. — hny

hnr? hanin, £. hanine, pl. haninin
zartlich

hny hanne Henna. > hnn!

hw& hdge, pl. hagat Stick; Werk-
stiick
hawéyag (pl.) Sachen; Kleider

hw&b hawgabe Augenbraue

hwdl hawdal (f) eingedickter Trau-
bensaft

hwr har, yhor (I nicht mehr wei-
ter wissen = alyawm kithayna",0.0,eng,81.18761993292682,False,1648427578.765332,1.75
47,"


42

Ha’

 

wd

hl

heute wissen wir nicht mehr
weiter

has, yhis (1) pfliicken, ernten

= yhusallu zabase er pfliickt |

sich eine Wassermelone. hak
hasi¥ la-hasu das Gras, das
sie geerntet haben

nhag, yanha§ (VII) geerntet
werden » hasi¥ md yanhas es
wird kein Gras gemiht
hawaqa eingefriedeter Bezirk
(eines Heiligtums)

hawwal, yhawwal (ID 1. verle-
gen = yhawwal kozétu er ver-
legt seinen Ansitz. 2 heimfiih-
ren, ins Haus des Brautigams
iiberfiihren (Braut) = yhaw-
wallu Carts er fiihrt eine
Braut heim. tanhawwal baga
nun wollen wir (die Braut)
tiberfihren

tahwil (Verbalnom. I) Uber-
filhren der Braut = Cddat
attahwil die Braéuche beim
Uberfiihren der Braut
thawwal, yathawwal (V) wei-
terriicken, nachriicken

hal: hal w masale die (zu be-
richtende) Angelegenheit

hai: fa-lhal auf der Stelle

hal: hdlbiaki aber, indes, je-
doch [< tiirk. halbuki dass]
hawl (Praép.) um herum w yalfi
hawl algafas er schleicht um
den Kafig herum. yaddaffawn
hawl almangal sie warmen
sich rings um das Kohlenbek-
ken. — mit Suff: 3. sg. m. haw-
lu, f. hawla, pl. hawlan

 

Imy

lyk
byl

hyw

yy

 

Iwly hawali ungefaéhr, um herum »

hawali tasCa ungefahr neun.
hawali géCatna in der Nahe
unseres Dorfes. hawdldya um
sie herum

| hwwn — hywn

hawa, yahwi (I) sich halten
(Tiere), bei sich zu Hause ha-
ben = yahwawn Candan tawéZi
sie halten sich Windhunde.
yahwawa Candan sie haben
ihn (sc. den Ofen assdba) bei
sich im Haus

hayt, pl. hitén Mauer (aus ge-
mauerten Steinen); Wand =
alhayt maklas-we die Mauer
(hayp ist mit Kalk gemauert.
(Gegensatz —- sakar Mauer
aus geschichteten Steinen)
héyak Weber

hayl Kraftanwendung = yabga
haylu Caléya der Druck liegt
auf ihr ba-hayl (adv) fest,
kraftig

hile List, Téuschung = biyad
Lisdy hile ein Verzinner, der
unredlich arbeitet

hayat Leben « fa-haydta in
ihrem Leben

hywn haywan, pl. hawéwin Tier »

hawéwin addéCa die Tiere des
Dorfs. 1@ haywan wala ansan
kein Tier und kein Mensch
staha, yastéhi (X) sich scha-
men m fanastéhi mannan wir
wiirden uns vor ihnen sché-
men

hayye, pl. hayyat Schlange",0.0,eng,82.6056974457478,False,1648427580.16705,1.75
48,"


xbz

xbt

SR 8 88

Xa’

staxbar, yastaxbar (X) fragen,
befragen = amma tastaxbéra
ihre Mutter fragt sie. ya-
staxbarin Caléyu sie fragen
nach ihm

xabar Nachricht sdrli xabar
ich erhielt Nachricht. ay§ xa-
barak-we was hast du zu sa-
gen?

xabaz, yaxbaz (1) (Brot) bak-
ken m= w baCd ma taxbaz
nachdem sie Brot gebacken
hat

xbayz Brot = rgif xbayz ein
Fladen Brot

xabbaze Backerin

xabat, yaxbat (I) dreschen
(mit dem Dreschflegel habot)
= tanaxbat hada ddaxan wir
wollen diese Hirse (mit dem
Dreschflegel) dreschen

xaba, yaxbi (I) verbergen, ver-
stecken; aufheben m= yaxbi
Candu SCir er hebt bei sich
Gerste auf

xtaba, yextsbi (VIII) sich ver-
stecken m J-ixtabawn ma-
Dansa@nat die sich vor den
Menschen verstecken

xdtam Ring

xatan, pl. xt@n 1. Brautigam. 2,
Schwiegersohn

xdtar Dickmilch, gesduerte
Milch

mxaddat (pL) Kissen

xadar, yaxdar (I) gar werden

 

xd
xrb

xrbt

xr

> Ixd
xarab, yaxrab (I) verderben,
kaputt gehen, zugrunde ge-
hen m (allahme) mo=taxrab
(das Fleisch) verdirbt nicht.
hak alfas kitxdrab diese Dop-
pelhacke ist kaputt gegangen.
xarab bayti ich bin ruiniert
xerbén (n.a. I) Verderben, Ka-
puttgehen

xarrab, yxarrab (Il) beschidi-
gen, zerstéren m= xarrabat
agzabase (der Hase alarnab
£) hat die Wassermelone be-
schadigt. yxarrbun hak algar-
me sie machen das Schlo8
kaputt

xarab, f. xarabe schlecht, ver-
dorben = 1a xerab wala malih
weder im Bésen noch im
Guten. Saglétu xardbe-ye es
steht schlecht um seine
Sache

xarbe ~ xarbe, pl. xarab ~
xarab Ruine, Ruinenfeld
alXarbe Dorf bei Kinderib
xarbat, yxarbet (1) lérmen,
scheppern

x6rt junger Mann [< kurd. xort
dass]

xar§, pl. dxrage groBe zwei-
teilige Satteltasche. > Text
12.5, Abb. S. 409

xarr, yxarr (I) 1. flieBen. 2.
(Wasser) lecken, austreten. 3
rutschen, abrutschen » zalgat
sGqi w xarraytu mein FuB glitt
aus, und ich rutschte hinunter.
4 vorschieben (Riegel) =
yxarriin azzand sie schieben
den Riegel vor",0.0,eng,81.43467297087378,False,1648427581.574846,1.75
49,"


 

xrsf

xarir 1. pl. xarirat AbfluB-
rinne. 2 xarir dgahru sein
Riickgrat

xaraze: xarazat dahru seine
Riickenwirbel

xGriiz, pl. xewériz Kette von
aufgefadelten Dingen (z.B
Weinblatter). > xwrz

axras, f. xarsa, pl. xarsin
stumm

xarSafe, pl. -at Fledermaus. >
Text 516

xarat, yaxrat (I) abstreifen;
tiberstreifen

nxarat, yanxédrat (VID
(Schlinge:) sich zuziehen »
alCayne tanxdrat Cala saqu
die Schlinge zieht sich um
seinen Fu8 zu. kitenxdratet
Cala ragbéta (die Schlinge)
hat sich um ihren Hals zuge-
zogen

xGriif, pl. xawérif Lamm, jun-
ges Schaf = ya Sadi yd xarif|
ein Zicklein oder ein Lamm
xGriife, pl. xewérif weibliches
Lamm wm assaxlat w alxawérif |
weibliche Jungziegen und
Jungschafe

xaraq, yaxragq (I) 1. durchsto-
Ben, hindurchschieben = ya-
xréqa |-dliyat laxx er schiebt
sie (sc. lamsalle die Sackna-
del) bis zur anderen Seite
durch. 2, sich von einem
Punkt (man) zu einem ande-
ren Punkt (Ja-) im Geldnde
bewegen m= kityaxrag man hdl-
laltye 1-dlldliye er schwimmt
von dieser Seite bis zur ande-
ren Seite. yaxraqin la-Ca-

 

llagbor sie begeben sich (von
der Moschee) zum Friedhof
xerq, pl xrdq Felsspalte =
kafi dib, tala’ man wast al-
xargq da ist ein Wolf, der aus
einer Felsspalte hervorkommt
xergqa, pl. xaraq Lappen,
Lumpen, Fetzen, Stiick Stoff
xrms xarmas, yxarmas (I) kratzen
xry xara, yaxra (I) defazieren,
schei8en (gesagt von Mensch,
Hund, Katze)
xara Schei®e, Kot (von
Mensch, Hund, Katze)
xsr_xasar, yaxsar (I) verlieren (im
Spiel)
xsl xasal, yaxsal 1. (intrans) sich
waschen [< aar. gsi] = yax-
saliin hawnake sie waschen
sich dort. 2, (trans) waschen
= yaxsalin glél sie waschen
Wasche.
xasle (nv 1) Waschung »
yaxsalithu xasle kwayyse sie
unterziehen ihn einer griindli-
chen Waschung,
xasil (Verbalnom. 1) Waschen
= baCd ma yxallstin xasil glél
wenn sie mit dem Waschewa-
schen fertig sind
xaslén (na. 1) Waschen »
yaxsélu xaslén er wascht ihn
(vollstandig)
xassal, yxassal (II) waschen
(bei plur. Objekt) = txassal
idaya nagif sie wascht sich
die Hande sauber
xassdle, pl. -at Wascherin
mxasle [wohl besser: mxass-
le] Schragen (fiir die Toten-",0.0,eng,80.16507647305389,False,1648427583.0620182,1.75
50,"


45

 

xsb

xSS

xr

xdd

wasche)

maxsale Schragen (fiir die
Totenwéasche)

xasab Holz m= hatfar man
xaSab-we der Rahmen ist aus
Holz

xaSab, pl. xSab Teil am Pflug
xaSan, pl. x$an dick, grob =
b-qadd bayda takkiin xasne
so groB wie ein dickes Ei.
drds xSan grobe Kristalle
xdsra Seite » yamsawn xdsra
sie gehen Seite an Seite.
thatta Cala xdsra sie stellt es
zur Seite. wahde f-dlxdsra w
wahde f-dlxasra eine auf die-
ser Seite und eine auf dieser
Seite. Cala xdsrétu alyamin,
mo Cala xdsrdtu Stapp auf
seiner rechten Seite, nicht auf
seiner linken Seite

xsusi speziell, eigen

maxsis absichtlich

xasle, pl. xaséli Traube von
unreifen Weinbeeren. > Can-
qud

xaswe, pl. xaswat Hoden
xdarr, yaxdarr (IX) griinen,
sprieBen, wachsen

xadra Gemiise

axdar, f. xadra, pl. xader
griin; frisch; roh = darman
laxdar das griine Farbemittel.
dexan axgar griine (frische)
Hirse. albasale txalliya xagra
die Zwiebel la8t sie roh (d.h.
brat sie nicht an). bayga xad-
ra ein rohes Ei

xadd, yxadd (1) schiitteln; but-
tern

 

&

xadde (nx) Schiitteln »
txaddan xadde kwayyse sie
schiittelt sie kraftig

xatar Gefahr = Saglu xatar-we
seine Arbeit ist gefahrlich
xdtar Verbundenheit = yaxad
alxdter mannan er verab-
schiedet sich von ihnen. yax-
din xatéran sie machen einen
Beileidsbesuch bei ihnen. ya-
&awn gaddam xdftéran sie
sprechen ihnen ihre Verbun-
denheit aus

xatt, yxatt (I) Linien ziehen,
einritzen

xatt, pl. xfot 1 Reihe, Furche =
ysoq xtot wsdC er pfliigt weite
Furchen. 2. alxaft die Eisen-
bahn

xatwe Schritt = xatwatayn
~xafiitayn zwei Schritte

xaff, yxaff (I) leichter werden,
abnehmen m baCda Swayye
yxaff asSagal Caléyu danach
nimmt seine Arbeit ein wenig
ab

xafif, pl xfaf leicht, rasch;
knapp = (almaCnaga) xafife-
ye (der Reitsattel) ist leicht.
bSGn tabrad xafif damit sie
schnell abkiihlt. mater xafif
ein knapper Meter

axfaf (Elat.) leichter, schneller
a tasttwi axfaf sie wird
schneller gar

xalag, yaxlag (1) pulsieren
xalxal, pl. xaléxil (mit id:)
Handgelenk m= xalxdl al9id das
Handgelenk. xalxdl idu sein
Handgelenk

xalas, yaxlas (I) fertig sein, zu",0.0,eng,82.5236853263473,False,1648427584.579412,1.75
51,"


46

xa’

 

xit

xic

Ende gehen, aufgebraucht
sein = algabar xalas das Grab
ist fertig. yaxlas tammiiz der
Juli geht zu Ende. kaxxalsat
hagar Caqmaqu der Stein an
seinem Feuerzeug ist aufge-
braucht

xallas, yxallas (Il) 1. beenden,
fertig werden (mit = Akk),
aufbrauchen « hiwe t-ixallsiin
naqil zadan wenn sie mit dem
Abtransport ihres Getreides
fertig sind. txallas hak alCagin
tadwiq sie backt Brotfladen,
bis der ganze Teig aufge-
braucht ist. 2. retten = xal-
lasatni mannan sie hat mich
vor ihnen gerettet. md ytéq
yxallas yohu er kann sich
nicht retten

xalds Rettung = xald@s malu es
gibt keine Rettung fiir ihn
xalat, yaxlat (I) (um)riihren,
mischen # yaxlatitwa ba-lma-
Cdlag man riihrt sie mit Léf-
feln um. texldtan fe-baCgan
sie vermischt sie miteinander.
yaxlatin baynan Swayyat razz
man mischt etwas Reis unter
sie

xalte (nv 1) Vermischung =
taxléten xalte fa-baCdan sie
vermischt sie miteinander
maxlot (pp. I) gemischt, ver-
mischt

xtalat, yaxtélat (VII) sich
(ver)mischen = @ lo-kama
yaxtaltiin fe-bacdan bis sie
sich miteinander vermischen
txallaC, yatxallac (V) (einzeln)
tanzen, ténzeln = annaswan
yaxxallaCiin die Frauen tan-

 

xif

zen (vor der Braut einher)
xalCa, pl. xléC ~ xléCi Ehren-
geschenk wm tat=?xléC drei Eh-
rengeschenke

xalf (Adv) hinten

man xalf von hinten = yagawn
man xalf sie kommen von hin-
ten

la-xalf nach hinten = wahde
la-xalf-ye ein (Gewilbe) liegt
nach hinten

xalf (Prap) hinter = xalf albab
hinter der Tir yaflatiin xalf
baCgan sie rennen hinterein-
ander her wahde xalf laxx
eine nach der anderen. nahne
dawrna xalfkan wir sind nach
euch dran. - mit Suff: 3. sg.
m. xalfu, f. xalfa, pl. xalfan, 2.
pl. xalfkan

xalfeni hinterer = Caynat al-
xalféniye das hintere Fach
(sc. der Satteltasche hagibe)
xalag, yaxlag (1) schaffen =
alla taCdla kixxaléga Gott hat
sie geschaffen

xalag, yexlag (I) geboren,
werden, entstehen = yaxlagin
m-almayy sie entstehen aus
dem Wasser

xalga Schépfung = man xalgat
aja durch Gottes Schépfung
x@laq Schépfer = sabhan
alxdlag gepriesen sei der
Schépfer!

xala, yaxli (I) (nur in Verbin-
dung mit bal) aufpassen, ach-
ten (auf la-), beobachten, be-
merken m yaxli bdlu er paBt
auf. xalaytu bali ich paBte auf.
baq axli bali ich begann auf-",0.0,eng,83.01244709090909,False,1648427586.086886,1.75
52,"


xa’

47

 

zupassen. xala bdlu layu
Cémar-we er bemerkte, daB
(die Hirse) dicht stand

xalla, yxalli (II) 1. lassen; zu-
riicklassen; am Leben lassen
= yxalli taga er 1aBt eine Luke.
yxalliya maftoha er laBt sie
offen. alla yxalli tfailu Gott
lasse seine Kinder am Leben.
2. (mit Ja-) lassen, belassen =
yxallilu taqa la-fog er 1a8t ihm
nach oben eine Luke. allirat w
alfastan yxallawan la-lbant die
Goldmiinzen und das Kleid
lassen sie dem Madchen.

xalli laB! (Imperativ II) 1 als
Adhortativ = = xalli ygibiin
aggendze sie sollen die Lei-
che bringen. 2. selbst wenn m=
xalli ykiin Casrin zalame-zad
selbst wenn es zwanzig Mén-
ner sind

V: mé=yatxalla (der Sterb-
ende) wird nicht sich selbst
liberlassen

xamad, yaxmad (I) ermatten,
miide werden

xtamar, yaxtémar (VII) (Teig:)
gesduert werden, aufgehen
xamir Sauerteig = dawgat xa-
mir diinne Brotfladen aus
Sauerteig

xamire Hefe

xamse_ (selbstiindig), xams
(mit Gezéhltem) fiinf = yaqtel
xamse er tétet fiinf. xamse w
téfin kilo fiinfunddreiBig Kilo.
xams tdaldf fiinftausend
xamsin fiinfzig

xamstaC§ fiinfzehn
xamsamiye  fiinfhundert a»

 

xms
xme
mm
xngr
xng

xwE

xamsamit matar fiinfhundert
Meter

xamis ~ nhay alxamis Don-
nerstag

> xms

i yaxmaCin (die Pferde oder
Esel) lahmen

I (albarga) txamm (die Wei-
zengriitze) gart, wird sauer
xangar, pl. xanéger Dolch
xtanaq, yaxténag (VIII) erstik-
ken, erwiirgt werden

xndq Hals m= yhatt assakkin
Cala xndqu er setzt ihm das
Messer an den Hals. nagrat
xndqu seine Kehle

xewdga feiner Mann

xwrz xawraz, yxawraz (I) auffadeln

xws
xl

(auf eine Schnur) = yxawra-
zuhu ysawawhu xawériz sie
fadeln sie (die Blatter alwa-
vag) auf und machen Ketten
daraus. > xrz

mxawraz (pp. 1) aufgefadelt =
waraq lamxawraz die aufge-
fadelten Blatter

x0s (Koll.) Schilf, Binsen

xal Onkel miitterlicherseits
xdle Tante miitterlicherseits
xam Baumwollstoff

xayr 1, Gutes = bsarat alxayr
gute Nachricht. alla ygasSac-
kan alxayr Gott lasse euch
Gutes widerfahren. 2, gute
Tat, religiés verdienstvolles
Werk om taCa fa-xayrak
Céwanni komm, hilf mir um
deines religissen Lohns_ wil-
len. fa-xayru er (tut) ein gu-
tes Werk

 ",0.0,eng,80.94662237125748,False,1648427587.576471,1.75
53,"


48

 

xyer

axayr (Elat.) besser = axayr-
we lahan das ist besser fiir
sie

axayr 1d (Konj.) damit nicht =
axayr 1a ytil héféran damit
ihr Huf nicht zu lang wird
maxtar Ortsvorsteher, Dorf-
schulze

axteyar alter Mann [< tiirk.
ihtiyar dass]

xizardn (Koll.) eine geschmei-
dige Rutenart

xizarane (n.u.) Reitgerte
xayyat, yxayyat (II) néhen; zu-
naéhen m= yxayytin tamma sie

 

nahen seine Offnung zu. ygi-
bin marSayn yxayytiiwan fa-
baCdgan sie holen zwei Zie-
genhaardecken und nahen sie
zusammen

xyat (Verbalnom. I) Naéhen =
xyat ba-llid Nahen mit der
Hand. makkinat laxyat Néh-
maschine

xayt, pl. xitan (dicker) Faden,
(diinne) Schnur = xayt SaCar
tabit ein fester Faden aus
Ziegenhaar

xiydta (xayydta) Naherin

xyn xdyan unredlich",0.0,eng,81.6468784102564,False,1648427588.284838,1.75
54,"


Dal

do- los! (Partikel zur Verstar-
kung des Imperativs) = do-
roh! los, geh!

dé dé nach und nach m» bag
ylafti dé dé er schlich sich
nach und nach heran

dabb, ydabb (1) schlagen, ein-
schlagen (auf fa-, Cala) =
ndabb fe-baCdna wir schlagen
aufeinander ein. ydabbiin wa-
hde fa-llaxx sie schlagen ein
(Ei) gegen das andere

dabbe (nx. 1) Schlag = sabCa
tman=dabbat  sieben, — acht
Schlage

dabbén (n.a. I) Schlagen

dabs Traubensirup = géiballa
tasat dabs, man hak dabs
alCanab sie holt sich eine
Schale Traubensirup, von die-

sem aus Trauben (gewonne- |

nen) Sirup

madbaga Gerberei

dabboqa, pl. dabébiq Zopf =
dabbogtayn zwei Zépfe

> BE

daxrase, pl. dexdras Zwickel
(unter dem Armel eingesetz-
tes Stick)

daxal, yadxal (1) eintreten,
hineingehen m daxaltu la-gi-
wa ich ging hinein. ayna la-
yadxal fa-lbdb jeder der
durch die Tiir eintritt

déxal (p.a. I) eintretend m ta-
lac déxal aus- und eingehend

dent

den?

ard

| arz

ark

drm

 

déxal, ydéxal (Ill) _ hinein-
schaffen, hineinbringen =
ydéxlitwan la-gitwa sie schaf-
fen sie hinein

daxxan, ydaxxan (II) rauchen
daxxan Rauch

daxen Hirse, Kolbenhirse m=
daxan axdar griine (frische)
Hirse. > Text 6.7

daxan asfar gelbe Hirse (=
daxan)

daxan — stambilli
Hirse (= dexan)
daraxa das auf der Tenne
ausgebreitete Dreschgut [zu
aram d?rak treten auf, vgl.
Turoyo druxto ~ draxto Ge-
treidemenge, die man auf ein-
mal drischt]

dard Kummer; Problem [<
tiirk. derd dass] = dard @gbir
ein groBer Kummer. dardak
ayS-we? was ist dein Pro-
blem?

darre, pl. darar Euter

daraz, yadraz (I) mit Stichen
nahen, einen Stich machen
darze (nv 1) Stich mw kall
darzatayn tate alle zwei, drei
Stiche

darkéye Klumpen

Istanbuler

drmt daramét Dynamit (Koll) [<

tiirk. dinamit ?] = galam dar-
amét eine Stangen Dynamit
daraméte (n.u.) ein Stiick Dy-
namit

darmala (Koll) Masthiémmel
[x kurd. dermala dass] = ta-
nadbah addermdala baga nun
wollen wir die Masthimmel",0.0,eng,82.11317361075949,False,1648427589.7003992,1.75
55,"


50

Dal

 

schlachten

drmn darman Pulver, Mittel, Sub-
stanz [< tiirk, kurd. derman
Heilmittel, Droge] = darman
ahmar rotes Farbemittel, rote
Farbe

drwn dérwand Astgabel, in der der
Tiirzapfen steckt

dry dera, yderi (I) aufziehen,

ziichten = dérayndha ba-lha-

lib wir zogen sie (sc. die Kat-

ze assann6ra) mit Milch auf

tadériye (Verbalnom. III) Auf-

zucht, Haltung = bsdn tadé-

riyat alhaywan fiir die Vieh-

zucht

dazzine Dutzend (levant.)

dest, pl. dsiite Kessel (aus

Kupfer) m= trakkeb dast Ca-

latféye sie setzt einen Kessel

auf die Feuerstelle. > Text

82, Abb. S. 336

dastiye Griff (z.B. des Dolchs)

[zu kurd. dest Hand, vgl. kurd.

destik Griff]

dSmn dasman ~ dasman Feind [<

tiirk. diigman dass]

dasmane Feindschaft

daSwe Riilpsen, Riilpser. >

ay

dst?

ddas§a, yaddas§a (V) riilpsen
[< aar. 887]. > dSw

daCwe Hochzeitsfeier

dafa, yadCi (I) 1 einladen =
yadCawn xaténan sie laden ih-
ren Schwiegersohn ein. 2. be-
ten (fiir la-) = yed°i la-
Imayyat er betet fiir den Toten
dogri direkt [< tiirk. dogru
dass]

S3 & &

g

 

dgm daggam, ydaggam (II) stoBen,
stupsen m= ydaggmiin fo-
baCdan sie stupsen sich ge-
genseitig
daga, yadgi (I) (Teufel) in
Versuchung fiihren, verfiihren
= hawnake SSaytan dagani da
fiihrte mich der Teufel in Ver-
suchung,
daftar Heft [< tirk defter
dass]
dafa®, yadfac (I) stoBen
dafCén (n.a. I) StoBen
ndafac, yanddfac (VII) gesto-
Ben werden = dafén mo ya-
ndéfoc (der Riegel) laBt sich
nicht herausstoBen
dafal, yadfal (I) spucken (auf
Cala) [< aar. tfll
madfine Gemiiseeintopf mit
Fleisch. > Text 79
madfinat patata Kartoffelein-
topf
dofi, yadfa (1) warm werden =
tadfa ddanye es wird warm
ddaffa, yaddaffa (V) sich war-
men wm yaddaffa @ la-kama
yadfa er warmt sich, bis ihm
warm wird. yaddaffawn sie
warmen sich
dafi Warme « ysay tahtu dafi
er macht es unter sich warm
(hier: polstert sein Nest warm
aus)
davare Rampe [< kurd. dever
f£ Ort, Stelle] m= davarat at-
tabon die Rampe fir das
Hacksel
dgdq daqdaq, ydaqdag (1) [Intensiv-
bildung zu dqq) 1. einschlagen

dey

%

g&",0.0,eng,80.5055100560472,False,1648427591.161393,1.75
56,"


Dal

51

 

dqr

(bei Pluralitét des Objekts) =
ydaqdaqilu arbaC garabat sie
schlagen vier hélzerne Stan-
gen fiir ihn ein. 2 mit Mu-
stern, Verzierungen versehen
= ydagdagitwa ysawawn fiya
daqqat sie verzieren ihn (sc.
algaffora den Korb), sie ma-
chen Muster auf ihm
mdaqdaq, f. mdaqdage (pp. 1)
gemustert, gestreift; bedruckt
(Stoff)

dagar, yadger (1) stemmen,
driicken gegen m yadger
Cagsétu fa-llard er driickt ihm
den Nacken auf den Boden

dgrn daqran, ydagran (1) stemmen

= dagrantu rohi ich stemmte
mich

dagrane, pl. -dt Astgabel
(kleiner als > zaqiife)

daqq, ydoqgq (1) 1. einschlagen
= fidaqq hak alqdliiz fo-llard
er schlagt diesen Pflock in
die Erde. 2, stampfen = ydag-
gun hanta sie stampfen Wei-
zen. 3, beriihren; antasten =
(alxarg) ydaqq la-llard (die
groBe Satteltasche) beriihrt
die Erde. ahhad mo yteq
ydaqq layu niemand kann ihn
antasten. 4 spielen (Musik) =
almaterbi ydaqgallan der
Spielmann spielt ihnen auf
madgoq, £. madgdqa (pp. I)
gestampft; angenagelt =
hantat almadgéqa der ge-
stampfte Weizen. (annaCs)
madgoq Cala garabtayn-we
(die Bahre) ist auf zwei Holz-
stangen genagelt

daqge (nx. 1) Stampfen =

 

# §

e

dmk

ddaqqu daqqe kwayyse sie
stampft ihn griindlich

daqqa, pl. daqqat 1. Streifen,
Muster. dagga gbire ein gro-
Ber Streifen. 2, Minute = hak
aldaqqa in dieser Minute
dagéq Mehl = dagéq hanta
Weizenmehl

daqoq, pl. dewégiq Schlegel,
St6Bel (aus Holz)

daqqine, pl. -at Arbeitsschiir-
ze der Frau

dakke Podest

dakkan, pl. dakékin Laden
dalu, pl. dalwén Eimer (aus
Leder); Trichter (der Miihle) =
baga ndalli ddalu wir lieBen
den Eimer hinab. dalwayn tate
zwei, drei Eimer. - mit Suffi-
xen: dalik dein (m) Eimer,
dalithu sein Eimer, dalityi mein
Eimer. > Text 91

dalla, ydalli (11) hinablassen =
baga ndalli ddalu wir lieBen
den Eimer hinab. ydallawhu
fe-igabar sie senken ihn (sc.
den Toten almayyat) ins Grab
démak das heiBt [< tiirk. de-
mek dass]

dmm damm Blut [x aar dam] «=

ang

addamm_ kitynaqqgat_ ~=mannu
das Blut tropft von ihm her-
unter

dang Mile fiir Weizengriitze

dngr dangar, ydangor (1) 1. rollen

(trans), rollen lassen = dan-
gardtu @ la-taht sie lie ihn
bis nach unten rollen. 2. rund
formen m ydangarihu sie for-
men es rund.",0.0,eng,81.00080908264462,False,1648427592.7531571,1.75
57,"


52

Dal

 

ddangar, yaddangar (V) hin-

unterrollen,  kullern, sich
iiberschlagen
dangor, pl. danégiy runder

Gesteinsbrocken

dangora, pl. dangorat ~ dané-
gir Kugel = dangorat Cagin
eine Teigkugel

mdangar, f. mdangare, pl
mdangarin rund, kugelrund =
mdangarin-anne kama taskil
azzabasat sie sind kugelrund
wie Wassermelonen

donye 1, Welt, irdische Welt =
haddanye zafi mo=yaswa Ca-
léya die irdische Welt taugt
ohnehin nichts. 2, das Wetter;
es (zum Ausdruck von Jahres-
zeit, Tageszeit, Wetter etc.) =
addanye Sate es ist Winter
addanye bard das Wetter ist
kalt. addanye qamar es ist
Mondschein. toffib addanye es
wird schénes Wetter. addanye
Catamat es wurde dunkel.
addanye kyG addat es ist
schon hell geworden

dahan, yadhan (1) bestreichen;
einfetten

dahne (nx 1) Bestreichen =
tadhdna dahne kwayyse sie
bestreicht ihn (sc. den Fladen
addawga) griindlich

madhin, f. -e (pp. 1) bestri-

chen; eingefettet m= msalle
madhine eine  eingefettete
Sacknadel

déhne Kochbutter, Butterfett;
Fett (am Fleisch) = maClagat
déhne ein Léffel Kochbutter.
thall déhnéta sein Fett (sc.

 

dwd

des Fleisches) schmilzt

dahin, f. dahine, pl. dahinin
fett, eingefettet

dad (Koll) Wiirmer

dade (n.u.), pl. didat Wurm

dwr dar, ydor (I) umhergehen, um-

herstreifen m day fo-ggabal er
streifte im Gelinde umher.
(azzahlafe) ddor ba-llayl w
ba-nnhar (die Schildkréte)
streift bei Tag und bei Nacht
umher, ydor fo-lladyaC er
macht die Runde in den Dér-
fern

dawardn (Verbalnom. 1) Um-
herstreifen = dawarana ba-
Uayl-we ihr Umherstreifen
findet nachts statt

dawwar, ydawwar (II) 1. um-
herziehen; suchen = ydawwar
fa-rds aggabal er zieht auf
dem Berg umher. ydawwarlu
Cala qarémi yabbas er sucht
sich trockene Wurzelstécke.
ydawwar addawse er nimmt
die Spur auf. 2, umherfiihren,
mit sich fihren m= hiye
ddawwéran sie (die Mutter)
fiihrt sie (die Jungen) umher.
hawd  attarat +ydawwrtwan
maCan diese Rahmen fiihren
sie mit sich. 3 umherbewe-
gen, drehen = ydawwdru Ca-
nnar er dreht es (sc. das Ge-
faB lafrag) iiber dem Feuer.
ddawar, yaddawar (V1) sich
abwechseln, ablisen = yadda-
wariin Caldyu tantayn zwei
(Frauen) wechseln sich dabei
ab

ndar, yandéy (VII) sich um-",0.0,eng,82.16517218618618,False,1648427594.251043,1.75
58,"


Dal

53

 

drehen, umwenden. > ndar
(dyr)

dar (f), pl. dwar Hof = gobb
addar die Zisterne im Hof
dawr 1. Reihenfolge, Reihe (an
die man kommt) = arrahd-zad
ba-ddawr-ye bei der Miihle
geht es nach der Reihenfolge.
nahne dawrna xalfken wir
sind nach euch dran. yantar
la-kama yagi dawru er wartet,
bis er an die Reihe kommt. 2
pl dwar Strang, Reihe (beim
Strohflechten) = baCd assatt=
@dwar nach den sechs Strén-
gen

mdawwar, f. mdawware rund,
kreisrund = ar mdawwar ein
kreisrunder Rahmen (fiir ein
Sieb)

dawriya Patrouille, Runde [<
tiirk. devriye dass]

das, ydis (I) 1. treten, treten
(auf = Akk.), mit den FiiSen
stampfen m ydiis hak alCaneb
er stampft die Trauben mit
den FiiBen. 2 fest driicken,
fest hineindriicken » ydis lo-
msalle er driickt die Sackna-
del hinein. ydiis raqbat attac-
lab éhag fo-llard er driickt
den Hals des Fuchses so zu
Boden

dawwas, ydawweas (II) stam-
pfen, feststampfen = dawwas-
tiwa ba-sdqayyi ich stampfte
ihn (sc. den Schnee alhabwe)
mit den FiiBen fest

dawse (nx. I) Stampfen, Driik-
ken.

daws (Koll) Spuren = daws

 

tyor Vogelspuren
dawse (n.u) Fu8spur, Spur

dwst dost, pl. dostin Freund [< tiirk.,
kurd. dost]

dwén dawganita Riickstande, Bo-
densatz von Butterfett und
Salz [aram. Bildung zu kurd.
do ~ dew Buttermilch, Molke;
vgl Turoyo dawge fliissiger
Yoghurt]

dwq dawwaq, ydawwag (II) (diinne
Brotfladen) backen (auf dem
Backblech sag) [zu > dawga]
= (fa-SSate) ydawwqin giwa
(im Winter) backen sie drin-
nen
tadwig (Verbalnom. II) Backen
(von diinnen Brotfladen)
ddawwaq, yaddawwag (V) ge-
backen werden = yaddawwaq
Calaéyu man backt auf ihm (sc.
dem Backblech assag)
dawqa, pl. dawgat diinner
Brotfladen [< aram. vgl. Tu-
royo dawgo Brotfladen, zu
aram. d@beq ankleben, haften}
= dawgat xamir diinne Brot-
fladen aus Sauerteig. dawgat
mawi ~ ma@wiyin Pfannkuchen.
dawqat + rqdaq __ papierdiinne
Brotfladen

dwm dawm (Koll) Baume; Holz [<
aar. dawm Dumpalme] = man
dawm-ye sie ist aus Holz, aus
einem Holzklotz
dawme (nu), pl  dawmat
Baum wm fo-fayy hak addawmat
im Schatten dieser Baume
madam — mdm

dyr dar, ydir (1) wenden; ablassen
(von man) [< aar. adara, yudi-",0.0,eng,83.31177571142857,False,1648427595.729428,1.75
59,"


34

Dal

 

ru (dwr IV)] = ydiran wactu
la-igable sie wenden sein Ge-
sicht nach Mekka. ydir waccu
er wendet sein Gesicht ab.
ydir manna er la8t von ihr ab
ndar, yendar (VI) sich um-
drehen, umwenden s# ndar ta-
yakal ma-lhamham er drehte
sich um, um von dem hamham
zu fressen. + ndar (dwr)
dayr Kloster

dayre Biiro [evant]

dér (unveriind.) nichster, fol-
gender = dér sane im folgen-
den Jahr

Dérazbina Ortsname (Dorf
bei Kinderib)

Dydarbéker Diyarbakir

dyrw > drwn

dys

days, pl dys Brust, Brust-
warze (beim Menschen); Eu-
ter (beim Tier) = @ la-kama
togiyu la-daysu bis ihm (das

 

dq

Wasser) an die Brust reicht
dayyaq, ydayyag (II) nach un-
ten schauen [< aram. dayyeq
beobachten] = dayyagtu hagge
ich schaute so hinunter. yday-
yqin Caldya sie schauen auf
es hinab (sc. das Gebiick la-
kliéa im Backofen)

dik Hahn

da@yam dauernd, immer
dayyan, ydayyan (II) leihen a
ant dayyantni xams waraqat
du hast mir fiinf Lira gelie-
hen. dayyniina-we dayn! leiht
ihn uns!

ddayyan, yaddayyan (V) sich
leihen = ddayyan Cala hasdba
er hat sich auf ihn (sc. den
Weizen alhanta) Geld geliehen
din Religion = bala din ohne
Religion

dayn Darlehen, Geliehenes =
ba-ddayn leihweise",0.0,eng,84.63634724378109,False,1648427596.612297,1.75
60,"


doh!

iy

ah’

33s

arq

Dal

dabah, yadbah (1) schlachten
(Tiere); abschlachten, umbrin-
gen (Menschen) = yadbahin
hawéwin sie schlachten Tiere
dabh (Verbalnom. I) Schlach-
ten m dabhu gunnéh-we es ist
eine Siinde, ihn zu schlachten
dabbah, ydabbah (I) schlach-
ten (bei Pluralitat des Ob-
jekts) m dabbahalli algalamat
schlachte mir die Ziegen!
mdabbahin (pp. Il, pl) ge-
schlachtet

dabah (Koll) eine Wildpflan-
zenart

débaha (n.u.) einzelne dabah-
Pflanze

dabbén (Koll.) Fliegen

darra Mais (?)

@rac, Zahipl tedraC Elle
(Langenma8) = rac, yaCni
tmayn w sabCin santé eine Elle
sind 72 cm. draCayn zwei El-
len. sabaC tadra¢ sieben Ellen
darraq, ydarraq () (Vogel)
Kot fallen lassen

darg (Koll) Kot (von Végeln)

= darq alhamam w darq
afgég der Kot von Tauben
und Hiihnern

darqa (n.u.) etwas Vogelkot

darra, ydarri (Il) herabrieseln
lassen; worfeln m= ydarriyu

ba-rraf§ er worfelt sie (sc. die |

 

awh

dwq

dyb

aq

al

Hirse
Schaufel
daga, yadgi (I) (Schafe und
Ziegen:) bléken [< aar. tgy] =
algalame tadgi das Schaf
blokt

dakar, p|. dkdya Mann; Mann-
chen, mannliches Tier (Ge-
gensatz: ante) = arbCa dkora
vier mannliche Tiere

danib ~ dnib Sinden [har]
dahab Gold; Goldschmuck =
ida sawaw la-ICaris dahab
wenn sie der Braut Gold-
schmuck machen

dab, yditb (1) schmelzen, sich
auflésen m= bSGn fidiib hak
almalh bayn hak almayy damit
das Salz sich in dem Wasser
auflést

daq, ydoq (1) kosten, probie-
ren = ydoquhu b-sabCan sie
kosten es (sc. die Salzlake)
mit dem Finger

dib, pl. dyéb Wolf = dibayn
zwei Wolfe

dras addib Schneidezahne
(beim Menschen)

dayyaq, f. dayyqa, pl. dyaq eng
[< aar. dyq] = hawa dayyaq
eher eng, etwas eng

adyag (Elat.) enger

dil, f. dilat, pl. dilat der-, die-,
dasjenige von (Genetivexpo-
nent) = dilat azzabal der fiir
Mist (sc. Sack sariga). hawd
dilat algasal jene (Tabletts)
aus Stroh. dilat al?arbCa beim
vierten Mal

addexan) mit der",0.0,eng,82.19832657419354,False,1648427597.938411,1.75
61,"


ry
rbh

rb¢

rot

rbc

RY
— Ory, mrw

rabbah, yrabbah (II) prospe-
rieren lassen m= alla md=

yrabbéhu Gott la8t ihn nicht
prosperieren

trabbah, yatrabbah (V) profi-
tieren, prosperieren, gedeihen
= mo yatrabbah er prosperiert
nicht

-, yarbad (I) sich werfen (auf,
iiber Cala) = yarbad Caldya er
wirft sich iiber ihn (sc. den
Hasen al?arnab f.)

rabbad, yrabbad (II) sich la-
gern lassen (Vieh)

rabbat, yrabbat (II) zusam-
menbinden [levant.?] = yrab-
bédtan fa-baCdan er bindet sie
zusammen

rrabat, yerrdbat (VII) impo-
tent werden m alxatan yar-
rébat der Brautigam wird im-
potent

rabaC, Zahlpl. tarbae Viertel =
rebae sdCa eine Viertelstun-
de. fat tarbac kilo razz drei-
viertel Kilo Reis. drac w
raba€ eineinviertel Elle. rabCa
ein Viertel davon

rabic 1, Friihling. 2, frisches
Gras, Krauter

arbCa ~ arbat vier

arbCa selbstandiges Zahlwort
= yagtal arbCa er tétet vier
dilat al?arb©a beim vierten
Mal. GrbCatan alle vier

 

rel

rhb

rhl

arba€ vor folgendem Zahlwort
oder Gezahltem m= arbac
xams tamtar vier, fiinf Meter
arbCin vierzig

alMarbCa der Mittwoch
arbétaC§ ~ arbitaC§ vierzehn
arbaCamiye vierhundert = ar-
baCamit xamsamit paréaye
vier-, fiinfhundert Stiicke
myrabbaC, f. mrabbaCe vierek-
kig, quadratisch m= mater
myabba® Quadratmeter
rabba, yrabbi (Il) aufziehen,
erziehen (wohl levant. statt
echt déra) = yrabbiyan hanne
nCam er zieht sie auf, solange
sie noch klein sind

tarbaye (Verbalnom. II) Auf-
zucht (wohl levant. statt echt
tad@riye)

rdbye, pl. rawébi ~ rabyat Hii-
gel

raggal, pl. rgél Mann m= nas-
wan w rgél Frauen und Man-
ner. ragfdlayn-lex noch zwei
Manner

ragme, pl. ragmat Steinhaufen
starga, yastargi (X) wagen,
sich erkiihnen [< aar. gy?] =
mo=yastargi yqarrab er wagt
nicht, sich zu néhern. md=
stari ich wage nicht
marhaba volkstiimlicher Gru8
= marhaba Cammo Grii8 dich,
Onkel! sar baynna marhaba
es entwickelte sich eine Be-
kanntschaft zwischen uns
rahal, pl. rhale Sattel (der im
Dorf iibliche Sattel, sowohl
fiir Lasten als auch zum Rei-",0.0,eng,79.6667368031746,False,1648427599.260104,1.75
62,"


s7

 

rhm

rhw

ten geeignet) = rahlu sein}

Sattel

-, yarham (I) (Gott:) Erbar-
men haben mit, selig haben =
alla yarhému Gott hab ihn se-
lig

xrahme Erbarmen: b-rahmédtu
mit (Gottes Erbarmen)
marhame, pl. mardham wei-
Bes, bis zur Hiifte fallendes
Kopftuch der Frauen [< aar
hrm) « talbas marhame sie
tragt ein Kopftuch
dras arrahawéiye Mahlzihne,
Backenzéhne
raha (£) Miihle
rahat agenn Flurname (die
Miihle der Gespenster)
raxt, pl. rxiite Patronengurt [<
kurd. rext dass]
raxsa Lizenz = raxsa man
lahkiime Lizenz von der Re-
gierung
raxxan, yraxxan (II) sickern,
einsickern [< aram. r@ken sich
neigen, herabkommen] = bsan
1G thall w traxxan damit er
(sc. der Schnee alhabwe)
nicht schmilzt und einsickert
tarxin (Verbalnom. II) Einsik-
kern
raxu, f. raxwe weich, locker =
safaye raxwe weicher Fels.
albasmar hakam raxu der Na-
gel sitzt zu locker

-, yarxi (I) 1, (intrans.) sich
lockern m tarxi sie lockert
sich. 2. (trans) lockern, locker
lassen = yarxiya er laBt sie
locker

 

rdd

ral

radd, yradd (I) 1, (intrans)
umkehren, zuriickkehren, zu-
riickweichen (vor man); ant-
worten (jdm. Cala); etw er-
neut tun »= walla, md=radd
nein, ich kehre nicht um. rad-
du man Caldyu sie wichen vor
ihm zuriick. yradd Caléyu er
antwortet ihm. md yraddiin
yhattihu sie stellen ihn nicht
wieder hin. 2. (trans) umwen-
den; zuriickgeben; zuriicktun;
zuriickholen = radd alfaras er
wandte das Pferd um. rad-
dallu-yé gib sie ihm zuriick!
terradd Calaykan xabar wir
werden euch Bescheid geben.
yraddin la-trab ba-llarfuse
sie schaufeln die Erde zuriick.
yraddiwa la-lagan sie schiit-
ten es zuriick in den Bottich.
terradd battna wir wollen un-
sere Tochter zuriickholen
radde (nx. 1): raddat alCars
das Zuriickholen (der Braut)
nach der Hochzeit

radon, pl. rdan Armel w tgass
lardan sie schneidet die Ar-
mel zu

marzabbe, pl. -at schwerer
Vorschlaghammer

razz Reis

-, yarzag (I) Nahrung geben =
alla taCdla yarzagqa razq Gott
gibt ihr Nahrung

razq Nahrung; Versorgung. pl.
arzaq Vorriate, Proviant
trazzal, yatrazzal (V) sich
blamieren, blamiert, bloBge-
stellt werden [< tiirk. rezil ol-
mak dass]",0.0,eng,83.90326672997031,False,1648427600.733734,1.75
63,"


58

 

rst

rss

rsm

rasta lange Nudeln [< kurd.
riste f. Nudel]. > Text 65
ras§, yras§ (I) streuen; sprit-
zen m yrasSin Caldyu (malh)
sie streuen (Salz) darauf.
bsan yrassin mannu |-aggée-
&at damit sie davon (sc. von
der Hirse addaxan) den Hih-
nern streuen. trass Caldyu
Swayyat mayy sie spritzt et-
was Wasser dariiber

rasme, pl. rasmat Zaumzeug,
Halfter

rSml Rasmal Dorfname
r&br réZbarin (pl.) Bauern [< kurd.

rss
rsf

ree
ri

rd

rey

rencber Landarbeiter]
rasds Blei

rasaf, yarsef (1)
(Platten)

-, yardac (I) saugen
rgoC (Verbalnom. I) Saugen
radi, yarda (1) (Mensch:) ein-
verstanden sein; (Gott:) Wohl-
gefallen haben (an Cala) = ida
hiye radyat wenn sie einver-
standen ist. alla yarda Calayk
Gott habe Wohlgefallen an dir
(addanye) raCadat, tarCad (1)
donnern = w annawb addanye
tarCad und dann donnert es
raCa, yarCa (1) 1. (intrans.) zur
Weide gehen, weiden » alhay-
wan-zad md=yarCa auch die
Tiere gehen nun nicht zur
Weide. 2. (trans) zur Weide
bringen, weiden lassen, wei-
den, hiiten = kayarCa lbaqora
er pflegte die Kuhherde zu
weiden

raci, pl raCwén Hirte m raCi
saxal Ziegenhirte. raCi baqora

verlegen

 

rab

oe

vif

Kuhhirte, Rinderhirte

raCi (Verbalnom. 1) 1. (intrans.)
Weiden; Weide m= (almahra)
troh la-rreci (das Fohlen)
geht zur Weide. 2, (trans)
Weiden, Hiiten m= firoh la-
rraCi er geht zum Viehhiiten
-, yargab (1) begehren = ma
baqa yargabiin fo-hawde slél
algasal diese Strohkérbe sind
nicht mehr so begehrt

réif, pl. drgafe, Zahlpl. trgafe
Brotfladen m tsayu drgafe sie
macht Brotfladen daraus.
xams térgafe fiinf Brotfladen
ragdaye, pl ragayat Murmel
rafas, yerfas (1) ausschlagen,
mit dem Fuf schlagen
rafas, yarfos () mit
Schaufel graben

rafs, pl. rfiise Schaufel = ba-
rraf§ mit der Schaufel

rafac, yarfac (I) aufheben,
wegbringen, abraéumen; auf-
heben (aufbewahren) = rafa-
Cu Ibaydar sie haben die Ten-
ne abgeraumt. hallahme, yak-
sadiwa w yarfaciwa dieses
Fleisch legen sie ein und he-
ben es auf

raffac, yraffac (Il) diinn, spitz
machen

rafec Diinne, Diinnheit =
rafa ihre Diinne

rafiC, f. rafiCa, pl. rfac diinn =
basmar tikiin Swayye rafiC ein
Nagel, der ziemlich diinn sein
sollte. rawtat rfaC diinne Ru-
ten

arfa¢ (Elat.) diinner

raff, yraff (D (Hiihner:) auf

 

der",0.0,eng,79.60269210220994,False,1648427602.23549,1.75
64,"


s9

 

rgb

rqq

rkb

der Stange sitzen = médaC I-
traffin aggégat dort wo die
Hiihner auf der Stange sitzen
raff 1. Hiihnerstange. 2. pl.
rfufe Schwarm (von Steinhiih-
nern)

rafig, pl rafga Gefahrte,
Freund = hawwar la-rafiqu er
rief seinen Freund. ynéwal
la-rafgétu er reicht (es) sei-
nen Freunden

rafa, yorfi () mit einem Fa-
den umnahen

rafi (Verbalnom. I) Umnahen
ragbe Hals = hay wsiyat abii-
na, tantelsca man ragbatna
wir wollen uns dieses Ver-
michtnis unseres Vaters vom
Hals schaffen (d.h. es ausfiih-
ren). > rgb (ragbe)

ragCa, pl. ragéCi Grundstiick,
Parzelle

raqq, yraqq (I) 1 abfeuern,
werfen, schlagen gegen »
yraqq latfange er feuert das
Gewehr ab. tiragq ragdye
Ca-llard er wirft eine Murmel
auf den Boden. tragga fa-lbab
taksdra sie schwingt ihn (sc.
den Krug asSarbe) gegen die
Tir und zerschlagt ihn. 2
diinn ausrollen (Teig) = traqqu
ba-ssdbak sie rollt ihn (sc.
den Teig alCagin) mit dem
Teigholz diinn aus

ragaq Diinne

ragéq, f. ragéqa, pl. rqaq
diinn = dawgat rqdq hauch-
diinne Brotfladen

arqag (Elat.) diinner

-, yarkab (I) besteigen, ein-

 

rkz
rke

rkk

steigen; reiten = yarkab Ca-
ldyu er besteigt ihn (sc. den
Esel lohmar), reitet auf ihm.
yarkab yroh la-Madydd er
steigt (in ein vorbeifahrendes
Fahrzeug) ein und fahrt nach
Midyat.

rakkab, yrakkab (I) 1. reiten
lassen m= yrakkbin alCaris
Cala hak almaCnaga sie las-
sen die Braut auf diesem
Reitsattel reiten 2, aufstellen,
aufbauen, aufsetzen = yrak-
kédba fo-baytu er stellt ihn (sc.
den Ofen assdba) in seinem
Haus auf. trakkab tféye w
trakkab dast Ca-lotféye sie
baut eine Feuerstelle auf (aus
drei Steinen) und setzt einen
Kessel auf die Feuerstelle
rékab (pa. 1) 1 reitend =
rékab-we Ca-lfaras er reitet
auf dem Pferd. 2. sitzend, ste-
hend auf alfrag liwe rékab
Ca-lkor das Gefa®, das auf
der Feuerstelle steht

rakab ~ *rakébayn (pl.) Knie
= tadrab rakdba fo-llard sie
stemmt ihre Knie gegen den
Boden. tegrab rakébdya fo-
lard sie stemmt ihre Knie
gegen den Boden. - sg. > rgb
(ragbe)

markaz Kreisstadt [<_ tiirk.
merkez dass]

rakCatayn (du.) zwei Proster-
nationen (beim muslim. Ge-
bet)

rakk, yrakk (1)
(beim Bau)
srakkiye Fiillung = rakkiydten
ihr Fiillmaterial (sc. der Mau-

ausfiillen",0.0,eng,83.52772511570248,False,1648427603.732537,1.75
65,"


60

Ra’

 

rgb!

rgb?

ai

rwh

ern)

ragbe Knie = ragbétu sein
Knie. aCla ma-rragbe hoher
als das Knie (mehr als knie-
hoch). > rkb (rakab)

ragbe Hals. > rqb (raqbe)
ragbuni: qarCat arragbini der
Flaschenkiirbis = garCat rag-
buniye pl. Flaschenkiirbisse
ymdade Asche

rama, yermi (I) 1 abladen,
auskippen = yarmiyu fo-ddar
er ladt es (sc. das Brennholz
alhatab) im Hof ab. 2. in den
Topf schiitten, zum Kochen
aufsetzen (K6rner, Hiilsen-
friichte etc.) = yarmi bargal
fa-tast er schiittet Weizen-
griitze in den Zuber. 3, aussto-
Ben (Ruf) = aymi hawar ich
sto8e einen Hilferuf aus
ramye (nw. I) Einschiitten; (ei-
ne bestimmte) Schiittmenge »=
lahan ramye sie haben eine
bestimmte Schiittmenge (dh.
sie setzen immer die gleiche
Menge Weizengriitze bargal
auf)

ranb, pl. rniib Spro® (der Re-
be) = ygarrat rnib alkarme er
zerbeiBt die Sprossen des
Rebstocks

rah, yroh (1) gehen; weggehen
= yroh la-gayr géCa er geht
in ein anderes Dorf. terroh
nsayyad wir wollen jagen ge-
hen. troh w tagi hawnake sie
lauft dort hin und her. rah fiya
magqdar sabCa tman ®snin es
vergingen dariiber sieben,
acht Jahre

 

rah + Dativsuffixe: fassen =
yrohallu tot tanagat may er
fa8t drei Kanister Wasser
rayoh, f. rayha, pl. riyah
(rayyah) (pa. 1) gehend, unter-
wegs = hitwe rayah la-ggée-
maC wahrend er auf dem Weg
zur Moschee war

w rayah und weiter, von da an
= man nazal asSate w rayah
vom Eintritt des Winters an
und weiter

rawwah, yrawwah (II) ausru-
hen lassen

trawwah, yatrawwah (V) 1.
sich ausruhen m= tonaqcad
natrawwah wir wollen uns
hinsetzen und uns ausruhen.
2. heilen, gesund werden =
hak adddbbe tatrawwah das
Lasttier wird wieder gesund
werden

roh 1. Seele, Leben = rohu
troh er wird fast wahnsinnig.
Cala roh abina fiir das See-
lenheil unseres Vaters. roh
addagéq das feinste Mehl,
Feinmehl. 2. Selbst, sich selbst
= mo-(féq tfallat roha sie kann
sich nicht losmachen. ysay
rohu fagir er stellt sich brav.
3 la-roh- + Pron.suff. fiir sich,
allein yastégal la-rohu er ar-
beitet fiir sich selbst, allein
yaha Ruhe » Cala rahatna
(wir ...) in aller Ruhe

arwah (Elat.) leichter, beque-
mer

 

 

rohGniye er stiftet ein Toten-
mahl. > Text 2.7",0.0,eng,83.84686420273972,False,1648427605.223099,1.75
66,"


61

 

rwzn rawzane, pl. rawzanat Dach-

luke w yfarrgiwa fe-rrawzane
sie leeren ihn (sc. den Trag-
sack assariga) durch die
Dachluke aus

rws ras, pl. ris 1. Kopf [ < aar.

ra?s} m= yagtac rdsa er
schneidet ihr den Kopf ab. ti-
kan raskan tayyab méget ihr
am Leben bleiben (wértl.: mé-
ge euer Kopf gesund sein -
Beileidsformel). 2 — Stiick
(Zahlwort) = Cas=riis galam
zehn Stiick Ziegen. 3 Gipfel =
ras gabal Céli ein hoher Berg-
gipfel. fo-ras aggabal auf dem
Gipfel des Berges. 4 Rand,
Seite, Ende; Anfang = fa-rds
kall Cayne am Ende jeder
Schlinge. Jaha  fa-kar=rds
baxs sie (sc. die Dachwalze
almandarine) hat auf jeder
Seite ein Loch

fa-rds bei = baqaytu qayam
fo-rasu ich blieb bei ihm ste-
hen. liwe g@Cad fa-rdsu der,
der gerade bei ihm sitzt
la-rds hin zu = rdahu lo-rdsa
sie gingen zu ihr (hin)

man rds von weg = rahu man
rdsu sie gingen weg von ihm
ba-rds allein = ba-rdsu (er)
allein

 

yz

rdsan geradewegs [har]

rawt (Koll.) biegsame Ruten,
Gerten [< aram. rawtd Zweig;
vgl. Turoyo rawto Rute, Gerte]
= hada arrawt  -isawawn
mannu zzambil diese diinnen
Ruten, aus denen man Kérbe
flicht

rawta (n.u.), pl. rawtat biegsa-
me Rute, Gerte = yagtaCallu
rawta er schneidet sich eine
Rute

rawa, yarwi (1) zeigen

rtha ~ réha Geruch wm tatlac
annawb rihdta nun beginnt sie
zu duften

rad, yrid (I) wollen

yrid + la- (unpers.) nétig sein,
benétigen m annaCgat-zade
yridlan hasis die Ziegen brau-
chen Gras

rayyaz, yrayyez (Il) aufreihen
[zu + réz] = yrayyzun gad-
daman xamstaCs=bayda sie
reihen fiinfzehn Eier vor sich
auf

réz, pl rézat Reihe [< kurd.
réz dass. ] m sabaC rézat sie-
ben Reihen (sc. von Steinen).
ysiriin réz sie stellen sich in
einer Reihe auf",0.0,eng,83.87794372881356,False,1648427606.378442,1.75
67,"


zbb

zbh

zbd

bs

zbl

zhif

Zay

zabb, pl. zbiib Penis
zabbe kleiner Penis eines
Jungen (oft aus Dezenz statt
zabb verwendet)

zbib (Koll) Rosinen

allazbibat (pl) die gesamten
Rosinen

mazbaha _ Perlenkranz,
betskette [< aar. sbi]
zabde (frische) Butter
mazbad, pl. mazébad kleiner
einhenkliger Vorratskrug aus
Ton w #télaCalla maClagat déh-
ne ma-lmazbad sie nimmt
sich einen Léffel Butterfett
aus dem Vorratskrug

zabas (Koll) Wassermelonen
= ytammar azzabas er be-
deckt die Wassermelonen mit
Erde (um sie vor der Sonne
zu schiitzen). ysdgin zabas
sie pfliigen und sden dabei
Wassermelonen

zabase (n.u.), pl. zabasat Was-
sermelone m= zabastayn tate
zwei, drei Wassermelonen
zabal 1. Mist, Dung, Diinger =
kaywaddi zabal la-Cagéydru
er brachte Diinger auf seine
Felder 2 Abfall, Verunreini-
gungen

- yazbi (1) gleiten

Zaft ohnehin [< tiirk. zaten
dass]. > zty

zahlafe, pl. zahélof Schildkré-
te [< aar sulahfah]. > Text

Ge-

 

zd

ard

aq

w

S13

zaxam, f. zaxme, pl. zxam
stark, krdftig, tiichtig [< kurd.
zexim michtig, stark] = han-
fat flan=wéhad zaxme kat der
Weizen von Soundso war
kraftig

azxam (Elat) starker, krafti-
ger, tiichtiger

-zade ~ -zde ~ -zad ~ -zd
(enklit. Part.) auch [< *zyé@de
< aar. ziyddatan dariiber hin-
aus]

zayad (Koll) Korner a»
(alCads) yamsak zarad (die
Linsen) setzen Kérner an
zarr, - (I) wiehern = lahmar
zarr der Esel wieherte

zarr, pl. zror Knopf

zaraC, yazral (I) sien = bsan
tizraC damit er sien kann, um
zu séen

zarCiye, pl. zaraCi kleiner Vo-
gel (Sperling? Star?) = kama
baydat azzarCiye wie Staren-
eier

azraq, f. zarga, pl. zarq ~
zargin blau; tiefdunkel = az-
raq kama lashar tiefdunkel
wie RuB

zerraga kleine Offnung zum
Hinausspahen, Sehluke

zafi ohnehin [< tiirk. zaten
dass]. — zty

 

 

zwq zacwaq, yzaCwag (1) schreien

zer

tazacwiq (Verbalnomen 1)

Schreien

zgayyar, f. zgayyre, pl. zgar ~
zgar klein; jung [< aar. sgr] =
farx zgayyar ein kleines Jun-",0.0,eng,79.55506943769967,False,1648427607.7166772,1.75
68,"


Zay

63

 

ges. basale zgayyre eine klei- |
ne Zwiebel. zgar w gbar Klei- |
ne und Grofe, jung und alt
azgar (Elat.) kleiner; jiinger =
azgar man bayda kleiner als
ein Ei

zagife, pl. zawégif Astgabel
(groBer als > dagrdne)

> sqq

zagror Kehle m= Caqdat zagro-
ru sein Kehlkopf

zalt Nacktheit m Salahat ba-
zzalt sie zog sich nackt aus.
Cala zalfa auf ihrer nackten
Haut

zalata Salat

Lk zalgat sdgi mein Pu8 glitt
aus

zalame, pl. zla@m Mann # za-
lamtayn zwei Manner. Cas=
2zlam zehn Manner

zmb zamba Stanzeisen, Pfriem [<
tiirk. zumba dass.)
zmbr zzambar, yazzambar_(V)

knusprig werden = (addawga)
tazzambay (der Brotfladen)
wird knusprig
mzambar (pp. 1) knusprig

zmbl — znbl

znbl zambil, pl. zanébil Korb aus
Weidenruten. > Text 116

zngr zanégir (pl.) Ketten

znd zand, pl. zniid 1. Oberarm »
tasSammay @ la-zniida sie
schiirzt sich bis zu den Ober-
armen. rds zandu sein Ober-
arm. 2. Riegel (des traditionel-
len Tiirschlosses); - vgl. Text
15

 

zntr zanCar, yzanCar (I) (Esel:) iah

schreien m= lahmar yzanCar
der Esel schreit iah

zngr zangar, yzangor (1) rosten
zangar Rost; RuB (?)
zngl zangal, yzangol (1) rollen, da-

hinrollen
zangalat Schmalzgebiick. >
Text 63
zangiilat ragbdtu seine Knie-
scheibe

zngw zango, du. zangowayn, pl.

zangowét Steigbiigel [< kurd.
zengo dass] = hazzango man
hadid-we dieser Steigbiigel ist
aus Eisen

zawwag, yzawwag (II) verhei-
raten = tanzawwéga man qal-
ba wir wollen sie nach ihrer
Neigung verheiraten

zzawwag, yazzawwag (V) hei-
raten; die Ehe vollzichen =
alwalad zzawwag albant der
junge Mann heiratete das
Madchen. md=yteq yazzawwag
er kann die Ehe nicht vollzie-
hen

zawg 1, Paar m xamsin zawg
&awérab 50 Paar Striimpfe. 2.
Gatte = thatt allahme-zed
geddém zawga sie setzt das
Fleisch ihrem Mann vor
zawgiye zwei Hande voll =
zawgtyat hammas zwei Hande
voll Kichererbsen

zad Kornerfriichte (Sammel-
begriff fiir Weizen, Gerste
und Linsen)

zadat (pl) Mengen, Anteile
von K6rnerfriichten = baCd
ma ygayyriin hazzaddat nach-
dem sie die verschiedenen

we

zwd",0.0,eng,83.42925846666667,False,1648427609.151992,1.75
69,"


Zay

 

Kérnerfriichte gedroschen
haben

zwr zor: ba-zzor mit Mihe; mit
Gewalt [< tiirk. zor Gewalt,
Zwang; zorla mit Gewalt] =
ansan ba-zzor yfut fiyu ein
Mensch kann nur mit Mihe
hineingelangen

zwrq zawraq, yzawrag (I) mit Strei-
fen versehen
mzawragq, £. mzawrage (pp. 1)
gestreift, mit Streifen verse-
hen

zyt zayyat, yzayyat (II) Rosinen
herstellen
tazyit (Verbalnom. II) Rosinen-
herstellen
zayt Speiseél

zyd zdd, yzid (I) 1. (intrans) zu-
nehmen; iiberstehen m Cidtayn
yzidin zwei Holzstangen, die
tiberstehen. 2, (trans) zuge-

 

we

ayn

ben, zugieBen = zzida mayy
sie gieBt ihr Wasser zu

zéyad (pa. 1) iiberstehend =
harf zéyad ein iiberstehender
Rand

azyad (Elat.) mehr, mehr als =
azyad alsattin kilo mehr als
60 kg. > zd (-zade)

zigan (pl) Kiiken

zig, pl. zigat Hemdkragen,
Hemdbrust; Inneres m= ynatt
fo-ziqu er springt ihm an den
Kragen. tfarrag fo-ziqu mayy
sie schiittet Wasser hinein
zayyan, yzayyan (II) schmiik-
ken m yzayyniin alCaris sie
schmiicken die Braut
zzayyan, yazzayyan (V) sich
schmiicken

ziyan Schaden [x tiirk. ziyan
dass]",0.0,eng,83.16432033532934,False,1648427609.974345,1.75
70,"


S31
sbt

sbht

sbh?

sbft

sb?

spel

she?

Sin

sa?al, yas?al (1) fragen = ytéq
yas?dlu er kann ihn fragen

assabt ~ mhar assabt der
Samstag
sabah, yasbah (1) schwimmen

= tanasbah fa-ggiime wir wol-
len im Dorfteich schwimmen
sabhan Preis, gepriesen sei =
sabhan alxdlaq gepriesen sie
der Schépfer! sabhan alla ge-
priesen sein Gott; Gott behii-
te! > zbh, sbct

sbat Februar

sabitac§ siebzehn «= sattacs
sabitaC§ kilo déhne sechzehn,
siebzehn Kilo Butterfett. >
sbc2

sabbaC, ysabba€ (Il) abspiilen,
ausspiilen, mit reichlich Was-
ser waschen [< aar. sbi] =
ysabbCiin arraf¥ sie waschen
die Schaufel griindlich ab
sabCa ~ sabe sieben

sabCa sieben (selbstiindiges
Zahlwort) = sabCa-nne es
sind sieben. sdbCatan alle sie-
ben. sabCa tman hagéyar sie-
ben, acht Steine

sabe sieben (in Verbindung
mit dem Gezihlten; als Vari-
ante von sabCa vor einem
Zahlwort) = sab?C tesbar sie-
ben Spannen. sab@C tman=
fiyém sieben, acht Tage. >
sbf?

sabCin siebzig = sabCin sane

 

sbg

sbl

séd

siebzig Jahre

sabCamiye siebenhundert =
sabCamit waraqa siebenhun-
dert tiirkische Lira

sabag, yasbag (I) farben [<
aar, sbg]

nsabag, yansdbag (VII) ge-
farbt werden

sabi, pl. sawébil Erntehelfer,
der das gemahte Getreide zur
Tenne schafft

saplil ein gallenbitteres Mit-
tel, mit dem man Maden und
Schwéren beim Vieh behan-
delt

Satte ~ satt sechs

satte sechs (selbstindiges
Zahlwort) = satte-nne es sind
sechs. hawd sédttatan diese
sechs

satt sechs (in Verbindung mit
dem Gezihlten) = satt talaf
sechstausend

sattin sechzig m= sattin waraqa
sechzig tiirkische Lira
sattamiye sechshundert »=
sattamit bayga sechshundert
Bier. > sfC&

stad Baumeister = ygib @stad
er holt einen Baumeister
stade Meisterin

-, yastar (I) behiiten = ax
la-Jalla taCdla mé=yastar Cala
wéhad wenn Gott jemanden
nicht behiitet

satra Sichtschutz

Wedi Sawétre Flurname
sagad, yasgad (I) sich pro-
sternieren (beim Gebet)

sagiid Prosternation (beim",0.0,eng,80.17927193288591,False,1648427611.3244731,1.75
71,"


66

Sin

 

sr

skq

stm

shb

shr

shn

sxl

sdd

Gebet) [har]

sagar, yasger (I) anschiiren
(den Backofen) [< aram. $?gar
anziinden] = yrohan yasgayin
attannor sie gehen und schii-
ren den Backofen an

sgor Brennmaterial (fiir den
Backofen)

s&dqat (pl; sg. sgdq) 1. Dirme
(eines geschlachteten Tieres).
2. gefiillte Darme, Kaldaunen
[< tiirk. sucuk Wurst]. > Text
14

saéma (Koll) Schrot (Muni-
tion) [< tiirk. sagma dass.]
saémaye (n.u.) Schrotkugel
sahbe, pl. sahbat Fliegewas-
ser, Bach

Sahbat alBandaqéq Flurname
sahar, - (I) verzaubern
mashir, f. mashire (pp. })
verzaubert

sahay Morgengrauen = yroh
ma-ssahar er geht bei Mor-
gengrauen

sahan, yashan (1) zerbréseln,
zerkriimeln; fein zerstampfen,
zermahlen

sahne (nx 1) Zerbréseln, Zer-
stampfen = yashanihu sahne
kwayyse sie zerstampfen es
ganz fein

nsahan, yanséhan (VII) zer-
kriimelt werden; zerfallen
saxal (Koll) Jungziegen

saxle (n.u.), pl. saxlat weibli-
ches Zicklein, Jungziege =
assaxlat w alxewérif die jun-
gen Ziegen und Schafe

sadd, ysadd (1) schlieBen, ver-

 

sdy

3

srd

schlieBen, verstopfen .
(alhabwe) saddat albab (der
Schnee) hatte die Tir ver-
schlossen

saddad, ysaddad (II) ver-
schlieBen, verstopfen (bei Plu-
ralitét des Objekts) m albazar
ysaddad bxii§ assdfoye die
Kerne verstopfen die Locher
des Kiichensiebs

tsaddad, yatsaddad (V) ver-
schlossen, verstopft werden =
lasqaqat tassaddad die Gas-
sen werden (vom Schnee)

verstopft

stadd, yastadd (VIII) ver-
schlossen werden, sich
schlieBen m= bab lamgara

stadd der Eingang der Hohle
schloss sich

sadd, pl sdid Furche » rds
assadd Ende der Furche,
Pflugwende

sadda, ysaddi (II) 1. verketten
(beim Weben) = ysaddiyu w
yansdgu er verkettet es und
webt es. 2. in den Boden stek-
ken (Hélzchen Caidayn)

sartin (pl) stur [< tiirk. sert
hart]

sart, pl dsrate Bergriicken
{x tiirk. swt dass]

sarax, yasrax (1) schreien [<
aar. srx]

sarad, yasrad (I) mit dem Ge-
treidesieb (sarrad) sieben m=
hassarradd ... yasradin fiyu
zad mit diesem sarrdad sieben
sie Getreide

sarrad, pl. sarérid Getreide-
sieb. > Text 101

  ",0.0,eng,83.08224200315458,False,1648427612.742578,1.75
72,"


Sin

67

 

srsb tsarsab, yatsarsab (V) ver-

srg

srq

ste

riickt werden, in Panik gera-
ten = kama la-ssarsabat sie
geriet quasi in Panik

sariga, pl. sardyag Tragsack
(fiir Lasttiere) [< aram. s?rig-
ta Matte, Korb] m= fi Candon
sarigtayn sie haben zwei
Tragsacke. sarigat azzabal
der Tragsack fiir den Mist.
yCabbawa fa-ssarayag sie fiil-
len ihn (den Schlamm alhara-
ra) in die Tragsicke. > Text
121

sarga Stehlen, Diebstahl

sara, yasri (I) flitzen, rasch
dahingleiten = yasrawn éhdg
sari, kama wéhad tiragq ra-
gaye Ca-llard sie (die Stein-
huhnkiiken frax alhagal) flit-
zen so davon, wie wenn je-
mand eine Murmel iiber den
Boden rollen 1a8t

sari (Verbalnom. 1) Dahinflit-
zen, Dahingleiten

Sattacs sechzehn. > stt
sdtaC§ neunzehn. — ts

> swe

saffid, pl. saféfid 1. eiserner
SpieB. 2. eiserne Fensterstan-
ge, Gitterstange

safriye, pl. saféri Strohtablett.
> safriye (sfr)

sfargal (Koll) Quitten
sfargale Quittenbaum

safan, pl. sfine Speicher fiir
Hacksel, Hiackselboden. —
Text 1.4

safnéye, du. safnétayn, pl.
saféni eiserner Keil

 

sty

sat

sqe
sof

sqq

sy

safa, yasfi () aufkehren »
yasfawn hak Si la-fi wasax sie
kehren den ganzen Schmutz
auf

saqqat, ysaqgat (II) verkriip-
peln, eine kérperliche Be-
schédigung zufiigen [zu >
saqag|

saqat, f. sagta, pl. sagtin ver-
kriippelt, beschadigt [< tiirk.
sakat verkriippelt]

— sayf-w-sagqCa (syf)

sqife mit einem Bretterdach
(maxSab) iiberdachte Vorhalle
im Hof

sqdgqa, pl. sqdgat Gasse (im
Dorf) [< aar. zqq]

saga, yasqi (I) schmieden =
fisqawa Ca-ssandiyan sie
schmieden es auf dem Am-
boB. sgili-wé schmiede es mir!
sagi (Verbalnom. I) Schmieden
sagqqa, ysaqqi (I) tranken = fi-
saqgawn attars Caldya sie
traénken das Vieh an ihm (sc.
dem Dorfteich aggiime). >
sy

sagi bewassertes Ackerland
saqaye, pl. -at Schmiedestiick,
Stiick Schmiedearbeit

sakar, yaskar (I) betrunken
werden, sich betrinken
sakkar, ysakkar (11) schlieBen
[levant. fiir sadd, ysadd|
sakran, pl. sakare betrunken
saker, pl. skire Mauer aus
geschichteten (nicht gemau-
erten) Steinen = ysawilu Cass
fo-ssakar er (sc. der Igel
alganfad) macht sich ein Nest",0.0,eng,81.33861989846154,False,1648427614.1434171,1.75
73,"


68

Sin

 

skk
skn

sth
six
siq

sik

sil

sim

in der Mauer

sakayat almawt Todesrécheln,
Todeszuckungen (?) = man
wagee fa-sakarat almawt
wenn (der Kranke) in den To-
deskampf eintritt

sakkar, pl. sakékey Zucker
sakkayaye (n.u), pl. -dt Zuk-
kerstiickchen; Bonbon

sakak (pl.) Pflugscharen
sakkin (f), pl. sakékin Messer
= assakin gamba-ye das Mes-
ser liegt neben ihr. ba-ssakkin
mit dem Messer

alMaskan Ortsname (Dorf bei
Kandeérib)

slah Waffen

salax, yaslax (I) héuten

salag, yaslag (1) 1. in Wasser
kochen # salagatallu tacs
bayda sie kochte ihm zwilf
Eier. 2. (speziell:) Weizengriit-
ze kochen w» tanballas nasleq
wir wollen mit dem Kochen
der Weizengriitze beginnen
salq (Verbalnom. 1) Kochen
der Weizengriitze

salgén (n.a. 1) Kochen = yas-
lagiwa salgén sie kochen sie
masloq (pp. I) gekocht

saliq gekochter Weizen

salk, pl. slik Faden (diinner
als xayt) = kama laslik (fein)
wie Faden

salk makkina diinner Faden
salle, pl. slél Korb (identisch
mit > Sabriye)

msalle, pl. msallat Sacknadel
sallam, ysallam (II) 1. den (is-

 

sly

smbl

lamischen) Gru8 sprechen =
almalla ysallam der Molla
spricht den GruB. 2. iiberge-
ben, abliefern, bezahlen «=
ysallam si la-baq er bezahlt
den Rest (des Brautpreises).
ysallamallu-yé er iibergibt sie
ihm

salame Wohlergehen m (bei
der Antwort auf eine Frage:)
gail mafi si salamatkan er sag-
te: es gibt nichts; mége es
euch wohlergehen

sala, yasli (I) schmelzen, aus-
lassen (Fett)

salla, ysalli (Il) trésten m= ysal-
ltyan er tréstet sie

slaymiintye, pl. dt Eidechse. >
Text S15

sambal (Koll) Ahren [< aar
snbl| w yaqraf assambal er
reiBt die Ahren ab

samboaléye (n.u.), pl. sambalat
Ahre

samax, yasmax (1) durch Ein-
tauchen in kaltes Wasser har-
ten (geschmiedetes Eisen)
samxén (na. 1) Harten (von
Schmiedegut)

nsamax, yansémax (VII)
(Schmiedegut:) gehirtet wer-
den

samax Hartung = hak samdxa
yagi raxu seine Hartung fallt
zu weich aus

samd Weizengries; pl. smide
Sorten von Weizengries

samd alkatéli Weizengries fiir
gefiillte Kl6Be

samd alballoC Weizengries fiir",0.0,eng,82.6798870625,False,1648427615.516963,1.75
74,"


Sin

69

 

rohe KléBe
samd_ alCagin Weizengries
zum Backen (feinste Sorte)

smr_asmar, f. samra, pl. samar von
dunklem Teint
asmar hantawi weizenfarbig

smsm samsam Sesam(kérner)
samaysme eine Wildpflanze =
SGq samaysme ein Stengel
samaysme

smt samat, yasmat (I) kochen; vor-
kochen (leicht kochen)
masmot (pp. 1) gekocht; vor-
gekocht = Cads almasmot die
vorgekochten Linsen

smC samaC, yasmot (I) héren

smk sammak, ysammak dicker ma-
chen, verstaérken = ysammak
hak annafal er macht das
Hufeisen dicker
samk Dicke
smik dick; dicht; dicht ge-
webt; dickfliissig m mddaC la-
smik die gewilbte Seite (beim
Backblech sag). ida kanat
almadfune smike wenn der
Gemiiseeintopf dickfliissig ist.
(albafiha) smike-ye (der Mehl-
sack) ist dicht
asmak (Elat.) dicker, dichter
samak (Koll.) Fische
samake (nu), pl samakat
Fisch = samakat lazgar die
kleinen Fische

smm samm Gift

smy samma, ysammi (II) nennen =
ysammaéwa dabb6qga_= man
nennt es Zopf

sn sane, pl. snin Jahr = xams satt
@snin fiinf, sechs Jahre. san-

 

sndg
sndy

q

shr&§

shl
shm

swe

swe?

swh

tayn zwei Jahre. assane die-
ses Jahr. kas=sane jedes Jahr.
ma-ssane la-ssane ein volles
Jahr lang. sant alwahde in ei-
nem (bestimmten) Jahr
sand6q, pl. sanédiq Kiste, Ka-
sten; Kiste fiir die Aussteuer
[x aar. sandiiq]

sanddiq kabrit Kartons mit
Streichhélzern

sandagawil Blinddarm
sandtyan Ambo8 (des
Schmieds oder Hufschmieds).
— Abb. S. 422

sannor Kater

sannora Katze

sannéye, pl. sannéyat Zehe
(vom Knoblauch) = sannéyat
time eine Knoblauchzehe.
sannétayn tiime zwei Knob-
lauchzehen. sab@¢ tman san-
neéyat tume  sieben, acht
Knoblauchzehen

asSahrig Flurname  (,das
Wasserreservoir“)

= Onl

saham Anteil = hay sahmak
das ist dein Anteil

saw§at (pl) trockene Zweige
(als Brennstoff, vor allem zum
Brotbacken benutzt)

sd 1, Eisenblech = ysawdwan
man sag sie fertigen sie (sc.
die Ofen assawab aus Eisen-
blech an. 2. Backblech = hada
xbayz l-isawawn Ca-ssag das
Brot, das sie auf dem Back-
blech backen [< tiirk. sag
dass]

sdha, pl. sahat Freiflache in-",0.0,eng,81.08344211392405,False,1648427616.900341,1.75
75,"


70

 

sw?

swrl

swat

swe?

swf

swq

nerhalb des Dorfs, Platz m=
sdhat addeCa der Dorfplatz
swadd, yaswadd (IX) schwarz
werden = almabbaxiye md=
taswadd der Kochtopf wird
nicht schwarz

sawad Schwarze; schwarze
Stelle = sawadan kama lhaber
ihre Schwarze (ist) wie Tinte
aswad, f. sawda, pl. sud
schwarz = baydangan aswad
Auberginen

sGda einfach, unvermischt,
nur [< tiirk. sade dass] = sada
bargal nur (mit) Weizengriitze
Saariye Syrien

swara, pl. swarat Armband
saCa Stunde; Augenblick »=
rebee saa eine Viertelstun-
de, nass saa eine halbe
Stunde. gabl addahar b-sac-
tayn zwei Stunden vor Mittag.
hak assaCa in diesem Augen-
blick

assa€ ~ assaCni jetzt

sag (unverinderl.) ganz, un-
versehrt, in Ordnung [< tiirk.
sag dass] m yxalliyan sdg er
laBt sie ganz, unversehrt
asSoga Flurname

sdf, ysiif stumpf werden, sich
abnutzen m (lanCél) ysifin
(die Hufeisen) nutzen sich ab
masdfe Entfernung, Distanz,
Abstand, Zeitraum = kéf-ye
masaféten wie (weit) ist ihr
Abstand? —_masdfe Sahar
Sahyayn ein Zeitraum von ein,
zwei Monaten

sGq, ysdq (1) antreiben (Zug-

 

tiere); pfliigen; séen und un-
terpfliigen (Saat), anbauen =»
ysdq xtot wsaC er pfliigt brei-
te Furchen. tangib nsoq Cads
laB uns Linsen s&en (durch
Unterpfliigen). ysdgallu maq-
day nass feddan hammas er
baut einen halben Feddan Ki-
chererbsen an

sawq (Verbalnom. 1) Pfliigen,
Séen und Unterpfliigen (der
Saat), Anbauen » baCd sawq
lasCir nach dem Séen und
Unterpfliigen der Gerste
sawga (nx. I) Pfliigen = ysdqa
sawgat-lex er pfliigt ihn (sc.
den Acker allaCqar f) ein
zweites Mal

siigén (na. 1) Pfliigen, Saen
und Unterpfliigen m= alCads
siigénu das Saen und Unter-
pfliigen der Linsen

sitwaq (sawwaq) Pfliiger
sawwagq, ysawwag (II) auf dem
Backblech résten (Nudeln) =
sawwaqu rrasta sie haben die
langen Nudeln geréstet
msawwaq (pp. Il) geréstet =
lasCiraye, lamsawwage die
kleinen Nudeln, die geréste-
ten

taswig (Verbalnom. II) Résten
(von Nudeln)

nsdq, yansdq (VII) bestellt,
angebaut werden m tar alfal-
han yansaq hanta dort, wo ein
Melonenfeld war, wird Weizen
angebaut

soq Markt = nazaltu Ca-ssoq
ich ging auf den Markt

sdq, pl sdqayn ~ sdqat, du.",0.0,eng,79.41467472781065,False,1648427618.362425,1.75
76,"


Sin

1

 

sdqtayn FuB, Unterschenkel,
(bei Tieren:) —_ Hinterbein;
Stiitzmauer (?) = sGq fayru
der FuB seines Vogels. fa-sd-
qu kan yalbas Zawérab an
seinem Fu8 trug er Socken.
hada assoba fi laha tat saqat
dieser Ofen hat drei FiiBe. sa-
qatu léxriye seine Hinterbei-
ne. dawwastiiwa ba-sdqayyi
ich stampfte ihn (sc. den
Schnee alhabwe) mit den Fii-
Ben. sagtaynu tantaynan seine
beiden Hinterbeine

-, yaswa (I) wert sein, kosten;
(mit Cala) sich lohnen m alkilo
yaswa xams satt waraqat das
Kilo kostet fiinf, sechs tiirki-
sche Lira. .md=yaswa Caldyu
es lohnt sich dafiir nicht
sawa, ysawi (II) (< *sawwa,
ysawwi) tun, machen. — Per-
fekt: 3 sg. m. sawa, f. sawat,
pl sawaw; 2. sg. m. sayt, f
sayti, pl. saytan; 1. sg. saytu,
pl. sayna. - Imperfekt: 3. sg.
m. ysay, f. tsay, pl. ysawawn ~
ysawn; 2. sg. m. tsay, f. tsa-
wayn, pl. tsawawn; 1. sg. asdy,
pl nsay. Vor Objektssuffixen
haben die Imperfektformen
meist eine langere Form auf
-awi, z.B. ysay > ysawila er
macht (ihr), tas4y > tasawilak
ich werde (dir) machen. - Im-
perativ: m. say (sawili), f. sa-
way, pl. sawaw = sawaw ma
sawaw was sie auch taten,
wie sehr sie sich auch be-
miihten. ays sayt fiya? was
hast du mit ihr gemacht?

msawwa (sic), £ msawwaye,

 

syh

pl msawwayin (pp. ID) ge-
macht, fertig = kandane fi ma-
kdsah msawwayin hier sind
fertige Rebsicheln

taswiye (Verbalnom. II) Her-
stellung; Durchfiihrung = tas-
wiyéta ihre Herstellung

séwa, yséwi (II) 1. (intrans)
gleiche Hohe haben, errei-
chen = yséwawn baCdan sie
haben die gleiche Héhe, bil-
den eine Ebene. 2. (trans) auf
gleiche Hohe bringen m yse-
wiyan siwet baCdan er bringt
sie auf gleiches Niveau

sadwet (Verbalnom. II; nur im
stat. constr. belegt) gleiche
Hohe, gleiches Niveau = ysa-
wiyan sitwét baCdan er bringt
sie auf gleiches Niveau,
bringt sie zur Ubereinstim-
mung

stawa, yostéwi (VIII) reif wer-
den; gar werden m= yastéwi
alCanab die Trauben werden
reif. tastéwi Ilahme das
Fleisch wird gar

mastawat alCanab die Trau-
benreife

s@wi, f. sdwye, pl. siway (sa-
wway) gerade, eben, flach =
(asséniye) mayye 1a Camiga,
wala sawye (das Tablett) ist
weder tief noch (villig) eben
sah, ysih (1) rufen; krahen [<
aar. syh] = hada fayru yseh
sein Vogel ruft. rohu séhu
almalla geht und ruft den
Molla

sthén (na. 1) Rufen = sihénu
sein Rufen",0.0,eng,82.31510527594936,False,1648427619.947791,1.75
77,"


72

Sin

 

syx

ae

six, pl. sy@x 1 SpieB = kama
taskil assyax wie SpieBe. 2.
Ahle (lange, vorne gekriimmte
Nadel, z.B zum Einziehen
von Lederriemen) = yfawwat
assix fa-hdk albaxs er schiebt
die Ahle durch dieses Loch
sdayar Tiirzapfen

Sita Ortsname (Dorf bei Kan-
dérib)

of

Sitéle Ortsname (Dorf bei
Kandérib)

sayf, pl. syiife Fach, Flache
(an einer Tiir)

sayf-w-sGg°a Donnerschlag
mit gleichzeitigem Blitz =
walla taqget sayf-w-sdqca
jetzt hat der Blitz eingeschla-
gen",0.0,eng,80.09021497333332,False,1648427620.479414,1.75
78,"


Sbb

Be

gs

Sin

Sabbabbe: Sabbdbat latfange
Lauf der Flinte

Sober, Zahlpl. tasbar Spanne
(Langenma8) = gabar w nass
Sabrayn eineinhalb oder zwei
Spannen. xams tasbar fiinf
Spannen

Sabriye, pl Sabéri flacher
Strohkorb. = thattu gamba fe-
S8abriye sie stellt es (sc. das
Mehl addagéq) in einem fla-
chen Stohkorb neben sich. >
Text 11.3, Abb. S. 376-7

VIL (alhayye) tansdbat (die
Schlange) wirft sich hin und
her

= yasba (I) satt werden

bq diinner Strick, Leine,
Riemen (nicht aus Leder) =
ySaddiin tamma_ ba-sbdq sie
binden seine Offnung (sc. des
Sacks) mit einem  diinnen
Strick zu. Sbdq atéanta der
Riemen der Umbhiingetasche.
fi lahu Shaq, man ragbétu (der
Windhund aazi) hat eine
Leine um den Hals

Sabbdk, pl. Sabébik Fenster
Sattam, ySattam (II) beschim-
pfen (jdn. fa-) = kitySattom fi-
na er beschimpft uns

Stim (pl) Beschimpfungen =
Stim ySattam fiyen er be-
schimpft sie (pl), tiberhauft
sie mit Beschimpfungen

Satat, tasti (I) regnen (nur be-
zogen auf addanye die Welt;

 

Shm

| Ser?

sixes

Sdd

das Wetter) m= ida ddanye
Satat wenn es regnet. tatasti
es wird regnen

Sate (m.) Winter = fa-sSate im
Winter. awwal mda yanzal
aSSate sobald der Winter be-
ginnt

shay, pl. Sahéyar RuB (pl.
Rufpartikel) = aswad kama
lashar schwarz wie Ru8
mSahhar, f. mSahhare verruBt,
ruBig m (addast) man barra
mSahhar-we (der Kessel) ist
auBen verruBt

Sahhat, ySahhat (Il) verfiihren
= (a8Saytan) Sahhdu Cala
gayr iman (der Teufel) hat ihn
vom Glauben abtriinnig ge-
macht

Sahme Fett (vom Fleisch)
Saxar, yaSxar (1) schnarchen
Saxrén (n.a. I) Schnarchen
Saxar hdlzernes Tragegestell
fiir gemahtes Getreide (wird
dem Lasttier aufgesetzt) [<
aram.?; vgl Turoyo Suxro
dass]

Saxs, pl. Sxds Person = hada
aSSaxs diese Person, der Be-
treffende

Saxat, yasxat (I) einen Strich
ziehen

Saxxat, ySaxxat (II) mit Strei-
fen bemalen, verzieren

Saxta, pl. Saxtat, du. Saxtetayn
Strich, Streifen

Sadd, ySadd (1) 1, (trans) an-
binden, festbinden, zubinden,
anspannen « ysadd alxayt
fa-hdk alfarse er bindet die",0.0,eng,80.53703445031056,False,1648427621.873783,1.75
79,"


74

 

srb

Schnur an dem Felsen fest. w
SSadd annawb kaffiye fo-rasa
dann bindet sie sich ein Kopf-
tuch um den Kopf ysaddian
gére sie spannen an zum
Dreschen, 2 (intrans) (Bin-
nahmen:) eingehen. kitsadd
maCu xams talaf w mitayn
waraga er hat 5200 Lira ein-
genommen

Sadde (nx. 1) Festbinden, An-
schirren m= ySaddihu Sadde
kwayyse sie binden ihn sorg-
faltig fest. sdrat asSadde es
ist Zeit zum Anschirren
Saddén (n.a. 1) Festbinden, Zu-
binden = ySaddiin tamma Sad-
dén sie binden seine Offnung
zu

Saddad, ySaddad (Il) 1, anbin-
den, festbinden, zusammen-
binden (bei pluralem Objekt)
= ySaddédan ba-Sartén er bin-
det sie (sc. die KGrbe) mit
Seilen zusammen 2. auflegen
(den Sattel) = ySadded Cala
hmarétu er legt seinem Esel
den Sattel auf

tSaddad, yatsaddad (V) sich
warm anziehen; sich die
Schuhe anziehen
Sadd alwast Hiifte,
Hiifttuch, Giirteltuch
Sadde, pl. Saddat StrauB, klei-
ne Garbe (soviel wie eine
Hand fassen kann; = baqa) =
Saddot sCir eine kleine Garbe
Gerste

Sarab, yasrab (I) trinken; auf-
saugen; rauchen m (albargal)
taSrab hak almayy (die Wei-
zengriitze) saugt das Wasser

Taille;

 

srbq

srr
Srzb
ot

auf

Sarbe, pl. Sarbat Trinkkrug,
kleiner einhenkliger Wasser-
krug aus Ton = mayy fo-Sarbe
Wasser in einem Trinkkrug
Sarrab Trinker = Sarrab tatan
Tabakraucher

Sorba Suppe [< tiirk. gorba
dass]

Sarbat Zuckerwasser [< tiirk.
serbet Sorbett, Scherbett]
t8arbaq, yatSarbaq (V) sich
verschlucken

taSarbig (Verbalnom. V) Ver-
schlucken

Serar (Koll) Funken = Sarar
annar die Funken des Feuers
Sorazbah Ortsname (Dorf in
der Nahe von Kinderib)

Sarta, pl. Sartat Stoffstreifen,
Band (z.B. um ein Biindel ba-
qa zu schniiren)

Sarét, pl. Sartén Schnur, Seil,
diinner Strick

Saraf, yasref (I) jmdm. (Cala)
einen formellen Besuch ab-
statten (bei Todesfall, Geburt,
Hochzeit etc.) = yrodhin la-
S8arfe, yaCni yasrafiin Calé-
yan sie gehen zur Sarfe, d.h.
sie statten ihnen einen for-
mellen Besuch ab

tSarraf, yatSarraf (V) in
Sichtweite kommen (von Ca-
Ta), den Blick haben (auf Cala)
mSarref (p.a. Il) iiberblickend
= hiwe mSarraf-we Ca-llastoh
er beobachtet vom Dach aus
Sarfe formeller Besuch, be-
sonders unter Frauen (bei To-",0.0,eng,84.7314083877551,False,1648427623.345407,1.75
80,"


Sin

1S

 

rq

srk

Srwl

desfall, Geburt, Hochzeit etc.)
= annaswan yagawn la-Sssarfe
die Frauen kommen zu einem

formellen Besuch (hier: bei |

Todesfall), tanwaddi asSarfe
wir wollen einen formellen
Besuch machen und (die Ge-
schenke) hinbringen (hier:
nach der Brautwerbung)
mSarrafe, pl. -at Servierplatte
aus Kupfer = ygibilu Makal
fo-lamSarrafe sie bringen ihm
das Essen auf einer Servier-
platte. > Text 86

Sarq Osten m ftdh asSarq
Morgendaémmerung,

Sargqi 6stlich = hayt asSarqi
die Gstliche Mauer

masraq Osthang (eines Tals)
Mo&ragq lAgra’ Flurname
Sarak, — (I) sich zusammen-
tun

Sarak Netz (bestehend aus
einzelnen kleinen Schlingen,
zum Vogelfang)

Saréwil (pL) traditionelle Plu-
derhosen

Stara, yastéri (VII) kaufen
makkinat la-kitestéra_ die
Maschine, die er gekauft hat.
yaStarawlan sie kaufen sich
mastéri, pl. masteriyin Kaufer,
Kunde wm fi masteriyayn tatat-
lax es gibt noch zwei, drei
andere Kunden

mastéra (Verbalnom. _ VIII)
Kaufen, Kauf m= alhatab ba-
Imastéra-we das Brennholz
ist zum Kaufen, kann (muf)
gekauft werden. fi mannan
yastarGwen mastéra manche

 

Sey

ae

kaufen sie (pL)

Sadda, ySaddi (Il) spalten =
ySaddi alhatab er spaltet das
Holz

Sagye, pl. Sagyat Span (von
Holz) = ysayan Sadyat=Sadyat
er macht lauter Spine daraus
(sc. aus dem Brennholz hatab)
=, yansétah (VII): man taht
la-foq yanséteh (der Korb
azzambil) verbreitert sich von
unten nach oben

astah, f. Satha, pl. Sothin 1.
flach vertieft, mit flacher Ver-
tiefung, Kriimmung = assag
astah-we das Backblech ist
flach_ vertieft, flach  ge-
kriimmt. 2, (beim Menschen:)
mit gekriimmtem  Riickgrat
(Bauch vorgestreckt)

mastah, pl. masatih 1. Platz
zum Trocknen von Feldfriich-
ten etc. [< aram. mastaha
Ausbreitung; Platz zum Aus-
breiten]. 2 zum Trocknen
ausgebreitete Feldfriichte =
ysayan mastah er breitet sie
zum Trocknen aus

Sdtar, pl. Sattar klug, schlau
Satfe, pl. Satefi Stiick [zu
aram. S?tap spalten] = Satfat
lahme ein Stiick Fleisch. sat-
fatayn lahme zwei Stiicke
Fleisch

Satfe Schnupfen

SaCay 1 Haar, Haare. 2. Zie-
genhaar = xayt SaCar Faden
aus Ziegenhaar
SaCraye (nu), pl.
(einzelnes) Haar
SCir Gerste

SaCrayat",0.0,eng,81.1571292553846,False,1648427624.809775,1.75
81,"


76

Sin

 

sf

Sl

sgl

SCirdye kleine Nudeln. > Text
66

SaCfe 1, Haupthaar, langeres
Haupthaar (vor allem bei
Frauen) [< aar. §aCfa Gipfel].
2. Grannen (der Ahren)

SaCal, yasCal (I) anziinden,
anschiiren, schiiren = SaCaltu
gs0ba ich ziindete den Ofen
an. tasCal annar tahtan é la-
garib alCasar sie schiirt das
Feuer unter ihnen bis gegen
nachmittags

SaCle (nw I) Anziinden, Schii-
ren m tasCal assdba SaCle
kwayyse sie schiirt den Ofen
kraftig an

StaCal, yastéCal (VII) Feuer
fangen, brennen, — lodernd
brennen m @ la-kama yastac-
lan bis sie lodernd brennen
Saggal, ySaggal (Il) betreiben
= ida &G w Saggal hada lkor
ba-hatab wenn er diese Esse
mit Holz betreiben wiirde
Stagal, yastégal (VII) arbeiten
= fi Candan Gldt yasteglin
fiyan sie haben Werkzeuge,
mit denen sie arbeiten. yas-
tégal taht idu er geht ihm bei
der Arbeit zur Hand

Sagal 1. Arbeit = ays Sagal
yastégal? welche Art von Ar-
beit verrichtet er? 2, Fabrikat,
Ware m= Sagal fabriga-nne sie
sind Fabrikware. Sagal Dyar-
baker Ware aus Diyarbakir, in
Diyarbakir hergestellt

Sagle Arbeit, Angelegenheit,
Sache m Saglétu xarabe-ye
um seine Sache steht es

 

$

Sfa

se

Saf

5qq

schlecht

Sagil, pl. Sagile Arbeiter, Ge-
selle

masagal (nur pl.) Dinge, Sa-
chen

Saféter (pl) Lippen; Rander
(z.B. eines GeféBes)

Safér Fahrer [< tiirk. goftr
dass]

Safga Miitze, Schirmmiitze [<
tiirk. sapka dass]

S@fal seicht, flach [< aram.
Spel (stat. abs.) niedrig] =
qraga Séfal-we sein Rand (sc.
des Dorfteichs aggiime) ist
seicht

Stafa, yast5fi (VIII) Schaden-
freude empfinden (iiber fo-)
Saqqal, ySaqqa€ (Il) werfen
(Steine)

nSagaC, yansdqac (VII) zu-
sammenprallen (mit fa-)

Sqif, pl. dSqafe Felsiiberhang
[x aram. S?qipa Fels; Héhle,
vgl. Turoyo Sgifo Felsenhéhle]
Saqfe, pl. Ssaqaf ~ Ssagéfi
Stiick, Teil = sawawhu Sagaf
Sagqaf sie rissen ihn in Stiicke.
SaqGfu ays-anne? was sind
seine Teile?

$aqq, ysaqq (0) spalten, teilen
= ySaqqiwa ysawdwa Saqqtayn
sie teilen sie (sc. die Auber-
gine albaygengGne) in zwei
Hailften

Saqqaq, ySaqgeq (Il) klein-
schneiden, in Streifen schnei-
den; spalten, teilen (bei plura-
lem Objekt)

tSaqqaq, yatSaqqaq (V) Risse,",0.0,eng,79.73430246745563,False,1648427626.26948,1.75
82,"


1

 

ES

Spalten bekommen

Saqq, pl Sqoq Riss m Sqoq
nCam feine Risse

Saqqa, pl. Saqaq 1. Hailfte, Teil
= almanfax Saqqtayn-we der
Blasebalg besteht aus zwei
Halften. ySaqquwa ysawdwa
Sagqtayn sie teilen sie (sc. die
Aubergine albaydangane) in
zwei Hiilften. 2, Stoffbahn
Saqqat id Handvoll (mit einer
Hand)
$aqqoq:
Flurname
Stakk, yastakk (VII) eindrin-
gen. > chk

Sakkal, ySakkal (Il) variieren
mSakkal (pp. I) _ variiert,
unterschiedlich m= msalldtu
mSakkalin-anne seine Sack-
nadeln sind unterschiedlich
sortiert

Garbéni SSaqqoq

taskil: kama taskil wie, ausse- |

hend wie, beschaffen wie =
hattazi kama taskil alkalb-we
der Windhund sieht aus wie
ein Hund. kama taskil mgara
wie eine Héhle

Sakal, pl. skal Art, Sorte, Typ
= fi Soklayn tate es gibt zwei
oder drei Arten. kall=wéhad
man Sakal jeder von anderer
Art. man hdsSekal von dieser
Art, so

hak assakal so

ayS Sakal wie, wie beschaffen
= ays Sakal-ant? was bist du
fiir einer?

Skal, pl. Sakéyal Schuh, Pan-
toffel

 

sky

sth

A

Smbr Sambiirak

Sms

Smil

smi2

Staka, yastdki (VII) anzeigen,
Anzeige erstatten (gegen
Cala)

Salah, yaslah (1) ausziehen
(Kleider); sich ausziehen =
Salahtu §léli ich zog meine
Kleider aus

Sallah, ySallah (I) ausziehen
(eine Person) = ySallhihu ba-
zzalt sie ziehen ihn nackt aus.
ySallhiwa gléla sie ziehen ihr
die Kleider aus

Salha, pl. Salhat Unterrock
Sall, pl. Stal groBer Transport-
sack (ftir Lasttiere). > Text
12.6, Abb. S. 409

(Koll) — gefiillte
Teigtaschen [< tiirk. sam bé-
regi dass]. > Text 716
Sambuirakaye (nu), pl. -at
(einzelne) gefiillte Teigtasche
Sammar, ySammar (II) schiir-
zen, hochschiirzen, durch
Hochschiirzen entbléBen =
ySammriin idéyan &@ la-Cadd
zanden sie schiirzen sich die
Arme bis zum Oberarm
tSammar, yat’ammar (V) sich
sie Arme schiirzen » tasSam-
may @ la-zniida sie schiirzt
sich die Arme bis zum Ober-
arm

tasmire (Verbalnom. II) Schiir-
zen

Sams (f) Sonne = baCd ma
&bib (< téib) aSSoms nachdem
die Sonne untergegangen ist
Samal Norden [< tiirk. simal
dass]

Smil ~ Smile, pl. Smilat Garbe",0.0,eng,80.20122408282208,False,1648427627.6892748,1.75
83,"


78

Sin

 

$ngr Sendder eine Substanz, die

Snql

beim Verzinnen verwendet
wird

m§Sanqal (pp. 1) eingehakt, ein-
gehingt [vgl. ¢ngi] = halag-
tayn mSangalin  foe-baCgan
zwei (Eisen)Ringe, die inein-
ander eingehingt sind

$nhq Sanhaq, ySanhaq (1) (Eselin:)

Shr

wiehern, iahen [zu aar. shq] =
(lahmara) Sanhagat (die Ese-
lin) wieherte, iahte

Sthad, pl. shiid Zeuge (vor
Gericht)

Sahde, pl. Sahédi, du. Sahda-
tayn Grabstein

saba€ asSahde ~ asSéhde Zei-
gefinger

Sahdde Bescheinigung = sa-
hadétak deine Bescheinigung
Sahar, Zahlpl. tashar Monat =
Sahrayn tate zwei, drei Mona-
te. tasa® tashar neun Monate

Swhk Sawbak Teigholz

swt

Sor

Sw3t

Sat verschlagen [< kurd. sftt li-
stig]

Séwar, ySéwar (Ill) um Rat
fragen, zu Rate ziehen = tan-
Séwar albant wir wollen das
Madchen nach seiner Mei-
nung fragen

tSawar, yatSawar (V1) sich be-
raten = tanassawar fo-baCgna
wir wollen uns untereinander
beraten

Star, yastar (VII) sich beraten
= yastarin fo-baCgan sie be-
raten miteinander

mSawwase Mischung aus Lin-
sen und Reis; Gericht, Suppe

 

Sw52

Sot

Sol

aus Linsen und Reis. > Text
74

SuSaye Flasche [< kurd. sase
dass] = sidyat Caraq eine
Flasche Arack

Sat, ysot (I) anbrennen (in-
trans.)

Sawwat, ySawwot (II) sengen,
absengen m= ySawwtin arriis
sie sengen die (Ziegen)Képfe
ab

5aCa, pl. S4CGt Strahl, Leuch-
ten = SaCat xedear w hamar
griine und rote Strahlen

Saq, pl. sigan Stengel, Staude;
Stange, Holm m saq zaba§ ei-
ne Staude von Wassermelo-
nen, eine Wassermelonen-
Ppflanze. Saq man hadid ein ei-
serner Holm

Sawk (Koll) Disteln

Sawke, pl. Sawkat 1. Distel. 2.
Stachel, Dorn » asSawk fiyu
Sawkdt die Disteln haben Sta-
cheln. 3. Spitzhacke (zur Be-
arbeitung von Steinen)
mSawwak stachelig, dornig =
(alganfad) mSawwak-we (der
Igel) ist stachelig

Sawl, pl. Swal ebene Stelle im
Gelande

Swmy Samay ein Unkraut (im Wein-

Siwy!

berg)

Swayye ein wenig; eine Weile
= ymadd maxxu Swayye ma-
Igafas er steckt seinen Kopf
ein wenig aus dem Kafig her-
aus. Swayyat hanta ein wenig
Weizen. Swayyat-lex noch ein
wenig. yatwannasiilan Swayye
sie unterhalten sich eine Wei-",0.0,eng,80.70333025748504,False,1648427629.148041,1.75
84,"


Sin

79

 

le. kall Swayye in kurzen Ab-
standen

Swy? Say Tee (wohl levant. fir >
ay)

yx

syn
ye

Hl

séx lokales Heiligtum, Wall-
fahrtsort m fi sex barrat
addéCa auBerhalb des Dorfes
liegt ein lokales Heiligtum
Saytdn, pl. Sayafin Teufel
SayyaC, ySayyaC (Il) schicken
= SayyaCatalli sie hat mir ge-
schickt

Sal, ySil (I) 1 nehmen, weg-
nehmen wm ysil naCal alCatiq er
entfernt das alte Hufeisen. 2
aufheben m# ysiliuhu-zade la-
SSate sie heben es auch fir
den Winter auf

nsal, yansal (VI) genommen,
weggenommen werden = md
tonsa sie laBt sich nicht ent-
fernen

 

Sym asSémiye Flurname
Syy Si 1. etwas; (negiert) nichts =

ma baqa Si es ist nichts mehr
iibrig. 2. (vorangestellt) etwa
= Si sabCin sane etwa siebzig
Jahre. 3, (nachgestellt) irgend-
ein = man modal si nadif von
irgendeiner sauberen Stelle.
yawm Si (an) irgendeinem Tag,
Si la- das was w= Si la-galti das
was du (f) gesagt hast

Si... S&T teils ... teils m St ba-
rasds w Si ba-lhagéyar teils
mit Gewehrkugeln und teils
mit Steinen

Siya 1, etwas; irgendetwas =
mo=yabqa Stya_ es _ bleibt
nichts tibrig. 2, (nachgestellt)
irgendein m= fo-galga Siya in
irgendeiner Felsspalte. wéhad
Stya irgendjemand",0.0,eng,77.968495945,False,1648427630.025028,1.75
85,"


sbb

sbh

sbe

Sad

sabb, ysabb (I) gieBen, schiit-
ten m ssabb foga mayy sie
schiittet Wasser dariiber

-, tasbah (I) Morgen werden =
€ax la-tasbah wenn es Mor-
gen wird

sabh Morgen  yrdh assabh
er geht am Morgen.

Ca-ssabh friihmorgens = taq-
Cad Ca-ssabh sie steht frith-
morgens auf

sabah Anblick = méfi akwas
man sabdhu es gibt nichts
Schéneres als seinen Anblick
sabac (f), pl sabi, Zahipl
tasdba 1. Finger; Fingerbreit
= sabi iddyu seine Finger

b-gald sabe wehad so dick |

wie jemandes Finger. sabCa-
tayn zwei Finger; zwei Fin-
gerbreit. arbaC tasabaC allawx
die anderen vier Finger

sabaC lagbire Daumen

sabaC asSahde Zeigefinger
sabaC attawile Mittelfinger
sabaC algaséra Ringfinger
sabaC alwastaniye Ringfinger
sabaC lazgayyre kleiner Fin-
ger

2. Zeh m sabiC sdgqdyu seine
Zehen

sabal lagbire groBer Zeh
sabaC attawile langer Zeh

sabe alwastaniye mittlerer
Zeh

 

sbn
shb

sdr

orf

srm

sabe algaséra kurzer Zeh
sabal lazgayyre kleiner Zeh
sabine (Stick) Seife

tsGhab, yatsahab (V1) pflegen,
versorgen = yassahabuhu sie
versorgen ihn (sc. den Wind-
hund afftazi)

schab, pl. shab ~ sahbin Herr,
Besitzer = sdhab attayr der
Besitzer des Vogels. sahab
albayt der Hausherr. bayt
shaban das Haus ihrer Besit-
zer. sahbin assaqi die Besitzer
des bewasserten Landes
sdhbe Herrin, Besitzerin =
sahbat albayt die Hausfrau
sader Brust wm tadrdbak-yé
fe-sadrak ich schieBe dir da-
mit in die Brust

sadiq, pl. sadigin treu, zuver-
lassig

tasdiq Bestatigung

saraf, yasraf (I) wechseln =
yasrafallu maqdar xams satt=
waragat ®nCam er wechselt
etwa fiinf, sechs Lira in
Kleingeld um

masraf Unkosten, Spesen »=
masrGfu seine Spesen
nsaram, yanséram (VII) aus-
einanderfallen, ausfallen =
(azzad) yansdram (das Ge-
treide) fallt aus

stabal, pl. stablat Stall (fiir
Esel, Schafe etc.) = man sta-
blu aus seinem Stall

stoh, pl. sath (flaches) Dach
[< aar. sath, pl. sutih Dach] =
Ca-llastoh auf dem Dach

satar, yastar (I) schlagen (ge-",0.0,eng,80.15217054045307,False,1648427631.375914,1.75
86,"


sad

81

 

seb

sfrt

sfr?

sf

sy

gen fo-) = sdqdtu yastéran
fo-badan er schlagt die Bei-
ne gegeneinander

nsatar, yansdéter (VII) zusam-
menstoBen (mit fa-) = (alfar-
fare) tansdter fa-nsan (der
Schmetterling) sté8t mit ei-
nem Menschen zusammen
satal, pl. stile kleiner Henkel-
eimer aus Kupfer (fiir Spei-
sen) m satlayn tate halib zwei,
drei Henkeleimer voll Milch.
> Text 93, Abb. S. 354

saCb, f. saCbe hart, fest =
ynaqgawn wahde saCbe sie
suchen ein hartes (sc. Ei
bayda) aus

ba-saCb fest, stark, mit aller
Kraft = hitwe t-idabbin Ca-
laya ba-saCb wenn sie mit al-
ler Kaft darauf schlagen
safer Kupfer

safférin (pl) Kupferschmiede
asfar, f. safra, pl. safrin gelb
safrtye, pl. saféri aus Stroh
geflochtenes Tablett, Strohta-
blett [< aar sfr] = Cala safri-
tayn tate auf zwei oder drei
Strohtabletts. — Text 112,
Abb. S. 372

saff Reihe; Stapel m ysirin
saffayn tate sie bilden zwei,
drei Reihen. saff lawasat ein
Stapel Brotfladen

safi, yasfa (I) rein werden,
sich herauskristallisieren
saffa, ysaffi (I) 1 (intrans)
sich sammeln, sich absetzen,
zuriickbleiben m almalh saffat
das Salz hat sich abgesetzt.
ysaffi fa2ardu harara auf sei-

 

sy
sit

slo

nem Grund bleiben Riickstin-
de. 2, (trans) reinigen; durch-
flieBen lassen m (assGfoye)
ssaffi almayy la-taht (der
Durchschlag) la8t das Wasser
nach unten ablaufen. 3.
(trans) ausrichten = w si-zad
mda saffaytu und ich habe
nichts ausgerichtet

Safi, f. sdfye rein, klar = dabs
lakwayyas assafi der schéne,
Klare Traubensirup. déhnat
assGfye das reine Butterfett
sGfi (unverand.) nur, ganz,
ausschlieBlich = halmaCnaga
safi man Sald-we dieser Reit-
sattel ist ganz aus Leder. yser
safi déhne es wird reines But-
terfett

safaye, pl. safayadt Pelsplatte,
anstehender Fels = yhatfan
Cala safaye er legt sie (pl)
auf felsigen Boden

sdfoye, pl. safoyat, du. safoy-
tayn Durchschlag (Kiichen-
sieb) = tfarrag hak arrasta
fo-wast hak assdfoye sie gieBt
die (gekochten) Nudeln in den
Durchschlag. > Text 85, Abb.
S. 339

saga, yasqi (1) tranken. > sqy
sallat, ysallat (1) loslassen
(auf Cala); ziicken [< aar. si]
m= sallat alxangar fog rasa er
ziickte den Dolch iiber ihrem
Kopf

tsallat, yatsallat (V) angreifen,
sich stiirzen (auf Cala)
asSalwe Flurname

sala, yasli (I) aufstellen (Fal-
le), auslegen (Netz) [< aram.",0.0,eng,83.09117875136612,False,1648427632.899901,1.75
87,"


82

Sad

 

a8

sn?

nf

$la aufstellen (Falle)] = kas-
sdla alfaxxa er hat die Falle
aufgestellt. yasliyu er legt es
aus (sc. das Netz a8Sarak)
masltye (pp. I, f) ausgelegt
(Schlinge Cayne)

salla, ysalli (I) 1. beten (fiir
Cala) = tansalli Caléyu laBt
uns fiir ihn beten. 2 die Se-
gensformel (fiir den Prophe-
ten) sprechen w sallaytu Cala
Mhammad ich sprach die Se-
gensformel fiir (den Prophe-
ten) Muhammad

sald (f) Gebet = salat alCasar
das Nachmittagsgebet
sammiine, pl. sammiinat Mut-
ter (der Schraube) = sammi-
nat albarégi die Schrauben-
muttern

— snr (sannora)

stanat, yasténat (VII) zuhéren,
lauschen (jdm. Cala) = tasténat
Calayk ich werde dir zuhéren
sante, pl. santénat, du. sante-
nayn Zentimeter [< tiirk. san-
tim dass] = xams sdnténat S
cm. sdnténayn tate zwei, drei
Zentimeter

sanfa Handwerk m sanCétu
hdy-ye das ist sein Handwerk
sa@nac, pl. sannac Lehrling,
Gehilfe m fi sanCayn taht idu
er hat zwei Lehrlinge unter
sich

yaqCadiin sanfayn tate (die
Gaste) nehmen in zwei, drei
Abteilungen Platz

msannaf (pp. II): alhabwe ba-
gat msannafe der Schnee war
aufgeschichtet

 

shl

wb’

sahal, yashal (I) (Pferd, Maul-
tier) wiehern m= albargil yas-
hal das Pferd wiehert

sawb 1, Richtung, Seite m var-
raytihu hak assawb ich warf
es zur Seite, weg. man sawb
Samal von der (auf der) Nord-
seite, la-sawb barra nach au-
Ben. man sawb xalf an der
Riickseite. 2. (Prap.) in Rich-
tung auf, nach = sawb annar
zum Feuer hin. sawb ayn
rahat wo ist sie hingegangen?
~ mit Suffixen: 3. sg. f sawba
zu ihr hin

wb? soba, pl sawab ~ sdbat Ofen

swe

swsl

swl

syb

I< tiirk. soba dass] = saCaltu
gsdba ich schiirte den Ofen
an

sa& Backblech. > swé (sag)
VI: ss€waru sie wurden abge-
bildet

sora: srétu sein Gesicht
asSawr Savur (Kreisstadt in
der Provinz Mardin)

sisalan, pl. sawéslin Steinmal
sawt Stimme

sawf (Schaf-)Wolle

sawwal, ysawwal (II) wassern,
auswaschen, spiilen = ysaww-
lahu ytelCahu man  bayn
almayy sie spiilen es und neh-
men es dann aus dem Wasser
heraus

sawm Fasten

sab, ysib (1) zustoBen, passie-
ren (jdm. = Ak) = ay§ saba
was ist ihr zugestoBen? wala
ysibu gatt=siya noch passiert
ihm irgendetwas",0.0,eng,82.41598483471074,False,1648427634.369782,1.75
88,"


83.

 

asib siehe da (Modalpartikel,
vgl. Textband S. 21 f) = yroh
ytallee asib kit?Gkalat asSad-
de er geht nachschauen, und
siehe da, (der Hase al?aynab)
hat die Garbe gefressen
sayyad, ysayyad (I) jagen =
(assannoya) ssayyad far (die
Katze) fangt Mause

sayd Jagd = sayd attayr die
Jagd auf Steinhiihner sayd
attazi die Jagd mit dem Wind-
hund

styad (sayydd), pl. siyade Ja-
ger m siydd-ana ich bin Jager
sar, ysér (1) 1. werden, wer-
den zu, ergeben m hdgge
$drat so ist es gekommen. ha-
we ysér waqtan wenn es Zeit
fiir sie ist. hay sarat alf das
ergibt tausend. ysérin fiyu
Casrin, xamse w Casrin xas-
sale es kommen zwanzig,
fiinfundzwanzig | Wascherin-
nen zusammen. fi mannan
ysérun qasfin manche fallen
schwarzweiB aus. 2 (mit f£
Verbform) werden, sein (zur
Angabe der Tageszeit) = hawe
ta-ssér qaddim addahar
wenn es gegen Mittag wird
(ist). 3. entstehen, wachsen =
ysér fo-rrdbye es wachst auf
dem Hiigel. awwal ma ysér
farxa sobald ihr Junges auf
die Welt kommt 4. fertig wer-
den, reif werden = alhasu sar
die Fillung ist fertig. (alhanta)

 

of

sarat la-llahsad (der Weizen)
ist reif zur Ernte. 5. (mit ne-
giertem Verbum) nicht még-
lich sein (vgl. tiirk. olmaz) =
fo-lwédi mo=ssér im Tal geht
es nicht. 6 (mit suffigiertem
indirektem Pronomen) bekom-
men; verbringen (Zeit) =
ysé@rallan farxayn tate sie be-
kommen zwei, drei Junge.
ysérallan xabar sie erfahren
(davon). kwa sarli arbac xams
tiyém ich habe schon vier,
fiinf Tage verbracht. 7 (mit
bS@n fiir, um zu) dienen, tau-
gen zu m= halmagtaC ... bsan
ay ysér? wozu dient dieses
Griessieb?

sayyaf, ysayyaf (II) auslichten
(Saat), in weitem Abstand
durchpfliigen (Feld) = terroh
nsayyéfan wir wollen gehen
und sie auslichten (sc. die
Hirsearten addaxan w alpa-
cik)

tasyif (Verbalnom. II) Auslich-
ten = annawb ysdq xtot wsaC,
hak yasmu tasyif nun pfliigt
er weite Furchen, das nennt
man Auslichten

sayf Sommer m= fo-ssayf im
Sommer. man assayf schon im
Sommer

s@nitye, pl. séniyat ~ sawéni
Tablett (aus Kupfer) = séniyat
gahwe ein Kaffeetablett. séni-
tayn bargal zwei Tabletts voll
Weizengriitze

 ",0.0,eng,83.43637980403457,False,1648427635.787756,1.75
89,"


grb darab, yagrab (I) 1. schieBen

Da

(auf = Akk. ~ la-) = gardbu er
scho8 auf ihn. darab wahde
la-hay er gab einen SchuB8 auf
diesen ab. 2, schlagen (Akk.
oder Ja- nach) = yadrabihu
sie schlagen ihn. baga hiye-
zad tadrab la-wehad da
schlug auch (das Pferd) nach
einem aus. 3. erreichen, tref-
fen (Akk. ~ fa-) m qiiwat as-
gams tagrab fiyan die Kraft
der Sonne trifft sie. yadréba
hawa es (sc. das Fleisch
allahme) kommt mit Luft in
Beriihrung. 4 stoBen, schie-
ben, anbringen m= tedrab alha-
kake taht addawgqa sie schiebt
den Schaber unter den Brot-
fladen. yadrabiin taxtaydt sie |
nageln Bretter an

darbe (nx), pl. darbat Schuk;
Schlag = yadrdbu ba-céakik
darbtayn tite er schlagt mit
dem Hammer zwei-, dreimal
darauf

ndarab, yandérab (VI) ge-
schlagen werden w asséfor |
mo yandsrab fiyu Sakuk gbir |
auf das Kupfer darf man nicht
mit einem groSen Hammer
schlagen

mdarrabe Matratze

darr, ydarr (1) schédigen »
m6 ydarr ahhad er schidigt
niemanden. md ydarr es
macht nichts

 

ef

dir

@wq

darar Schaden = malu darar
er ist unschadlich
madarr schadlich

darrat, ydarrat (I) furzen
(hérbar)

darta Furz (hérbar)

dra, Zahlpl. tegraC Elle
(LangenmaB) [< aar dr] »
xams tadraC fiinf Ellen

deCaf, yadCaf (1) abmagern =
kala hawéwinu tidCafiin sonst
magern seine Tiere ab

daCif schlank, diinn

dafar \ederne —Schwanz-
schlaufe am Sattel (der

Schwanz des Reittiers wird
durch die Schlaufe gezogen,
vgl. Abb. des Allzwecksattels
galtag auf S. 178). [< aar. tfr]
dahar Riicken w yhattin Cala
dahru galléye sie legen ihm
eine Decke auf den Riicken.
dahar saqu sein FuBriicken
Cala dahar oben auf w= Cala
dahr alkéfén oben auf den
Felsen

deher Mittag = addehar mit-
tags. addahar ay§ yaklin?
was essen sie mittags? gad-
dam addehar gegen Mittag,
vormittags. man addahar
schon mittags, seit dem Mit-
tag

daq, ydoq (1) kosten, probie-
ren [< aar dwq] m= ddog
almayy sie kostet die Briihe.

>
dawwaq, ydawwag (Il): ynaq-
gawn wahde saCcbe ydaww-
qiwa ba-dradsan sie suchen
sich ein hartes (sc. Ei bayda)",0.0,eng,79.22721163636365,False,1648427637.1627579,1.75
90,"


Da’

85

 

Set

aus, sie priifen es mit den
Zahnen

daww Petroleumleuchte

> Ody

dac, ydiC (I) verschwinden,
verloren gehen m hatta Saqé-
fiyu-zade kaddaCu sogar sei-
ne einzelnen Teile waren
nicht mehr auffindbar

dayya®, ydayyo® (I) ver-
schwinden lassen; verlieren =
kétiqtaliini ydayyCiin lati sie
hatten mich getétet und mei-
nen Leichnam verschwinden
lassen. ydayyCiin almaftéh sie

 

verlieren den Schliissel

dea, pl gya Dorf = fo-
ddeCa im Dorf. fo-ladyat auf
den Déorfern. i déCtayn tate
ich besitze zwei, drei Dérfer.
sabCa tman=®dyaC _ sieben,
acht Dérfer. agdéCa angas
yaltammiin wo versammeln
sich (die Bewohner) des
Dorfs?

déCawiye (pl.) Dorfbewohner,
Dorfleute

Of éefe (pl) Giste
dq dayyaq eng. > dyq",0.0,eng,75.50322236936937,False,1648427637.8162858,1.75
91,"


thx

tz

Te

tabax, yatbax (I) kochen, gar-
kochen; warmes Essen ko-
chen m Cads lo-kittébaxu die
Linsen, die sie zuvor garge-
kocht haben. > dbx

tabx (Verbalnom. I) Kochen =
addahar méfi tabx zu mittag
wird nicht gekocht

ntabax, yantébax (VII) ge-
kocht werden, gargekocht
werden = nftabaxu ma baC-
don (Linsen und Weizen) sind
zusammen gekocht worden
tabéx ~ tabix gekochtes Es-
sen, warmes Essen

tabbax Koch

matbax, pl. matabax Stelle
zum Einkochen des Trauben-
safts

tabze, pl tabzat Kaninchen
Q)

tabaq, yatbaq (I) aufsetzen
einsetzen m fitbaqiwan sie
setzen sie (sc. die Steinplat-
ten alfarSat) ein

tabaq Brotkorb (levant. ?)
tabaga Schicht, Lage; Stock-
werk m fabaqtayn tate labbad
zwei, drei Lagen Filz

tabbiga, pl. tabbiqat Packchen,
durch Zusammenfalten einer
diinnen Schicht; Biindel = fab-
bigat harire zu einem Péck-
chen zusammengefalteter
SiiBfladen. (halwarag) _ysa-
wawhu tabbigat Cala baCdu

 

pp

ppl
thl
thin

wb

th

ws
ws?

of

(diese Weinblatter) legen sie
zu Biindeln aufeinander
feppe, pl. tepap Ball; Kugel,
runder Klumpen [< tiirk, kurd.
top Ball, Kugel] = (alganfad)
yaltaff ysér tappe Cala baCgu
(der Igel) rollt sich zu einer
Kugel zusammen

tapar, pl. tpora After (von
Pferd, Esel etc.) = tapar la-
hmar der After des Esels
taptap, ytaptep (1) festklopfen;
flachklopfen = ftaptépu twas-
séCu sie klopft ihn (sc. den
Teig alCagin) flach und macht
ihn breit

mtaptapin (pp. I, pl.) abgerun-
det

mtaplax (flach) gewolbt

thél Milz

tahan, yathan (I) mahlen = ya-
thaniin albargal sie mahlen
die Weizengriitze

tahin (Verbalnom. I) Mahlen
matarbi, pl matirbe Spiel-
mann, Musikant

terh, pl. troh Trieb (einer
Pflanze) = (as$aq) ymadd troh
(die Staude) treibt Triebe her-
vor

atras, f. tarSa, pl. tarsin taub
tars Vieh, Herdenvieh [< kurd.
ters Herdenvieh] = aftars,
algalam, w albdgora, w
annacg, w assaxal das Vieh,
(dh) die Ziegen, die Rinder,
die Schafe und die Jungziegen
ferragse (nu), pl ferrasat
Busch [< kurd. teras Gebiisch]
taraf 1, Fettschwanz (der",0.0,eng,81.84373901880878,False,1648427639.196379,1.75
92,"


Ta’

87

 

Schafe). 2. Seite = man taraf
bayt abu Ixatan von der Seite
der Familie des Brautigams.
man taraf alahkiime seitens
der Regierung

tarfe Stiick Seil

taraq, yatrag (I) himmern, mit
dem Hammer bearbeiten =
yatréqu Swayyat-lex er ham-
mert ihn noch ein wenig zu-
recht (sc. den Nagel albas-
mar). taragtihu kaff mékan
ich verpaBte ihm eine kréftige
Ohrfeige

taréq 1. Weg, StraBe = tmawal
taréqu er machte sich auf den
Weg; er ging seiner Wege. fa-
réq attarambél LandstraBe.
yaCtdwan taréq sie geben
ihnen freie Bahn. 2. pl ferq
Male, -mal = sab, tman terq
sieben-, achtmal

trmb tarambél, pl. trambélat (sic)

ims

Auto, Fahrzeug [x tiirk. oto-
mobil dass]

tarmas, ytarmas (1) einschla-
gen und an der Spitze umbie-
gen (Nagel) = m6 ytarma-
siwan-zade sie biegen (die
Nagel) beim Einschlagen
nicht um

tatarmis (Verbalnom. 1) Ein-
schlagen und dabei Umbiegen
tari, f. tariye, pl. tardye feucht,
frisch, (noch) weich m (asSaq)
tari-we (der Stengel) ist noch
weich

fost, pl. fife Zuber (aus Ku-
pfer) = fatet almadbax die
Zuber, die zum Einkochen des
Traubensafts dienen. > Text

 

mq

Bag

81

(tazi) > twEy

tacCam, ytacCam (II) zu essen
(bzw. fressen) geben, fiittern
= ytacCCmihu hasif sie geben
ihm Gras zu fresseen

taCam Geschmack = faCm
addéhne der Geschmack des
Butterfetts. tacmu sein Ge-
schmack

tfal, pl. tfal ~ tfalat Kind =
wehad ma-llatfal eins von den
Kindern

tafa, yatfi (I) (aus)léschen a»
kamé yatfi nnay wenn er nicht
das Feuer ausléscht

ntafa, yantéfi (VII) (aus)ge-

léscht werden, — erléschen,
ausgehen = hak annar mo
yantéfi dieses Feuer geht
nicht aus

tagtaq, ytagtaq (I) (leicht)

hammern, klopfen = ytagteq
Caldyu er klopft leicht darauf
taqq, yteqq () (Sprengstoff:)
explodieren, (Blitz:) einschla-
gen, (Falle:) zuschnappen =
fa-teqqén la-taqqet addara-
méte als das Dynamit explo-
dierte. walla taqgat sayf-w-
sagca der Blitz hat einge-
schlagen. ax la-fxdda yteq-
qin fa-baCgan wenn die Bii-
gel (der Falle) zusammen-
schlagen. tagq fo-ddanye er
zog in die Welt hinaus

faqgén (na. I) Explodieren,
Einschlagen

tagam Anzug

tagne (unverand.) viel. > tqn

talab, yatlab (1) 1. verlangen =",0.0,eng,79.90170232947978,False,1648427640.709413,1.75
93,"


88

Ta’

 

yatlab yqiil gibiili xatar er ver-
langt: bringt mir Dickmilch. 2
werben (um = Akk) (eine
Frau) m flabiili-yé werbt fiir
mich um sie!

talab Brunst » (alfaras) ¢ax
la-tegi_la-talab wenn (die
Stute) briinstig wird

talbe Brautwerbung = tarroh
la-talbe wir wollen zur
Brautwerbung gehen

tallab, pl. tellébin Brautwerber
tallise, pl. -Gt weitmaschiger
Sack. > Text 12.4

talaC, yatiac (1) 1, hinausgehen
= ahhad la=yatlac la-barra
niemand mége nach drauBen
gehen. yatlaciin m-addeCa sie
ziehen aus dem Dorf hinaus.
titla® fiya ddaxxan durch sie
zieht der Rauch ab. talaCtu
Lassayd ich ging auf die
Jagd. 2. hinaufgehen, hinauf-
steigen, aufgehen, herannahen
= yatlac la-Ca-llastoh er steigt
aufs Dach. falaCat assams die
Sonne ging auf awwal md ya-
tac aday sobald der Marz
naht. $f la-yatlaC b-idan was
ihnen gerade in die Hand
kommt. 3. (mit Dat. eth.) erge-
ben, erreichen, betragen »=
tatlaCla tagla arbac xams ki-
lowat ihr Gewicht erreicht
vier, fiinf Kilo. filu yatlaClu
arbCin sdnte seine Lange be-
tragt 40 cm

tdlec (p.a. 1) hinausgehend =
asib kafi dib, tala man wast
alxarq da ist ein Wolf, der aus
einer Felsspalte herauskommt.
talac déxal aus- und einge-

 

hend

tallaC, ytallec (Il) anschauen,
blicken (auf Cala ~ fa-),
schauen (nach Cala) (Blick-
richtung waagerecht oder
nach oben, vgl. dagegen >
aq) = tallac kawe Casal er
schaute: es war Honig. ytall-
Can Ca-ICas@ sie schauen
nach dem Abendessen. tallaC
fiyu er schaute ihn an

talla® (unverand.) wohl, ob
wohl, ob nun [< Imperativ II
talla schau'} = alle hawk
wladu-nne walla sanna® ma-
sékan ob es nun seine Séhne
sind oder ob er sie als Lehr-
linge eingestellt hat

félaC, ytéleC (Il) herausneh-
men, -holen; hinaufbringen =
féloC Satfatayn lahme ma-
Iqaddor_ sie nimmt zwei
Stiicke Fleisch aus dem Vor-
ratskrug. yteléCan man hak
alqafas er holt sie aus diesem
Kaéfig heraus. ytéleC attars er
bringt das Vieh hinaus (auf
die Weide). ytélCawa yanga-
rawa Ca-llastoh sie bringen
sie hinauf und breiten sie auf
dem Dach aus. tantélac hal-
keffara man ragbatna wir
wollen uns diese Siihnegabe
vom Hals schaffen (d.h. der
Verpflichtung nachkommen)
tala Hang (mit kurzem An-
stieg)

tal6Ca Hang (mit langem An-
stieg)

tamar, yatmar (1) begraben;
vergraben, mit Erde zudecken
= yatmer azzabasat er deckt",0.0,eng,80.20667178820376,False,1648427642.290355,1.75
94,"


Ta

89

 

twh

tw

die Wassermelonen mit Erde
zu

matmor (pp. 1) begraben, ver- |
graben, mit Erde bedeckt »=
zabase matmora eine mit
Erde zugedeckte Wasserme-
lone

tammar, ytammar (Il) vergra-
ben, mit Erde zudecken (bei
Pluralitét des Objekts) =|
ytammar azzabas er deckt die
Wassermelonen mit Erde zu
ntamar, yantémar (VII) begra-
ben werden; mit Erde zuge-
deckt werden

tanage, pl. tanagat Blechkani-
ster [< tiirk. teneke dass] =
hattanage ‘matliye-ye _mayy
dieser Blechkanister ist mit
Wasser gefiillt

tahara Schamteile = yaxsal
taharétu er wiascht seine
Schamteile

Kanone; Kanonenkugel _ [<
tiirk. top Kanone] = yadrabin
fiya top-zade selbst wenn
man eine Kanone darauf ab-
feuern wiirde. f0p tigac fo-
baytak eine Kanonenkugel
mige dein Haus treffen

taha, pl. tahat ~ toh groBes
Biindel von Zweigen, Stengeln
u.d., mit einer biegsamen Rute
(rawta) — zusammengehalten,
im Umfang einer Traglast =
&Giballa téha tahtayn sawgat
sie holt sich ein, zwei Biindel
trockener Zweige

tar, pl. tarat Rahmen [< aar
?itar|

tas, yti¥ (I) die Fassung ver-

 

twey

tws

tf

toll

lieren, verriickt werden

tazi, pl. tewazi Windhund [<
kurd. taji dass]. > Text 57
taZiye weiblicher Windhund
tase Schale; Schiissel = tdsat
asSarb die Trinkschale. fas-
tayn mayy zwei Schiisseln
Wasser

taf, ytaf (I) oben schwimmen,
sich tiber Wasser halten

tayaf, f. tayfe (pa. 1) oben
schwimmend m= addéhne kiye
tayfe Ca-lwaéé das Butterfett
schwimmt oben

tafén (na. 1) oben schwimmen
tawwaf, ytawwoaf (II) schwim-
men lassen, iiber Wasser hal-
ten

taga, pl. tagat 1. kleine Off-
nung, Luke @ yxalli taga (fo-
cCapay) er 14Bt eine kleine
Offnung (in der steinernen
Schanze). tdgat assépa das
Ofenloch. 2, Lage, Schicht =
tagtayn-ye sie besteht aus
zwei Lagen. ysaya tdqtayn er
nimmt es (sc. das Tuch al-
Galléye) doppelt. atyab-ye
ba-mit taqa es schmeckt hun-
dertmal besser

I: axayr 1d ytil héforan damit
ihr Huf nicht zu lang wird
tawwal, ytawweal (II) dauern,
halten = ffawwal Sahar es
dauert einen Monat. lanCél
mod ytawwlin fo-sdqen die
Hufeisen halten nicht lange
an ihren FiiBen

tal Lange w tila fiyu Sabrayn
ihre Lange betraégt zwei
Spannen. b-affiil in der Lange,",0.0,eng,79.27562288218391,False,1648427643.773221,1.75
95,"


90

Ta

 

wi?

der Lange nach. Cala fil
alleCqar kella auf der ganzen
Lange des Ackers

tawil, £ tawile, pl. twal lang,
langgestreckt = lanhdr tawil-
we der Tag ist lang. masqétu
tawile-ye sein Riicken ist
langgestreckt

atwal (Elat) linger
tawle ~ tawle Tisch
tawle, pl. tawlat Stall
Pferde)

tawa, yatwi (I) falten, zusam-
menfalten, iibereinanderlegen,
umbiegen = yatwawhu taqtayn
Cala baCgu sie falten sie (sc.
die Ziegenhaardecke almars)
und legen sie iibereinander
tiyén (na. I) Falten, Zusam-
menlegen, Umbiegen = baCd
bala tiyén-anne sie sind noch
nicht umgebogen

VIL yantéwi Cala baCqu es
schiebt sich iibereinander

tab, ytib (I) gut werden; gefal-
len = bSan ytib tacma damit
ihr Geschmack gut wird. toffib
addanye es wird schénes
Wetter taballi nés hawnake
die Leute dort gefielen mir

Ik ftayyab tacm addéhne es
verbessert den Geschmack
der Kochbutter

tayyab, f. tayybe, pl. tayybin 1.
gut, wohlschmeckend = (ar-
rasta) tayybe-ye (die langen
Nudeln) schmecken gut. 2, le-
bendig, am Leben m tyor tayy-
bin lebende Steinhiihner. fikin

(fiir

 

bz
of

tq

rusken tayybin mégt ihr ge-
sund bleiben (Beileidsformel;
wortL: mégen eure Képfe am
Leben bleiben, vgl._ tiirk.
basumz sag olsun). tkiin tayyab
sei gesund (Dankesformel, vgl.
tiirk sag oD)

atyab (Elat.) besser, angeneh-
mer, wohlschmeckender =
mafi atyab mannu es gibt
nichts, was besser schmeckt
fibe: b-attibe im Guten, ein-
vernehmlich = b-azzor har-
rabta alla b-atfibe? hast du
sie mit Gewalt entfiihrt oder
einvernehmlich?

tayr, pl tydr miéannliches
Steinhuhn = kif tyér hawne
hier sind Steinhiihner. tayr
barri wildes Steinhuhn. fayr
ahli zahmes Steinhuhn. > ha-
gale

fiz Hintern

tayaf, f. tayfe, pl. fiyaf flach,
untief = angari tayaf flacher
Servierteller > Text 89

taq, ytéq (I) kénnen, vermégen
[< aar atiga, yutiqu (twq IV)]
= m6 ytéq yastégel er kann
nicht arbeiten. md=téq ahkiyu
ich kann es nicht erzihlen.
ma tagtu itu ich konnte nicht
kommen

VIL md=yantag Caldyon man
kann ihrer nicht Herr werden
tayyan, ytayyan (II) mit Lehm-
mértel verputzen

fin Lehm; Erde",0.0,eng,80.62502909174312,False,1648427645.1683578,1.75
96,"


Da

dbx dabax, yadbax (1) 1. kochen [<

aar. tbx] = yadbaxiilu akal sie
kochen Essen fiir ihn. 2. ein-
kochen (Traubensaft zu Sirup)
yadbaxin fiyu ddabs sie ko-
chen darin den Traubensirup
ein. > thx

dbax Einkochen des Trauben-
safts zu Sirup = yhattin dbax
sie beginnen mit dem Einko-
chen

madbax 1, Einkochen des
Traubensafts zu Sirup; = gar-
rabat tyém almadbax die Tage
des Einkochens sind néher-
geriickt. 2. pl. mafdbax Stelle
zum Einkochen des Trauben-
safts. > fbx

madbaxiye ~ mabbaxiye, pl.
mabbaxiyat Kochtopf = mab-
baxitayn tate zwei, drei Koch-
topfe. > Text 811, Abb. S. 346
dors, pl. drds 1. Zahn [< aar.
drs] = dras alfexxa die Zahne
der Falle. drds alansan die

 

afr

dim

Zahne des Menschen. ba-drda-
su mit seinen Zahnen

ards addib obere Schneide-
zahne

dras lan°am untere Schneide-
zahne

dras arrahawéiye Backenzah-
ne, Mahlzahne

2. Korn, Kristall (von Minera-
lien) = darsayn laymiin dizi
zwei Kristalle Zitronensalz.
dras xsan-ye hak almath die-
ses Salz ist grobk6rnig

dafar, yadfer (I) flechten [<
aar dfrl = yadforitwa sie
flechten es (sc. ihr Haar
SaCféten)

dafr-w-daqq Flechten und
Festklopfen (Verfahren beim
Flechten von Weidenruten)
dolma_ gefiillte Zucchini [<
tiirk. dolma dass]

dndr dondorma Speiseeis [< tiirk.

dyn

dondurma dass]

dayan, ydayan (Ill) aushalten;
halten, haltbar sein [< tiirk.
dayanmak dass] = m6 yday-
nun fa-sdgan (die Hufeisen)
halten nicht an ihren Fii8en",0.0,eng,82.84679694782608,False,1648427646.218388,1.75
97,"


cbr

Cby

oq

8b

CAyn

staCbar, — (X) eichen

staCber 1. (Verbalnom. X) Ei-
chen, 2. Eichma8.

Cabbara, pl. Cabbarat iiber-
wolbter Durchgang zwischen
den Hausern

Cabba, yCabbi (Il) fiillen =
yCabbawa hanta sie fiillen ihn
(sc. den Mehlsack albatiha)
mit Weizen. yCabbdwa fo-lba-
thha sie fiillen ihn (sc. den
Weizen alhanta) in den Mehl-
sack. yCabbi fa-ssatal er fiillt
nach und nach den Eimer
mCabba, £, mCabbaye (pp. I)
gefiillt, voll

tCabba, yatCabba (V) gefiillt
werden = zddu md yatCabba
fe-SSaxar sein Getreide laBt
sich nicht in das Traggestell
fiillen

Cabaye Frauenumhang; Mén-
nerumhang, Cape (obsolet)
Catig, pl. Ctaq alt = basémiru
laCtag seine alten Nagel
(addanye) Catamat, taCtam (1)
dunkel werden m= addanye
Catamat es wurde dunkel
Catme Dunkelheit = Catmat
qamar mondlose Dunkelheit
tCaggab, yatCaggab (V) stau-
nen, sich wundern

Cagab 1. Wunder » &i Cagab
ein Wunder, etwas AuBerge-
wohnliches. 2, (Fragepartikel)
ob wohl?

 

Cl
En

edd

Cds

cdl

Caggor (Koll.) Gurkenart
Cagale, pl. Cagalat Schlauch
(des Autoreifens)

Cagan, yacgen (I) kneten
(Teig) = yaCganiin fiyu Cagin
sie kneten darin Teig

Cagne (nx. I) Kneten m tacgs-
nu Cagne kwayyse sie knetet
ihn griindlich durch

nCagan, yanCdgen (VII) ge-
knetet werden m= alCagin mo
yanCdgan der Teig lat sich
nicht kneten

Cagin Teig

Cadde Werkzeug m= Caddétu
sein Werkzeug

Cadad Zahl = Cas=tiyém, bo-
Iadad genau (abgezihlt)
zehn Tage

Cads (Koll. Linsen = Cads sag
ganze Linsen

Cadséye (n.u.) Linse

Cadsiye Linsensuppe. > Text
73

Caddal, yCaddel (Il) 1, (in-
trans) in Ordnung kommen,
ins Gleichgewicht kommen »=
ida hassdlu w md Caddal
wenn er ihn (sc. den groBen
Transportsack aSSall) anhebt
und er (trotzdem) nicht ins
Gleichgewicht kommt. 2.
(trans) ordnen, in Ordnung
bringen, gerade machen, ins
Gleichgewicht bringen, zu-
rechtmachen » yCaddal as-
Sadde er ordnet die Garbe.
ykin aCwag-we — yCaddlu
wenn er (sc. der Nagel albas-
mar) krumm ist, macht er ihn
gerade. yCaddlilan modal sie",0.0,eng,81.91940185987261,False,1648427647.5906508,1.75
98,"


CAyn

93

 

Caw

Cdy

crg

crs

crg

orig

machen sich eine Stelle zu-
recht. 3. als Fiillwort nach ei-
nem Verbum (uniibersetzt):
yraffscu w yCadddlu er macht
ihn diinn

tCaddal, yatCaddal (V) sich
ausgleichen, sich normalisie-
ren = malhu tatCaddal sein
Salzgehalt wird ausgeglichen
Cadu (Verbalnom. 1) Laufen,
Lauf = Cadu-zad mo=Cdi ich
laufe nicht einmal. b-alCadu
im Lauf > Cdy

Cada, yaCdi (1) laufen = ya-
Cdawn xalfan sie laufen hinter
ihnen her

Caddab, yCaddab (II) plagen,
qualen = yCaddbiin wéhad sie
plagen einen

tCaddab, yatCaddab (V) sich
plagen, sich miihen = Cadab
la-tCaddabat fiyan die Miihe,
die sie sich mit ihnen ge-
macht hatte

Cadab Plage, Miihe

=, yacrag (I) hinken = ida
Cargén tacrag wenn es (sc.
das Reittier adddbbe) hinkt
Cargén (n.a. I) Hinken

Cars Hochzeit. > Text 25
Cariis (f.), pl. Cardyas Braut
Craystiye Brautstand m fastan
laCraystiye Brautkleid

Card Breite = b-alCard der
Breite nach, in der Breite
Caréd (~ Cari, £ Caréda
breit_ = wast Caréd breiter
Bauchgurt (des Sattels)
Cartaz, yCartez (I) sich auf-
baumen, in die Héhe springen

 

orf

rq

crm

= hada yCartez w yahrab die-
ser (sc. der Esel lahmar)
baumt sich auf und rennt weg
Caraf, yaCraf (1) 1. wissen,
Bescheid wissen, sich aus-
kennen, kennen (etw. = Akk.
oder ba-, fa-) = mo naCraf
ayS nsay Casa wir wissen
nicht, was wir als Abendessen
machen sollen. yaCrafiin fa-
daws latyor sie kennen sich
aus mit den Spuren der Vogel.
2. kénnen = hdk la-mé yaCraf
ytuf wer nicht schwimmen
kann

nCaraf, yanCdraf (VID) gewubt
werden, gekannt, erkannt
werden = aq alhamham yan-
Céraf die hamham-Staude ist
leicht zu erkennen. md yan-
Céraf fiy man weiB bei ihm
nicht

Carag, — (I) schwitzen m (alfa-
ras) Cargat (das Pferd) hat
geschwitzt

Carq, pl. Crég 1. Ader; Sehne
= Carq sdqu algaléd seine
Achillessehne. 2. Wurzel
Carag 1. SchweiB. 2. Arrack
(tiirk. Raki) = siSayat Caraq
eine Flasche Arrack

Cayame Getreidehaufen (auf
dem Dreschplatz)

mCarram gehiuft voll

Crms Carmas, yCarmas (1) (Hirse-

crw

stauden:) Kolben ansetzen
Caymiis, pl. Carami§ Frucht-
stand, Kolben (der Hirse)
Carwe, pl. Caraw Schlinge,
Schlaufe; Ose; Knopfloch

Czr? Cazraril der Todesengel",0.0,eng,81.08472655898876,False,1648427649.118892,1.75
99,"


 

94 CAyn
Czrn Cazran eine Holzart ayn zwei Nester
Czy Cazza, yCazzi (Il) Beileid aus- | C8 Caaf, yacsaf () jaten [<
sprechen (jdm. = Akk) aram.; vgl. aram. Cespd Axt,
yCazzi sdhab almayyat er Turoyo Cogaf, Zafle jaten] =
spricht dem Angehérigen des acsaf Swayye si man baynu
Toten sein Beileid aus ich jate ein wenig in ihm (sc.
Cazawiye Bekundung des Bei- dem Weinberg alkarm)
leids, Beileidsbesuch = nyodh | Csy CasSa, yCassi (II) ein Abend-
Cazawiye wir wollen einen essen geben (jdm. = Akk.) =
Beileidsbesuch abstatten fiCasSi addéCa kédllata er wird
Cs Cas also, denn, doch. > Cs dem ganzen Dorf ein Abend-
Csb Casbe Familie, Sippe. > sb essen geben
esl Casal Honig tCa8¥a, yatCassa (V) zu Abend
a essen m yatCasSawan hdgge
csr ceili ded trachtig sie verzehren sie so zum
(die Stute) wird trachtig Abendessen _ .
Cagar (Verbalnom) Trachtig- Fase Abendgebet a @ [-alcase
d (albagle) Cas a bis zum Abendgebet, bis zum
Meador (das weibliche Maul. Abend. baCd alCage nach dem
tier) wird iiberhaupt nicht Abendgebet, am spaten Abend
tréichtig, Casa (f) Abendessen m Casat
case cag zeh alCars das Hochzeitsabendes-
¢ fara ~ ©as zenn . sen. CaSGtan ihr Abendessen
aSara (selbstindiges Zahl- Cs also, denn, doch. > Cs
wort) = CaSara-nne es sind ‘ ° fe .
zehn. CéSaratan alle zehn,| °8 Casbe, pl. Casab Familie, Sip-
fa-lmiye CaSara zehn Prozent pe
Ca¥ (vor einem weiteren Zaht | 8"" Casar, yaCsar (D) ausdriicken,
wort) = Cas @tmac§ geCa auspressen w fa¢sar' Caldyan
zehn, zwolf Dérfer laymine sie preBt eine Zitro-
CaS= (in Verbindung mit dem ne iiber innen aus
Gezihlten) = Cas=fiyém zehn ‘asar Nachmittag = _gabal
Tage alCasar b-saCa eine Stunde
Cagrin 2wanzig w Cagvin zala- vor dem Nachmittag. batd
me zwanzig Mann. wehod w alCasar am spaten Nachmit-
be oe tag
Casrin einundzwanzig
. Casir Saft = Casir alCanab der
Css eats east (D ein Nest bau- Traubensaft
: _ _ aCsara, pl. maCasar ~ mac-
Cass, pl. C3us Nest m CSus me
hagal Steinhuhnnester. Cass sarat Traubenpresse, Kelter
lomman Ameisenhaufen. Cags- | ©S°8 Caos Schwanz = CasCds la
° hmar der Schwanz des Esels.

 ",0.0,eng,69.40855492458101,False,1648427651.815424,1.75
100,"


CAyn

95,

 

Csfr

Cy

odd
dm

caw
cs

Cy

Cf

yamséka fa-CasCosa er packt
sie (sc. die Schlange alhayye)
am Schwanz

Casafir (pl.) (kleine) Végel. >
cfr

Cassa, yCassi (Il) fest ver-
schlieBen, festziehen, zusam-
mendriicken = Cassaw tamm
alxarq sie verschlossen den
Eingang zur Felsspalte. yCas-
sawn bargiyu sie ziehen seine
Schraube fest

Casi unzuganglich = mddac
Casi ein unzuginglicher Platz
Casa Stock

Cadd, yCadd (1) beiBen

Cadam, pl. Cadmén Knochen =
Cadm aggiCan das Schienbein
Cadawiye (pl) Beisitzer (des
Dorfvorstehers)

Caras, yaCtas () durstig wer- |
den, Durst bekommen wm hiiwe |
yaCta¥ wenn er Durst  be- |
kommt

Cata, yaCti (I) geben (jdm. =
Akk.) = Cafa xabar er machte
Meldung. Catétu rgif xbayz sie
gab ihm einen Brotfladen. ya-
Cfiya la-wehad mannan er gibt
sie einem von ihnen. lazam
teCtawna-yé ihr miBt sie uns
geben. Ctaya-nne gib (f) ihr
sie (pl). tawna (< Cfawna) gebt |
uns! m6 yaCtawni Catyén sie |
geben mich nicht freiwillig
her

Catyén (n.a. I) Geben

Cafrat, yCafrat (I) anfressen,
annagen m (azzahlafe) tCafrat
albattéxa (die Schildkréte)
fri8t die Honigmelone an

 

Cfsr
ofn

qb

qd

Cafsor (kleiner) Vogel. > Csfr
Caffan, yCaffan (II) schimmeln,
verschimmeln

Cafane Schimmel (an Speisen)
Cagab Wurzel, Wurzelstock;
Baumklotz = Cagb alhanta die
Wurzeln des Weizens. Cagab

dawme Baumklotz. Cagab
&egara —_Zigarettenstummel,
-kippe

Cagabe, pl. -G@t BergpaB, PaB-
weg; Bergriicken

Cagad, yaCqad (I) kniipfen,
knoten, verknoten; schlieSen
(Gewilbe) = yaCqddu er ver-
knotet es (sc. das Seil as-
Sarép. tacgsdan fo-bisiye sie
kniipft sie (sc. die Kleider
laglél) in ein buntes Tuch m=
yaCgadiiwa sie schlieBen, vol-
lenden es (sc. das Gewilbe
alCagde)

Cagad (Koll) Gewilbe = la-
bytit Cagad-anne die Hauser
sind als Gewilbehauser er-
baut

Cagqde (nu) Gewolbe = kall
bayt lahu Caqdatayn tate jedes
Haus hat zwei, drei Gewilbe
= Cagdat alqaddémiye das
vordere Gewolbe

Cagqde, pl. Cagédi Knoten (den
man kniipft); Knoten (am
Halm) = Cagad Caqde er
machte einen Knoten. Cagdat
adnu seine Ohrwurzel. Cagdat
Isénu seine Zungenwurzel.
Caqdat zagréru sein Kehlkopf
Cqar (f), pl Cagéyar Feld,
Acker = fiwaddawn zabal la-
Cagéyédran sie schaffen Diin-",0.0,eng,77.59411582267442,False,1648427653.304735,1.75
101,"


96

CAyn

 

cqs

cq

Cks

kf

Clb

ger auf ihre Acker. Cagéyar
alfalhdn Felder fiir Gurken
und Melonen

Cagse Nacken m= yamsdka
fa-Caqséta er packt ihn im
Nacken (sc. den Hasen al? ar-
nab f)

Cagal Verstand m= Caqlak dein
Verstand. ays gata® Cagalkan?
was haltet ihr davon, was
denkt ihr dariiber?

Caqiile, pl. Cawéqil 1. Astgabel.
2. Kniekehle = Cawéqil saqayu
die Kniekehlen seiner Hinter-
beine

maCqal verniinftig = mac-
qul-ant? bist du bei Verstand?
tCakkas, yatCakkas (V) sich
stiitzen (auf Cala) = kama ta-
Skil agin wéhad yatCakkas
Calayu wie ein Spazierstock,
auf den man sich stiitzt

Caks Achse = Caks tarambél
Autoachse

Cakaf, yaCkaf (1) knicken
mackuf (pp. 1) geknickt, um-
gebogen

Cakfe (nx. I) Knicken, Knick =
ssaylu Cakfe sie macht ihm
einen Knick

ackaf, f. Cakfa, pl. Cakfin ge-
kriimmt, gebogen =» Carmusu
man foq ysér aCkaf sein Kol-
ben (sc. beim Mais addaxan)
ist oben umgebogen

Calbe, pl. Calab 1. MeBgefaB =
ykilin b-alCalbe sie messen
mit der Calbe ab. 2. Hohlmad
(1 Calbe = 13 kg) m= Calbtayn
zwei Calbe. xams Calab fiinf
Calbe

Clbg tCalbag, yatCalbag (I!) herum-

cif

Clg

 

springen, herumklettern =
(algamgam) yatCalbaq _—_fa-
ddawme (die Agame) klettert
auf dem Baum herum

Calaf Viehfutter = ydéxliin
alCalaf sie schaffen das Vieh-
futter hinein

meaClaf Krippe = maClaf katfa
ihr Schliisselbein

Calag, yaClaq (I) (intrans) 1,
kleben bleiben, hangen blei-
ben, sich verfangen m fin la-
stoh yaClaq fo-lmandariine
der Lehm des Dachs bleibt an
der Dachwalze hiangen. kat-
Cdlaq wéhad tmayn ein oder
zwei haben sich (im Netz)
verfangen. @ la-kama yaC-
lagalli ddawr bis ich an die
Reihe komme. 2. Feuer fan-
gen, sich entziinden m (Sarar
anna) yaClaq fa-lxerqa (der
feurige Funke) verfangt sich
in dem Stoffetzen (d.h. ent-
ziindet ihn). alxarga teClaq
ssé@r nar der Stoffetzen ent-
ziindet sich und brennt. taClaq
allahbe fiya die Flamme
schlagt daraus hervor

Calga (pa. I, f): alga fa-
baCda aneinanderhangend
macloga (pp. |, £): maCléga-ye
fo-baCga sie hingt zusammen
Calgén (n.a. I) Hangenbleiben
= Calgén Calagtu maCak mit
dir bin ich ja an jemanden ge-
raten!

Calaq, yaClag (1) (trans.) 1. an-
heften, anbinden, annaéhen =
yaClaq fiya Sarét er bindet ei-
ne Schnur daran. teClagalla",0.0,eng,79.84456213661203,False,1648427654.808392,1.75
102,"


cayn

97

 

clin

zarr sie naht sich einen
Knopf an. 2. anziinden = ya-
Claq gagarédtu er ziindet seine
Zigarette an

Callag, yCalleg (Il) aufhangen
= yCallqiwa fo-lbdb sie han-
gen ihn (sc. den Mehlsack
albatiha) an der Tir auf
mCallage (pp. Il, £): kanat ro-
ha mCallage maCi sie hing
sehr an mir

taClig (Verbalnom. II) Aufhan-
gen

maclaqa, pl. maCdlag Loffel =
maclagat déhne waya maClaq-
tayn déhne ein oder zwei Lof-
fel Butterfett. > Text 810

I yaClamallu tmayn tdte er
sagt zwei, drei (Mannern) Be-
scheid

Callam, yCallem (I) lehren,
ausbilden abrichten, gewoh-
nen (an = Akk.) = kiitCallaman
er hat sie ausgebildet (sc. die
Lehrlinge assannaC), bsan
tanCallému alhamal damit wir
ihn (sc. den Esel lahmar) an
das Lastentragen gewohnen |
mCallam, pl. mCallamin (pp. I) |
gewoéhnt, gewohnt, zahm =
kéllata mCallamin b-almaCla-
qa-nne alle sind sie an den
Léffel gewohnt. (assanndra)
kant ®mCallame (die Katze)
war zahm

tCallam, yatCallam (V) lernen,
sich gewohnen (an = Akk) »
yatCallam artiifén er lernt das
Schwimmen

Calm Wissenschaft = bwab
alCalm die Wissenschaften

 

chy

cy

Calam: alla Calam Wei Gott!
Calam (f) Leute; fremde Leu-
te = manfaCétu I-alCalam sein
Nutzen fiir die Leute. al@dlam
tataqqassam fo-malu fremde
Leute werden sich seine Ha-
be teilen

alCallam Name eines Berg-
gipfels

maClim gewiB, natiirlich [<
tiirk. malum dass.)

Calu Hohe = Calithu seine Hé-
he. Caliwa ihre Hohe. > Cly
Calla, yCalli (Il) 1. (intrans)
emporwachsen, sich erheben,
hochspringen m= baCd md yCal-
li Sabar nachdem sie (sc. die
Hirse addexan) eine Spanne
hoch gewachsen ist. (addib)
Calla fiyu mater fa-lhawa (der
Wolf) sprang etwa einen Me-
ter hoch in die Luft. 2. (trans.)
hochheben, hochziehen =
tCalli iddya sie hebt ihre Vor-
derbeine hoch. yCalli hassu er
hebt die Stimme

VI: tata [x aar. taCadlal, f. ta-
Céy, pl. tacaw komm! kommt!
(suppletiver Imperativ von ga
kommen, — gy)

taCala ~ taCala: alla teCala
Gott der Erhabene [har]

Cali, £. Célye, pl. Callay hoch =
hayt Céli eine hohe Mauer.
fe-dawme takkin Célye auf
einem Baum, der hoch sein
sollte

aCla (Elat.) héher = aCla ma-
rragbe hdher als das Knie
(mehr als kniehoch)

Cala ~ Ca- (Prap.) 1. auf, iiber",0.0,eng,81.037653230137,False,1648427656.285213,1.75
103,"


98

CAyn

 

Cmr

= tahmal séniye Cala rasa sie
tragt ein Tablett auf dem
Kopf. yhatt tayru Cala hak
alfarse er setzt seinen Vogel
auf diese Steinplatte. rékab-
we Ca-Ifaras er reitet auf dem
(einem) Pferd. tanahki Cala
sayd alfexxa wir wollen iiber
die Jagd mit der Falle spre-
chen. md yabqa Si Caldéyu er
schuldet nichts mehr. ma Ca-
Iéya si es macht nichts. ma
Calay§ es macht nichts (le-
vant.) 2. im Laufe von, inner-
halb von m Cala tat arbaC
xams tiyém im Laufe von drei,
vier, fiinf Tagen. 3 zu, nach =
a Ca-lbayt er kam nach Hau-
se. yibu Ca-lbayt er bringt es
nach Hause. ~ mit Suffixen:
3. sg. m. Caldyu, f. Caldya, pl.
Caldyan; 2. sg. m. Calayk, f£
Calayki, pl. Calaykan; 1. sg. Ca-
layyi, pl. Calayna

la-Cala auf ... hinauf, hin ...zu
a yatlaC la-Ca-llastoh er steigt
aufs Dach » toh la-Ca-ttan-
nor sie geht zum Backofen
man Cala ~ ma-Cala von ...
herab = yathaf hada alhabwe
man Ca-lastoh er schiebt die-
sen Schnee vom Dach herun-
ter

Camar, yacmar (1) bauen, er-
bauen = yaCmarlu Capar er
baut sich einen Ansitz
Camrén (n.a. I) Bauen

Camar Alter = Camru ~ Camru
sein Alter

Cémar, pl. Cammar dicht ste-
hend = addaxan Cémar-we
die Hirse steht dicht

 

mq

Cml

Cmm

Cmn

Cmy

Cnb

Cmara Gebaude

Camg Tiefe = Camqu fiyu Cas
santénat seine Tiefe betragt
10 cm

Camiq, f. Camiga, pl. Cmag tief
= frag tikin Camigq ein Gefa,
das tief sein sollte

staCmal, yastaCmal (X) benut-
zen, verwenden = bSan ays
yastaCmalihu wozu benutzen
sie ihn?

staCmél (VerbalnomenX)
Gebrauch, Verwendung =
@staCmélu ktir-we er findet
vielfaltige Verwendung

Camal Arbeit m md yabqa
Sagal w mo yabga Camal es
bleibt gar keine Arbeit mehr
iibrig

Camm, pl. mam Onkel vater-
licherseits = aban Cammu
sein Vetter. wlad Cammu seine
Vettern. bayt Camma das
Haus (die Familie) ihres On-
kels

Cammo Onkel! (Anrede an ei-
nen alteren Mann)

Camndwal vergangenes Jahr
[< *Camin awwall

ami, yaCma (1) (intrans) blind
werden, erblinden

Cama, yaCmi (I) (trans, blen-
den = attdz yaCmiyan der
Staub blendet sie (pl)

acmi, f£. Camya, pl. Camaye
blind

Canab (Koll) Weintrauben =
yastéwi alCanab die Trauben
werden reif

Cnabdten alkarkisi ihre Kar-",0.0,eng,82.24025762032086,False,1648427657.766251,1.75
104,"


cayn

99

 

Cnt

end

koSi-Trauben

Canbéye ~ Cambéye (nu), pl.
Cambéyat einzelne Weinbeere
Cannat, yCannat (II) hassen
(jdn. man) «= kayCanntin
man baCdan sie haBten einan-
der

Cand, Cand ~ Cadd, Cadd (vor
Kons.) (Prap.) 1. bei; zu m Cadd
lotfal bei den Kindern. gaw
Candi sie kamen zu mir 2
(meist mit fi) haben = fi Candu
Cakik er hat einen Hammer.
la-m@ Candu battéx yastarilu
wer keine Honigmelonen hat,
kauft sich (welche). - mit Suf-
fixen: 3. sg. m. Candu, pl
Candan; 2. sg. m. Candak, pl.
Caddkan; 1. sg. Candi ~ Candi,
pl. Caddna

lo-Cand zu » yagawn la-Candu
sie kommen zu ihm. yroh la-
Candan er geht zu ihnen

man Cand von « fatahtu man
Cadd aggabb ich réumte (den
Schnee) von der Zisterne weg.
hattu man Candak gib es von
dir (stell du es zur Verfiigung)

Cngd Canqiid, pl. Canégid Traube

cng
Cny

Cwe

(von Weinbeeren)
mCnaga, pl. -at Reitsattel
yacni also [< tiirk. yani dass]

maCna Bedeutung [levant. 2] |

= ayS maCndtu was bedeutet
das? hak maCnata yaCni mo=
thabbu das bedeutet, daB sie
ihn nicht liebt

Cawag, yacwag (I) 1. (intrans.)
schief sein od. werden = bsan
la yaCwag damit er nicht
schief wird. 2, (trans) biegen

Cwd

Cwd

Cwr

cwq

Cwql

 

= yoCwagiihu sie biegen ihn
acwag, f. Cawga, pl. Cag
krumm, gekriimmt, gebogen
Cad, pl. Caidayn, du. Ciidtayn
Holz, Stiick Holz; kleiner Ast,
Zweig = maCdlaqg man Cid
Léffel aus Holz. Cad hatab ein
Stick Holz. yaCni man Cidayn
ysay-zade Cas§ aus Zweigen
baut er sich ein Nest. yakéak
hawlu Cidayn er steckt um
ihn herum kleine Zweige (in
den Boden)

Cade 1. Sitte, Brauch, Ge-
wohnheit m alCade hdgge-ye
so ist es Brauch. yaCrafiin
fe-Cadéten sie kennen_ ihre
Gewohnheit. 2. (nachgestellt,
unverand.) normal, gew6éhn-
lich, iiblich = S0rba Cade nor-
male Suppe. yahal Cade ein
richtiger Sattel

I naCiidu bi-llahi Gott sei da-
vor! [har]

Cawwar, yCawwar (II) mit fei-
ner Spreu (Cdr) bestreuen
C6r feine Spreu

Cawwag, yCawwag (II) aufhal-
ten = fCawwgihu sie werden
ihn aufhalten

mCawgal mit eingeknickten
Beinen (Esel) [zu Caqile
Kniekehle]

matwal Schneide der Doppel-
hacke (fas)

=> mn

cewan, yCéwan (Ill) helfen =
bSan tCe@wnithu damit sie ihm
helfen

tCawan, yatCawan (V1) sich
gegenseitig helfen, zusam-",0.0,eng,82.20841101608579,False,1648427659.253716,1.75
105,"


100

CAyn

 

cyb

oyr

cys

menarbeiten m fat tabyat yat-
Cawaniin drei Familien arbei-
ten zusammen

Cawwa, yCawwi (ID) bellen
Cayb Schande, ungehoriges
Verhalten = Cayb-we es ge-
hort sich nicht

Cayad (unveranderl) gehirig,
zugehorig [< tiirk. ait dass] =
Ca@yad-anne la-baCdan sie ge-
horen zusammen

Cayyar, yCayyar (II) Ma8 neh-
men, anpassen » yCayyédru er
paBt es an

Cyar (bestimmtes, richtiges)
MaB w Cyar thattu sie gibt ihn
(sc. den Traubensirup addabs)
im richtigen Ma8 zu. ytallac
kawe Cyar Cala sdqu er
schaut: es (sc. das Hufeisen
annaCal) entspricht maBgenau
dem FuB (Huf)

Cayyas, yCayyas (II) Ausschau
halten, beobachten = Cayyastu
halbant ich beobachtete das
Madchen

Cie Leben, Lebensweise =
Cigdten ihre Lebensweise

 

cyl

Cyn

Cayle Familie

Cyal (pl.) Kinder, Familienan-
gehorige

Cayyan, yCayyan (Il) schauen,
vermuten; aussuchen, zuwei-
sen m yCayyniilu bayt sie su-
chen ihm ein Haus aus

Cayn (f), pl. Caynayn Auge =
lahu Cayn fa-battkan er hat
ein Auge auf eure Tochter ge-
worfen. Cayndyu seine Augen

Cayn (unveriinderl.) genau wie
= Cayn alqaddor genau wie
ein Tonkrug. Cayn alhabwe
genau so (wei) wie Schnee.
Cayn kama hak genau wie je-
nes

Cayne, pl. Caynat, du. Cayntayn
1 Schlinge, Schnur mit
Schlinge. 2, Fach = Caynat ha-
qibe das Fach einer Sattelta-
sche. alhagibe Cayntayn-ye
die Satteltasche hat zwei Fa-
cher

maCyan: mayy maCyan Quell-
wasser",0.0,eng,83.56873132126697,False,1648427660.282908,1.75
106,"


gbr

édr

dy

arb

Gayn

gabbar, ygabbar (Il) aussaien
und unterpfliigen, ausbringen
(Friihsaat)

tagbir (Verbalnom. II) Aussaéen
und Unterpfliigen, Ausbringen
(der Friihsaat)

ebay Aussaen und Unterpflii-
gen (der Friihsaat)

ngaban, yangdban (VII) ge-
krankt sein

gabine schade

gadar, yagder (1) tauschen,
betriigen

gador, f. gadora, pl. gadorin
falsch, betriigerisch

gadir, pl. gadran groBe Pfiit-
ze, Lache

alGadir Flurname

tgadda, yatgadda (V) friih-
stiicken

gade morgen

gada (f.) Friihstiick

garb Westen

garib, pl. garb fremd, Frem-
der = hawésid garb fremde
Schnitter, Erntearbeiter
garab (Koll.) Pappeln, Pappel-
holz, Holz

garabe (nu), pl. garabat Pap-
pelstamm, Baumstamm, hiél-
zerne Stange

magrab Sonnenuntergang =
baCd almagrab nach Sonnen-
untergang

grbl_ garbal, ygarbal (1) sieben (mit

 

bz

af

dem Mehlsieb garbe) =
ygarbaliihu ba-igarbel sie
sieben es mit dem Mehlsieb
garbél, pl. garebil Mehlsieb.
— Text 102

garbil Drahtgitter —- Text
105

garz Weinberg

garze, pl. garzat junger Wein-
stock

garaf, yagraf (I) schépfen =
yagrafin man hak almayy sie
schépfen von diesem Wasser
ngaraf, yangéref (VII) einsin-
ken

garif Schépfloffel (aus einem
langhalsigen ragbdni-Kiirbis)
magrafe Schépfloffel = tatna-
wal b-almagrafe w ssabb
Ca-ssdg sie nimmt mit dem
Schépfléffel und gieBt auf das
Backblech

gram Gramm m= mit 2gram
hundert Gramm

gazal, yagzal (I) spinnen
gazal (gesponnenes) Garn =
gazal gatan Baumwollgarn
gatt, ygatt () eindringen, sich
eindriicken = alxangar gatt
der Dolch drang ein

atta, ygatti (Il) zudecken, be-
decken m tgattiyu ba-gabra-
tayn tate sie deckt ihn (sc. den
Teig alCagin) mit zwei, drei
Tiichern zu

I yagfawlan saCtayn tate sie
schlafen ein, zwei Stunden,
halten ein Nickerchen

&4Gfi, f. gafve, pl. gaffay einge-
schlafen; verschlafen",0.0,eng,79.29620382954546,False,1648427661.554909,1.75
107,"


102

Gayn

 

élb

aid

all

&lm

glw

By

aglab das meiste, die meisten
= agldban die meisten von ih-
nen

aglabiye Mehrheit = aglabiys-
tan ihre Mehrheit, die meisten
von ihnen

gold Dicke, Umfang = galda
fiyu ba-gald faxad ihr Umfang
ist wie der eines Oberschen-
kels

galéd, f. galéda dick (von Um-
fang) = msalle galéga eine
dicke Sacknadel

aglad (Elat.) dicker = aglad
man ansGnayn dicker als zwei
Menschen

gail, f. gale, pl. gaillin teuer =
almaCnaga galle-ye der Reit-
sattel ist teuer. > gly

galam (Koll) Ziegen [< aar.
gnm) = Cas ris galam zehn
Ziegen

galame (n.u.), pl. galamat Zie-
ge = galamtayn zwei Ziegen
galwe (nx zu gly 1) Kochen,
Aufkochen m tagliya galwe xa-
fife Ca-nnar sie léBt sie mit
schwacher Hitze auf dem
Feuer kochen. tagli galwat-lax
sie kocht noch einmal auf. >
gy

gala, yagli (I) 1. (intrans.) ko-
chen, zum Kochen kommen #
yagli hak almayy das Wasser
kocht. 2. (trans) zum Kochen
bringen; kochen m=  tanagli

alCads wir kochen die Linsen. |

= glw

 

amd

byb

gali (Verbalnom. I) Kochen =
awwal ma yballas fo-lgali so-
bald es zu kochen beginnt
agla (Elat.) teurer

gammad, ygammad (II) schlie-
Ben (Augen) = ygammad Cay-
néyu er schlieBt die Augen
ganna, yganni (II) singen =
ygannawn sie singen

mara, pl. magayar 1. Hohle =
kama lamgara wie eine Hohle.
2. Mistgrube

gabat, tgib (I) (Sonne:) unter-
gehen = baCd ma ggib (< tgib)
asSams nachdem die Sonne
untergegangen ist

gayyar, ygayyar (I) andern,
wechseln m= ygayyar almayy er
wechselt das Wasser

tgayyar, yatgayyar (V) sich
andern = yasmu md yatgayyar
sein Name dndert sich nicht
gayr 1, (selbstandig) andere
Leute = yasmaCuin m-algayr
sie héren (es) von anderen
Leuten. 2. (in Genetivverbin-
dung) anderer = gayr wéhad
ein anderer. gayr si etwas an-
deres. yroh la-gayr moda er
geht zu einer anderen Stelle.
tikiin fi gayran-zade wenn es
noch andere als sie gibt. 3
auBer; (im negierten Satz) nur
= gayr l-aggema layn tiroh?
wohin soll er gehen auBer zur
Moschee? md yatlaC gayr
ba-llayl er geht nur bei Nacht
aus",0.0,eng,82.90665516905445,False,1648427662.989931,1.75
108,"


Fa

fo- (Prap) 1 in, an = kiye
fo-tamm addib sie befindet
sich im Maul des Wolfs. fi fa-
Madyad haddédin in Midyat
gibt es Schmiede. yamsdku
fa-?idu er nimmt es in die
Hand. git fa-faxdu (der
Schu8) traf ihn in den Ober-
schenkel. yarmiyu fo-ddar er
wirft es (sc. das Brennholz
alhatab) in den Hof. éhag sa-
waw fiyi so haben sie an mir
gehandelt. fo-xams tiyém ya-
xrab kartlax in fiinf Tagen ist
es wieder kaputt. 2. an, bei
(zum Ausdruck des Objekts
bei sich hinziehender Hand-
lung) = yaCni saCa, w hiye ta-
Cgan fe-hak alCagin eine
Stunde lang knetet sie an die-
sem Teig. yawm ..., hanne
yhaddriin fa-hada al?akal ei-
nen (ganzen) Tag. ‘ind sie
mit der Zubereitung dieses
Essens beschaiftigt. — mit Suf- |
fixen: 3. sg. m. fiyu, £. fiya, pl. |
fiyan; 2. sg. m. fik; 1. sg. fiyi, |
pl. fina. > fy |
fébriga, pl. fabdrag Fabrik [<
turk. fabrika dass]

‘fat, yfott (D) zerkriimeln, zer-
pfliicken m tfott rgif xbayz
harr sie zerpfliickt einen hei-
Ben Brotfladen

fatt (Koll) Krumen

fattaye (nu), pl. fattéyat Kru-
e

 

m

 

fatah, yaftah (1) 1. (intrans)
sich dffnen = (alCayne) taftah
(die Schlinge) Gffnet sich. 2.
(trans) 6ffnen = yaftah alCay-
ne er offnet die Schlinge. fa-
tahtu Ibdb ich 6ffnete die Tir.
yaftahallu dakkan er eréffnet
einen Laden

maftoh ~ maftith, f. maftéha ~
maftiha (pp. I) geéffnet, offen
= yxalliya maftoha er laBt sie
offen

fathén (na. 1) Offnen = albab
fathénu la-gitwa-we die Tiir
geht nach innen auf

fattah, yfattah (Il) 1, 6ffnen
(bei Pluralitat des Objekts) =
fraxa yfatthiin Cayndyan ihre
Jungen 6ffnen die Augen. 2.
ausschlagen = hilwe yfatthin
lakriim wenn die Weinberge
ausschlagen

nfatah, yanfétah (VI) geéffnet
werden, sich 6ffnen lassen =
yanfétah byit es wird in Hau-
ser eingebrochen

ftdh asSarq Morgendimme-
rung

fatih urbar gemachtes Land,
auf dem ein Weinberg ange-
legt ist.

alFatih Flurname

alfétha die Fatiha (erste Sure
des Korans)

mafiéh, pl. mafétih Schliissel
fotar, yaftar (1) lauwarm wer-
den = awwal md yaftar (alha-
lib) sobald (die Milch) lau-
warm wird

fata, yoftag () auftrennen =
yaftaqiwan ysawdwan kartlax",0.0,eng,80.44774531092436,False,1648427664.366466,1.75
109,"


104

Fa’

 

ZRe

Se

be

mar§ sie trennen sie (sc. die
Transportsacke sii) auf und
machen wieder Decken dar-
aus

fil, Zahlpl. taftal geflochtener
Strang = ftilayn hasi§ zwei
Strange Gras (Heu). xams taf-
tal fiinf Strange

fille, pl. fiilat ~ foteyal, du. fiil-
tayn 1. Docht. 2. Zwiesel (beim
Sattel)

fottale, pl. fattalat Stock zum
Krempeln der Baumwolle
fatil, pl. fawétil diinne Teig-
wurst (bei der Herstellung
von kleinen Nudeln sCirdye,
— Text 6.6)

fahhil kleine Zisterne

foxxa, pl. faxax Falle

faxad, pl. fedd 1. Oberschen-
kel [< aar. fxd] = faxad ansan
menschlicher  Oberschenkel.
faxdu sein Oberschenkel. ka-
law fedgu seine Oberschen-
kelmuskeln. 2. Biigel (der Fal-
le)

faddan Tagwerk

Ik yfaddiyan ... xamsamit wa-
raga er la8t ihnen fiinfhun-
dert Lira (vom Brautpreis)
nach

tfarrag, yatfarrag (V) schau-
en, zuschauen, anschauen
(Akk. = Cala) m= yatfarragiin
Caldyu sie schauen ihm zu

I: yafrahan sie vergniigen sich

farrax, yfarrax (Il) Junge zur |

Welt bringen

farx, pl. frax Junges = frax
addib die Jungen des Wolfs.

 

frd

fre

frsn

frax alhagal die Kiiken des
Steinhuhns

farad, yafrad (1) lésen, ab-
streifen (etwas Aufgefadeltes)
= hak waraq alyébas la-fa-
radat ma-Ixariiz die getrock-
neten (Wein)blatter, die sie
von der aufgefadelten Kette
abgestreift hat

VIL: ngatacat mazbahéti, nfa-
radat meine Gebetskette rif
und (die Perlen) zerstreuten
sich

mfarrad, f. mfarrade, pl.
mfarradin an den Randern in
Abstanden eingekerbt (Muster
an Geffen, Tabletts ua.)
farde Fach, Halfte (des Bla-
sebalgs manfax, - Abb. S.
423)

farr, yfarr (I) fliegen, wegflie-
gen

farar (pa. 1) fliegend = hiwe
farar ysay 4868 9888 im Flie-
gen schreit er ggge qgee
farr, yferr () schliirfen »
tiferrallu farra man hak
almayy er nimmt einen klei-
nen Schluck von dem Wasser
farra (nx 1) Schliirfen

faras (f), pl frésa Pferd
(weibl.), Stute = CasCds alfa-
ras der Pferdeschwanz. —
Text 41

VII: (alganfod) yanféres (der
Igel) entrollt sich

farse, pl. farSat Steinplatte =
farSat ndaf saubere Steinplat-
ten

mfargan, f. mfarSane abge-
flacht = (baydat azzahlafe)",0.0,eng,80.58277288519638,False,1648427665.7829928,1.75
110,"


105

 

frq

mfarSane-ye (das Hi der
Schildkréte) ist abgeflacht
ba-Ifard zum Beispiel

-, yafrag (I) 1. leer werden,
sich entleeren m (allasgqat)
yafragiin (die gefiillten Kal-
daunen) entleeren sich. 2. ab-
wesend sein, fehlen m= (arrafs)
mo yafrag man idu (die
Schaufel) wird von ihm nie
aus der Hand gelegt

farrag, yfarrag (I) leeren,
ausleeren, schiitten = tfarrag
albargal baynu sie schiittet
die Weizengriitze hinein

frag, pl fardyag GefaB,
Schiissel; (pl) Geschirr = fo-
rayag safer KupfergefaBe
farag Hohlraum

farag, £. farga, pl. ferrag 1.
leer m moda la-baq farag die
Stelle, die leer geblieben ist. 2
mit leeren Handen « farrag
m6 yagawn sie kommen nicht
mit leeren Handen

farfare, pl. -at Schmetterling.
— Text S17

-, yafraq (1) trennen
(almagta’) yafraq halgensayn
tate, lasmiide (das GrieBsieb)
trennt diese zwei, drei Gries-
sorten

mafrog, pl. mafrégin (pp. D
getrennt = mafrdgin man
baCdan auseinanderstehend,
voneinander getrennt

farragq, yfarrag (ID) 1. auslich-
ten = azzabas Cémar-we
afarrsqu die —Wassermelo-
nen(pflanzen) stehen zu dicht,
ich will sie auslichten. 2. ver-

 

frk

3 3 37

teilen, austeilen = hak alhanta
yfarrquwa diesen Weizen ver-
teilen sie. yfarrqahu Cala ahlu
sie verteilen es unter seinen
Blutsverwandten

VII: nfaraq man aggéhal er
trennte sich von dem Jungen
farg Unterschied » ft baynan
farq zwischen ihnen besteht
ein Unterschied

farak, yafrak (I) 1 reiben,
abreiben, scheuern; einreiben
(mit fo-) = yafrak hak almab-
baxiye er scheuert den Topf.
yafrdka fo-rmade er reibt ihn
(sc. den Stoffetzen alxargqa)
mit Asche ein.

2. zerreiben

farke (nw. 1) Abreiben

VII kamé alxarga tanférak
fe-rmade wenn der Stoffet-
zen nicht mit Asche eingerie-
ben wird

fork (Koll) Mandein

forn moderner Backofen
basémir alfrangiye .franzési-
sche“ Nagel

frangiye, pl. frangiyat moder-
nes Tiirschlo8 aus Eisen
feza°, yafzal (1) sich fiirchten
(vor man) = mo tafzac ma-
Dansan sie fiirchtet sich
nicht vor dem Menschen
fazCa Furcht = man fazCdten
man lansdn wegen ihrer (pl.)
Furcht vor dem Menschen
fastan, pl. fesétin langes Kleid
der Frauen

fasx 1. ein Teil von zweien =
fasx alkalwe die einzelne Nie-",0.0,eng,80.71379725816023,False,1648427667.2623591,1.75
111,"


106

Fa’

 

fsd

fsy

RE
Be
fil

fal

re. fasx tawm einer von zwei
Zwillingen. 2, Annullierung =
hay hakmiyédti mo tagi fasx
meine Verurteilung wird nicht
annulliert

nfasad, yanfSsed (VII) sich
gewohnen, regelmaBig kom-
men

fassa, yfassi (II) einen ge-
rauschlosen Furz lassen
faswe gerauschloser Purz

V: titfaSSaSiin sie wiirden zer-
bréseln

fiSagaye, pl. -at Patrone [<
tiirk. figek Patrone]

fassal, yfassal (I) abmessen,
zuschneiden

fasilliye weiBe Bohnen; Ein-
topf aus weiBen Bohnen. >
Text 77

fodal, yafdal (D) ubrig, bleiben
» ida fadal hagu wenn Fiillung
iibrig bleibt

V: tfaddal maCi komm bitte
mit mir!

nfatas, yanfétes (VII) ertrin-
ken

‘fat, yfett (ID) verfaulen, vermo-
dern

‘fattot, f. fattota, pl. fattotin ver-
fault, vermodert = garme fat-
tota ein verwitterter Wurzel-
stock. garémi yabbas w fatto-
fin trockene, vermoderte Wur-
zelstécke

nfatam, yanfétem (VII) ent-
woéhnt werden = fi mannan,
mahrat, m6 yanfatmiin es gibt
weibliche Fohlen, die sich
nicht entwohnen lassen

 

fil

fas

EF

3

maftame Saugschutz (Vor-
richtung zum Entwéhnen von
saugenden Fohlen u.a.)

feal, pl. feal Arbeiter, Hilfs-
arbeiter = ylammin efeil
®ktir sie bringen zahlreiche
Hilfsarbeiter zusammen

fagir, f. fagire, pl. faqare 1.
arm = fogare la-mafi Candan
hanta arme Leute, die keinen
Weizen haben. 2. bray, folg-
sam m ysay rohu faqir er
stellt sich brav ida kat faqire
wenn es (sc. das Pferd alfa-
ras) folgsam ist

= yafgas (I) zerbrechen, auf-
schlagen m tafgas hawk
albaydat sie schligt die Bier
auf

faqqas, yfaqgas (Il) 1, aus dem
Ei schliipfen (?). 2. klatschen
fokar Meinung; Absicht = Ca-
la fakri meiner Meinung nach
fakk, yfokk (1) lésen, losma-
chen m yfakk alqdlab man tah-
tu er lést die darunter befind-
liche Verschalung. yfakk hawk
attayrayn er macht die beiden
Steinhiihner los

nfakk, yanfakk (VII) gelést,
losgemacht werden m m6 tan-
fakk sie laBt sich nicht los-
machen

fakk, pl. fkak Rachen, Fang
(des Wolfs
fékye, pl. faweki Obst [< aar.
kn

I: yfagger rohu er stemmt
sich

falat, yaflat (I) 1. losrennen,
losgehen m folattu fiyu ba-

 ",0.0,eng,79.10436191343284,False,1648427668.660625,1.75
112,"


107

 

ffl

nsdb alfas ich ging mit dem

Axtstiel auf ihn los. lazam ya- |

flat xalfu er mu8 hinter ihm
her rennen, ihn verfolgen. ya-
flatin xalf baCdan sie laufen
einander nach. 2. lose, locker
werden, herausrutschen, ab-
rutschen

fallat, yfallat (11) 1. loslassen,
laufen lassen, freilassen, be-
freien m (alCayne) m6 tfallat
(die Schlinge) 1a8t nicht los.
yfallat attazi xalfa er laBt den
Windhund auf ihn (sc. den
Hasen alarnab f) los. ta-
nfallat mayy la-gime_ wir
wollen Wasser in den Dorf-
teich laufen lassen. md ttéq
tfallat yoha sie kann sich
nicht losmachen. 2, allein las-
sen, im Stich lassen = md
yfalltahu wahdu sie lassen ihn
(sc. den Sterbenden) nicht al-
lein. 3 (mit nar Feuer) anzii
den w fallatu fiya nar sie ziin-
deten es an

folhan Feld, auf dem Gurken
und Melonen angebaut wer-
den [< aram. pulhand Feld;
vgl. Turoyo falhono ~ falhono
Gurken- und Melonenfeld]
mfallas grob gemahlen = Cads
mfallas grob gemahlene Lin-
sen

I: tfalfSla ba-ImaClaqa sie lok-
kert sie (sc. die langen Nudeln
arrasta) mit einem Léffel

flan 1. Soundso m flan mat der
Soundso ist gestorben. taca
flan aban flan komm her,
Soundso, Sohn des Soundso!
2. (mit folgendem Genetiv) der

 

und der = flan=Saxs die und
die Person. man flan=mddaC-
na ich bin aus dem und dem
Ort

flano Soundso = fldno tallac
kéf-we pis schau doch, wie
haBlich der Soundso ist!

fngn fongan, pl. fonégin Tasse w

fir
fry

 

fengan qahwe Kaffeetasse
fanera Pullover [< tiirk. fanila
Flanell; Unterhemd)

tfanna, yatfanna (V) zu Mittag
essen [zu fond]

fond (f) Mittagessen [ <aram.
pnayta Abendessen (sic)]

-, yafham (I) verstehen (jdm.
Cala) = ana hakik mo=fham
Caldéyu man karra ich verste-
he deine Rede iberhaupt
nicht

ftaham, yaftsham (VIII) ver-
stehen = mda kanaftsham ich
verstand nicht

maftdham (p.a. VIII) verstan-
dig = maftsham-ant du bist
verstandig,

fat, yfut (I) 1. hineingehen,
eintreten (in fo-) = fut naq-
qilak wéhad komm herein und
such dir eines aus! fat fo-wast
alxarg er schliipfte in die
Felsspalte. sdgan tfiit fo-hak
alCayne ihr FuB gerat in diese
Schlinge. 2  hindurchgehen,
vorbeigehen (an Cala) = koha-
ne ttar§ fat da zieht das Vieh
vorbei. yfutin Caldyan sie ge-
hen an ihnen vorbei. 3. nach-
lassen (beim Preis) = garak
tfutanna fa-Siya du muft uns
etwas nachlassen",0.0,eng,83.39819173246754,False,1648427670.161401,1.75
113,"


108

 

fied

fort

fawte (nx. I) Eintreten; Vorbei-
gehen

futén (n.a. I) Eintreten; Vor-
beigehen m futén attars das
Vorbeiziehen des Viehs
fawwat, yfawwot (ID) eintreten
lassen, hineinschieben = axi-
wa mo yxalli tifawwtiiwa fe-
lbab ihr Bruder erlaubt nicht,
daB sie sie (sc. die Braut
alCariis) durch die Tiir eintre-
ten lassen. yfawwtin almaftéh
sie schieben den Schliissel
hinein. 2. hindurchgehen, vor-
beigehen lassen = ida fawwa-
twa taht Cabbdya wenn sie
sie unter einem Gewolbe hin-
durchgehen lassen. asSabriye
tfawwat dagéq der flache
Strohkorb 1a8t Mehl durch. 3
verbringen (Zeit), aufschieben
= hak asSahar-zade yfawwtii-
hu hagge so verbringen sie
diesen Monat. ida mda fawwa-
twa kfir wenn sie es nicht
lange aufschieben

fwad Herz [< aar. fu2Gd| = mo
ntéq nwaggeC fwadna wir
kénnen uns nicht so anstren-
gen

far, yfor (D) iiberkochen, iiber-
Jaufen » 1d tagli w tfor damit
sie nicht kocht und iiberlauft

fwr? far (Koll) Mause [< aar. far]

fws

fig

fara (n.u.) Maus

fas, pl. fésén Doppelhacke,
Hacke [< aar. fa?s] = galaCtu
Saq alhamham ba-lfas ich
hackte die hamham-Staude
mit der Hacke aus

foq (Adv) oben m dliyat fog die

 

obere Seite

la-fog nach oben m yatlac la-
fog er geht nach oben

man fog von oben

foq (Prap) iiber,; mehr als m=
foq asSalha talbas qamis iiber
dem Unterrock tragt sie ein
langes Hemd. foq alCasrin
fiSagaye iiber (mehr als)
zwanzig Patronen. - mit Suf-
fixen: 3, sg. m. foqu, f. foga, pl.
fogan

fogani oberer, Ober- = wace
alfoqani die Oberseite. ras
alfoqgani das obere Ende

fi es gibt [< aar. fihi in ihm
(ist)] = fi wehad es gibt je-
manden. waya ayn fi dawm
oder wo es Baume gibt. fi xal-
fa zigana hinter ihr sind ihre
Kiiken. fi Caléya hawk danégir
alCagin auf ihm befinden sich
diese Teigklumpen. fi mannan
yahwawn tawézi es gibt wel-
che, die sich Windhunde hal-
ten

fi la- haben w fi lahu Sbaq er
hat eine Leine. hdda assoba fi
laha tat sdqat der Ofen hat
drei FiBe

fi Cond haben, besitzen = fi
Candu qafasayn tate er besitzt
zwei, drei Kafige

fi mal haben, dabei haben =
w kabrite-zad fi maCu er hat
auch Streichhdlzer dabei

fi- (mit PronSuffixen: 3. sg. m.
fiyu, £ fiya, pl. fiyan) haben,
enthalten = kall bayt fiyu tan-
nor jedes Haus hat einen
Backofen",0.0,eng,81.76097664102564,False,1648427671.6771998,1.75
114,"


Fa’

109

 

fiyu (unveranderl) betragt; in
der GréSenordnung von » fila
fiyu Sabrayn ihre Linge be-
trigt zwei Spannen. fiyu
b-gald sabae wehad er ist so
dick wie ein menschlicher
Finger. ysér fiya fiyu mal-
yonayn bardbaz in ihm (sc.
dem Dorfteich aggame) ent-
stehen ungefahr zwei Millio-
nen Kaulquappen

kafi da ist (aktuelle Gegen-
wart) = asib kifi dib siehe, da
ist ein Wolf. yaCni kiifiya Casal
offenbar enthilt sie (sc. die
Offnung aftaga) Honig,

mfi es gibt nicht = madfi ah-
had bala soba es gibt nieman-

varr, yvarr (I) werfen; weg-
werfen [durch Wurzelverén-
derung aus frr] = dvarr la-
llaxx sie wirft (es) der ande-
ren (Frau) zu. md yvarriwa
Ca-llard sie werfen ihn (sc.
den Reitsattel almaCnaga

 

pd

fuk

Va

den ohne Ofen. mafi Candan
xbayz sie haben kein Brot. ida
mafi lahu hame wenn er kein
Waldstiick hat

kan fies gab = kan fi ayn es
gab zwei

ma kan fi es gab nicht

fayde Gewinn, Profit [< tiirk
‘fayda dass}

fayya’, yfayyec (Il) spiilen,
auswaschen, ausschwenken [<
aram. payyaC dass.)

feke SiiBigkeiten [< aar. fkh,
vgl. fekye (fky)]

fayy Schatten [< aar fay?] =
‘yaqcadiin fo-lfayy sie lassen
sich im Schatten nieder

nicht auf die Erde, arr al-
faxxa er wirft die Falle ab
vive: xalléya Cala viyat alla
iiberlasse die Angelegenheit
Gott. [< kurd. hévi £ Hoffnung,
Erwartung]",0.0,eng,80.34523212831859,False,1648427672.659619,1.75
115,"


qbr

qbqb
gbl

Qaf

gabar, pl. qbér Grab = yroh
la-Ca-llaqbér er geht zu den
Grabern, auf den Friedhof
magbara Friedhof

mgabgab gewolbt

= yagbal (I) annehmen, ak-
zeptieren = md yaqbalan gayr
pastéye sie akzeptieren nur
eine Pistole. alla yaqbdla
Gotte midge sie (sc. die Siih-
negabe alkaffara) annehmen
gabal (Adv) zuvor, friiher =
qabal ma kan fi trambélat
friiher gab es keine Autos
qabal (Prap.) vor (zeitlich) =
qabl addahar ba-saCtayn zwei
Stunden vor Mittag

man qabla (Adv) zuvor = man
qabla kithésabu hasdban sie
haben sich schon zuvor dar-
auf eingestellt. man gqabla
ba-yawm einen Tag zuvor
gqabal ma (Konj.) bevor »
qabal ma ymiit bevor er stirbt
gable Qibla (Gebetsrichtung
nach Mekka) w ydiriin waccu
la-igable sie wenden sein Ge-
sicht der Qibla zu

alQable Flurname

Ras alQabal Flurname

Qabdla Dorf in der Nahe von
Kandérib

maqdabal ~ mangdbal (Prap.)
gegeniiber = manqabédlu-we er
befindet sich ihm gegeniiber.
maqdbal asSate gegeniiber

 

qbw

gpsn

we

(verglichen mit) dem Winter
man mqdbal (Prap.) vor ... vor-
bei = man @mgabélan vor ih-
nen vorbei

gabbaye Wandnische

gappe Glucke, Bruthenne
qgapsiine Kapsel [< tiirk. kap-
siil dass]

qapit, pl. gawépit Mantel [<
tiirk. kaput dass.] = yalbas qa-
putu er zieht seinen Mantel
an

gqapdg Deckel [x tiirk. kapak
dass] = annawb almabba-
xiye-zade, fi laha qapag der
Kochtopf hat auch einen Dek-
kel

gpqp |: alqappe tqapqap die Brut-

qpn

qr
qaqt

henne gackert

qeppan, pl. gapépin Hand-
waage, Schnellwaage [< aar
qabban]). > Bild S. 454

> matagtar (mtqt)

Lk aggége tqatqet das Huhn
gackert

qgatal, yaqtal (I) 1. téten, erle-
gen m tiktn taqlaqin ta? aqtalki
wenn du (f) dich riihrst,
bringe ich dich um. si lo-fiyu
nasib yagtélu was ihm (an
Jagdbeute) — vorherbestimmt
ist, das erlegt er. 2 schlagen,
verpriigeln m= qataltihu qatle
kwayyse ich verpriigelte ihn
gehorig

maqtil (pp. 1) getétet = za-
lame maqtil ein Ermordeter
qatle (nx. I) Verpriigeln

gatlén (n.a. 1) Tétung, Toten =
hak qatlénu haldl-we der darf",0.0,eng,78.36980924620062,False,1648427674.0332422,1.75
116,"


Qat

ll

 

9

qhr

qhf
qu

getdtet werden

qgattal, ygattal (II) 1, téten, er-
legen (bei Pluralitat des Ob-
jekts) = qattalu frax addib sie
téteten die Jungen des Wolfs.
2. schlagen, verpriigeln (bei
Pluralitat des Objekts)

mqattalin (pp. Il) getétet (pl.) |

qgétal, yqétal (Ill) sich streiten
(mit mac), kémpfen (mit mac)
= ygetal maCan er streitet mit
ihnen

tqatal, yatgatal (V1) miteinan-
der streiten, kampfen = yaq-
qgatalun sie kimpfen miteinan-
der

ngatal, yangétal (VII) getétet
werden

X: kayastagtalihu sie hiatten
versucht, ihn zu téten (?)
Zagor alMaqtale Flurname
maqtéye 1. Gurken- und Melo-
nenfeld = ywaddiyu Imagtéye
er nimmt sie (sc. die Umhan-
getasche aéCanta m.) mit aufs
Gurken- und Melonenfeld. 2
Oberbegriff fiir alle Gurken-
und Melonenarten wie tar-
Caizi, Caggor, délma, battéx,
Sammam, qara€ etc.

gacag 1. Schmuggel. 2. illegal
[x tiirk. kagak geschmuggelt,
nicht genehmigt] = hak Saglu
gatag-we dessen Arbeit ist il-

legal |
VIL ngahar, - sich argern. [<
aar. ghr] |
gahf gebrannter Ton

qahal, yaghal (1) husten; aus-
spucken [< aar. gahila trocken

 

sein]

qhw

qdd?

qdar

qgahle (nw. 1) Husten

gahwe Kaffee [< aar. ghw]
qadd, ygadd (I) in Riemen
schneiden = hak algald yqad-
du dieses Leder schneidet er
in Riemen

qadde diinner Riemen (Leder)
= halgadde ysawiya kama
lxayt diesen Riemen macht er
(diinn) wie ein Schnur

gadd Grée, Umfang [< aar.
qadr|

b-qadd so gro8 wie = b-gadd
ragdye so groB wie eine Mur-
mel. é la-kama fraxa yagba-
rain, ys@riin b-gadda bis seine
Jungen heranwachsen und so
groB werden wie es selbst (sc.
das Steinhuhn alhagale)
m-qadd so groB wie = m-qadd
zabase so groB wie eine Was-
sermelone

Cala qadd in der Gré8e von,
entsprechend m Cala gadd
alayne in der GréBe der
Schlinge

> asqad (?Sqd), halgad (hiqd)
qgadre Tontopf

qadd6y, pl. qadédiy gro8er
Vorratskrug aus Ton (ohne
Henkel) = #éla® Satfatayn
lahme_ ma-lgaddér sie holt
zwei Stiicke Fleisch aus dem
Vorratskrug

maqdar Mai, Menge, Gré8en-
ordnung; ungefahr, ca. (bei
MaBangaben) = Calizhu maq-
day matar seine Hohe betragt
ca, einen Meter
tagadir: — ba-taqadir
durch Gottes Fiigung

allah",0.0,eng,78.66420347109826,False,1648427675.477175,1.75
117,"


2

Qar

 

qds

qdm

qrb

qadiis, pl. gawédis Blecheimer
[< kurd. gadis Eimer]. > Text
92

qaddam, yqaddam (II) 1. her-
anbringen m tigaddmin al-
mayy la-taht idu sie schaffen
das Wasser zu ihm heran. 2,
vorsetzen m= yqgaddamallan
akal er setzt ihnen Essen vor.
ygaddmihu la-qaddaman sie
setzen es ihnen vor

tqaddam, yatqaddam (V) her-
ankommen, vorriicken, sich
nahern m (alarnab) tatqad-
dam (der Hase) nahert sich
qaddam (Adv) vorne = yagawn
man gadddm sie kommen von
vorne

qaddam (Prap.) vor (6rtlich) =
gaddam assoba vor dem Ofen.
gqaddam Caynak vor deinen
Augen. gaddam addahar vor-
mittags. yhattiiwan gaddaman
sie setzen sie (sc. die gefiill-
ten Klo8e alketéli) ihnen vor.
— mit Suffixen: 3. sg. m. gad-
damu, f. gaddama, pl. qad-
daman; 1. sg. gaddami
la-qaddam vor ... hin = waslu
la-qaddam addéCa sie gelang-
ten vor das Dorf. hmaratna git
la-qaddam alhamir unsere
Eselin steht zum Decken an
gaddemi vorderer = Cagdat
algaddémiye das vordere Ge-
wolbe

gqaddim, pl. qadédim Beil,
Querbeil

qarrab, ygarrab (II) naherriik-
ken, herankommen m hiwe t-
igarrab asSate wenn der Win-

 

gre
qrsl

qr

gr

ter naherriickt. asSaytan mo
yastargi yqarrab der Satan
wagt es nicht, naéher heranzu-
kommen

tgarrab, yatgarrab (V) sich
nahern = tgarrabtu Caldyu ich
naherte mich ihm

qgarib 1, nahe, in der Nahe =
ida kan albayt qarib wenn das
Haus in der Nahe ist. fa-qarib
mawtu kurz nach seinem Tod.
2. annahernd, ca. = garib tmé-
nin sGnte ca. 80 cm. garib
Casrin sane annaéhernd zwan-
zig Jahre

taqrib ungeféhr; fast, beinahe
= tagrib sabCa tman @snin un-
gefahr sieben, acht Jahre
gerayab (pl) angeheiratete
Verwandte = rrid tansér qa-
rayab wir méchten uns gerne
(mit euch) verschwagern. ahlu
w qaraydbu seine Bluts- und
angeheirateten Verwandten
qgaraé (Koll) Zigeuner [< kurd.
gereg Zigeuner(in)]

garse, pl. qarsat Schlu8stein,
Kragstein (iiber der Tiir)
qgarise, pl. qarisat Lederrie-
men, Lederband m= garisat
assaCa Uhrband

géras, ygéras (Ill) sich kiim-
mern (um fa-), sich scheren
(an fo-) [< tiirk. karigmak sich
einmischen] = md yqérsiin
fiyu sie kiimmern sich nicht
um ihn

gars, pl. gris Groschen, Pi-
aster, tiirk. Kurus [< tiirk. ku-
rug dass] = ybiCun alkilo b-
Ca§ qrii§ sie verkaufen das",0.0,eng,79.99387670523417,False,1648427676.938498,1.75
118,"


Qat

13

 

qe

grag

qrge

Kilo fiir zehn Piaster
qariiziye, pl. -dt Querscheibe
= garuziydtu Ifogdniye sein
Kopf (sc. des Nagels albas-
mar)

garrasa Stemmeisen

qaréd, pl. qawérid hilzerner
Stampfer

qgarrat, ygarrat (II) zerbeiBen
gare ~ gara€ (Koll. Kiirbisse
qgarCa (nu.), pl. garCat ~ gréc
Kiirbis = garCatayn zwei Kiir-
bisse

agraC, f. garCa, pl. garC kahl-
kopfig

garCawayS Name _ einer
Pflanze
qgarCan Koran [< aar. qur?an]

qorag, pl -dt Rand, Ufer a
fo-qarag almayy am Ufer des
Wassers

garaf, yaqraf (1) abbrechen,
abreiBen (vor allem von Ah-
ren) m tograf assambaleye sie
bricht die Ahre ab

garqad, ygarqad (1) zerstam-
pfen, zerkleinern [zu qarod
Stampfer] = ygargédu ba-tha-
bot er zerkleinert sie (sc. die

 

 

Hirse addexen) mit dem
Dreschflegel
garqa®, ygarge€ (1) donnern =

maCal algarg6° ygargae wenn
ein Donnerschlag ertént
garg6’, pl. garégiC Donner-
schlag

garagol_ Gendarmerieposten |
[< tiirk. karakol dass]

qarme, pl. gayémi 1, Wurzel-
stock, Holzklotz m= garme |

 

qt

qrnf

qez
gsm

yebse trockener Wurzelstock.
garémi yabbds trockene Wur-
zelsticke. 2. hélzernes SchloB
an einer traditionellen Tiir >
Abb. S. 54 (unter kirmit beb)
garmit (Koll) Ziegelsteine [<
tiirk. kiremit Dachziegel]
qgarmite (n.u.), pl. garmitat Zie-
gelstein = garmitat alhamar
die roten Ziegelsteine

gern, pl. grin Horn

garénfale kleine Gold- oder
Silberperle, die von Frauen
als Nasenschmuck getragen
wird

garniye, pl. garani, du. garni-
tayn Ecke

mgarna viereckig = mdawwar,
mod mgarna-we (der Rahmen
attdr) ist rund, nicht viereckig
gara, yagra (1) rezitieren (Ko-
ran) = yagrdlu dye er rezitiert
fiir ihn einen Koranvers

qari Koranrezitator = qari-we
er kann den Koran rezitieren
graye Rezitation = qrayat
alydsin die Rezitation (der
Sure) Yasin

qzéz Glas (wohl levant.)

= yagsam (1) teilen = yagsa-
muwa ba-nnass sie teilen es
in zwei Teile

gassam, yqassam (II) verteilen
m= hiwe ygasséma Cala tfalu er
verteilt es (sc. das Fleisch
allahme) unter seinen Kin-
dern

taqsim (Verbalnom. II) Vertei-
len, Verteilung

tgassam, yatqassam (V) unter",0.0,eng,77.80698362264151,False,1648427678.305207,1.75
119,"


114

Qar

 

gsr

gss

gt

gsc

sich aufteilen (etwas fo-) =
alCalam tataggassam fa-mdlu
fremde Leute werden sich
seinen Besitz teilen

qasam 1, Teil, Partie m qas-
mayn zwei Teile, zwei Partien.
2. Abteilung, Gattung = gasm
alhamir die Gattung der Esel
qaSsar, yaqsar (1) schiilen, ent-
hiillsen m= ktiqqaSariwa bsan
hanfiye sie haben ihn (sc, den
Weizen alhanta) enthiilst, um
Weizensuppe (zu kochen)
magsor (pp. 1) geschiilt, ent-
hiilst = Adak hantat liye maq-
Sora der Weizen, der ge-
schilt, enthiilst ist

gasSar, ygassar (Il) schiilen =
tqasSar alpatita w albaydat
sie schialt die Kartoffeln und
die Eier

gasréye Schale

mgasse, pl. mgasSat Schaum-
l6ffel (aus Kupfer)

gasSat, yqassat (II) abstreifen,
abziehen = yqasstin lhéfatan
sie ziehen ihre Deckbetten ab
qasac, yaqsaC (I) sehen m ida
ma qaséCan wenn er sie (pl.)
nicht sieht. md qaSeCtu gayr
« ehe ich mich’s versah,
plotzlich. kitagsaCun ihr seht
doch

gassaC, yqassaC (II) sehen
lassen, erleben lassen # alla
yqassaCkan alxayr Gott lasse
euch Gutes erleben

=, yangssec (VII) gesehen
werden = md yang4soC man
addeCa man kann es vom
Dorf aus nicht sehen

 

af
sb

qsd

asr

ass

asf

gaSoaf, pl. gasfin schwarzweik
qasabe, pl. qasabat Leber
qasabat assawda die Leber
qasabat alhamra die Lunge
gassab Metzger

I qasadu qasd allah w gasdi
sie suchten bei Gott und bei
mir Zuflucht

qasd (Verbalnom. 1) Zuflucht
suchen

magsad Ziel, Zweck, Absicht
= magsddu m6 akal-we seine
Absicht ist nicht zu essen.
magsad tanzawwdga_ man
qalba unser Ziel ist es, sie ge-
ma& ihrer Neigung zu verhei-
raten

qgassar, ygassar (I) es fehlen
lassen = alwalad md yqassar
der Junge 1aBt es nicht fehlen
gasér ~ qasir, f. qaséra, pl.
qsa@r kurz m layéli assayf
qsa@r-anne die Sommernichte
sind kurz

qass, yqass (I) schneiden, ab-
schneiden,  durchschneiden;
zuschneiden, zurechtschnei-
den m= qqassa fa-nnass sie
schneidet ihn (sc. den Brot-
fladen addawga) in der Mitte
durch. ygass badle la-lxatan
er lat dem Brautigam einen
Anzug zuschneiden

qassa, pl. qgassdat niedriger
Fels
mgass Schere

magsaf, pl. magésaf Ahle mit
hélzernem Griff (zum Stroh-
flechten). + Bild S. 372

gsqs qasqas, ygasqas (1) schneiden",0.0,eng,77.78100837068966,False,1648427679.783354,1.75
120,"


us

 

qsl

qgm

ay

qtrm qatramiz, pl. -dt groBes Ein-

att!

3

(bei Pluralitat des Objekts);
kleinschneiden, in Stiicke
schneiden [Intensivbildung zu
qss] = ygasqas_ hallancél er
schneidet die Hufeisen zu-
recht. qgasqas hak alCagin sie |
scheidet den Teig in Sticke |
qassal, ygassal (I) Stroh- |
halme sammeln = mSaw ta-
rroh ngassal kommt, la8t uns
Strohhalme sammeln gehen
qasal (Koll) Stroh, Stroh-
halme

qasaldye (n.u.) Halm (des Wei-
zens), Strohhalm

qasaliye, pl. -at Forkel, Wor-
felgabel (mit vier Zinken)
gadame geréstete Kichererb-
sen (zum Knabbern)

qadamat sakkar kandierte Ki-
chererbsen

qada, yaqdi (I) ausfiihren, ver-
richten (Arbeit Sagal) = Sagal
m6 ytéq yaqdi er kann keine
(einzige) Arbeit ausfiihren
qadiye Angelegenheit = qad-
iyti meine Angelegenheit

machglas, Schraubglas

gett iiberhaupt (zur Verstar-
kung einer Negation) [< kurd.
get iiberhaupt nicht] = gaf=
ahhad niemand. wala ysibu
qatt Siya es passiert ihm tiber-
haupt nichts

gattske Oberteil eines Frau-
enkleids (Unterteil: game)
gata’, yagtac (I) 1. schneiden,
abschneiden, abtrennen =
mda=baq yagtaCiin sie schnei-
den nicht mehr (sind stumpf

 

geworden). yagtac rdsa er
schneidet ihm (sc. dem Hasen
alaynab £) den Kopf ab. kaiq-
qatac idu-zde (der Wolf
addib) hat ihm die Hand ab-
gerissen. yagtaCallu rawta er
schneidet sich eine Rute. 2.
abschlieBen, festlegen m taya-
qtae nakahan er wird ihre Ehe
schlieBen. yagtacin annagad
sie legen den Brautpreis fest.
3 (mit Cagal) eine Meinung
fassen = ay$=qata® Cagalken?
was ist eure Meinung (dazu)?
gatac Cagla mannu er machte
ihr Eindruck. 4. durchqueren,
iiberqueren m ta?aqtaC attaréq
ich werde die StraBe iiber-
queren

qatec (pa. 1) iiberquerend =
ana gata attarég wihrend ich
die Stra8e iiberquerte

magto®, £. magt6€a (pp. 1) ab-
geschnitten

gatCén (n.a. 1) Abschneiden;
AbschlieBen = — fa-gatCén
annakah beim AbschlieBen
des Ehevertrags

qgattaC, ygatta€ (Il) 1. abschnei-
den, abtrennen (bei Pluralitit
des Objekts) = ygattac rasan
er schneidet ihnen die Képfe
ab. 2 kleinschneiden, in
Stiicke schneiden, in Portio-
nen aufteilen m qgattsCa sie
schneidet es (sc. das Fleisch
allahme) in kleine  Stiicke.
ygattee hatab er hackt Brenn-
holz

tagtic (Verbalnom. II) Klein-
schneiden, Aufteilen = baCd
ma yxallsithu tagfif wenn sie",0.0,eng,79.54424363323783,False,1648427681.3228328,1.75
121,"


116

Qaf

 

qd

ihn (sc. den Teig alCagin) fer-
tig in Portionen aufgeteilt ha-
ben

ngataC, yangédtaC (VII) 1. abge-
rissen werden; abreiBen, zer-
reiSen (intrans) m= tangétec
saqu sein FuB wird abgeris-
sen. yd tangdtaC arrasme ent-
weder der Ziigel zerreift ... 2
(Regen:) aufhéren = man
@ngatac almatar als der Re-
gen aufhérte

alQatCa Flurname

maqta, pl. maqatae GrieBsieb.
> Text 103

qataf, yaqtaf (1) pfliicken, ern-
ten » yaqtafallu hamal Canab
er pliickt sich eine Traglast
Trauben

qtaf (Verbalnom. 1) Pfliicken,
Ernten = sar addaxan la-
llagtaf die Hirse ist reif zum
Ernten

gatan Baumwolle

gaCad, yaqCad (1) 1. sich set-
zen, sich hinsetzen; sich ab-
setzen; wohnen (in fa-) =
fad setz dich! gaCdu fo-ddar
sie setzten sich in den Hof.
almath tagcad fa-2ard addast
das Salz setzt sich auf dem
Boden des Kessels ab. 2. auf-
stehen (vom Schlaf) = yagCa-
diin man assabh sie stehen
friihmorgens auf. 3 anlegen
(auf Cala) = gaCad Cala wehad
mannan er legte auf einen
von ihnen an

g@&€ad, f. géCde, pl. g°iid (pa.
1) sitzend = kiye geCde Ca-
ssand6q sie sitzt auf der Ki-

 

ste. zalamtayn ®qCud zwei
sitzende Manner

gid (Verbalnom. 1) Sitzen;
‘Wohnen

géCad, ygeCad (Ill) stellen,
setzen m ygqeCddu fo-llacqar
er stellt ihn (sc. den Trans-
portsack asSall) auf dem Feld
auf. yg@Cdiiwa Cala hak san-
doqa sie setzen sie (sc. die
Braut alCaris) auf ihre Kiste
VIE md=yangécad man kann
sich nicht setzen

qaffora, pl. gaféfir Korb aus
hamham-Fasern. — Text 11.5
qgafaz, - (I) springen

tagfiz (Verbalnom. II) Heraus-
stoBen

V: hiiwe tagfiz mo yaqqaffaz
er (sc. der Riegel azzand) la8t
sich nicht herausstoBen

qafas, pl. qfosa, du. qafasayn
Kafig, Bauer

gaffe, pl. gafaf kleiner Korb
gefaf azzall (pl) Art kleiner
Kérbe

qafal, yaqfal (I) 1. (intrans.)
frieren, steif gefroren sein =
kdaqqafaltu man bardi ich war
steif gefroren. 2, zuknépfen
gefal Schlo8, Verschlu8

qafal, du. gaflayn Armvoll,
Biindel = gaflayn hatab zwei
Armvoll Brennholz

qafle, pl. qaflat groBe Garbe,
zur ‘Traglast zusammenge-
bunden

gaffa, yqaffi (Il) (mit dat. eth.)
sich suchen, auftreiben =
yqaffilu Sarét er sucht sich",0.0,eng,79.6672123832853,False,1648427682.754399,1.75
122,"


iN?

 

qb

eine Schnur

Qafa alBifa Flurname

Qafa alHarf Flurname

qalab, yaglab (I) 1. (intrans.)
hiniibergehen; iiberqueren,
hiniibersteigen, hinter (etwas)
verschwinden m= naglab la-
bayt aggiran wir gehen hin-
iiber zum Haus der Nachbarn.
(albagle) qalabat fo-ssantayn
(das Maultier) hat (ein Alter
von) zwei Jahren erreicht. ta-
lac attalCa, w qalab er stieg
den Hang hinauf und ver-
schwand auf der anderen
Seite. 2, (trans) iiberqueren
lassen; umwenden, umkippen;
von der Schulter nehmen =
taqldba sie wendet ihn um (sc.
den Pfannkuchen addawqa).
yagqlab asSall w yfarrdgu er
kippt den Sack um und leert
ihn aus. qalab latfange man
Cala katfu er nahm das Ge-
wehr von der Schulter

maqlib (pp. 1) umgewendet,
umgedreht; Riickseite, Unter-
seite = safetsra magliibin-
anne ihre Rander sind umge-
bogen. ba-lmaqlib umgekehrt
herum

qallab, ygallab (II) 1. umdre-
hen, umwenden; wenden,
schwenken, anbraten; umriih-
ren m tgalldba Swayye sie
wendet es (sc. das Fleisch
allahme) ein wenig, brat es
an. 2. stoBen lassen (auf Cala)
= figallabni Cala gandze er
wird mich auf eine Leiche
stoBen lassen

taglib (Verbalnom. II) Wenden,

  

 

qlbl
ite,

dé

Schwenken = hawk lanne bala
taqlib diejenigen, die nicht (in
Butterfett) geschwenkt wur-
den

taqlibe (nv II) Wenden,
Schwenken # qqalléban taq-
libe kwayyse sie schwenkt sie
ordentlich (im Butterfett)
mgallab, pl. mgallabin (pp. 1
gewendet, geschwenkt = hawk
lamqallabin fo-ddéhne die im
Butterfett geschwenkten
tgallab, yatqallab (V) plétzlich
auftauchen (vor Cala) m rag-
Gal qqallab Caléya ein Mann
tauchte plétzlich vor ihr auf
ngalab, yangélab (VII) sich
wenden; umfallen = laha éhag
Saféter yangalbiin Caldya sie
(die Bratpfanne almagle) hat
Rander, die sich zu ihr umbie-
gen. ngalabat mayyte sie fiel
tot um

qalb Herz = yagi goddam
qalban er spendet ihnen Trost.
tanzawwdga man qalba wir
wollen sie nach der Neigung
ihres Herzens verheiraten
qdlab Barren, Stiick = gdlab
safer ein Kupferbarren. galab
sdbiine ein Stiick Seife. ysad-
dalla qdlab er bringt eine
Verschalung an

qalabdlag Durcheinander [<
tiirk. kalabalik dass]

galtag, pl. -at einfach konstru-
ierter Allzwecksattel fiir Esel,
Maultier und Pferd. > Abb. S.
178

qalag, pl. qawélig kleine Si-
chel",0.0,eng,83.05226990724637,False,1648427684.235544,1.75
123,"


118

 

qiz

qt

gic

aq

ql

qaliz, pl qawéliz kleiner |
Pflock, Stift = fo-rads kall
Cayne fi qdliiz am Ende jeder
Schlinge befindet sich ein
kleiner Pflock

qalata, pl. qalatat diinne, be-
druckte Stoffart

qala®, yaqlaC (I) 1. (intrans. ?)
sich ablésen m bSGn ... 1@ ya-
glae tin lastoh damit der
Lehm des Dachs sich nicht
ablést (2). 2. (trans) ausrei-
Ben, abreiBen, ablésen = ya-
qlac annaCal alCatiq w albasé-
mir er reiBt das alte Hufeisen
und die Nagel heraus. taglac
addawga sie rei&t den Brot-
fladen (von der Wand des
Backofens attannor) ab
qalla®, ygallaC (II) 1, (intrans.)
losrennen, losgallopieren, gal-
lopieren. 2. (trans) herausrei-
Ben, herausbrechen m# yqallaC
hageyar er bricht Steine
ngalaC, yangdla (VII) ausge-
rissen, abgelést werden, sich
abldsen = largif yangdlec der
Brotfladen lést sich ab. md=
yangélaC ba-llid er laBt sich
nicht mit der Hand ablésen
QalCat Hébin Flurname
Magia alFar§— Flurname
(Steinbruch)

-, yaqlaq (I) sich bewegen,
sich rihren = md=stargi baga
aglaqg ich wage mich nicht
mehr zu bewegen. md=ytéq
yaqlag er kann sich nicht rih-
ren

qalil selten (har) = galil ahhad
ysawiyu hdgge nur selten

 

gqim

qw

qlyt

ay?

macht man das

qlayl wenig = ida kdnu fo-
raydgan qlayl wenn sie wenig
Geschirr haben

agall (Elat.) weniger (har) =
agall man matrayn weniger
als zwei Meter

aglal (Elat.) weniger = Cardu
aqlal-we man matar seine
Breite betragt weniger als ei-
nen Meter

qalam, pl. glam 1. Schreibstift.
2. Eisenstift, der beim Steine-
brechen verwendet wird. 3
Stange (eines Materials) =
qalam daramét eine Stange
Dynamit

galaw (unverand.) fett [< kurd.
gelew dass] = lahmédtan ktir
galaw tatlac ihr Fleisch ist
sehr fett

qala, yagli (I) braten m tagli
arbac xams baydat sie brat
vier, fiinf Eier

mali (pp. 1) gebraten m bayg-
Gt magliyin gebratene Eier
galla, ygalli (1) braten m= ygal-
lawn fiya alCasa sie braten in
ihr (sc. der Bratpfanne
almagle) das Abendessen
taqliye (Verbalnom. II) Braten
= San tagliye zum Braten
magle, pl. maglat Bratpfanne
(aus Kupfer). > Text 87 Abb.
S. 342

gale Zinn [< tiirk. galay dass]
tgamar, yatgamar (V1) ein
Gliicksspiel spielen = yaqqa-
marin qmér sie spielen ein
Gliicksspiel um hartgekochte
Eier",0.0,eng,78.2699554490358,False,1648427685.700191,1.75
124,"


1g

 

qamar Mond « ida kat ad-

danye gamar wenn der Mond

scheint

mar Gliicksspiel

qmér Gliicksspiel mit hartge-

kochten Eiern

quma& Stoff [< tiirk. kumas

dass]

Qamasio Kamischli (Stadt in

Nordost-Syrien)

qamis, pl. gamsan 1, langes

Frauenhemd. 2. langes Unter-

gewand (bei Mannern, obso-

let). 3, (modernes) Hemd

game, pl. qmoc Trichter =

gam algdaz Petroleumtrichter

gqmqm gemgam, pl gaméqam
Agame (groBe Eidechsenart).
— Text 514

qmy qdmye f. (pa. I) aufgestellt,
stehend [< ga@yme; > qwm,
qm]

gmyn gamyon Lastwagen [< tiirk.
kamyon dass]

qnb qannab Hanf (verwendet fiir
Seile und Schniire)

qndr qindara (Paar) Schuhe [<
tiirk. kundura dass] = yasta-
yawn qtindara la-lCaris sie
kaufen Schuhe fiir die Braut

qms

qme

qndg qandag, yqandog (I) wickeln
(Kind) = qgandégu sie wickelt
es
tagandig (Verbalnom. 1) Wik-
keln

gre gannat, ygannaC (Il) iiberre-
den

qnfd qanfod, pl. ganéfad Igel. >
Text 5.12

qngr qangaris, pl. -at Elster [<

 

kurd. gangeres Rabe] > Text
518
gangale, pl. ganégal Bezeich-
nung fir hélzerne Teile eines
traditionellen Schlosses: 1.
Fallbolzen. 2, Zahn des Rie-
gels. 3. Zahn des Schliissels. -
val. Text 15
qnék dein (m) Besitzer [<
aram. gné erworben habend]
qurm qawram, ygawram (I) kurz in
der Pfanne braten oder résten
[x tiirk. kavurmak dass]
gal, yqil () 1. sagen; fragen;
antworten. 2. zu sich selber
sagen, denken, meinen. 3 (ein
Geréusch) machen m asib kit-
qal tarq und schon machte es
schnapp! - Perfekt 3 sg. f
qdlat ~qat, 1. pl. galna ~ gan-
na; mit indirekten Objektssuf-
fixen: gallu er sagte zu ihm,
yqillu er sagt zu ihm
VII: yangallu man nennt ihn =
hak mé=yangallu zabal, yan-
gallu darq das nennt man
nicht Mist, sondern Vogelkot
qawlag, yqawlag (I) mit dem
qalug (kleine Sichel) ernten
tqawlag, yatqawlag (V) Bauch-
schmerzen bekommen
quwm! gam, yqam (I) 1. aufstehen;
aufspringen m ana-zad gamtu
fatahtu Ibab ich stand auf und
Offmete die Tir al?arnab
gamat der Hase sprang auf. 2.
mit Ja- herantreten an; an-
greifen = ygimiin tnayn-lox
la-tayan zwei andere treten
an ihre Stelle. qamu layu
dibayn zwei Wolfe griffen ihn

qny

ql

qi",0.0,eng,79.7414799683908,False,1648427687.13784,1.75
125,"


120

Qaf

 

an. 3 (als modales Hilfsverb)
dann, da = gamtu gabtu baqéa
da nahm ich eine Flicken-
decke

qayam, f. qamye (sic), pl.
qyém (pa. I) stehend, aufrecht
= qyém-anne sie stehen. ba-
qaytu qadyam fo-rdasu ich blieb
neben ihm stehen

qawme (nx. I) Aufstehen, Hin-
treten = awwal gawmétu la-
rasu sobald er zu ihm hintritt
game 1. Mannslainge = asib
alhabwe kissarat qame der
Schnee liegt eine Mannslange
hoch. game w mdaddat id eine
Mannslange mit erhobenem
Arm. 2. Unterteil eines Frau-
enkleids

quam: Cala qwam gegeniiber
= Cala quam sadru gegeniiber
seiner Brust

qwm? qium Scheuersand [<_ tiirk.

kum Sand]

qiwe Kraft = annar ssér b-
quwe das Feuer wird stark

-, yaqwa (I) stark werden,
starker werden

Ik gawat (qawwat ?) l-abiwa
sie begriiBte (?) ihren Vater
gawwaken (sic) alla Gott
starke euch

qawi, f. gawiye, pl gawdye
stark

qay 1. warum? m= gay wagact
fa-lhabs? warum bist du ins

 

Gefiingnis geraten? 2. denn,

oe

etwa = gay ahhad yastéri
halpatata? kauft denn jemand
diese Kartoffeln? [< kurd. gey
warum; vielleicht]

qayyad, yqayyad (II) eintragen
= ygayyad asmu er tragt sei-
nen Namen ein

qds, yqis (I) messen, ausmes-
sen

qyads Ma& = axad qydsu er
nahm sein MaB, ma8 es aus
qis zangenformig auslaufen-
der hélzerner Stiel der Dach-
walze (mandariine) [< aram.
qaysd (Stick) Holz]. > Abb.
S. 165

qayyad, yqayyad (II) austau-
schen, vertauschen .
gayyadalli-yé er vertauschte
sie mir

qm! qayyam, ygayyom (I) 1, auf

stehen lassen; aufscheuchen
= =ygqayyam = al?arnab— ser
scheucht den Hasen auf. 2.
aufstellen, errichten = ygayy-
mila Sahde sie stellen einen
Grabstein fiir sie auf

qayam > qum

qime Wert w Ii giméti ich habe
meinen Wert

 

gym? qim Lust (zu etwas), nur in

der Formel ga qimu, yagi
qimu er hatte (hat) Lust. [<
kurd. gim Wunsch, Verlangen]
= tasdwi fiya Si la-yag gimi
ich werde mit ihr machen,
wozu ich Lust habe",0.0,eng,79.93100790282132,False,1648427688.4527092,1.75
126,"


kbb

kbrt

kbn

ES

Kaf

kabb, ykabb (I) 1. umwenden,
kippen (iiber Cala) m= tkabb
aSssabriye Caldya sie kippt den
flachen Strohkorb — dariiber.
ykabbiihu éhdg kabb la-taht
sie kippen es (sc. das Back-
blech assag) so mit der Wé
bung nach unten. 2. ausschiit-
ten, wegwerfen m tkabbu sie
schiittet es (sc. das Wasser
almayy) aus

kabb (Verbalnom. I) Umkip-
pen; Ausschiitten

kabbe, du. kabbatayn Knauel
= kabbatayn tate xitin zwei,
drei Knauel Schnur

kababe Aschenreste = ko-
babat aggegara die Zigaret-
tenasche. kabdbat laftile das
abgebrannte Dochtende

— gbr

kabrit (Koll)
Streichhélzer

kabrite (n.u.) Ziindholz

 

Ziindhélzer,

kebaniye, pl. -Gt Kéchin,
Hausfrau [< kurd. kebant
Hausfrau]

kaput Mantel [< tiirk. kaput
dass]. qpt

-, yaktab (I) schreiben =
taktaballak wstye ich will dein
Vermachtnis aufschreiben
maktib (pp. 1) geschrieben;
Inschrift

katdb Buch w alkatab der Ko-
ran

 

aF

katdbe Schrift

ktibe, pl. katéyab Muster
(beim Strohflechten)

katt, ykatt (I) (Fliissigkeit:) ab-
nehmen; eingedickt, reduziert
werden

kataf, yaktaf (1) mit einer dik-
ken Nadel, Sacknadel (msalle)
nahen [< aram. k®tab zusam-
menihen]

katef, pl. ktaf Schulter; - mit
Suff: 3. sg. m. katfu, f. katfa,
pl. katfan = thatt xbayza Cala
katfa sie ladt sich ihr Brot auf
die Schulter

bayn ktaf Nacken, Riicken =
tmatt la-bayn ktafi sie (sc. die
Katze assanndra) springt mir
auf den Riicken

rds katfu seine Schulter (von
oben)

katkat, ykatkat (I) gackern »
akiéegat kaykatkatiin die Hiih-
ner gackern

kattal, ykattal (Il) zu Klumpen
formen; zu gefiillten Klé8en
formen

katle, du. katlatayn, pl. katéli 1.
Klumpen = hannaswan ysa-
wawn katéli man fin diese
Frauen formen Klumpen aus
Lehm. 2. gefiillter Klo8 aus
Weizengriitze. > Text 715
kattdne diinner Baumwollstoff
tir 1. viel = taCdba ktir-we
sie macht viel Miihe. 2. (Adv)
sehr m yhabbiin baCdan ktir
sie lieben einander sehr

aktar (Elat.) mehr (als man) =
aktay man nassa mehr als zur
Halfte",0.0,eng,81.96864065806452,False,1648427689.7712681,1.75
127,"


122

Kaf

 

krb -, yokrab (I) zum ersten Mal
pfliigen [< aram. k@rab pflii-
gen] = yakrdba er pfliigt ihn
(sc. den Acker allaCgar £)
zum ersten Mal

kt kartlax > krr

krtn_ kartone Karton

krr karra, pl. karrdt Mal = mit
karra hundertmal. awwal kar-
ra zuniachst
karrat manchmal
man karra ganz und gar,
iiberhaupt = yanharawn man
karra sie verschleiBen ganz
und gar. md=fham Caldyu man
karra ich verstehe ihn tiber-
haupt nicht
kartlax [< karrat-lax] noch-
mals, wieder

krsb karsaban (Koll.) abgeschnitte-
ne Rebzweige [< aram. kar-
s®bGné Biindel pl]

krvt_ karavéet Krawatte, Schlips [<
tiirk. kravat dass]

krk& karkisi eine Traubensorte

krm_ karm, pl. kram Weinberg
karme, pl. karmat Weinstock
karam Ehre (in Wendungen
wie:) sawaw karam la-baytna
beehrt uns zu Hause! = tacaw
man karamkan bitte kommt!
[< kurd. Kerem Gunst, Giite; ji
kerema xwe bitte!]
karim: allah karim Gott ist
giitig

krmt Karmayte Dorf bei Kinderib

krh_ karahét (pl) schlechte Scher-
ze
makroh, f. -a widerwartig; wi-
derspenstig = faras makroha

 

ksb

ksh

ksd

ein widerspenstiges Pferd

= yakri (I) mieten m yakrilu
dakkdn er mietet sich einen
Laden

kasab, yaksab (1) gewinnen
(im Spiel)

kassab, ykassab (Il) verlieren
(im Spiel)

ksah Rebschnitt [zu aram. k?-
sah (Reben) beschneiden]
maksah (f), pl makésah ~
makdsah kleine Sichel, Rebsi-
chel, Rebmesser

— yaksad (I) pikeln, einlegen,
einmachen « hallahme, yak-
saduwa dieses Fleisch pékeln
sie

maksid (pp. 1) gepdkelt, ein-
gelegt = lahmat maksud gepé-
keltes Fleisch

kasdén (na. 1) Pékeln, Einma-
chen m= bSan kasdén-we es ist
zum Einmachen bestimmt

=, yankdsad (VII) gepokelt,
eingemacht werden

kasar, yaksar ~ kasar, yaksar
(D brechen, durchbrechen,
abbrechen m kasar Swayye
ma-llargif er brach etwas von
dem Brotfladen ab

maksor, f. maksora (pp. I)
zerbrochen = razz maksor
grob gemahlener Reis

kassar, ykassar (Il) 1, bre-
chen, durchbrechen, abbre-
chen (bei Pluralitat des Ob-
jekts) = kkassaralla Ciidayn
sie bricht sich Zweige ab. 2. in
Stiicke zerbrechen, zertriim-
mern = ykassar alfaxxa er
zertriimmert die Palle",0.0,eng,80.76609574164132,False,1648427691.154969,1.75
128,"


Kaf

123

 

ksk

&&

keb

mkassar (pp. Il) zerschlagen
(miide)

nkasar, yankdsar (VII) zer-
brechen (intrans.) = ida mak-
sah nkasarat wenn eine Reb-
sichel zerbricht

kaski 1. SchneidemeiBel. 2.
Zwickzange [< tiirk. keski
dass.]

kasal Faulheit

maksi, f. maksiye (pp. I) be-
kleidet, bedeckt

kastabdne, pl. -at Fingerhut

kagSot a8Saq der Wurzelbal- |

len der Staude

-, yaksaf (I) aufdecken, he-
ben (Deckel), wegraumen
(Schicht) = takSaf hada [agin
sie deckt den Teig auf. yak-
Safin alqapag man Caldya sie
heben den Deckel von ihm
(sc. dem Kochtopf almabba-
xiye)

maksif, £. maksife (pp. 1) un-
bedeckt, nicht zugedeckt, of-
fen m ida kan agZabas maksif
wenn die  Wassermelonen
nicht zugedeckt sind

kasSaf, ykasSof (II) polizeilich
untersuchen

kasf Polizeistreife, -patrouille
kagan Wicken (Viehfutter)
kaa, yaksi (I) aufschichten
[< aram. k®Sa dass] = aksiyu
&twa ich schichte es drinnen
auf (sc. das Brennholz alha-
tab)

késye aufgeschichteter Hau-
fen

kab, pl. kCéb PuBknéchel des

 

kek

kgd

=

Schafs (zum Spielen verwen-
det)

kaCb saqu seine Ferse
mkaCCab viereckig, winkelfor-
mig

kaCk (Koll) ~—_-Feingebiick,
Platzchen, > Text 6.4

kaCke (n.u.), pl. kaCkat Stiick
Feingeback, Platzchen

kagad 1. Papier; Pappe. 2.
Spielkarten [< tiirk. kagut Pa-
pier; Spielkarten] = yalCabin
ba-Ikdgad sie spielen Karten
kaffara Sihnegabe. > Text
28

kafri: halhagéyar kafriye-nne
diese Steine sind heidnisch,
vorislamisch

kaf§ Polizeipatrouille (Varian-
te von kasf; > ksf)

kaff, ykaff (I) ballen (Faust),
zusammenklappen, umschla-
gen, unterschlagen (Beine) =
tkaff iddya sie ballt ihre Han-
de zu Fausten. la kaffat wala
maddat sie tat keinen Mucks
makfaf (pp. 1) umgeschlagen
= makfif Cala baCdu mehr-
fach umgebogen

-, yankaff (VII sich zusam-
menrollen = (alganfad) ya-
nkaff (der Igel) rollt sich zu-
sammen

kaff, pl. kfuf 1. Handflache. 2.
Handschuh = f-idéyu kfif an
den Handen tragt er Hand-
schuhe. 3 Ohrfeige m= kaff
mekan eine kréaftige Ohrfeige
kaffiye, pl. koféfi 1. schwarzes
Frauenkopftuch (wird  iiber

 ",0.0,eng,79.00255121864951,False,1648427692.540249,1.75
129,"


Kaf

 

Kfn

ify

kibt

dem gro8en weiSen Kopftuch
marhame festgebunden, damit
dieses nicht rutscht) = ySad-
din Cala tammu_ kaffiye sie
binden iiber sein Offnung (sc.
des Henkeleimers assofal) ein
Tuch. 2. kleine Schaufel am
oberen Ende des Schabers
(hakike; > Text 1.8)

tkafkaf, yatkafkaf (V) mit un-
tergeschlagenen Beinen_ sit-
zen

kafle Familie = kaflétan ihre
Familie. asib ays fi Candu kaf-
Je was er eben an Familie hat
kaffan, ykaffan (I in ein Lei-
chentuch hiillen

mkaffan (pp. I) in ein Lei-
chentuch gehiillt = hawe
mkaffan-we er ist in ein Lei-
chentuch gehiillt

kafan Leichentuch

-, yakfa (I) reichen, ausrei-
chen, geniigen m takfa la-
Cas=2zlam es reicht fiir zehn
Manner. Cas=Cambéyat yak-
fawhu zehn Weinbeeren’ rei-
chen ihm

kafaye ausreichende Menge =
tokkiin kafayat addéCa sie
muB fiir das Dorf ausreichen
= yaklab (Hund:) tollwiitig,
rasend werden » yaklab w
yann hak assaq diese Pflan-
ze wachst wie verriickt
maklib (pp. 1) tollwiitig; ra-
send (vor Hunger)

kalb, pl. kléb Hund = warak
kalb aban kalb du Hundesohn!
kalbatan, du. kalbatanayn
Zange m= yatndwdlu ba-lkal-

 

hf

batén er nimmt es mit der
Zange

kliéa 1, Feingeback, Butterge-
back; Kuchen. > Text 64. 2.
Barren, Rohling = kliéa safor
Kupferbarren

kals Kalk; Kalkmértel

maklas mit Kalkmértel ge-
mauert = alhayt maklas-we
die Wand ist mit Kalkmértel
gemauert

kals6n, pl. kalésin Unterhose
(modern)

kallaf, ykallaf (I) 1. kosten =
almaCnaga kkallafalla mitayn
w xamsin waraga der Reitsat-
tel kostet 250 Lira. katkalléfu
alfayn waraga er hatte ihn
zweitausend Lira gekostet. 2.
laden, einladen m» ykalldfan er
ladt sie ein

kall 1. (mit Sing.) jeder =
kan=naCal jedes _ Hufeisen.
kaz=zawg jedes Paar kall=
wéhad ein jeder, jeder. 2, (mit
Plural) alle; jeweils, je = koll
yawmayn tate alle zwei, drei
Tage. kall xamse satte mac
baCdan je fiinf, sechs zusam-
men. — mit Suffixen: 3. sg. m.
kallu ~ kéllatu, £. kalla ~ kédl-
lata, pl. kallan ~ kéllatan; 2. pl.
Kéllatkon; 1. pl. kéllatna =
alhawésid kéllata alle Schnit-
ter

kall ma (Konj.) sooft, jedesmal
wenn » kall md ymiit mayyat
jedesmal wenn jemand stirbt
tkallam, yatkallam (V) (nur
negiert gebraucht) keinen Ton
sagen, sich still verhalten,",0.0,eng,80.73909362777778,False,1648427694.0428119,1.75
130,"


Kat

125

 

nicht reagieren = ma=kkallam
er verhielt sich still, reagierte
nicht. md-takkallam sie tut
keinen Mucks

kalam: kalamki-we du (£) hast
recht

kim§ kalmas, ykalmag (1) in Hand-

kw

schellen legen, jmdm. Hand-
schellen anlegen = kalmasiini
sie legten mir Handschellen
an [zu > kalaméa]

kalamé&a Handschellen [< tiirk.
kelepge dass.)

kalwe, pl. kalaw 1. Niere =
fasx alkalwe die einzelne Nie-
re. 2, Muskel = kalwat faxdu
sein Oberschenkelmuskel. ko-
twat sdqu sein Wadenmuskel,
seine Wade

kala 1. sonst, andernfalls [<
(in) kan Id] w kala hawewinu
tidCaftin sonst magern seine
Tiere ab. 2. naémlich, ja = kala
kétgabru sie waren némlich
gewachsen. mé=naCrédfan kala
wir kennen sie ja nicht

kam wieviele; einige, ein paar
= kam wéhad-anne wieviele
sind sie? baCda ba-kam yawm
ein paar Tage spater

komédre (Stein)kohle [< tiirk.
kémiir dass.

kammal, ykammal (I) vollen-
den; fertigstellen = kkammal
sane sie vollendet ein Jahr
bacd mad ykammal hada
arrahal nachdem er diesen
Sattel _fertiggestellt hat.
ykammal annagad er bezahlt
den Brautpreis vollstandig
tkammal, yatkammal (V) vol-

 

lendet werden = @kkammalat
assane das Jahr ist vollendet.
katakkammalu sie waren aus-,
herangewachsen,

kmm kamme, pl. kmém_ Miitze,
Haube
kmn_ kammen solange = kamman fi

xalfu Carmél solange hinter
ihr (sc. der Tiir albdb) ein
Vorlegebalken ist

kama - kwn

kamé > kwn

kama (Prép.) 1 wie = kama
zalame wie ein Mann. kama
Ikalb wie ein Hund. 2, n’im-
lich, namens (zur Angabe der
korrekten Bezeichnung) =
yxalli taqga éhag kama zzarra-
qa er laBt so eine Luke, die
man zarraga nennt. — mit
Suffixen: 3 sg. f. kamdaha; 2.
sg. m. kamak

kama taskil wie. > skl

kama la- (Konj.) wie, so wie =
kama la-galna wie wir gesagt
haben

la-kama (Konj,) als, wenn; bis
= la-kama Saw la-bayti als sie
in mein Haus kamen. la-kama
ssér almasa wenn es Abend
wird. yanter la-kama yag
dawru er wartet, bis er an die
Reihe kommt

é@ la-kama (Konj) bis = yhattu
fa-lkor é la-kama yahmarr er
legt es in die Esse, bis es
gliiht

Imyn kamyon Lastwagen [< tiirk.

kn

kamyon dass]

kangal, ykangal (I) von Stei-
nen saubern (sc. einen Acker),",0.0,eng,80.47107015211267,False,1648427695.5299141,1.75
131,"


126

 

kns

khrb
kw

kwr?

kwr?

kwz

kws?
kf

Steine herauslesen

kannas, ykannas (11) kehren,
fegen

maknase Besengras

kahyaba Elektr! it, Strom
kii- + Personalpron. > de-
monstrative bzw. aktuelle Ko-
pula: 3. sg. m. kitwe da ist er,
er ist (gerade jetzt), f. kiye, pl.
kanne w kiana (~ kwana)
hawne ich bin (gerade jetzt)
hier. > Jastrow 1978, S. 139 f.
ka- Verbmodifikator fiir aktu-
elles Priisens. > Textband S.
12

kit- Verbmodifikator fiir re-
sultative Vergangenheit.
Textband S. 16
k6x Hiihnerstall
k6xa Pflanzloch
kar Geschaft, Tatigkeit [<
tiirk. kar, kurd. kar Werk,
Geschift] = saglétan w karan
ihre Arbeit und ihr Geschaft.
yhaddrin karan sie bereiten
alles vor

kor 1, Schmiede. 2. Esse. 3
Feuerstelle (aus Steinen, auf
die man einen Kessel setzt)
kéze Standort des Lockvogels
= moda I-thatt attayr, yasmu |
koze die Stelle, wo er das
mannliche Steinhuhn plaziert,
heiBt kéze

kwas (pl.) schine. > kwys
akwas (Elat.) schéner = mdfi
akwas mannu es gibt nichts
Schéneres. > kwys

késa Zucchini (levant.)

 

 

 

kaf, pl. kefen (freistehender)

kwkl

Koon!

Felsen, Felsblock [<
kepa Stein, Fels]

kove Hohle, Grotte [< kurd.
kov £. dass.]

kawkale, pl. -at Laubhiitte =
fo-fayy kawkale im Schatten
einer Laubhiitte

kawme, pl. kawmét Haufen =
kawmat azzabal die Dunghau-
fen

kan, ykun (1) sein. - Perf. 3. sg.
£. kanat ~ kat = la yktin Caglak
yébas sei nicht unverniinftig
(wortl: dein Verstand sei
nicht trocken)

kan wenn, falls (reale Bedin-
gung) = kdn lahu ahal falls er
Blutsverwandte hat

ka- ~ kan- Verbmodifikator
fiir habituelle Vergangenheit.
— Textband S. 13

kat- Verbmodifikator fiir Vor-
vergangenheit. > Textband S.
17

aram.

1a kan wenn nicht (irreale Be-
dingung) = 1a kan ma-lhaywan
wenn es nicht wegen der Tie-
re ware

ankan ob nun = ankan haywan
w ankGn ansén ob nun ein
Mensch oder ein Tier

kama wenn nicht (irreale Be-
dingung) [< *kan md]

kam6 wenn nicht (reale Be-
dingung) [< *ka@n mo] = kamo
ykiin mCallam fo-lhadd, mo-
ytég yakdla wenn er Scharfes
nicht gewohnt ist, kann er sie
nicht essen

ykan wenn (irreale Bedin-
gung) ykiin raht gabal floc",0.0,eng,80.37159495156695,False,1648427696.955033,1.75
132,"


Kaf

127

 

asSams wenn du vor Sonnen-
aufgang gegangen warst

la ykin wenn nicht (irreale
Bedingung) «= 1a ykin naqqay-
tiwa b-idi wenn ich sie nicht
mit eigener Hand ausgesucht
hatte

fikin wenn (reale Bedingung)
= fikiin lahu aban wenn er ei-
nen Sohn hat. fikiin sahdba
fagir-we wenn ihr Besitzer
arm ist. fikiin yagi matar falls
es regnet

Iown? konat (pl) Zelte [< kurd. kon

any

gz g

kys

Zelt]
kwa ~ kwGne ~ kwahd ~ ko-
hG@ne (Prasentativpartikel)

voila, da, siehe da, schau(t) =
kw fi maCi tfange da, ich ha-
be ein Gewehr dabei. kwaha
kanne fe-lmidan schau, sie
sind auf dem Platz. kohane
ttar§ fat da zieht das Vieh
vorbei

kwayyas, f. kwayyse, pl. kwds
schon. > kws

ki daB [< tiirk. ki dass]

ba-kér geeignet [< kurd. kér
niitzlich; Niitzlichkeit] = w
baga sar ba-kér hamal von
nun an eignet er (sc. der Esel
allahmar) sich zum Lasttra-
gen

kis Tite m kis waraq Papier-
tiite

kise kleiner Sack, Stoffsiick-
chen m kisat sabiine ein Sack-
chen Seife. kise man saCar

 

lyf

Iyl

kylw

Sackchen aus Ziegenhaar
kayyaf, ykayyaf (Il) vergniigt
sein, sich vergniigen = ykayy-
fin @ la-lmasa sie vergniigen
sich bis zum Abend

kéf wie? = kef yamsdka? wie
fangt er sie? kéf-ant wie geht
es dir?

kéf Lust (zu etwas); Vergnii-
gen = ¢ax Lig kéfu wenn er
Lust hat. ayna la-yag kéfu
wer Lust hat. ga kefi ich
freute mich, war vergniigt.
ykin gabta man kéfa wenn du
sie mit ihrem Einverstandnis
hergebracht hiittest

kai, ykil (I) messen, abmessen
= ykilan ba-ICalbe sie messen
mit der Calbe ab

kilén (n.a. 1) Abmessen m kilén
hanta das Abmessen von Wei-
zen

kilo, pl. kilowat Kilo = maqdar
nass kilo ungefahr ein halbes
Kilo. tat=kiléwat drei Kilo. ki-
lowayn w nass zweieinhalb
Kilo

kilo mater (sic) Kilometer =
kilowayn mater zwei Kilome-
ter. fat kilowat matar drei Ki-
lometer

kya ~ kyane (Priasentativparti-
kel, nur. f) voila, da, siehe da,
schau(t) = kyd git forfare
basSaratni da ist ein Schmet-
terling gekommen und hat mir
eine (gute) Botschaft ge-
bracht",0.0,eng,83.17263373487032,False,1648427698.325301,1.75
133,"


gr!

i

gbr’

gbs

gbs

Gaf

gabar, yagbar (I) wachsen,
heranwachsen, gro8 werden
[< aar kbr] » frdxa yagbarin
ihre Kiiken wachsen heran.
katgabru sie waren gro8 ge-
worden

gabbar, ygabbar (Il) grofizie- |
hen = @ la-kama ygabbéran |
bis er sie groBgezogen hat
gabay GréBe = gabra ihre
GroBe

gbir ~ gbir, f. gbire, pl. gbar
groB = hagéyar ghar groBe
Steine

agbar (Elat.) groBer

tagbire, pl. -a@t 1. der Ruf alla
hu agbar (sic). 2. Gebetsab-
schnitt, der mit einer tagbire
beginnt m ysallawn arba€ tag-
birat sie beten vier Gebetsab-
schnitte

gabra, pl. gabyat Stofflappen,
Tuch; Backtuch » tgatfiyu ba-
gabyatayn tdte sie deckt ihn
(sc. den Teig alCagin) mit
zwei, drei Backtiichern zu
gabas, yagbas (1) zusammen-
driicken, -pressen [< aar. kbs]
= yagbasiin hak alwaraq fo-
wast hak aggarra sie driicken
die (Wein)blatter in dem Ton-
krug fest zusammen

gabbds (pl): basémir gabbas
Nagel, die ineinander greifen
(Polsternagel)

gaba§, yagbas (I) zudecken,
bedecken [< aram. k@bas nie-

 

| ghh

grbs

derdriicken] = tagbdsu_ sie
deckt ihn (sc. den Teig alCa-
&in) zu. yagbasiwa-zad ba-
hak lagbé§ sie bedecken sie
(sc. die Braut alCariis) mit
dem Brautumhang

magbiise (pp. I) bedeckt (f) =
magbiise-ye (die Braut alCa-
riis) ist mit dem Brautumhang
bedeckt

gbés 1, Tuch. 2. schwarzer
Brautumhang

gahh, ygahh (1) trocknen, ein-
trocknen, hart werden
gadye Betteln, Bettelei
kurd. gedayt Bettelei]
gadb Liige [< aar. kidb]
ba-gadb vorgeblich
tgarbas, yatgarbas (V) iiber-
einander herfallen [r-Erwei-
terung zu gbs?] m= hallatfalat
yaggarbasiin fa-ziq baCdan
diese Kinder fallen iibereinan-
der her

k

grém mgargamin (pl) rauh

gral

rk

garzal, pl. garézal tiefer
Strohkorb. > Text 11.4, Abb. S.
378

garak (es ist) notig [< tiirk.
gerek notig, erforderlich] =
garak tfiitanna fa-siya du
muBt uns etwas nachlassen
(vom Preis)

> gyry

gazz, ygazz (1) zubeiBen, mit
den Zahnen packen [< aar.
kzz die Zahne zusammenbei-
Ben] = (aftawézi) yamsakin
larnab, w_ygazziwa fo-raq-
béta (die Windhunde) fangen
den Hasen und packen ihn",0.0,eng,79.93048809509203,False,1648427699.7392142,1.75
134,"


Gat

129

 

mit den Zahnen im Genick

gzm gazmin (pl) rauh

ell

goalal (pl) Kugeln, Kiigelchen

gmlk gomlak Hemd (modern) [<

tiirk. gémlek Hemd]

gngr gangrés eine Holzart

Bwe

Sahbat alGangrés Flurname
giinah ~ gunndh Siinde [<
tiirk. giinah dass] = maskéna
mo=gindh-we es ist keine
Siinde, sie (sc. die Eidechse
laslaymiiniye) zu fangen

Cala gora ~ Cala gordat ent-
sprechend [< tiirk. gére dass]
= Cala gorat sdqu entspre-
chend seinem FuB. Cala hak
algora dementsprechend

gaz Petroleum [< tiirk. gaz}
Gas; Petroleum]
gaz, yeuz (I: annaswan

yguziin Cala baCdan die Frau-
en laufen aufgeregt durchein-
ander

gwmn giiman 1. Verdacht = w ahhad

Ia Sab Calayyi gaman und nie-
mand lenkte einen Verdacht
auf mich, 2. vermutlich (Ad-

 

verb) = Cayyantu giiman xal-
lasat ich dachte, daB sie ver-
mutlich fertig sei. [< tiirk.
man Meinung, Annahme;
Zweifel, Verdacht,; vgl kurd.
goman Zweifel, Verdacht]

 

gwhr alGoharre Flurname

gwy

eyry

gilya ~ goya sozusagen I<
tiirk. giiya als ob] = hdk alCa-
&in gitya xtamar dieser Teig
ist dann sozusagen aufgegan-
gen

gayyar, ygayyar (I) dreschen
(mit Ochsen) [zu gére] =
ygayyriin hak azzdd sie dre-
schen diese Kérnerfriichte
gére Dreschen (mit Ochsen)
{< kurd. gére Dreschen mit
Ochsen] = ySaddiin gére sie
spannen an zum Dreschen.
fa-gérat hak azzad beim Dre-
schen dieser K6rnerfriichte
géra, ygéri (Ill) dreschen (mit
Ochsen) [zu gére] = hiwe t-
igérawn alCads wenn sie die
Linsen dreschen

tagériye (Verbalnom. III) Dre-
schen",0.0,eng,81.5593099330544,False,1648427700.834579,1.75
135,"


Lam

la- (Prap.) 1. fiir zu, nach =
man geCa la-geCa von Dorf
zu Dorf [< aar. li-] 2. zur Her-
vorhebung des pronominalen
Akkusativobjekts (selten) =
tayaqtal lahu er wird ihn téten.
— mit Suffixen: 3. sg. m. lahu,
f. laha, pl. lahan; 1. sg. li, ph
lana

la- + Pron.suff: haben, gehé-
ren w [i déCtayn ich habe zwei
Dorfer. lana-nne sie gehéren
uns

la- + Pron.suff, mit Prafix
ka-: (aktuell) haben = kiléhu
da, er hat

la- + Pron.suff, mit vorange-
hendem kan ~ kan-: haben,
gehéren (in der Vergangen-
heit) m kalléhu er hatte

la- + Pronsuff., mit vorange-

 

 

hendem ma-: nicht ha-
ben = mda=lahu ~ mdlu er hat
nicht

la- (Prap.) gegen, hin zu, auf
zu [< aar. il] = qamu layu sie
griffen ihn an. yagawn layki
sie kommen um dich (£) wer-
ben. kanne gitydy layyi sie
kommen auf mich zu. ga
ddawr layu die Reihe kam an
ihn. rohi ba&Zat laya ich be-
gehrte sie. xala bdlu layu er
achtete auf ihn. - mit Suffi-
xen: 3 sg. m. layu, f. laya; 2.
sg. m layk, f layki; 1. sg. layyi
la-  (Relativpron.) _ welcher,

 

lbs

welche, welches; wer # la-
md=yhabb wer nicht méchte.
Lihabb (<_ la-yhabb) wer
michte. mddaC la-fi daws die
Stelle, an der es Spuren gibt.
la-lahu wer hat

la- + enklit. Kopula: 3 sg m
lawe der welcher ist, wer ist;
3. sg. £ liye, pl. lanne = xbayz
lawe Ca-ssag das Brot, das
auf dem Backblech ist. hak
alCasa liye Ca-lmangal das
Abendessen, das auf dem
Kohlenbecken steht. tyér la-
nne fa-g@abal die Steinhiih-
ner, die im Gebirge leben

1 (Negation) nicht. 1. zur Ne-
gation des Imperativs m d=
fegi komm nicht! 2. zur Nega-
tion des Finalsatzes m= [a=ykiin
Caléfu ndgas damit sein Fut-
ter nicht knapp wird. 1d yax-
rabiin damit sie nicht verder-
ben; sie kénnten verderben

Id ... wala weder ... noch = 1a
haywan wala ansdn weder
Tier noch Mensch. la xarbén
yaxrab, wala si ysibu weder
verdirbt es, noch st6Bt ihm ir-
gendetwas zu

labit, pl. lawebit kleiner ei-
serner Schaber an der Spitze
des Ochsenstachels [< aram.
bata Schaber, mit aggluti-
niertem arabischem Artikel]
labbdd Filz; Fillung fiir den
Sattel (rahal)

-, yalbas (I) anziehen, tragen
= talbas Salha sie tragt einen
Unterrock

lébas (pa. I) tragend, angezo-
gen mit = lébas qapit er tragt",0.0,eng,82.08570813065327,False,1648427702.305161,1.75
136,"


131

 

Ibk

einen Mantel
labbas, ylabbas (Il) bekleiden
mit, auflegen, —_auftragen,

iiberstiilpen = ylabbsiiwa Ca-
Ifaras sie legen ihn (sc. den
Sattel almaCnaga) dem Pferd
auf

labs Kleidung, Bekleidung =
labs almara die Frauenklei-
dung. labsu ayS-we? was ist
seine Kleidung?

Ibés (traditionelle) Unterhose
labak, yalbak (1) sich zu
schaffen machen (an fo-) =
labaktu fa-lbGb ma taqtu fa-
tahtihu ich machte mir an
dem Tor zu schaffen, konnte
es aber nicht 6ffnen

malbik, pl. -in (pp. 1) beschaf-
tigt (mit fa-)

-, yaltébak (VII) sich abmii-
hen, sich beschaftigen m= yal-
tabkin yzayynin alCaris sie
sind damit beschéaftigt, die
Braut zu schmiicken

laban Buttermilch; Molke
labaniye Joghurtsuppe

malban Form (zur Herstellung
der — qaffora)

Igém Trense

mathéb, pl. maléhib Worfel-
gabel, Forkel (mit sieben Zin-
ken)

lhéf, pl lhéfat Steppdecke,
Deckbett = [héfatu sein Bett-
zeug

lahaq, yalhag (1) 1. einholen,
erreichen m= lahdqu wéhad
x6rt ein junger Mann holte
ihn ein. 2. es zeitlich schaffen,

 

e

leq

nachkommen = angaq yalha-
qin yaCganiin sie kommen
kaum nach mit dem Teigkne-
ten. 3 reifen, Frucht tragen
lahme Fleisch = Satfatayn lah-
me zwei Stiicke Fleisch

> xr

=, yalzaq (I) an die Wand des
Backofens klatschen (Brotfla-
den) = talzdqu f-ak attannor
sie klatscht ihn an die Wand
des Backofens

llazaq, — (VII) kleben bleiben
= ykun rgif Siya lazaq fo-
ttannor falls irgendein Brot-
fladen im Backofen kleben
bleibt

malzaga__Brottuch (Stick
Zeltleinen, auf dem der Brot-
teig ausgewalzt wird)

lezam, yalzam (I) brauchen,
bendtigen (mit Akk. des Sub-
jekts) = ida lazamna mayy
wenn wir Wasser brauchen.
ay§ yalzamu Calaf was er an
Futter braucht

lazam nétig; (meist:) es ist
notig m= hak liradhu lazam
yoflat xalfu wer ihn sieht, muB
ihn verfolgen. lazam hak alqa-
pag ykin Caldya der Deckel
muB darauf sein

Isén 1, Zunge m Cagqdat Isénu
seine Zungenwurzel. 2. Spra-
che

= yaldem (1) einfaédeln «=
yaldam hak algadde er fadelt
den Riemen ein

laddam, yladdem (II) auffa-
dein m yladdmiihu fa-leayt sie
fadeln sie (sc. die Weinblatter",0.0,eng,81.09771448203594,False,1648427703.724284,1.75
137,"


132

Lam

 

ib

Wot

alwarag) auf eine Schnur auf
lattax, ylattex (I) verschmie-
ren, zuschmieren m= ylattex
hawk alCiidayn ba-ttin er ver-
schmiert die Zweige mit dem
Lehm |
latam, yaltam (1) aus der Sicht |
verschwinden (nach unten)
maltam, f. médltame, pl. malta-
min nicht sichtbar, nicht in
Sicht, nicht einsehbar (da tie-
fer liegend)

lata, yalti (I) herumschleichen;
in Deckung gehen m= yalti hawl
algafas er schleicht um den
Kafig herum

lati, f. ldtye, pl. lattay (p.a. 1)
verborgen

lata, ylatti (I) entlangschlei-
chen; sich heranschleichen =
ylatti ma® alhayat er schleicht
an der Wand entlang. baq
ylatti dé dé er schlich sich
langsam heran

-, yalCab (1) spielen = yalCa-
bun ba-lbayd sie spielen mit
Eiern

VIL arragme katalléCab fiya
an dem Steinhaufen ist her-
umgespielt worden

laCbat, ylaCbat (1) beschmut-
zen, staubig machen # bsan la
tlacbat roha damit sie sich
nicht schmutzig macht |
tlaCbat, yatlaCbat (V) sich
schmutzig machen m= bSG@n 1a
tatlaCbat ba-ddagéq damit sie
sich nicht mit Mehl schmutzig
macht

lagam Sprengloch m= lagam
daramét Sprengloch fiir Dy-

 

Yif

Igh

namit

lagne, pl. lagnat Saatstreifen,
zu sdéende Flache (ein viertel
Tagwerk feddan) [< aram.
Pgetta (< *l@gentd) zu séende
Flache; vgl. Turoyo lagno m.
dass]

malfat nicht sichtbar, nicht
einsehbar (da um die Ecke
liegend)

loffaha, pl. -at Kopftuch (fiir
den Mann, ohne Kopfring
Cal getragen)

laff, ylaff (D 1. wickeln = hal-
marhame tlaffa fa-rdsa die-
ses Kopftuch wickelt sie sich
um den Kopf. laffaytiwa fiyu
Iwayyas ich wickelte sie gut
darin ein. kall apraxaye la-
tlaff jedes gefiillte Weinblatt,
das sie wickelt. 2, um die Ek-
ke biegen, vorbeischauen »=
ylaffan la-bayt aggiran sie ge-
hen bei den Nachbarn vorbei
ltaff, yaltaff (VII) sich zusam-
menrollen = (alganfad) yaltaff
(der Igel) rollt sich zusammen
laffe Wegbiegung

laflaf, ylaflef (1) umeinander-
wickeln, — zusammenwickeln
[Intensivbildung zu Uff =
tlaflef qasalayat Cala baCda
sie wickelt Strohhalme um-
einander

-, yalgah (Esek) beim Gehen
die Beine aneinander schla-
gen

lagat, yalgat (I) 1. aufpicken;
packen, schnappen «# lagat
maxxu er schnappte seinen
Kopf. 2. in die Furche streuen,",0.0,eng,83.27184477391305,False,1648427705.2101362,1.75
138,"


Lam

133

 

z

in Reihen in die Erde stecken
(Samenkérner)

Igat (Verbalnom. II) Ausstreu-
en, Stecken (von Samenkér-
nern)
laqme, pl.
Stiick
laqgan, ylaqgan (II) unterwei-
sen (den Verstorbenen) =
almalla ylaqgénu der Molla
unterweist ihn (sc. den Ver-
storbenen, was er auf die
Fragen des Grabesengels ant-
worten soll)

léga, ylégi (Il) begegnen,
treffen; entgegengehen m ayn
la-léqawhu wo immer sie ihn |
antreffen. yagawn ylégawhu |
sie gehen ihm entgegen |
lagan, pl. lagandt Bottich (aus |
Kupfer). > Text 83, Abb. S|
337 |
lJampa (Petroleum-)Lampe [<
tiirk. Jamba dass.]

lamlam, ylamlam (1) sammeln
(bei Pluralitéit des Objekts),
aufsammeln _ [Intensivbildung
zu Imm) w allatfalat ylamle-
mun hawk letman die Kinder
sammeln diese Geldmiinzen
auf

lamm, ylamm (1) 1. sammeln,
zusammennehmen = lammat
léli sie sammelte meine
Kleider. flammu tsayu feppe
sie nimmt ihn (sc. den Teig
alCagin) zusammen und formt
ihn zu einer Kugel. 2. zusam-
menfassen, verengen m= tlam-
mu man fog sie nimmt ihn (se.
den tiefen Strohkorb algarzal)

lagémi__Bissen;

 

nach oben zusammen (d.h.
verengt ihn)

malmim (pp. I) versammelt =
(alCads) malmiim-we (die Lin-
sen) stehen eng beisammen
ltamm, yaltamm (VII) 1. sich
sammeln, zusammenkommen,
sich treffen = yaltammin sie
treffen sich, kommen zusam-
men. yaltammallu fiyu mit
bayda bei ihm sammeln sich
an die hundert Eier an. (alSa-
&in) Itamm &4 Cala baCdu (der
Teig) sammelte sich und zog
sich zusammen. 2. sich ver-
jiingen = (algarzal) yaltamm
man foq (der tiefe Strohkorb)
verjiingt sich nach oben
lamman_ (Koll) Ameisen [<
aar. nmi]

Iahbe Flamme

lawwat, ylawwat (II) bestiiuben
(mit Mehl) = tlawwat almayde
b-dagéq sie bestaéubt das
Teigbrett mit Mehl

lwet (Verbalnom. II) Bestéu-
ben (mit Mehl)

— xr

lage 1. Kérper, Leib [< kurd.
lag m. dass. ]. = yaxsalin
lasétan sie waschen sich (am
ganzen Korper). 2, Leiche,
Leichnam [< kurd. lage m.
dass. ] = baCd kiye lasétu
harra seine Leiche ist noch
warm

lawde, pl. -at langliches Fla-
denbrot [< tiirk. lavas diinnes
Fladenbrot; vgl. auch kurd. le-
wage m. langliches Fladen-
brot]",0.0,eng,80.98557501785714,False,1648427706.6364539,1.75
139,"


Lam

 

br

bl

lirat (pl.) Goldstiicke = arba
xams lirdt vier, fiinf Goldstiik-
ke

layl Nacht, Nachtzeit = ba-
Uayl bei Nacht, nachts. ba-
layl w ba-nnhar bei Tag und
bei Nacht

layle (n.u), pl. layéli Nacht =
layéli assayf die Sommer-
nachte. allayle heute nacht
Layla Leila (Name)

lymn laymiin dizi Zitronensalz

laymiine (n.u.) Zitrone

layyan, f. layyne, pl. layynin 1.
weich, geschmeidig = man
sawf layyan aus weicher Wol-
le. 2 fliissig m Cagin layyan
fliissiger Teig. layyan, 1a ye-
bas fliissig, nicht fest

liwan iiberdachte Vorhalle im
Hof, mit steinernem Gewélbe
(Cagad@ [< aar. iwan mit ag-
glutiniertem Artikel] = yaltam-
min fo-liwan aggemaC sie
versammeln sich in der Vor-
halle der Moschee",0.0,eng,82.9810648362069,False,1648427707.2800279,1.75
140,"


Mim

ma (Negation) 1. zur Negation
des Perfekts = rahat w ma
raddat sie ging weg und kehr-
te nicht zuriick. 2, zur Nega-
tion des Bedingungssatzes =
ida ma ga matar wenn kein
Regen kommt
mbx mabbaxiye > dbx
mbdl mbadal > bdl
mtr matar, Zahipl. tamtar Meter =
matar w nass anderthalb Me-
ter. Cas tomtar zehn Meter
matar mrabba® Quadratmeter
mtgtr _mataqter Umgebung, Seiten,
ringsherum = arbCa mdtaqtar
tayru auf allen vier Seiten
seines Vogels, rings um sei-
nen Vogel herum
mmaha, yammédhi (VID) sich
abniitzen, sich abschleifen,
abgewetzt werden m basémiru
laCtaq kiitammdhaw seine al-
ten Nagel haben sich abge-
niitzt
maxx Kopf = yrasgon Cala
maxxa er streut sie ihr auf
den Kopf. gapdg maxxu seine
Schadeldecke
-, yamxad (1) buttern, zu But-
ter schiitteIn
madd, ymadd (1) ausstrecken,
vorstrecken m ymadd maxxu
er streckt den Kopf vor
tmadd ida fa-ttannor sie
streckt ihre Hand in den
Backofen. tmadd ida la-llargif
sie greift mit der Hand nach

mxq

 

dem Brotfladen. 1d kaffat wala

maddat sie tat keinen Mucks

tmaddad, yatmaddad (V) im

Sitzen die Beine ausstrecken

madde: qame w maddat id

eine Mannslange bei hochge-

strecktem Arm

madam (Konj.) da, weil [< aar.

md dam) = madam ébenna w

battkan yhabbin baCdan da

unser Sohn und eure Tochter

sich lieben

madan (pl.) Stadte [har]

tmaddan, yatmaddan (V) stad-

tisch werden, zivilisiert wer-

den

mdyd Madyad Midyat (Kreisstadt)

mr mara, du. martayn, pl. naswan
(+ nsw) Frau; Ehefrau [< aar.
mr?] = marétu seine Frau.
mart axihu die Frau seines
Bruders

mrhb V: tmarhab fiyi er begrii®te
mich

mrd_ marad, yamrad (1) (in Wasser)
einweichen, auflésen; verfliis-
sigen

mrdn Mérdin§ Mardin

hauptstadt)

marr Spaten, Grabscheit. >

Abb. S. 429

marara Gallenblase

mars, du. marSayn, pl. mrige

Gewebe, Decke aus Ziegen-

haar « kubbdsatu mrise sie

haben Ziegenhaardecken aus-

gebreitet

maras, yamras (I) auswringen

(Kleider) [< aram. m?ras aus-

pressen, schlagen]

mdm

(Provinz-

mrr

mrs

mrs",0.0,eng,83.32782519122257,False,1648427708.6520152,1.75
141,"


136

Mim

 

mrd_ marad, yamrad (I) krank wer-
den

mared krank
mrq_maraqa Reissuppe. > Text 71
mrme V: yatmarmaCiin bayn hak
allatrab sie (sc. die Steinhiih-
ner) plustern sich im Sand
mrw! mare, pl. maréwat Spiegel
[< aar. mir?at (r?y)] = mareti
mein Spiegel. marétek dein
(m.) Spiegel. marét ammi der
Spiegel meiner Mutter.
mrw2 hagar_ maru Feuerstein. >
Text 19
mrym Maryam Maria
gamCat Maryam Marienfrei-
tag
mazot Schwerél (Brennstoff
fiir Motoren) [< tiirk. mazot
dass]
masah, yamsah (I) wischen,
ab-, aus-, aufwischen = yam-
sahiin ard albayt sie wischen
den Fu8boden auf
msdh (Verbalnom. 1): yatlaCin
msdh sie sind gestrichen voll
masax, — (I) verwandeln =
alla maséxa sawdha zahlafe
Gott verwandelte sie (zur
Strafe) in eine Schildkréte
mmasax, yommédsax (VII) ver-
wandelt werden
=, yamsad (I) massieren
massas_  Ochsenstachel
aram. massasd dass]
masak, yamsak (I) fassen,
packen, fangen, festhalten,
festnehmen # yamsdku hitwe
ba-Jidu man xnaqu er packt
ihn mit der Hand am Hals,

mzt

msd
I<

msk

 

msl!

msi?

timsakithu sie werden
festnehmen

mésak (pa. 1): hada mésdku-
we dieser hat ihn gepackt
(und halt ihn fest)

maske (nx 1) Packen = yam-
séka maske kwayyse er hilt
sie gut fest

maskén (n.a. 1) Packen, Fan-
gen = maskena mo giunah-we
sie zu fangen ist keine Siinde
massak, ymassak (Il) packen,
fangen (bei Pluralitat des Ob-
jekts) = halatyér kéf tmassé-
kan tayybin? wie fangst du
diese Steinhiihner lebendig?
mmassak (pp. Il) gefangen
(bei Pluralitat des Objekts) =
kanne mmassakin sie sind ge-
fangen

maske, du. maskatayn Griff,
Handgriff

masale Angelegenheit [< tiirk.
mesele dass] = ays-ye ma-
salétak was ist deine Angele-
genheit?

masalan beispielsweise — [<
tiirk. mesela, unter Einflu&
von har. matalan dass]

msine, du. msintayn Wasser-
kanne, Schnabelkanne  [<
kurd. misin m. dass.]

masa (f£) Abend = hitwe ta-
kassér_ almasa_ wenn es
Abend wurde

almasa am Abend, abends;
heute abend = almasa tagawn
maCna heute abend sollt ihr
mit uns kommen

masSat, ymassat (II) kammen

ihn",0.0,eng,79.2386767723077,False,1648427710.025305,1.75
142,"


Mim

137

 

mSth tmastah, yatmastah (V) sich

msq

ausstrecken [zu mastah, >

masqa Riicken = masqédtu ta-
wile-ye sein Riicken ist lang-

gestreckt (vom Windhund
taZzi)
maske —lederner —_Butter-

schlauch [< kurd. megk £
Milchschlauch] = maske hak
lL-imxadin fiya llaban der le-
derne Butterschlauch, in dem
man die Sauermilch buttert

m$m§ masmea§ (Koll) Aprikosen «=

masmas yebas getrocknete
Aprikosen
masmastye
— Text 76
mSan (Prap,) fiir [< min San;
haufiger bSan, > bSn] = msan
madfiniye fiir Gemiiseeintopf
masu (Verbalnom. I) Gehen w=
fo-lmasu beim Gehen. yamgi
masu er geht (zu Fu); >
msy

masa, yamsi (I) gehen, zu Fu
gehen; laufen; reiten = masaw
sie gingen. mst! geh!, geh
weiter! mSaw tarroh laBt uns
gehen

mési (pa. I) gehend; reitend
kan més xalf albagar er ritt
hinter den Kithen her

masSa, ymassi (II) gehen
machen, gehen lassen
ymasSiya Swayye er laBt es
(sc. das Reittier addabbe) ein
wenig gehen. bSan nmassi
ttarégq damit wir den Weg hin-
ter uns bringen

Aprikosensuppe.

msrn masran, pl. masarin Darm

 

msy

me

med

-, yamsi (I) abtropfen = yan-
féru la-kama yamsi almayy
mannu er wartet, bis das
Wasser von ihm abtropft
massa, ymassi (Il) 1. (intrans.)
abtropfen = (almayy) ymassi
yanzal la-taht (die Fliissigkeit)
tropft nach unten ab. 2.
(trans) abtropfen lassen =
(azzambil) ymassi Imayy la-
taht (der Weidenkorb) laBt das
Wasser nach unten abtropfen
masoye, pl. masdyat engma-
schiges Sieb zum Abseihen
matar Regen m yagi matar es
regnet

matariye, pl. matariyat Feld-
flasche

mo (Praép) 1, mit = roh alla
maCak geh, Gott seit mit dir!
(geh mit Gott!). mac baCdan
miteinander. 2. (mit Pronomi-
nalsuff) maCu er hat, er hat
bei sich, (negiert) mda=maCu
er hat nicht (bei sich) = ays
mafak ~ ays fi macak was
hast du bei dir? ma=maCna
tfange wir haben keine Flinte
dabei. - mit Suffixen: 3. sg. m.
maCu, f. maCa, pl. maCan; 2.
sg. m. maCak; 1. sg mai, pl.
maCna

maCal la- (Konj,) wenn (tem-
poral) m= maCal la-tarCad
addanye wenn es donnert
maCdat wehad jemandes Ma-
gen

mCkr maCkariine Makkaroni

mér
miy

mgara > gwr

mafi— fy

| mgd mgadd > qdd?",0.0,eng,80.11348320903954,False,1648427711.478682,1.75
143,"


138

Mim

 

mk)1 Makk@il der Erzengel Micha-
el (er miBt den Regen zu)
mkn! yamkan vielleicht [levant]
mékan kraftig = kaff méken
eine kraftige Ohrfeige
mkn? mdkana Maschine
makkina Maschine [< tiirk.
makine dass] = makkinat la-
xyat Nahmaschine
mgzn magzin, pl. magézin groBe
Sichel [< aram. magziind (gzz)
dass, vgl. Turoyo magzuno
dass]. > Abb. S. 428
mallah, ymallah (11) salzen,
einsalzen m= ymallhitwa sie
salzen es (sc. das Fleisch
allahme) ein
tamlihe (nv Il) Einsalzen =
awwal tamlihe das erste Ein-
salzen
mmallah, f. mmallahe (pp. Il)
gesalzen, eingesalzen
math (f£) Salz = almalh thall
das Salz lést sich auf nagas
malh lose, zu wenig gesalzen
mélah, f. mélha salzig
malih ~ maléh, f. maliha ~ ma-
léha, pl. mlah gut = mo
mlah-anne sie sind nicht gut.
yastdgal malih er arbeitet gut
malléh (Koll.) gekochte und
gesalzene Kichererbsen
mallohdye (nu) einzelne ge-
kochte und gesalzene Kicher-
erbse
mlihiye Salzigkeit, Salzgehalt
= miihiydtu sein Salzgehalt
mis
melsin glatt
mly malavi Donnerwetter [< kurd.

mélas, f. mélse, pl. mallas ~ |

 

mmr

mn!

malava, verkiirzt aus mala te
ava midge dein Haus gedei-
hen!)

malak, pl. malake Engel «=
hass malak die Stimme eines
Engels

malla Mollah, Dorfgeistlicher
[< tiirk. mola dass]

malyOn Million [< tiirk. milyon
dass] = malyénayn zwei Mil-
lionen

mawemir (pl.) Beamte [< tiirk.
memur Beamter]

man ~ mane wer? w hay
man-we wer ist das? hdy le-
méne fiir wen ist das? man=
yroh la-rdsa wer geht zu ihr
hin?

man ~ ma- ~ m- (Prép.) 1. von,
aus m tiyéh man géCa la-deCa
er geht von Dorf zu Dorf.
yatlacin m-addeCa sie gehen
aus dem Dorf hinaus. takal
manna sie frit davon. 2, we-
gen, vor = ma-lharr wegen
der Hitze. ma-lhabwe vor lau-
ter Schnee. ya man rohna-we
wayG man rohu-we nun geht
es um unser Leben oder sei-
nes. 3. seit; schon = man
addahar seit dem Mittag;
schon mittags. man assayf
seit dem Sommer; schon im
Sommer. man hanne gdad von
der Zeit, da sie neu sind. 4
als (beim Komparativ) =
axayr mankan besser als ihr.
- mit Suffixen: 3. sg. m. man-
nu, f. manna, pl. mannan; 2. pl.
mankan

man-la- ~ mal-la- (Konj,) weil
= mal-la-hada tardac fiya",0.0,eng,82.1239845606469,False,1648427712.987401,1.75
144,"


Mim

139

 

weil es (sc. das Fohlen) bei

ihr saugt

mr3 man (Koni) wenn, sobald
(temporal) = man @ngatac
almafar sobald der Regen

aufgehort hat

mndr! mandar, ymandar (1) walzen
(Dach) m= ta?atla® amandéru
ich steige hinauf (aufs Dach)
und walze es
mandariine —Dachwalze.
Abb. S. 165

mndr? alMandarite Flurname

mn VII tamménaC ma-thalib sie

wird von der Milch entwohnt
mamniin zufrieden m= ysériin
mamniinin man baCdan sie
sind miteinander zufrieden
mahay, pl. mhéra minnliches
Fohlen, Hengstfohlen; Hengst
mahrya, pl. mahrat weibliches
Fohlen, Stutfohlen; Stute =
mahra kwayyse ein gutes
Reitpferd

mahri: hammas mahri Gericht
aus gekochten Kichererbsen
Cala mit mahli_ in aller Ruhe
(1 sg)

m6 (Negation) 1. (zur Vernei-
nung des Prasens) = md
ydarr Si es macht (wortl.:
schadet) nichts. md=fham
Caldyu ich verstehe ihn nicht.
2. (zur Einleitung von Satzfra-
gen, meistens bekréftigend) =
mo baCd ktye bala hsdd ist es
nicht so, da8 er (sc. der Wei-
zen alhanta) noch ungemaht
ist? > er ist doch noch unge-
maht. m6 kwdne harabat aber
sie ist doch weggelaufen. mo

mnn

mhr

|

 

lyawm tir ngahartu heute

habe ich mich wirklich sehr

geargert 3 (zur Verneinung

von Satzteilen) = albarriye

mo Pahliye die wilden, nicht

die zahmen. m6 nawbe wahde

nicht auf einmal

mat, ymit (1) sterben

mutén (n.a. I) Sterben = miitén

mat er ist wirklich gestorben

mawt Tod. —> myt

mw& mag, ymug sich riihren, sich
bewegen m= tikiin tmiag wenn
du dich riihrst

mwxl mixal, pl. mawéxal feines

Mehlsieb [< aar. munxul; >

nxl] > Text 10.4

méSa, pl. maSat Kohlenzange,

Feuerzange [< tiirk. masa

dass] + Text 11.8, Abb. S. 66

mw5

mws mdsa Tisch [< tiirk. masa
dass]

mwl! mal Gut, Besitz = mali mein
Besitz

mwi2 malu > la-1

mwy mawi: dawgat mawi ~ dawqat
mawiyin Pfannkuchen = daw-
gat almawi die Pfannkuchen

myt mayyat, £ mayyte, pl. mayytin

tot, Toter = ymiitallan mayyat
sie haben einen Todesfall.
ngalabat mayyte sie fiel tot
um. hawéwin mayytin verende-
te Tiere. > muwt

myd mayde Teigbrett

mydn midan freier Platz auBerhalb
des Dorfes (haufig Ort der
Dreschtennen bawédar)

myz mayyaz, ymayyez Berufung
einlegen [< tiirk. temyiz etmek",0.0,eng,80.5641963220339,False,1648427714.497272,1.75
145,"


140

 

dass]

mayyal, ymayyal (Il) 1 (in-
trans) abbiegen #= mayyalt
tatégi Ca-lbayt du bogst ab,
um nach Hause zu gehen. 2,
(trans) ableiten, umleiten =
ymayylin almayy la-gbeban
sie leiten das Wasser zu ihren
Zisternen ab

mayl, Zéhlpl. tamydl Seite =
man hak almayl attarég auf
der anderen Seite der StraBe.
fe-Parbac tomydl auf allen
vier Seiten

 

myl2 mil Millimeter = mil w nass,
milayn anderthalb bis zwei
Millimeter

myy! miye hundert = fa-lmiye Casa-
ra zehn Prozent. mit bayda
hundert Eier. mitayn matar
zweihundert Meter. tatamit
kilo dreihundert Kilo

myy? mayy, du. mayyayn Wasser;
Saft; Briihe = mayy allahme
die Fleischbriihe. tsawwédlu b-
mayy mayyayn sie spiilt ihn
ein-, zweimal ab (wortl.: mit
ein, zwei Wassern)",0.0,eng,82.47779784745764,False,1648427715.150004,1.75
146,"


nbs

Nan

nabas, yanbas (1) graben, aus-
heben (Loch) = yanbas nagra
er grabt ein Loch. kityanbasin
gabar sie sind dabei, ein Grab
auszuheben

nabsén (na. I) Graben = nab-
Sén laqbér das Ausheben der
Graber

nataS, yantas (1) (ab)reiBen,
(heraus)zerren = yamsak
kas=S4q w yantdsu yaqléCu er
packt jeden einzelnen Sten-
gel, zieht an ihm und reift ihn
heraus

natraye, pl. natéri kleines
Stiickchen = = 2qqattaCalla
Swayyat lahme, ssawiya natéri
sie schneidet sich etwas
Fleisch in kleine Stiickchen
naggar, ynaggor (Il) zu
schneiden, zurechtschneiden
naggar, pl. naggerin Schrei-
ner

tangil (Verbalnom. II) Jaéten [<
aram. naggel sdubern, ausput-
zen]

ngim_ ngiim (Koll) Sterne

nxl

nagme, pl. nagémi Stern
nahle_ Bienenvolk, Bienen
(Koll) = araytu nahle ich habe
ein Bienenvolk gefunden
nahne wir

naxal, yanxal (I) 1. sieben (mit
dem feinen Mehlsieb miixal) =
yenxalithu ba-lmiixal sie sie-
ben es (sc. das Mehl addaqéq)

 

nz

mit dem feinen Mehlsieb. 2.
durchlassen m (albatiha) mo
tanxal daqéq
Mehlsack)
durch, er ist dicht gewebt. >
mwxl

nxdle Kleie

naxxa, ynaxxi (II) niedriger
machen, erniedrigen

néxi, f. néxye, pl. naxxdy nied-
rig = néxi ykin walla Céli
yktin ob es (sc. das Haus
albayt) niedrig ist oder hoch
tadam, yatnadam (V1) mitein-
ander sprechen

nazaC, yanzaC (I) sprengen =
(addaraméte) nazaCat hak
alkéf (das Dynamit) sprengte
den Felsen

mnazac, yanndzaC (VII) ge-
sprengt werden

nazal, yanzal (I) hinab-, hin-
untersteigen, hinabgehen (Ca-
la zu), herabflieBen = nazaltu
Ca-sséq ich ging zum Markt.
almayy yanzal das Wasser
flie8t herab. bass yanzal fiyu
ddagéq in ihm (sc. dem Mehl-
sieb algarbél) geht nur das
Mehl durch (wortl. flieSt hin-
ab). yanzal ras as%éte der
Winteranfang kommt

nazzal, ynazzal (II) herabstei-
gen lassen, hinunterfiihren,
herunternehmen = ynazzlin
alCaytis sie lassen die Braut
absteigen. tazzédlu sie nimmt
es (sc. das Wasser almayy)
herunter (vom Feuer). ynaz-
zédla Cala danu er zieht sie
(sc. die Miitze alkamme) iiber

  ",0.0,eng,80.9373471318328,False,1648427716.527219,1.75
147,"


142

Non

 

nsf

nsf

seine Ohren hinunter. (assar-
rad) ynazzal alhanta la-taht
(das Getreidsieb) 1a8t den
Weizen nach unten hinabflie-
Ben |
nezal (II): meézdla man Ca- |
nnay sie nimmt es (sc. das
Fleisch allahme) vom Feuer
herunter [méglicherweise
ver-hort fiir mazzdla]

nazle Hang (mit kurzem Ab-
stieg)

naziile Hang (mit langem Ab-
stieg)

nasag, yansag (I) weben »}
@nsaganna tallise webe fir
uns einen Sack

nsége (Verbalnom. I) Weben =
nsé&e naCime feines Weben;
feingewebt

= yantdsa (VII) sich weiten,
weiter werden = man foq
tammu yantdse® nach oben
hin wird seine Offnung weit
[zu > ws¢]

V: (alCagin) tayotnassam (der
Teig) soll atmen

naswaén Frauen (pl. zu >
mara) = naswan w rgél Frau-
en und Manner

nasi, yansa (I) vergessen =
bSan 14 nansa damit wir nicht
vergessen

=, yansar (I) ausbreiten (zum
Trocknen) = yanSariiwa Ca-
lastoh sie breiten sie (zum
Trocknen) auf dem Dach aus
naSaf, yanSaf (I) trocknen,
austrocknen (intrans.), trok-
ken werden, versiegen =
(albargal) kiitnasfot (die Wei-

 

zengriitze) ist getrocknet. ha-
liba yanSaf ihre Milch versiegt
néSaf, f. nésfe trocken; fest,
hart; ungekocht = akal nesaf
trockenes Essen. bargal nesfe
ungekochte Weizengriitze
nasSaf, ynasSaf (II) 1, (intrans.)
trocknen, trocken werden
(allahme) tnassaf man damma
(das Fleisch) trocknet von
seinem Blut. 2. (trans) trock-
nen, austrocknen, versiegen
lassen = ynassaf glélu er
trocknet seine Kleider. kala
finassfin —alla°qar_—_ sonst
trocknen sie den Acker aus.
nasSafat amma es hat seine
Mutter leergetrunken

tansif (Verbalnom. II) Trock-
nen

tmassaf, yatnasSaf (V) trock-
nen, austrocknen (intrans.) =
bsan_ titnasSaf damit er (sc.
der Diinger azzabal) trocknet
I tinsab hada SSarak er wird
das Netz anpflocken

nsdb, pl. nsdbat Stiel = lahu
nsab man Cid sie (sc. die
Kohlenschaufel algariid) hat
einen Stiel aus Holz

nasib vorherbestimmte Menge
nasGra (pl) Christen

nass 1. du. nassayn Hialfte,
halb [< aar nsf] = nass saca
eine halbe Stunde. mater w
nass eineinhalb Meter hak
nass addawgqa dieser halbe
Brotfladen. ssay hak addawqa
nassayn sie teilt diesen Brot-
fladen in zwei Hailften. aktar
man nassa mehr als die Half-",0.0,eng,80.8985061235294,False,1648427717.971925,1.75
148,"


143

 

neg

ney

te davon, la-nnass bis zur
Halfte. ba-nnass zur Hialfte.
addahab ba-nnass der Gold-
schmuck (der Braut) wird je
zur Halfte (von den beiden
Familien bezahlt), Ca-nnass
zur Hialfte, unvollendet. 2
Mitte = ssay fa-nnass baxs
sie macht in der Mitte ein
Loch. fa-nass addakkan in
der Mitte des Ladens
mandara, pl. manager Ober-
geschoB8 (des
Hauses)
naddaf, ynaddaf (I) reinigen,
sdubern m= ynaddof taht
alhéfer er saubert den Huf
von unten

nadif, f. nadife, pl. ndaf sauber,
rein m= farsat ndaf saubere
Steinplatten

natar, yantar (1) warten = ya-
ntarallu raba® sala er wartet
eine Viertelstunde. nafartu é
la-kama sarat almagrab ich
wartete bis zum Sonnenun-
tergang

ndter (p.a. 1) wartend = yabga
natar er bleibt wartend, war-
tet weiter

natt, ynatt (I) springen = ynatt
Cala wéhad er springt jeman-
den an. ynatt fa-ziqu er
springt ihm an den Kragen.
tmatt bayn ?ktafi sie springt
mir auf den Riicken

na (Koll) Schafe

naCge (n.u.), pl. naCgat Schaf
nac§, pl. naC§at Totenbahre
(aus Holz) = hamalithu Ca-
nnaC§ sie haben ihn auf die

traditionellen |

 

nts

ney

nce

Totenbahre gelegt

naCas, yanCas (1) (Wolf:) jau-
len, heulen [< aram. n@Cas
grunzen; briillen]

naCal, yanCal (1) beschlagen
(mit Hufeisen) = tangib nanCal
2hmarna wir wollen unseren
Esel beschlagen lassen

nail (Verbalnom. 1) Beschla-
gen m= hassal sdq laxx, liye
bala nail hebe den anderen
FuB (Huf) hoch, der noch un-
beschlagen ist

naCal, pl. nCél Hufeisen
naCalband, pl. naCalbandin
Hufschmied [ < kurd. nalbend,
tiirk. nalbant dass.; vgl. pers.
naClband dass]. > Text 134
naCal, yanCal (1) verfluchen [<
aar [nr] = walla tanCal abu
qnék der Teufel soll dich ho-
len (wortl: ich verfluche den
Vater deines Besitzers)
naClatu-[lahi Caldyu Gottes
Fluch iiber ihn!

nacCam, ynacCam (11) klein
machen

naCim, £ naCime, pl. ncam 1.
klein, jung (von Alter) = yrab-
biyan hanne nCam er zieht sie
auf, wenn sie noch klein sind.
2. klein, fein, diinn = lagme
naCime ein kleiner Bissen.
tetram hdk allahme, naCim sie
schneidet das Fleisch ganz
klein. hasa naCim feiner Kies.
Sqoq nCam feine Risse
nCayyam ganz klein

anCam (Elat.) kleiner, feiner
nafax, yanfox (I) blasen; auf-
blasen; anblasen, anfachen",0.0,eng,82.31750820891365,False,1648427719.480869,1.75
149,"


144

 

nfd

npe

nfq

(Feuer), den Blasebalg bedie-
nen = wéhad yanfax einer be-
dient den Blasebalg

nafxa (nx. 1) Blasen = yanf-
xa-zad ba-tammu, nafxatayn
tate er blist es (sc. das Feuer
annar £.) noch mit dem Mund
an, zwei-, dreimal

nafxén (n.a.) Blasen, Anfachen
= Saglétu nafxén-ye seine
Aufgabe ist es, den Blasebalg
zu bedienen

manfax Blasebalg. > Abb. S.
423

-, yanfad (1) fallen, abfallen =

waraq addawm yanfod die |

Blatter der Baume fallen ab

-, yanfac (1) niitzen, niitzlich
sein (jmdm. = Akk.), dienen =
latfange-zad ma _ katanfaCni
auch das Gewehr hatte mir
nichts geniitzt. (assdba) bsan
hagge tanfac dafiir dient (der
Ofen)

manfaCa Nutzen, Niitzlichkeit,
Zweck m= ma=lahu manfaCa er
bringt keinen Nutzen. man-
facdtu la-ICdlam sein Nutzen
fiir die Leute. manfaCat hak
alCadayn der Zweck dieser
Zweige

Ik ynaffdqan er verkauft sie
aus

nagad Brautpreis

nagar, yangar (I) picken, hak-
ken; durchbohren; aushéhlen
= yangar alhayt er bohrt ein
Loch in die Wand

naqgar, ynaqgar (Il) picken,
hacken » ynaqgrin fo-baCdan
sie hacken nach einander. (mit

 

ngs

ngs

Pluralitat des Objekts:)
(alqangaris) ynaqger alCanab
(die Elster) pickt die Wein-
trauben an

naqra, pl. nagéri 1. Loch, Gru-
be » ysér fo-lastoh nagéri es
entstehen Locher im Dach. 2.
Mulde, Vertiefung = nagrat
xndqu seine Kehle. nagrat sa-
qu seine FuBsohle. 3. konkave,
vertiefte Seite = nagrédtu sei-
ne vertiefte Seite (sc. des
Backblechs assdag)

ngara weiBe Erde (zum Haus-
bau)

mangar, pl. manéqir 1. Meifel.
2. Schnabel

= yangas (I) verzieren = tan-
qéSan ba-qasal ahmay sie
verziert sie mit roten Halmen
naqqas, ynagqgas (Il) verzie-
ren, mit Mustern versehen
nagg, pl. nagSat Verzierung
naqgas, yangas (1) 1. (intrans.)
abnehmen, weniger werden =
hararat asSams nagsat die
Hitze der Sonne hat abge-
nommen. (almayy) yangas (der
[Tomaten-] extrakt) wird re-
duziert. (aggiime) tangas (der
Teich) geht zuriick. 2, (trans)
vermindern, wegnehmen von
= tangas mannu, tkabbu sie
nimmt etwas davon (sc. von
dem Wasser almayy) weg und
schiittet es weg

ndgas, f. ndgsa, pl. naqqds
(pa. 1) knapp, zu gering be-
messen, ermangelnd w= /d ykin
Caldfu nagas damit sein Fut-
ter nicht zu knapp ist. (alhan-",0.0,eng,81.72534014366198,False,1648427720.9704561,1.75
150,"


Nan

145

 

ngl

ta) tagi naqsa der Weizen faillt
gering aus. alCads w lasCir ...
ida gaw naqqds wenn Linsen
und Gerste ... gering ausfallen
ida kan mayya ndgas wenn
sie zuwenig Wasser hat.
assane ndgsat Saher kdnat an
dem Jahr fehlte ein Monat.
naqas malh salzlos, zu wenig
gesalzen. hdlu ndgas er lebt
in armlichen Umstanden

naqgat, ynaqget (Il) tropfen
(intrans.) = ida ynaqgat mayy
manna wenn Wasser von ihm
(sc. dem Léffel almaClaga)
tropft

nagt Riickstinde des Trauben-
sirups, die man nochmals ab-
tropfen laBt

naqgdta Tropfkorb (fir Trau-
bensirup)

naga, yang (1) einweichen

ntaga®, yantdgeC (VIII) naB
werden = kiitentéga® er ist
durchnaf&t worden

nagal, yangal (1) transportie-
ren, abtransportieren = yan-
galiin tabnan sie transportie-
ren ihr Hacksel ab

naqil (Verbalnom. 1) Transpor-
tieren, Transport

naglén (n.a. I) Transportieren,
Transport

VIL alhanta tanndgal ba-
SSaxay der Weizen wird mit
dem Traggestell transportiert

mangal, pl. manéqal Kohlen-
becken. - Text 1.7

naqqa, ynaqqi (Il) 1. auslesen
(mit der Hand Verunreinigun-
gen herausklauben) = tmaq-

 

nz

nhr

nwb

qiya sie liest ihn (sc. den Wei-
zen alhanta) aus. 2. aussuchen
= naqgilak wehad such dir
eins aus! naqgawlkon wahde
sucht euch eine aus!

tangiye (Verbalnom. II) Ausle-
sen = taggqiya tangiye kwayy-
se sie liest sie sorgfaltig aus
tnakkab, yatnakkab (V) iiber-
laufen, iiberschwappen, ver-
schiittet werden = bsan algaz
1a yatnakkab damit das Petro-
leum nicht verschiittet wird
nakah EheschlieBung

nagaz, yengaz (1) abbeiBen =
yangez nagze manna er beibt
einen Bissen von ihr ab

nagze Bissen

namis Ehefrau = ndmiisu sei-
ne Bhefrau

nhay Tag = lanhar tawil-we
der Tag ist lang. ba-nnhar bei
Tag. Casrin nhar zwanzig Ta-
ge. nhdr allahhad Sonntag.
nhay alxamis  Donnerstag.
nhar agama Freitag,

Gabb anNahiiz Flurname
annahaye  schlieBlich, kurz
und gut

nawbe Mal « nawbe einmal.
nawbe nawbe — manchmal.
nawbtayn zweimal. nawbtayn
tate zwei-, dreimal. nawbat-
lax nochmals, wieder. bayn
nawbtayn auf zweimal. nawbe
wahde einmal; ganz und gar.
paltasithu nawbe wahde sie
zerrissen ihn ganz und gar.
nawbat alwahde auf einmal,
plotzlich. kan=nawb (sic) je-
desmal; immer, regelmaBig

 ",0.0,eng,80.3081703764706,False,1648427722.4175308,1.75
151,"


146

Nan

 

nwl

annawb ~ annawbe da, darauf,
dann, nun

nar (£) Feuer; Funken = hay
nay la-tatla® manna dieser
Funken, der daraus hervor-
geht

naw, pl. nwa Art, Sorte =
nawC allax die andere Sorte.
nawCayn tate zwei, drei Arten.
tat=-9nwaC-anne es gibt drei
Arten von ihnen

néwal, ynéwal (II) reichen w=
néwaltihu waraga ich reichte
ihm eine Lira. tinéwlithu Imayy
sie reichen ihm das Wasser
tmawal, yatnawal (VI) nehmen
= yatnawal hdk alfas er nimmt
diese Doppelhacke. tnawal ta-
réqu er nahm seinen Weg,
machte sich auf den Weg
nam, yndm (1) sich schlafen
legen, einschlafen; schlafen =
tindm er wird schlafen. hattay-
tu rasi w namtu ich legte mich
hin und schlief. > nym

neyam (pa. I) schlafend

nawm (Verbalnom. I) Schlafen,
Schlaf = yabga bala nawm er
kommt nicht zum Schlafen
nawme (nx) Schlafen; Schla-
fenszeit = @ la-kama ssér
annawme bis es Schlafenszeit
ist

 

|

nwnb Niinab Ortsname (Dorf bei

my

nyr!

Kinderib)

nawa, yanwi (I) die religiése
Absicht (nfya) formulieren »
kéllatkan tatanwawn ihr alle
sollt die religiése Absicht for-
mulieren

nawwa, ynawwi (II) (Katze:)
miauen # assanndra tnawwi
die Katze miaut

nayGr Feind = sdru nayar la-
baCdan sie verfeindeten sich
[< ‘kurd. neyar — feindlich,
Feind]

nayartiye  Feindschaft
kurd. neyari dass]
néri, pl. nawéri Ziegenbock [<
kurd, nér7 dass.)

nes (pl.) Leute [< *'inds, vgl.
aar. ‘unds] = yrdhiin gayr nes
es gehen andere Leute. kall=
nés ywaddawlan ein jeder
nimmt sich

nisan April

naylo Nylon, Plastik

nayyam, ynayyam (ID) 1. (in-
trans) iibernachten (bei Plu-
ralitét des Subjekts) = ynayy-
man Cadd alCariis sie iiber-
nachten bei der Braut. 2,
schlafenlegen; hinlegen.

> nwm

{vgl.",0.0,eng,78.64824854379562,False,1648427723.641304,1.75
152,"


hdd

He

habya, pl. habrat Handvoll
(mit gespreizten Fingern ge-
faBt, Handriicken noch oben)
= habrat zbib eine Handvoll
Rosinen. habratayn tate qatan
zwei, drei Handvoll Baumwol-
le

habwe Schnee w tagi alhabwe
dayam es fallt ununterbro-
chen Schnee. > Text 37
hapriye, pl. hapéri Kopftuch
hatak, yahtak (1) bloBstellen,
entehren m= hatakatni sie hat
mich bloBgestellt

nhatak, yanhétak (V1l) bloBge-
stellt, entehrt werden, sich
blamieren = tanhédtak ich wer-
de entehrt sein

hatike Schande = wa@wayle Ca-
la hatike oh Schande!

hagam, yah§am (1) angreifen
(jmdn. = Cala) = yah§amin Ca-
ldyu sie greifen ihn an

nhadd, yanhadd (VII) einstiir-
zen m= yanhadd Cala baCdu es
fallt in sich zusammen

hadda, yhaddi (1) {< aar. hd?
1 (intrans.)
bleiben, verweilen; —halten
(haltbar sein); warten m (al-
faras) m6 thaddi (das Pferd)
bleibt nicht stehen. yhaddawn
Casrin nhar sie verweilen
zwanzig Tage. gay kfir had-
dayt? warum bist du so lange
weggeblieben? ahhad bala
darmdlad md-yhaddi niemand

stehenbleiben, |

 

hrb

bleibt. ohne Masthammel.
(almaksah) mo yhaddi, fe-
xams_ tiyém yaxrab kartlax
(die Rebsichel) halt nicht lan-
ge, in fiinf Tagen ist sie wie-
der kaputt. hadd (< haddi)
tagallak fik warte, dir werd
ich’s zeigen! 2. (trans) zum
Stehen bringen, aufhalten,
stoppen m ida farat, hak ah-
had 1a ytéq yhaddiya wala si
wenn es (sc. das Butterfett
addéhne) iiberkocht, kann es
niemand mehr stoppen
thadda, yathadda (V) ruhen =
(albargal) tathadda (die Wei-
zengriitze) ruht

hédi langsam w hédi hédi ge-
miachlich, sacht. hédi hédi!
nur langsam

hada ~ hdd (Demonstrativpro-
nomen sg. m/f.) dieser, diese.
1 (substantivisch) = hada gam
&@ dieser kehrte zuriick. 2.
(adjektivisch) hada Ixdrt die-
ser junge Mann. hada sSadde
diese Garbe

harab, yahrab (1)  fliehen,
weglaufen (vor man) m= fa-lhdl
yahrabin sie reiBen sofort
aus

harrab, yharrab (II) entfiihren
= harrab albant er entfiihrte
das Madchen

hrdm hardiime, pl. -at Stiick (z.B.

hrr

Fleisch) [<
Glied; Stick]
harr, yharr (1) 1. (intrans) rie-
seln = yhayr manna hanta es
rieselt Weizen heraus. yharr
tradb la-Caléyu Sand rieselt
auf ihn herab. 2. (trans. hin-

aram. haddama",0.0,eng,80.79738371052632,False,1648427725.149028,1.75
153,"


148

 

hrs

hry

hss

ein-, hinunterschiitten = fi
tfalat yharrtin hak attaban la-
taht es sind Kinder da, die
dieses  Hacksel _ hinunter-
schiitten

haris Stelle mit ausgestreu-
tem Weizen (zum Anlocken
der Steinhiihner)

hara, yahri (I) zerschleiBen,
zerreiBen (trans) [< aar. hr?]
« albasémir tihrawa die Nagel
wiirden es (sc. das Saickchen
alkise) zerschleiBen

nhara, yanhdri (VII) sich ab-
nutzen, verschleifen, faden-
scheinig werden m= hitwe
wéhad yanharilu qapit wenn
jemandem ein Mantel faden-
scheinig wird. (alhawéyag)
yanharawn (die Kleider) ver-
schleiBen

hazz, yhazz (1) hin- und her-
bewegen, schwenken w= yhazz
rohu er bewegt sich hin und

her. tanhazz kaffardtu wir
wollen seine —_Siihnegabe
schwenken

has, yhas§ (1) (im Wasser)
quellen, aufquellen = alhanta
thas§ der Weizen quillt auf

hasSas, yhas$as (Il) (in Was-
ser) einweichen und aufquel-
len lassen m alfasiiliye tikin
kathasasiwa man addehar
die wei8en Bohnen wird man
schon seit dem Mittag in
Wasser eingeweicht haben

hgkr haskar, - (I) verraten, ans

Licht bringen [< kurd. heske-
re offiziell, unverborgen] =
haskaytu halhakkoye ich habe

 

hlgd

hm

die Geschichte ans Licht ge-
bracht

thaskar, — (V) ans Licht kom-
men » albant ma thaskayat
(die Sache mit) dem Madchen
kam nicht ans Licht

hak ~ hake (Demonstrativpro-
nomen sg. m/f) jener, jene. 1.
(substantivisch) = w hak-zade
yroh und auch der (jener)
lauft davon. 2. (adjektivisch) =
hak agfabal jener Berg. hak
alhanta jener Weizen

hagge ~ hag so [< aar. haka-
da| = hag arayna das (wortl.
so) haben wir gesehen. hagge
sawaw das (wortl. so) haben
sie gemacht. bsan hdg-ye da-
fiir dient sie. yqal hdgge er
macht (wortl. sagt) so (zur
Beschreibung einer raschen
Bewegung): qal hdgge madd
idu er streckte rasch seine
Hand aus

hal- (unveranderl) (demon-
strativer Artikel) der, dieser =
halféyas dieses Pferd. halha-
&éyar diese Steine

halqad ~ halqade 1, so viel, so
sehr = md yafzac ma-lan-
sGn-zad halgade er fiirchtet
sich auch nicht so sehr vor
dem Menschen. 2 um so
(mehr) = halgade maliha-ye
um so besser ist sie. > gdd?
nhalak, — (VII) zugrunde ge-
hen

halhal, yhathal (1) (Frauen:)
Jubeltriller ausstoBen

ham ... ham sowohl ... als auch
Ix tiirk. hem ... hem dass]",0.0,eng,83.15651479778393,False,1648427726.610744,1.75
154,"


149

 

By

hwk

hammar, — yhammar (II)
(Hund:) knurren, Laut geben
hama eben, halt, schon [<
kurd. hema sofort, bald; also,
dann] = hama_ ngib nsaylna
mSawwaSe machen wir uns
halt eine mSawwase (Gericht
aus Linsen und Reis). hama
tatagli w bass sie soll nur
leicht kochen

hanne (selbstand. Personal-
pronomen 3 pl.) sie

hanna, yhanni (II) begliick-
wiinschen, Gliickwiinsche
aussprechen [< aar. hn?]
tahnaye Gliickwunsch

hah (Interjektion) da, und
schon m= hah Swayye nach ei-
ner kurzen Weile

hawe (selbstand. Personalpro-
nomen 3. sg, m.) er

hiwe ~ hiiwe ta- (Konj.) wenn,
als m hitwe yaxbazin fo-ttan-
néry wenn sie im Backofen
backen. hiwe te-yagli wenn
es kocht. hitwe ta-g@ als er
kam

hawb groBe Héhle

alHawb Flurname

hawde ~ hawd (Demonstrativ-
pronomen pl) diese

hawwar, yhawwar ~ hawwar,
yhawwar (II) rufen (jmdn.
la-, nach Cala) [zu > hawar)
= hawwar la-rafiqu er rief
seinen Freund. kayhawwar
Calayna er ruft nach uns
hawar Schrei, Ruf; Hilferuf. [<
kurd. hewar, hawar Hilferuf]
hawk ~ hawke (Demonstrativ-

 

pronomen pl.) jene
wr! hawne ~ hawn hier [< aar. ha-
hund)
hwn? hawan, pl. hawnat Morser (aus
Messing) = ydagquhu ba-
lhawan sie stampfen es im
Morser
hwnk hawnak ~ hawnake dort
hww_ hawwe grofer Brunnen (leer)
Wedi [Hawwe Flurname
hawa 1, Luft. 2, Entsprechung,
Verhiltnis = al°amq w alwa-
saC-zade tikunin Cala hawa
baCden Tiefe und Durchmes-
ser miissen sich entsprechen.
3. (Adverb) etwas, ungefahr;
ziemlich = hawa dayyaq eher
eng, etwas eng. addanye hawa
bbarradat das Wetter hat sich
etwas abgekiihlt. 4. (Prip. der
Richtung) nach m hawa foq

Ivy?

nach oben
hwy? haye Bewuftsein, Ahnung [<
kurd. hay f£ Bewu8tsein;

Nachricht] = mdlu haye manni
er hat mich nicht bemerkt.
ahhad ma sarlu haye niemand
merkte etwas.
hwy? hawaye Feuchtigkeit
hy! hiye (selbstand. Personalpro-
nomen 3 sg, f) sie
hy? hay ~ haye (Demonstrativpro-
nomen sg. m/f) dieser, diese.
L (substantivisch) = hay la-
harréba der, der sie entfiihrt
hatte. hay kigga la-hawne
dieser ist hierher gekommen.
hay ay§ fi maCak? was hast
du da bei dir? 2. (adjektivisch)
hay latfange diese Flinte
hyb  Hebin Flurname",0.0,eng,81.37644734971099,False,1648427728.100275,1.75
155,"


wl

web

wee

wey
WOE

Waw

w (Konj,) und

wé oh! (Ausruf der Bewunde-
rung)

wagab Pflicht = wagab Calay-
na es ist unsere Pflicht,
obliegt uns

migab: Cala miigab gemak,
entsprechend m Cala mtigab
sdqat alhamir entsprechend
den Hufen (wértl: FiiBen) der
Esel

—, yagac ~ yiigac (I) schmer-
zen, wehtun m bSGn la yigGCu
dahru damit ihm nicht der
Riicken wehtut. bSan 1a tagé-
Cu idu damit ihn die Hand
nicht schmerzt

waggac, ywaggec (Il) wehtun,
Schmerz zufiigen (jdm. =
Akk.) = m6 ywaggCin wéhad |
sie tun einem nicht weh.
ywaggCin rds baCdan sie ma- |
chen sich gegenseitig Kopf- |
schmerzen. m6 ntéq nwag&oC
fwadna wir kénnen uns nicht
so anstrengen

dgiye kleiner Stall

wacé [< aar. wgh] 1. Gesicht =
hallaqu Caléyan wacé sie be-
drangten sie, insistierten. 2
Oberflache = yadhaniin wacé
alkaCkat sie bestreichen die
Oberflache der Platzchen.
(addéhne) tatlac la-Ca-lwact
(das Butterfett) steigt an die
Oberflache. kiye tayfe Ca-
lwat& es schwimmt auf der
Oberflache. 3 Seite = wat

 

whh

alfogani die Oberseite. wace
attahténi die Unterseite. yradd
Caléyu wace er geht in ande-
rer Richtung dariiber (sc. iiber
das Dach mit der Dachwalze).
ymandéru watEayn tdte er
walzt es (sc. das Dach alla-
stoh) zwei-, dreimal

wahh nanu? (Ausruf des Er-
staunens)

wéhad, f. wahde 1. (subst.) ei-
ner, eine, jemand = wéhad
mannan einer von __ ihnen.
alwahde die einzelne, das ein-
zelne Stiick. kall wéhad (ein)
jeder. kall wahde (eine) jede.
Cas tac§ wéehad zehn, zwilf
Stiick (bzw. Mann). wehad hag
hakani jemand hat mir das
(wortl so) erzahlt. ywaddilu
wéhad maCu er nimmt jeman-
den mit sich. yadrab wahde
la-hay er versetzt diesem ei-
ne. yamsak wéhad b-wéhad er
nimmt einen nach dem an-
dern. id wéhad jemandes
Hand. 2, (adj) vorangestellt:
(irgendjein = wéhad xért (ir-
gend)ein junger Mann. nach-
gestellt: ein (einziger) = xayt
wéehad ein einziger Faden.
nawbe wahde ein (einziges)
Mal, einmal, auf einmal.
wéhad w CaSrin sane einund-
zwanzig Jahre. 3. Nomen +
alwéhad/alwahde ein (be-
stimmter) = yawm alwéhad ei-
nes (bestimmten) Tages. sant
alwahde in einem (bestimm-
ten) Jahr. nawbat alwahde auf
einmal, plitzlich

wahd- + Pron.suffix: allein =",0.0,eng,79.94771120111731,False,1648427729.570563,1.75
156,"


Waw

151

 

way?

wdn

wahdu (er) allein

waxt Zeit; Zeitpunkt [< aar
wat] = waxt saydu die Zeit fiir
seine Jagd. fo-waxt almadbax
zur Zeit des Einkochens des
Traubensaftes. barad alwaxt
es ist kiihl geworden. baCd
waxt-ye es ist noch friih. éxar
waxt spat. man b-waxt friih, in
der Frithe. > wqt, 2Swx

waxt la- (Konj, temporal)
wenn = waxt la-mdfi Caldyu
Sagal wenn er keine Arbeit zu
verrichten hat

waxt w md bald, in Kiirze =
hmarki waxt w ma ymit dein
Esel wird in Kiirze sterben.
waxt w md yagi yahsdda er
wird bald kommen und ihn
(sc. den Weizen alhanta) ern-
ten

wadda, ywaddi (II) [< aar. 2dy]
1 fortbringen, wegbringen,
hinbringen = J-ayn waddayta
wohin hast du sie gebracht?
waddilu Casa bring ihm ein
Abendessen! 2. mit sich neh-
men, mitnehmen = wadddlu
safal er nahm sich einen klei-
nen Henkeleimer mit. ywaddi
tfange maCu er nimmt ein Ge-
wehr mit

wadda w gab hin und her be-
wegen = twaddi w ggib assak-
kin sie fahrt mit dem Messer
auf und ab. mwaddi w ngib fo-
baCdna wir kampfen mitei-
nander

wédi Tal, Talgrund m= fa-lwédi
im Talgrund

waddan, ywaddan (II) zum Ge-
bet rufen [< aar. 2dn]

 

wrq

wrk

wen

wsXx

wse

mwaddan Muezzin

wadan Gebetsruf

waraq (Koll. Blatter, Laub;
Laubfutter = ysér fiyan waraq
sie bekommen Blatter. waraq
yébas trockene Blatter. hamal
warag eine Traglast Laubfut-
ter

waragdye (n.u.) Blatt = tatnd-
wal waraqdye b-waraqaye sie
nimmt ein Blatt nach dem an-
deren. waragayat adnu sein
Ohrlappchen

waraga tiirk. Lira = haqqa
Cagrin waraqa sie kostet
zwanzig Lira. ba-nass waraqa
fiir eine halbe Lira

warak, f. warki he du! du da!
(Anrede an niedriger Stehen-
de) = warak ant halbant b-az-
zor harrabta? du da, hast du
dieses Madchen mit Gewalt
entfiihrt?

wazan, yiizan (I) wiegen, ab-
wiegen m yiézdnan er wiegt
sie ab

wazen Gewicht = ysér waznu
kama baCdu sein Gewicht
gleicht sich aus

twassax, yatwassax (V) be-
schmutzt, verunreinigt wer-
den = ban 1a totwassax man
Si damit sie durch nichts ver-
unreinigt wird

wasax Schmutz; Ungeziefer =
la toz wala wasax weder
Staub noch Schmutz

wasat: aban adam alwasat ein
Mensch — durchschnittlicher
GréBe. > wst

-, yasa€ (1) hineinpassen; (mit",0.0,eng,84.7248313951613,False,1648427731.093013,1.75
157,"


152

waw

 

1-) fassen m nawbe wahde mo
yasacun auf einmal passen
sie nicht hinein. yasaCallu
arbCa tanagat mayy er (sc. der
Zuber affast) faBt vier Kani-
ster Wasser

wassaC, ywassaC (Il) erwei-
tern, ausweiten (Teig) =
twasséCa ba-sabCa man giwa
sie erweitert (die Teigkugel)
von innen mit dem Finger
ttaptépu twassdCu sie klopft
ihn (sc. den Teig alCagin)
flach. > ns¢

wasa® Umfang, Weite, Breite,
Durchmesser m wasCu sein
Durchmesser (sc. Zuber fas?
wasCa ihre Breite (sc. Gasse
sqaqa). halfaxxa fiya b-wasac
séniyat fenégin die Falle hat
den Umfang eines Kaffeeta-
bletts

wasiC, £ wasiCa, pl. wsaC weit,
geraumig = (dokkan) Céli w
wasic ein hoher, geraéumiger
(Laden). bxiisu  wsa@C-anne
seines Lécher (sc. des Getrei-
desiebs assarrad) sind weit

wsws waswas, ywaswas (1) piepsen

wst

= alfara twaswas die Maus
piepst

wast [< aar. wsf] 1. Hiifte, Tail-
le = kaySadd wast-zade Cala
wastu er pflegte auch ein
Hiifttuch um seine Hiifte zu
binden. 2 Hiifttuch, Giirtel;
Bauchgurt, Sattelgurt = Cala
wastu xangar er tragt einen
Dolch am Giirtel. yfawwtin
alwast taht gawf lahmar sie
fiihren den Sattelgurt unter
dem Bauch des Esels hin-

 

wsl

durch. 3 Inneres = attannor
-we das Innere des

  

fa-wast (mitten) in; (mitten)
hinein = fo-wast tarrase (mit-
ten) in einem Busch. é¢akk
almaClaqa fo-wasta sie steckt
den Léffel (mitten) hinein

la-wast (mitten) hinein =
yrohin la-wast alkarm sie
gehen in den Weinberg (hin-
ein)

man wast aus ... heraus #
ytelCawa man wast assdba
sie holen sie aus dem Ofen
heraus

wastani mittlerer » mabbaxiye
wastdaniye Kochtopf von mitt-
lerer GréBe

wasal, yasal (I) (intrans.) er-
reichen, ankommen (bei /a-) =
waslu layyi sie kamen bei mir
an. hiwe t-isaliin  la-lbayt
wenn sie zu Hause ankom-
men. gabal md asal layu bevor
ich ihn erreiche

=, yusal (I) (trans) verbinden
= yusdlan fo-baCdan er ver-
bindet sie miteinander

mawsil (pp. 1) verbunden =
mawsil fo-baCdu miteinander
verbunden

wassal, ywassal (II) gelangen
lassen, hinbringen = @ la-
kama ywassélu la-Ca-lbaydar
bis er ihn (sc. den Transport-
sack aS8all) auf die Tenne
schafft

wasle, pl. waslat Gelenkkno-
ten, Segment (bei Stauden)
mawsale, pl. mawdsal Verbin-",0.0,eng,82.19361228285715,False,1648427732.5889852,1.75
158,"


Waw

153

 

wey

dungsstange, Jochstange
wassa, ywassi (Il) letztwillig
bestimmen m= kitwassa er hat
letztwillig bestimmt. fwassi
wsiye er wird eine letztwillige
Verfiigung treffen

wstye Vermichtnis, letztwilli-
ge Verfiigung = wsiyat mayyat
das Vermichtnis eins Verstor-
benen

moda, pl. mawadec Ort, Stel-
le w fo-xams satt mawadaC an
fiinf, sechs Stellen. mogaC I-
igazzu die Stelle, an der er
ihn beiBt

wadife Aufgabe, Funktion =
hay-ye wadifétu das ist seine
Funktion

matwaddof Angestellter
wadda, ywaddi (Il) jmdn. ritu-
ell waschen [« aar. wd?] =
(almalla) ywadgiyu (der Molla)
vollzieht bei ihm (sc. dem To-
ten almayyat) die rituelle Wa-
schung

twadda, yatwadda (V) sich ri-
tuell waschen, die rituellen
Waschungen vollziehen

wadu rituelle Waschung; Zu-
stand der rituellen Reinheit =
lawe Cala wadu wer im Zu-
stand der rituellen Reinheit
ist

watta, ywatti (II) ebnen, eben
machen, glatt machen; flach
machen, flachdriicken, flach-
hammern [< aar. wf?] = ywatfi-
la médaC er ebnet eine Stelle
fiir sie. ywattawa sie himmern
es (sc. das Schmiedegut al-
hae) flach

 

wae

whf

whl

wagt Zeit = hiiwe ysér wagtan
wenn ihre Zeit kommt. fa-hal-
wagt in der jetzigen Zeit. >
wxt

wage’, yaqae (1) fallen; gera-
ten (in fa-) = hitwe ta-waqat
Cayna Caldyu als ihr Auge auf
ihn fiel. katwdqa° fa-lhabs er
war ins Gefangnis geraten.
hiiwe t-igaC fa-lfaxxa wenn er
in die Falle gerat

waqqa’, ywaqqe® (II) fallen
lassen; abwerfen m (alfaras)
tatwaqqéan (das Pferd) wird
sie abwerfen

-, yiigaf (I) eine fromme Stif-
tung machen = yigaf Cqdr
man mdlu la-&gémaC er stif-
tet einen Acker aus seinem
Besitz fiir die Moschee

wagf fromme Stiftung; Ge-
meinschaftsbesitz = wagf la-
&&émel (als) fromme Stiftung,
fiir die Moschee. haggime
wagf-ye la-ddeCa kdllata der
Teich ist Gemeinschaftsbesitz
des ganzen Dorfes

twaqqa, yatwaqqa (V) hiiten,
behiiten, aufpassen auf = yat-
waqqahan ma-ssannor er hii-
tet sie vor dem Kater

wqitye Gewichtseinheit
wakkaf, ywakkaf (Il) tropfen,
herabtropfen m=  (almayy)
ywakkaf (das Wasser) tropft
herab

wakkal, ywakkal (1) bevoll-
miachtigen = ywakkliihu sie
bevollmachtigen ihn

wakil 1, (Subst.) Bevollmach-
tigter m saytuk wakil hiermit",0.0,eng,82.6880993421829,False,1648427734.072688,1.75
159,"


154

 

wld

wilt

wi?

wim

mache ich dich zu (meinem)
Bevollmachtigten. 2 (Adj) pl.
wakilin verantwortlich (fiir
Cala) = wakilin-anne Ca-lla-
xbayz sie sind fiir das Brot
verantwortlich

wakdle Vollmacht = Cataytiik
alwakale hiermit gebe ich dir
die Vollmacht

=, tolad (1) zur Welt bringen,
werfen (Junge)

weldén (na. 1) zur Welt brin-
gen

walad, pl. wldd Junge; junger
Mann; pl. auch: Sdhne (zu sg.
— aban), Kinder = alwalad
zzawwag albant der junge
Mann heiratete das Madchen.
tulad die Kinder. wlad Cammu
seine Vettern

milod, pl. mawélad 1, Lobge-
dicht auf die Geburt des Pro-
pheten. 2. Mahizeit mit Vor-
trag dieses Lobgedichts #
ywassi milad er stiftet eine
Mahlizeit mit Vortrag des
milad

wella oder [< aar. wa-illd] =
fa-gmaC-we walla 1a? ist er
in der Moschee oder nicht?
walla wirklich, wahrlich; nun
ja, nun [< aar wa-llahi bei
Gott] = walla md taqtu wirk-
lich, ich konnte nicht. walla

taroh le-Gawze nun, ich will |

nach Gawze gehen
walime Gastmahl = walimat

 

whh

why

whm

wwyl

Cars Hochzeitsmahl

wallahi ~ wallahi ~ wallah ~
walla ~ wallah ~ walléh wirk-
lich [< aar. wa-llahi bei Gott]
« 1@ walla nein, wirklich. wal-
Jahi mat er ist wirklich ge-
storben

wldye Stadt, Provinzhaupt-
stadt m lilaye die Provinz-
hauptstadt (dh. Mardin), yas-
tardwan man liilaye sie kaufen
sie in der Provinzhauptstadt
ein

twannas, yatwannas (V) sich
unterhalten, sich die Zeit ver-
treiben (mit fo-) [< aar. ns] =
yatwannasiin Candu sie unter-
halten sich bei ihm. yatwannas
fiyan er vertreibt sich die Zeit
mit ihnen

wans Gesprach, Unterhaltung

nwaham, yanwdham (VII)
Angst bekommen wm J-ifallaC ...
yanwdham wer schaut ... be-
kommt Angst

wawayle! oh weh!

way he!; oh je! = qdlu way sie
sagten: He! (Na warte!). way
brawo oh weh! (Totenklage)
wayd oder [< tiirk. veya oder]
= Cayne wayd Cayntayn ein
oder zwei Schlingen.

ya ... wayd oder, entweder ...
oder = ya gah¥ wayd gahse
ein minnlicher oder weibli-
cher Jungesel",0.0,eng,83.83206006422017,False,1648427735.4477382,1.75
160,"


yb
ybs

RE §

Ya

y@ oder [< tiirk. ya dass] =
alyawm ya gade heute oder
morgen

yd ... yd entweder ... oder [<
tiirk. ya ... ya dass] = ya
hmenni, yd tahmdlak ent-
weder trage mich, oder ich
werde dich tragen

yd ... wayd entweder ... oder [<
tiirk. ya ... veya dass] = yd
BahS wayd gahse_ entweder
ein Esel oder eine Eselin

yab Vater! > ybw

yabas, yobas (1) (intrans.)
trocken werden, trocknen =
(alhanta) yabsat (der Weizen)
ist getrocknet. bsGn ld yansaf
w yabas damit er nicht génz-
lich trocken wird

yebas, f. yébse, pl. yabbds 1.
trocken m waraq yébas trok-
kene Blatter. Cadayn yabbas
trockene Aste. 2. fest, dick-
fliissig m Cagin yébas fester
(nicht flissiger) Teig. (alhan-
fiye) Swayye yébse ssér die
Weizensuppe ist relativ dick-
fliissig. 3 diirr (Verstand) = 1@
ykiin Caglak yébas sei nicht
unverniinftig!

ydbo mein Lieber; liebe Leu-
te!

yd Mutter!

yadd: kattahatt Caléya yadd
ich hatte meine Hand ber sie

 

ysm

ylnz

ymn

ywm

gehalten [< aar. yad]

yasm- + Pron.suff: heiBen, ge-
nannt werden [Pseudoverb zu
—> Ism] = hdk yasma maraga
sie hei8t Reissuppe. yasman
dawqat man nennt sie diinne
Brotfladen

alydsin die Sure Yasin

> st (ison)

yatagat (pl) Betten [< tiirk.
yatak Bett]

yagin gewif, bestimmt = yagin
lahu Cayn fo-battkon gewif
hat er ein Auge auf eure
Tochter geworfen

yalnaz nur, lediglich [< tiirk.
yalnz dass.]

yamin rechts » 1a yamin wala
Capp weder rechts noch links.
ma-lyamin von rechts. f-id
alyamin auf der rechten Seite.
b-id alyamin mit der rechten
Hand. Cala xdsrétu alyamin
auf seiner rechten Seite

ydgqa Kragen [< tiirk. yaka
dass]

yawm, pl. iyem, Zahlpl. tiyem
Tag = yawm yawmayn ein,
zwei Tage. yawm alwéhad ei-
nes Tages. kall=yawm jeden
Tag. kall yawmayn alle
zwei, drei Tage. tat
Tage. arbaC xams tiyem vier,
fiinf Tage. iy@m almadbax die
Tage des Traubensafteinko-
chens

alyawm ~ alyawme heute
yawm la- (Konj) als = yawm
la-rahtu als ich ging

 

   ",0.0,eng,82.35147531515152,False,1648427736.7888489,1.75
161,"  Herausgegeben von Otto Jastrow   Volume 31: Jeffrey Heath Arabic and 2003. 207 pages, pb ISBN 3-447-04792-5. € 58,— (D)/ sFr 99,- In most countries of the Maghreb, the local Arabic vernaculars are increasingly inundated by vocabulary, grammatical forms, and even syntax from literary Arabic (used in mosques, schools, and media), and oral poetry is receding except for popular song genres. The Arabs of the Timbuktu-Gao region, by contrast, are a peripheral linguistic minority with little exposure to literary Arabic. They continue to speak a relatively pure beduin Arabic, closely related to varieties spoken in Mauritania and southern Algeria. These texts presented here in transcription along with facing English translations, document this language, as well as the remarkable verbal culture of these people. Volume 32: Hezy Mutzafi Neo-Aramaic (Iraqi Kurdistan) 2004. XVIll, 260 pages, 1 map, pb ISBN 3-447-04915-4. € 58,—(D)/sFr 99,— This book describes the dialect of the Jewish community of the town of Koy Sanjaq in east- ern Iraqi Kurdistan which is now spoken only by approximately 200 elderly people in Israel and is heading towards extinction. The dia- lect, which until now has remained virtually uninvestigated, displays the typical features of the Jewish Neo-Aramaic dialects east of the Greater Zab river, e.g. the shift of the Old Aramaic interdentals to / and the merger of the third person masculine and feminine sin- gular independent pronouns into a common form 0. Hassaniya Arabic (Mali) English — French Dictionary Volume 33: Jeffrey Heath - — 2004, XVIII, 338 pages, pb ISBN 3-447-05012-8. € 68,— (D)/sFr 116,- Hassaniya is the Arabic spoken in Mali, Mau- ritania, and the Western Sahara. It reflects the speech of the Arabian beduin tribes (Banu Hisan and Ma‘gil) who arrived in the Maghreb via Egypt in the 11"" century. Has- saniya is completely different from main- stream Maghrebi Arabic, especially that of Morocco and western Algeria, which took shape after the original Arab invasion of the 7"" century. In Mali (unlike Mauritania), Hassaniya is a minority vernacular with little exposure to the literary language. It is as pure"" a beduin Arabic as one can find in the Arab world today. This dictionary document Hassaniya as spoken in sahelian and desert areas near Timbuktu and the Medieval impe- rial city Gao on the Niger River. HARRASSOWITZ VERLAG - WIESBADEN www.harrassowitz.de/verlag + verlag@harrassowitz.de  ",0.0,eng,92.18112504155843,False,1648427739.721526,2.465909090909091
162,"  Herausgegeben von Otto Jastrow   Volume 34: Harry Stroomer Texts Based on the Field Materials of T.M. Johnstone 2004. XIX, 236 pages, 156 pages original texts, paperback ISBN 3-447-05097-7 € 68,- (D)/sFr 116,— Harsusi is a South Semitic language spoken in the Jiddat al-Harasis area in Oman by some 500 to 1500 speakers. It is strongly related to Mehri, a language spoken in Oman and Yemen, with some 100000 speakers. There is very little documentation on Harsiisi. The only work available was the Harsusi Lexi- con by T.M. Johnstone (d. 1983), who did fieldwork not only on Harsiisi but on all six South Semitic languages in the early seven- ties of the 20"" century. The texts on which T.M. Johnstone based his Harsisi Lexicon are published in this book. Or to put it differently: with these texts John- stone’s Harsusi Lexicon comes to life. “The Arabic Dialect ofthe Jews tn Tripoli Libya) Volume 35: Sumikazu Yoda The Arabic Dialect of the Jews in Grammar, Text and Glossary 20085. Ca. 420 pages, hc ISBN 3-447-05133-7. Ca. € 68,— (D)/ sFr 116,— Jews in the Middle East and the Northern Africa had adopted Arabic as their native speech, but because of their way of life by making their own community, in many cases. the vernacular of the Jews have been differ- entiated from that of their neighbour Mus- lims. Jewish dialects usually contain many words of Hebrew and Aramaic origin, and sometimes preserve archaic phenomena which the neighbour Muslim dialect had lost or on the contrary they have developed inno- vative phenomena. In Tripoli the difference of the both vernaculars is obvious not only in the vocabulary but also in the language type: Muslim dialect belongs to the bedouin dialect and the Jewish dialect to the sedentary dia- lect. After the immigration of the Tripolitanian Jewry to Israel, the use of the present dialect has become reduced, and it is estimated that the youngest generation who can speak it is in their forties. It is obvious, therefore, after some decades the Arabic dialect of the Jews of Tripoli, like other Jewish vernaculars, will cease to exist. HARRASSOWITZ VERLAG - WIESBADEN www.harrassowitz.de/verlag + verlag@harrassowitz.de  ",0.0,eng,92.80842932222222,False,1648427742.492925,2.465909090909091
