language,pages,avg_cer,avg_wer,chars_ref,chars_hyp,words_ref,words_hyp
tr,34,0.08473235294117643,0.0935647058823529,64694,64636,9387,9418
de,7,0.08481428571428572,0.09667142857142856,24333,24444,3997,4032
fr,2,0.08095,0.09,790,779,129,125
