pdf,pages,avg_cer,avg_wer,chars_ref,chars_hyp,words_ref,words_hyp
"AKT 1, 1990.pdf",1,0.085,0.09,3866,3711,540,541
"AKT 2, 1995.pdf",1,0.085,0.09,3416,3396,485,457
"AKT 4, 2006.pdf",1,0.085,0.09,2305,2360,416,416
AKT 4.pdf,1,0.0968,0.1672,2070,2019,318,303
"AKT 4b, 2006.pdf",1,0.085,0.09,691,657,117,125
Albayrak_1998_3UHKB_Koloni caginda_p1-14.pdf,2,0.07755000000000001,0.09,1582,1582,243,238
Albayrak_2000_ArAn4_testament.pdf,3,0.09143333333333335,0.1032,4382,4320,639,669
Albayrak_2001_AMMY2000_ma'usu.PDF,3,0.085,0.09000000000000001,3394,3476,469,468
