,text,orientation,language,mean_confidence,used_original_text,time,scale
0,aLAnorT Up sesnyy 1B Me nN 2cE2cbS TOE  ,0.0,fra,24.877377125,False,1648327078.991301,1.75
1,      o16 SHŒ SNOLL   NP 99SN IQ ne ssofoug D np “2LANOT NP 9  ,0.0,eng,39.333827,False,1648327083.586389,1.75
2,"cS uo outed y ‘oansy oyjoo spy “sutarp suzoanod sop ep Jonos un y yLupuod -sa1109 “« » uM,p p4og y ‘fo! of sup norp un,p ofvun,| “Jounquu dups0,, ep oun quowod -rwuiutos aIOAw xnorp op sy0q -Woo Sop :oaysny|r yuouTarRs 4199 OUP vj onb sipury ‘« » orojour -so9 oun ¥ a9t] oUN yeNboAg 9) “spuqvo soaysuoW sop yo xnUWTUL sop soIgY Sap UES Uo queyour ne yaw yop op snyd soinsy so] anb qo sogHy sofnunoy sop ourewop 90 sup quaanos uo, onb uoiq is “wurogp v] op suds 9] ‘oJINS vf ang UL SuUp gasasqo oUisITvA op yOYo,| Y ap tonos un yo qo astiop U] op oouDIDs oN oDAv “YSU -W] ap “19,p so[vSoa saquoy sap onbodg,, y uO 919 wav opfode,, anb axyaupe ynad ug “« nour y1v » un,p oj] % 843 oovjd oun owos vp ap 4 oureqn v| op sauuitii0 89] smndop qvdnooo xnwaos sop oanavat vu] ‘ormod -os9JX ¥| onb joy ‘ouuord uo asanvd sed un suvcy ap ‘sinomn 4 sep AA ws op oud oop vy ap U9 IN9wAOU 9p OLAN@ 41} dloaw quid ysvsivry op pawy A] AN ‘saNOJaIA 49 SOALAIYSa} anod op « » no xnvojqys so] Ua S318 Sop UONDD|LP gud 99A¥ souNOL Wd op Os anu qivsoduir my ou wy aAg]oLIVD HOS JaAQJUOD MY Y WUarENG yU09 SIP $9 ap SUIV}J90 SUA sopura ap no sainp soxiord ap offre vf aourwop ap onbriyooy oun avd 70 sonbrut -ojuY sop avd tAsossap qreg We] “peagad Usesos no gueLNOS aLUSTTV9A Op Trapt un’ ‘uepy 9a aQ.nb oagne,| op oun,| soguitol9 Issnw sop 40 sap onb suope 4o avd ysvaiwy y ogpuoy answucp vj op sduuoy me ‘oarmu UofT] Np now nv ‘oyINs vp ava “NqY noIp np                                       “69 B99 obud soy *y « guy odwoy, » of sup “avmsy Toy.) ¥ SoNyNyS So] UOIq of oULEIOD ‘syepr UL op ofuraq9 ona oun quOA Nos jreygyou 44v 400 anog -gad onbodg,y op soswyd sopuvas s1013 Sop opuooos op ayad y ouN,p IsUIY si] “391d ano] op 9] soduioy soy suep ap ‘sooursd sana] anb uo1q issn “xnotonos quoreyg ‘guy[e9,p pad un ans ‘soumuoy 40 soutuogy ‘a9 oun awd opSvaed oags op ourd stu sujow uoKes “HAD oun,p guvuods yoyor of 41M q’U,| ‘opety,p ‘uoFavg op upgoad ofjo,nb sound suojodde snou onb onbodg,| aangfno vj avd guIWOp opuoW 9] SUC “panoxjor 919 sed v,U ays of qUOp ‘o[w -dvo ofjoanou vj ‘9pedy ovq ny onb uors9a ooo SuUp 489,9 ‘pepiieg oyonqoe,, ap sqad -dvi os 40 ousty, 9] NO uorga vL sup ‘ioung op sXvd np prow ne 9qu0feM ua saqqeag quarry sop “310139 doa, nuoaop oapwo 99 aayNpy Woy mb sop 40 agstiad op sopour sap uo ynoq ‘Wor “puns expwo aj Suvp onb 4wIgL,P HOROU % y sadvur quomy soqjonb aayjoupe ynod uo yuop np sansst no soprwou ap wos nv oMOqui 79 AOAY yravd onsuL[ UL ‘ONIvAAUOD NY “SIAIP 49 SOPSWA Sop quNG. -o[#uo syag..p onb yornjd sojoouse suoquM soa op anod nduoo oysepour oapo ‘ournqun UOHSILAL ougrMoad wy] op VOHEAAD YL Y suont | 41M ATLL oD “WOKE -guuns oMLOIpE [!o1A of onb asiogad snjd ‘ojdnos snyd ansury anoy op oBvsn,, ans suoqe o[joa “Nou sQ4 oo ‘ojouu0H -daoxa aunqyys oun quoi sunoysnyd quop ‘stor bury UE Y OUN YHYQYOI mb ‘yp oxduio un,p agsodiur yng ‘auidg vy op 4 uray,| op onavd oun,nb sure YL 90} aALOqLLI0y SA UN ans ‘sIoy asgrMord vj anod onb yyy np dowd oun adnooo (“9-""¢ URAL s19A) \pexy{y no opusy,p onsvuxp vp -odosput vf op aatoysty anFuoy vy] SUE                     @- 9900 - SILL - 6 NEST IU QOOSL = OAVAAY,| OP ONE OT “LEI SUVA SoSH Sop SUONPS OD",0.0,eng,39.57272858196722,False,1648327090.323251,1.75
3,"so] SUVs Jas ap sud jounod ou qo ougHowoy sud yso,u o[4ys Ip oe SIMA AGL OWN 19 WAP UOJUY a] ‘spurUt -ayyv say avd wros un o9av a9IpMay 919 B ajo a9 SUMP a[qISUOS 489 oUN “pvsy,p onsvUdp PY] ep UY ey] op ho nang ‘asng op coud af avd spnoa sof UYU 49 ‘s[y UOs ap eumer np spiup xnvaos xnw aspurof ynod uo, onb ‘onsvusp Y] op tor ap So] Uos op sonqLys so SuOTINg op Sa[QIs 89} axywng “stor ap wou nv s aoyal oganssv so onbyiio op Shou Np SUOAY SHON’ “OLANOT 10} Vf aaquasyad Y saoUOUAL up suoav snou vj ousvou0 mb oo ug                        ALANOT] Np agsnyy Np sop 491[9qv,] ep JoyD “WW op NOLQRY,, Y ooyt 499 ap 9] Jostwga nd suoan snow aujno ug oagiaw aun, p 999 sud 4UO,, ou smdop souqnd 99 JO snjd so] Saf ‘8a}LOQ uv 400° ap qsa ‘ossoyou us sup ‘Ib asanory np agsnyy np OH -oa]]00 vj Ua suido.qUe suOAT snou anb oo iw no 49 80]Q38 ‘SonqNys :opey,p Jv, op say a|quosua sno] sup oUop oyodutt fT “norp un,p syNqLIW say aTOAT ‘UIg “WYN op sduuoy nv nod mb {od of ayponsow gnod gymarp oun avo ‘sounyoad quo1os syequios siotuiep soo onb gney u9,s “OUJOJOIA Op 89]Q{8 So] Ans ‘suyEUINY sep quasoddo mb xnoo y eajg qnod mb ogra -wuL aun,p stojavd syequIoD $29 40 ooyjd oun quodnooo xnorp ap syuqui0                  sof so ans of suup anb ISuRe 480,9 ‘oayne,] & oLI98 ouN,p s9A.J08q0 ang quoaned szouzuoo sep ‘enbodg oyjoo & SPSIVAA 99 SMU! AIOAT,U UAIq WUO[qUIES mb sopuvad op sajgpour op sondsurs suus of s[nes gaoquiy yuo xnvoos op sinoavs3 sof onb 40 ‘souynv sop sun s9] quormg sadnou® xnap $9] anb sex) ouop 480 [TT quOs snou mb spuNss so] ans ou Wall sfonbxnv vy op soposdy sop ooaw soxpurso -xnwoos op smodval sa] “saysHAT s00 gardsur v oefox ouoyora vp onb ayeystion uo “(gg 'g¢) osng ep op spuoyiod syo[vi sa] onb yo gy “byf ,uoduvg op oy v| avd 4g, ¥ ghoa axyqre,p onbstp 9] onb sjay ‘xnwo 1aoid no op si0yop To 449 “sje1oYo xnv sosodwy sowgyy sop 49 ryavd snd ap yaw [nb oo suup 9pusy,p Hv] ap yodwoo zassv ndiodv un sauuop snou juastop nao $90 ‘S98 SOINE,P 89] DAY “OMOS Y] AP ag[QAQ4 489 SNOU or LOU ajeidvo vy quarwuao mb sorane sap yard oun, nb ogyjaurpe suoanod shou ‘oyins avg “9pusy,p ) IssnY yo ya auddig op sajfia so] gird quomwae sji.nb IsuIe SUOAYS SHON ‘ation op UNNG Ue asNg y sitnb sop ourst20,{ ‘01104 -o14 ana axjno “iajaddea ap appt asnaimay,, uasne SOMA, So] SUT oP 4},1 Y sMpo juos sajjautRiio soy soynoy onbsosd Wey 90 OG] Av OFO/GE9 U9 osng yUdIg#V9 ws s[nbsuoy xnw spyndutt ag quwaep soavad snjd_ so] 80% ‘sduioy sop sin sunoysnyd ‘s9[rynut quosny ‘sqasur xg uOMMAOP ‘aIIOYOIA op SoIQIS 49 SojRAOK sonjyjs sop qaudnjd vy                    “opesly,p jav,| op suiow9, op snd vy yo ayout snd vy ougs vy isu ayUqe Inb ‘axanoy iw asng op xneo ojay, op sory ‘ooumay vf Y WOp aly Ud UoIq ININoA PLEA “pay UryNg 9 sreUT ‘nquEsT —y JU] ogsnpy ne agnquyye yny 19-a]]9Q “aA1OJOLA ap. 9] 8 oun,p so] sanaisnyd qo as yo sonbryd dy op ossug Uo ‘yseBuy op sXud np nsary ‘O19, & ooziwg ap ysourgy “avd oayne,cy Ano] ap anbodg,| y ‘sed quorwssor Niul,s ott osiog_ vf ap SavfpUITyy sa] sjonb -xnv $90 suo] smdop apgssod osano7y            np ogsnjy of onb onbydxo vag “syuoo91 snyd soxznE,P 9QUUN ap 9199 ¥ ‘9pLBY,P anbodg,| op q4v,p sorana,p onuuod auigs snjd vj uvss0PY op sonbowp op osieg ua YL “LEST ap aed y ‘onb osng y 489.0 4H soo oun,p juoanos say oy opeytdvo anoy ‘aang y UNANg oULLOND tM mb -ynajnyg aed sympuoo soyuneyg saj aed sagiyid quaany Soq[LA 890 “O~p JUVAY o[gIs oITX Nv ‘payy snd oarwu -9[[IW UN IQ “soguUIO e449 JuEANP “puspry,p sXvd np soja 89] 40 ‘Jouxa suosoust snou quop opeydvo vy ‘gpesy ‘ou9s uo $o9 JoyNagXe Y QUOT yHy 49 sunoj yo qndor mb ‘« ywugduay soroye » un siinb aasoddns syoanod suosuod snoy ano| J9}[exo y spUTSop soj outduia,| op say1a sa suep Jofoaua sos sind “yfop uozung JUN] qUIOSTRIA 910} VOLS qae2PUT,| “LYYDIOTL op sXvd a] 99Av SUONYIeL sap ne aoyad ‘sway spuvai y oguoure qo “(j unayuyy [ONg0v,] ‘uyseyy op sap oar 4M TIA] “oud -jooxo and ojwdor autord vy qurAap mb 40 ogad agpaoqe ‘oyLJorp oanp vf Jost} -rour ap ano Inb squzoud sop Y aoa & sy] -gad sunoy qreurruw mb mses op Tonos of vs Y gpusy,p sosNAE soj ‘xnvfoa sanay avd aT] NV ‘10880 LOS qud yo ywowoUL nv 49 aystfg] op aagisne yeapr {« » vy op sduioy nv 9ygid ap sind ‘gpeiy,p nbodg,| @ ap UAVINEY [OPT mb jeppr,| urd [1,ub uye aagqovavo uos wuridut my onsvusp onbuyo omtoa ‘onbody onbuyo “onbyne -uossa aquasap anod onbsoad aagjovana uos ypiod jf ‘soy smdop yp S08 op oo1Ados Ne ar}oUL of ap osnofonos ‘ory -avuour vj dvd urwur uo suid 4avd ouuog oun anod 4ny 1o-tnjoo onb q1vy np “jav,] suxp nvoanow yadso uN,p 00Av vproufoo onsvUsD opfoanou ey op qavd axqne,c] WIA’ UO suataun so] onb sop ourgut op qo onbyyod np yy Np outaid aanowop axroysny,| juop ‘sonbywyoaw sdwioy sop uy vj mb ond -WW9,| op 49 ‘oxtoy91A 0900 aposida ojdunis un sed 480,u [MALL Uos ans gpeiiy.p uoFiug op oydwony oT “sapugs xnv osdoad gyrutarp YL op oun 99yat                      ",0.0,eng,39.806437247535605,False,1648327098.981302,1.75
4,"6 8   fou anv 9 QUHU 8° ms ¢ BT bra   ” ¥| snos ossuur oun queT, 4a so] avd Ht49} 98 4a SoanaLL mb A xy ;     ) 91938 ap 409 o9Aw 489 op oN 09 sop avd 4   NOS LA",0.0,eng,47.96087659523809,False,1648327103.5353658,1.75
5,"It *¢ ott ‘uobang op enbod,) ap ag ap yuawbvaf np wssoq 9 “brad   uy avd sanonbuwwa say op os 0799 wy was gray un avd ognbrpur qso tb ‘oyouvy ey qe axqUaA 9] : snpuEd JUOS S[IIOP So] ‘SAQOUN]Y GUO SOULIOF So] Ig “OUUSTTVPL Op Tonos nvoq uN soayne so] ans onb xnorUL ‘g[Qaga snourwA sop aro} wUN,| OUAPLAD oun,p yd9p ug, “onbnu wy aud yydvo un ossnod [1 onbodg,)  autuog “yup anbsoud ‘odunis snjd stew ‘uosung op sop ajo y 489 ajnvdg uos axquos quar [nb ewne,y axguuop avd « yd» un ooaw “Huo]-1u 489 oused 91 Sagstoao odaeyog oun,p yaanoa sa avy ap aysnq Wog “Uosiug op ops v] ap « » XNY [I ‘A[JoND9 Ua aIny}o9 8 40 dovy Op [IkO UOS ‘oquaquIT oFwsIA OS DBA “(> “¢ °%) mb xnav onb quota ,9A owgUT 9] w of 49 ‘sagKojd sUIOUL nod un saquivf sano] ‘s9.u0s suIOUE JWOS syyduo sory ‘anuoa oWQUE ap JuOS 809 nb suvs aanoad yo 480 wl “snu syndva sop ossnod nb ‘gpedy,p aouion# un,nb oysisqns Au yp sour “(9 “q 1) Juosuy puvsd of ans ‘oyNs vs op 49 uofuug op 91Y9P Np afnoayp 98 Mb of]90 y OUQOS OLN oxySMYTL a4yStHOA OT             “soqrUrTD sap atigs U] SuUp ogssupo suOAT snot anb 40 (FF) op op ‘oUMNIIq UD ‘osIsse auuarsns oUN,p [99 ap vy uoWY “JW op 489 NoUIwA Np oULUIOD JUOUE -oqoUxa Sop}IWs} JWOS S9ssVUT SOIINU SO] Smeu Jo]JOUL Np ofsnUT Np oMQUE op 989 UO [L {qtWII nw o9avai aonb 4sa, ayutod oyey ‘oyouny vw op Jos ojutod vy] JWop 40 ‘Sop 9] sup gauOFtA puep un onb yo xnoues sof ans uUqUIOy NoUIwA UN,p oJ 48a oygduoo snyd wy candy wT “(pp) osvq op pura of ans sop ajnosgp o8 mb ojo y S94 augos oun oytod axystor 9] 4@Y9 USL “oquaaga snyd onbodg oun,p aqup v] op ojqissod sud 4ysa,u jf sonU9A oUIQUE op JMY 19-9] 99 SIVA “O]QIS ap oun y [t,nb uyezoo qtvand [1,nb 9408 op ‘osuq op np myoo onb ofayy sujour yuyd neopuvq un avd spundgs soxysior xnop op S0q8r so, oyod [fT ‘oyonus y ‘quyur osue un onbrpur,| auutoo 91938 oun y gE -oyivdde |] “oansn,p oowsy suvs ‘SOALA $99,891 WOR saissvo sas qo ‘ao1ard of owwos noy np soanfuy             sof iqns sud uu (¢) guowbnuf punsB puooos ory “augne,| y un,p aus oatord e[ op anajnoo vf “Ivy op yp auigti np jue}Aoud 19-Iys0 Is My soxyNE sop 91199 99Av aaNyoLy oV00 UA as qnad uo $4} nv sop ooae “quid sqm Joyjar un ne guuop v a] ‘(F) aou ang sinoqiour so] OxUOU Wo LINAY ap « Pavpuorg » /T ‘oaguUOp avd ojnop suvs qo quvaop avd suour no snjd yuuquoy odavyog ofa] oun,p as uo onbodg,, y ‘eagugs ust “outed 9] 10 aanqujos vj snos ogssed 40 o[Ja,nb 49 oursyod yy anb e1ano9 ou afj9,nb aro 489 |F No sop A]QI VL ANS suaLLiON soy avd apy10d fop 4149 oJ seu “9ALISUNT op 49 (gz) asNg op soj}9 49 (£8) OT19, ep 2148 ¥ onb soy Sop ans ex09Ue SHON ‘assLIINO Op Not yHvu9} 49 study sary nssHy Ua q1wW9 o[Ja,nb sosoddns qnad uQ ‘om@uros wp avd opisas yo oysnq_ of ans agstoxo ‘ofa squy 04208 oun : Yor np affo1q, -Wo,p anoyod np myao onb owgur af 480 ‘navdstp un oxyyeqe anod -woZ OY aR Ou 4UON TT “ayoNw wy s19A gUINO y-389,9 ‘gsoddo suas uo 9sodstp soon un,p auiod (¥) qyad ug, uaNn3 op UNG oUTUOD op UOLIOA 1,| aud qwwy9 aajoyotA v] onb qmapnry Tt yoo sue -woo nod augiuvur aun,p o9LAys qwaos mb aquif oun,p anoqnw 4rva9| -nowuo,s anonb ef quop [eUATUY UN y Jo8UOs ynod UE 14 onbsoad oysor 19,tt [F ava ¥ O[!OYIP aug UN In] JULAED yressNod [1 49 onbsard ouny oun give oy — jor9t ~19p avd 49 quvaop avd syd sop sonbrput anod ang ned nvssar un ouui09 yuo ousted np Xnwi9}v] Spsoq 89] onb 90 Ms snjd 0A uO wo “OWEN op o4a[%q P| ‘ossvyD YL op oNa[v v] ans anbodg,| sep ammjuteo ey opyouyye yso nb oyjao y 40 ‘opydoay owtu0o agdnoo ‘juuruy un,p ononb vp y ojquios “sol [1 sUIRzI0 Ang nuvdsIp ¥ [1 $(¢@) Offa, op 91938 WL ans ‘opdutoxo avd 40 ‘uagpese op onbystt -powvo 480 ‘uoduiod un y no gpesi0y purjs Buoy Un Y Jo} UQ ofay] un gyoww qig Jonbne stonb “vo UN Sop 9] SUwp yreIod sound uA np o[tuK,[ ¥ 4ANO. os nd v 40 IpuoMT 480 (fF) quowZmy ouqne uQ ‘sopuys snjd ‘sougne sop oumutoo “quos sovdes un,p s9[! 59] “mon9yUY oxsIFar NY op soquivt                                  sof axsifer ny ‘oyoup ¥ ‘91948 UL op oyNV9p o-aed vw] sULp JeANO. os yreAop: mb (g) un ans o[qisues squy 489 1999, 9[opout op oun sauuop ap stuuied w ‘sountly segue sop of SUP gasasqo ‘yp9001d 00 40 ‘suoj[!s sofavy op avd saxynv sap soun soy sopandgs NOs SossLUI Sor] UOIq yUOs soquivf so] onb suoye ‘soguys soyjonb -wd sop outros gjaranvd oun ooav sopyva} JUos SUIVUE Sos oN oun oUUOT, of onb a[quras {1 ‘eqorp y ‘adnos sarap ~{UUAB,| SUC] JUOS S{F yUNy ang outed y quaand sft sreur Sop qUO sNoUTWA souyNL so] 891 89,98 -pidoa quos sj,nb ja ‘snourwa xnorp ap gyoud -dvz ong jssnv qnod |] op ooav ‘dnoo un sored y no atny y soyouoyp oquuos ‘oyoned y ‘noura sorutaad of ‘oouy YL Ing “Tor UTOD ‘oqway toa ‘oyLOAp 480 o8sIN vf quos sossmo smay onb o}408 op ‘ov -UWAUP [9-Xnoo ‘[esgUET UO SME “(ZOT ‘g6) syxquioo so] Suep snourwa xnoIp S0| oMIWOA ‘xnoUEs s9j od 49 Youp aX0DUO JUN Os ‘coy opuooas vp ans ‘outed oT “oguivA aaresju09 nv 40 JUOp uN yuqu UNDLYD ‘ousted of onb ano] op ostsqns ou [f Sopny “MW owQUT vf SUEP “jnoqop snoy quOs Syeplos s7] sop ‘oONY vans os mb sjanp op ous oun ua snourma sof gpusy,p s1oTLIONS sox ‘syNdwo sop odnoay vy y sop 9] “oovy apuodes Y] ans ‘qns so] mb Jouon un avd syssnod 40 sop of ouQuUop sogt suvUE ‘snu ‘oYonws vy S19 syndvo sop “(q J) oxgrutoad vy ang “Soong S104) 89] ans o[nougp os ‘noy[IUL UO UO IOs ‘oxystBox puoDaS OT “yoaurp axgour, 489 Ua mb sp 1QIg BLY wou wos 9uUop v mb ofjo0 y 8Qu4 QuoUE -ourmiao ‘egUITUN sex} oun uo np so] gaB[yyY 89] ‘Jos nu ‘nb xnav ouuod ‘axynv,| quvyouo oun] ‘soguey ruop y yfop no (oyonus ¥) sogSojd9 asoous saprw 89] [08 of S10A quOoUOY sUIVIIaD “sogLIUA sop sooudva xnw souuop ¥ 9YoLyyV 489,8 oT waryo un ouop 489,9 ‘4o1Jo9 uN oy40d gasosuoo xnorUt of 480 nb inpa) “ywND essagp VL Y Tazos vw ‘numpny sof ans ‘mb myo y IsulE SI ‘o[vards uo agnoaue enonb | ‘anqurod ya ayorp 480 offfoxo,| ‘sondesy quos soumoy simory “0xyU00 nw ‘Q1Aupwa UN AMS gYINOD ax YAP oayNe| invojqr) np oyoned y ‘o110y avd tdnosoow yso un] SO[ISIA JUOS sUOIyO XnOp -W09 JUOS SOIAUPV ST SP ONY VI Ins          ",0.0,eng,37.694873092480556,False,1648327112.996806,1.75
6,"  avd quaquioy xn. x sop arrwpuyy uOUIOyN yso Uo aTJo $y agsnyy np a) auU09 49 ‘uomuvg op 19 UO auNJIOD oUN ays0d uobing op onbodp,) » a4omyns UT -yedoa ny > os Y sud oysoqui 1y of su np 9 wg au uo quop (9) quour sgssvjuo quos inb xnoo 8 (z) quoul uu ogy ‘sngyNqn qv, squdv, p auto ‘syepjos            OW “V Op soSvjzind suoanod ou   “wowogy op openyy np oor uo pL 8 “Ory   (one : i O uo s9jn99xo sop ans ‘soruiiuL xnv sop avd rane uo sasttn 919 quo ff sof sojjoq by syd gynvoq vy op ogssnod sty oun ‘suaryo sop OULU XNVAsIO Sop 40 OUIWIOY,| Op sofvuit so] suup owustjvas op snjd ‘sooudws sop Joa oy SuUp ours ‘Tor np o9agv oFvuIT| suLp o[qIsUOs aovdso,| op stos un ‘gL ap sHjq “a[]Panou LOR -gadioyut oun JouUop Y 9YpIoYo yuo sft xne sajgpy 891804 Os ppway,P suoruoad soy onb ourtios wo qrvaedde [y y oJoous svd au uo,nb axiod PL op Hamp v ep Wy np spfopour 1 anbionb snu sop suoAap nay snoyy *[w89 oq un 99Av,nb snUDA -avd quos £,u sieut 428 IN| ap Xno!onos ours uosiug op sory wut ap q@ ostyreUE op op 49 ofuvjgu un aoa.osqo nd suoaw snou avo ‘agournu snjd 489 YL ep aII99 Isuye ys0 onbody,, sindop ve op quoo vy ‘qed snjd seu o1jo9 out09 asisse aug jmaop mb 49 ‘my oxgisop oysIsqns 0494 w] afNas OP assagp UL Y JOLY O[ SULP syssVIUE sTUIOUO sap ora V[AONOA FAP sp OME VF ans ‘ougur op 4g, y1v}9 mb aeyYsT VOIG, 480,9, onb yned uo,, onb ojos ep ‘oyueU uodey op ofwunr yo oyXog, « [ADIs] 01D 489 DPD »  DUED?.s yo BUDA s4na] ZHI ans vy (sind) apuan opunib sna veeo.n “opofop Ama] ‘sao40f s4nay jG ByLO8 9UN.P 84NOd no uob.ng ‘gpnby sump 9Bgiesv junki, yo Inj 24puoo spoags punyg,.s YpO}0) Ana Wa sfivd. sa DE us 99 ans ‘yanbo} o1quoo uobangy op obvsgud 9                         -oqedgy ofwsoad un, Pp worse 04x94 9] ooaw osodutt,s un ug “assegp oun Y AMOI VS op yUUPUAL gayUOUE 41N99   wqNUY,P Jorea 9] ‘pay snjd yo OTA, ap sop quojgaga af onb 12} os24to}00 Dy) ap JUAY? NP queavdde ougos oqo   Tp sa[J99 ouMUIOD sayoguI Xnv oqod oUTL oyiod 4 opraysa oun ans oug. o[[g{ ‘assegp oun oUOP 480 [98 w| ans IULATP WT “(GS ‘RB £8) op 8y49AN00 42 XNonUIS XNWoUIA Sop yo SoMLIW Sop mb 49 sossogp op sojnudy sop quoj108 mb xno op ang surour np quoaned $90 ‘nUUOD op WoL Y JUDO} -ouxo ou sis stu oyouBUE   ouoy vy] ooaw sud ou         snavdstp quoworg ¥ oysissw nb ¢ ap onbifioy ap 91 ans onb sag] MOS 9]QIS ON, p JoULUIOS ne Lbyf (9) puoi rugrsroy of      ‘ouyso np yourUt eqn ne qodnoy 8qu} agser_  ",0.0,eng,38.81702749572649,False,1648327119.31535,1.75
7,      i { i i,0.0,eng,52.64566225,False,1648327125.891125,0.821969696969697
8,"-uosing op uses nv sol sqadu,p wos sup oo quvqu9} wo ‘jryvoyruaIs 480 9 18 WO] snjd snoy spuva so] ans ‘oqwdor 410014 vw] mb sojJ90 doAv 9]quzS0} “osu! oun SOURS 9]]9) op SuoJuo So] mb ou -HOUE aM ans noures of (FOR) SINOILEY *(@g) jeurzuN uN uo qnyua,s anne un,nb yo ‘9fuo%9 yo aswag aawy  Sougy UN,Nb stpuMy uN quRIMy -dvo ‘soummos sou xNv NoIp 9] aAnosaI UO, NO ajduroxa un uo snoyy ‘sosgy Sa] 013109 39 xno axqua qUA}WNq as XNoIp so] GUOAnOS snjd uolq sy sof JoqUOIYY anod 98 XnoIp s9[ sjonbxnv ‘soagy op syuquos sop opo4o ne os sft anbodg,| y sna -uddy yuos s[inb sywquios so 40 ‘to-a]j00 stuf quoutonb -Hvad ou xnvoos sa] ‘opvdor ouuosiod P| onbsoud suatusop soo anb siojv stvpy “sjo1oyyo sop myoo vy ojqva -uduioo « jeuigdun sayaye » ung Issne                        qnuy 1,8 stoTYous snou onb suvs ‘uoHuNg ap outer of 9p MOqUID 919 OVOP ¥ assayoIU apuLAd ouN,p onl -ofoysAur un : onbody ourgur vy y $9940 M9 JUO xnoIp soxnL,p sofwun sory “NOI Of anb sy40d snjd quos -419 vf anod ‘nb xnvosney sop avd ap vaudde nop amgui a1 (gg) asng R ganowy oxpurdo uN “qIRy OC| “0x80 “1UWUL o8 NoIp a] Sfonbsa] 1uuNd opuOUE np syuAUIgID 89] mb soansy sopuras so] ‘Pwo ua,nb 480 |] “UOROy +quS1s op « op yyour > un,p ib sud sog sos op mb sounuyy xnw ooyad [Io}og 9] OoAv soyryuopt,| Jnod uGQ “sopnqo[s op swury,p qoadsv,| snos sagst|44s sap oxqua qruvdde sausoa y oy ws Y norp un ‘apy ayjayog y ‘sadnou xnap sof OxVUGL toy sud quounsiy ou nb 42 “YsaUrNA]K 990"" s9yNuUop! ‘snjoaoyo ‘snu  soagy soagy sary sa] onb oj94 owgm a] onof 09 “OM                                              . | -oUUVA op [wANsy UN y aANyXO} ¥L HOP ‘agsvag avi} vs Y 39 Oued UN,p n: Issnv In] NVaANOU un avd yo ANY YT nuUOOUT ‘oyNg uN ooAT gstou9 uol] un adnos# puosas of “yrv0 “yruats yxp9a0s1p uN 9priy,p nbody,| y wns v ib stu onbod9, | @ anptndgr sqaq omnsy optim un avd spij xnvoaney xnop odnoat (99) ofa, ap eapurpso of ang vj op 4o11UE,P axqua9 a] onb pavy snjd nod un.nb 4s9,u 09 “gpeity,p soquos sop qu, Inb soUsIs sop gynvoq UL op udgp ua “toogp nv quoumsa sed Qyonoqlws uN suUp gavaF 48a np WOU 9[ ‘18-xnoo aug? mb sodnosw xnop ua sanindga quos 4a snjd qoadsw un quo sors, soun3y So] Ano[wa Uo axyoUL xno ap UYL ‘agage QI} osKy OWN Ua sgsodsip 4o SOI9Y] Op SIUAUOD Sop oWQYA of ISS oxyNY; (99) o[}9J, op arpurjdo un ua snoyy “UOT “ING Op OY WoU nw syLosuE quOS 9 19,P snou anb s9~up s[nos S101) sar] onbody,| | OUUOD ‘ORL UO sysodstp ‘Suqro XnuUITUN sop ujuOD « SOAQY » Op JWqWLOD op aUQES un quoyiod snjd sop soxpurso 07] “soagne sap afawur uo ned anbjonb nga quome nb suruny sodnoas ap JOUKY} Sop quaros SyI,Nb a[qussod qa0y ywavd snoU [TL — j9pvay,p onbody | op ynqgp jnes np yuour “wat1qo (ge) ss yoods,p ‘saaqnw,p onb Isure ‘seapurydo 819) 0¢]                                    6160 OV ‘esanoy mp 11 “Ot     ot “agagsut 108 oun,nb qwy y no} 489 [1 S(GEF) queanos zassv ‘issue 480 qonbuvq np oui) of shud so suvp onbodg,| y ny | 40 ‘sopudva op oad oun odduie yo -sip ‘a9[vj9 ononb us avd ondunstp os mb ‘oSty,1 op owyy XNEIA np oUN quoAnos snjd 1099p or] ‘adnous 99 op outuo,| ans aun agjg-ynod oUUOP vod 49 ‘oy g9TCE uo “yragl [Joy ¥ -goqad uo uo.nb sayjoq ‘sonbyqo. xnvor -avq. xnv sapurq sofiv) ap quamdgs onb soxsiou ua dwvyo np uorstarp vy aed agiquie,p onsuysrp as (20) (gay suey) oa81y, np ursseq ne UOT Aud avd yyw qoadsv,p soupur do op adnoi un uosavg op sduray ne anquywe 4sanb sur 49,9 ‘so1a9s no sopouigd uo af aonb issnv OUN,P JULSN UO ‘yq gp LOULDOR “WY gsodoid v,nb 09 489,9 sop os No 49 onbodg,, op ajeuy aseyd vj ap xnao ap soypoad saapuydo say uoivg ep onbodg,) y sonquye 4nad ug ap oqissod onbioy snjd vy] WOH, YI ans yo site ang qavd a%uny aun anod asodos anby By ‘os vg                                     op oyu] $7 a1quoU un,p snoy “(A oaidey) sor -noyavd oxydeyo un suvp snow onb epny9 oun oyu np anoy suep o1j9 anod dos, quos a1anoT np suoK -oa]J09 so, avo ap 9y1UI] oaqtuou un y quvagZ9I sNOU UO ‘oxIdeys onbeYyo op ansst,] y oagiuiaid vy anb sO “A110 ~sod9i np 49 uorwoy -Issu[9 U[ : o[qnop auigiqoad un asod aw yoy “youu AT 8p uy vy sindap ouoy ey ndaa quo Inb ‘xnvaos sop omnavad vp op jv, 99An puojuos os vj Guo uaroun,, sue            uobsng ap obo, yp anbydhyb vy “gpuily,p onbody, ap sayyp ynod ajanb ouop snoy *vgpny op afj0 op onb -gad anbodg,| op oysoad snjd qso vurmg,p anyeys % onb aigZns yo ouuo1our opou oun y oxpuod -saiioo ouop ywand |] “77 *6y’ youanoy np our -1uigy 049) ayNad oun Ans onbody,| y 0A.108q0,8 onb S19} Sto Sop   ",0.0,eng,38.87003048561151,False,1648327133.962801,1.75
9,"oun panyouey “1 Hf op »   usage mp sap""       agaayua onqyys oun   op gor ouN,p NYA 480 104 OT “(24-98) wo] snd snow op of ans omgUE ep     Land 40 xnorp sop nu noqap mg, 9) uguE a] ang     issu Uf cp by wnosnyy YSU LV quos ‘sojduns id un,p oysor adios “quid quour ‘owigut op ongga 489   » snossop oT wity,p onbody,   [sep Huy e onb stvut ygui09 yoods anyeys UL op queaap ay onb K) onqwys. yoo v mb yo (a FO 8261 U9     OUN oAysNy|E VI9,     snjd gpuo yoodse un quo § onavd op quiossox yo ) anad snyd nod un ous) op puns un Gz, “we Zp) op 0499 ouiuo anoynuy vg “spanquit sap and 49 ‘aarssop sts “9199 op » offgis un ans a snjd nad un ‘104 ory 18 sounssvo Sou }nW suo] op avd oyod ‘uozng dus sovjans vp op sodoid y ouyg 4nd ougut wy “xno soadoxd Issnw UNG UN y 9}UAYW soUIQUT nb nad 48a [I avo ‘s9[yMUT y quodde juore            un,p        | OP Opa 480 sano sa} FI *xnogo Jog, un avd sogandys           D a nod snjd seat oun aod » of ans ‘onby           ouigui np 480 (gf) oNsd op WOsUL/T “pepBvg op 40,1 y o9t mMsy |e, ‘y,ku quoraoud onywys vj onb yo op 1130, [1,nb anbrpur apuwaz snyd ef op sossno So] ANS OpATAT op WOH, -dusasuy ou “ood snjd nod un onbsaad onjymys oun.p onavd op un suoAv Uo snou 4 ‘Ug. ap sop daa ‘opuwsd snjd vj op syrutol 89] E261 nd suoav snoy *y suup ost y sagpiodde quaany ‘oyL10rp qo -89] op ‘sosisse sonquys sopuNA xnop nbyywut                                   (ar sasissp SDI,   QqWOIp v] op xnjye,y wed uy] ap so8se,| ounsour oury;.so9 oun suvp qreanod If anod ong aatop 41094 90 onb sud suostiad ou SHON “« ggf![UGT | MNOA (UI 40) ONGLYS vs vUUOdSEY I] rnb nv vUOMTY 89] 49 XNVvoyVq Sop ans voHALYO So] |] » “aqJOIp v| ap JUOS Mb ‘« sastou sasuod sop Jour 9799 op sou UOUE sop TN ZE noua sav yo sop oFJOH 9] ‘« soy, » Jaws} qy [Nb “enp joddes y os 1 yuop np ‘ayoIp vf anod uosar; vy op op pwdvo quowow un ousga os op quog Inb “nogap no sosisse sonqms sop yo gy “by oun uo oQ8 oun op olgs OWN 4y ‘nsNy -YSIUVPY yL109 Inz ‘sdu4a, Hos ap ‘WO 9] juop Ug, “~sorUZOp 09 ap WOU nv aqLosut qv,p a1ane@ ounone OU SNON “w}OPvI NY UPOONS yo gUIV,, WI) PODS of ‘ayvdon oysrry vy squde,p éxnap snoq 49 YsNUINY ‘NoFuNg op s[y Xnap sory                                         quear Q9ze-SL ""S sv aos dddns ogstey wy90 £ vp anod owgut op sed so] onb ouop      nbsoud oqtuoy 49 nous nv and as ap             Ad sunay ajqnop y nss          y say avd quomuout 18 sag swt “101    ",0.0,eng,41.49966275531915,False,1648327140.824568,1.75
10,"  qwsOL OYONNA swsq_ of “0. Xnop op   uvUT 90} o¢ “soogrd np asgujod.   ad op onquys S 8quy yo apunq xnop and 9n:     BUI yo oso0rpyt UE 489 Joror-s         quop ‘onqaeg ‘9494 Yop     yojoowaq un quod oyone     oad so] owLULOD   a1so4 ou TT anod ‘sdaoiq sap WUOuE ‘ay onb uoIq 18 dooxo spqry nas nv stud w mb ao 9 4p mowata mb qvorgp nb 99 uo ($7) oN 9p MUI omfg y o9ssud aig S qrostuy 9p asoyo op nod seuy oysou If j ws op ofnuunsoyg Souiils say anb aysar w9,u If ‘oorp ur un 4IM0d 40 2 osng y 9anon 9 ANON, ONYWS OU 1qWI9s oqor oun,p soquinf xnv “qnoqap no osissy onyeys 9p.      Uo           MULIOY 897] p SojfouT Blamed abd: -unb sap 10doyd ap avd nu 4        mand y ‘oyonns       “Buoj vos ynoy 9)     snjd oun v ‘quiny ep coung 28 OT “oIqISIA o[nvdy,] a aaoyj Sos yo onqurod oqavq v   “qloap apni qreaop 9yrun   Ldap qUOq WO             sontuoad oF]   sonsuo] op qrmqa quejaod  paoq              yf assy y                N Op xXnoo sur HWUE say SU         oyHOIp Uo 9TINUE sey 1% op sonqnys sop aed wydope (gg)   a8qo ooUNs ‘snu quos spaid sory“   ‘spun]i op agiiu     1 soogid xnop sud        yuiop o8 ynad ug nuuoo odd’ ad 90 y o8n                    939A UN arOOUD q1 sop quvaop 9] ans oyod       1    949 quo ng quaany sy1,nb IQ Sop ans sogaws# Du Vu 1 8098100. 89}     asosqo £ UO “oop “by   4 9] sup osng y o9ayjd 41 UU US Y OLIQUT ap OINpoE a8 onbsead onzeys ow   > afiar “oan, vf         agent y w   snou anddiyy onb quoprag qyvavd 89I9}8 SAP S4UO| rUnuoU op oansy oarey op ED opout yo 908 np quouE “guAtos snjd 1099p d owgut vf sup oundde ongms oxne op oysqav un avd          ou 40 ‘sop 9 IT “saqsnq    87     nog                  aLI9s OUIQUE vy 9qno4 snos xeddv ouop 913, 1] ayjod 99 & sa] snos ayonqa         ‘ausord wy 40 0%   ‘qioap oysiue y apios 919 ¥ AMET] “sUTvUE 89] Aq quo mb osswur op sdnoo xnv yuu n}.499 OOP 49 op vy y sud YIwSLA ou Inb oun avd ‘— ofa v| op stow nv — quoUIo|4 19 quo sp! $i xnoo Y ‘spurt sax sory sutoury                                        op s%       39 tapny op suru sez onb ssopy xnop nw Jo IN] ‘SIOy S104} quor|d o8 oN ua v] op xno yo GuoMogy] > uu vL op syHtop soy ano] y,nb 919, op nor ny “oust op snd ‘outoS jo op snd avd uo solo SINT xnW ‘sofosny s]310p Sa] AAT ‘UIOs op JUTINY daAT SagyrEIy qUOS : “ugpny op so[joo y UaIq yueyUOI -nddv,8 Solfo oun DOAv So9sTOD 40 > ‘aaj, sup oun, sagowjd sop sajjoo op of Surv sa] oaav sp-ne s9sodst anb rue 1 op “f 8 aXIX NP UY V] BNO} onywys XY] ap v{ ep oad v{ ap 2I]99 49 aanssv9 vy] anb [LG] Us ) aUOIp op survUE sop osng op 1 op “ “FZ6L U9                                ? uy              489 gy b 90    avd 9qui0}    ote)          ap anoynv agfno.uo oad: mb oun aw 9 ogoa 09999 “ooo snjd oBungy oun        oyu       1 9] onb sioje ‘spuLjs sBuoy op ‘osisse anys B] ANS OUIUIOD ‘9pxoq 489 Y] Op mbyqo ued of ($9) | 1 of ang       J yseut vy snos JID oNjLIS ON999 qVF Yop SUOAE Y Lop avd ‘oqoa vj | op (pI) onqeys op 5 Ua SNOU : O1gLE soswag,s as ans         uond,   sut,| aysod 49 ‘org quoddns nv oquiel                   ny oon 101 9] nb ‘« nquy =809 OUIQUL 9] O9AT 94U9 1 MIQUE OIA YI aUAISp  ",0.0,eng,40.49428379061976,False,1648327148.396124,1.75
11,"£% omgut   anges ey un,p o9pi{ IMJ snoN “yu{d yo of qoodsw wos op qv np seuy 480 mb oo ‘onavd -sip onqnys uj op sdioo nv gusop 9] 04399 suvp Stuy “(9g) osseyp ‘a op mjeo onb owgut op soug.y sop  AIIOA ‘SoNIY}S ap SOJ9OS SOP Y IOS ‘SOIQIS SOP Y 108 aofiuos ynod uQ 9] quop ‘gaZop un y ap 49% anaj Inb qnvssos un and yUOS S101} SHO, *(1@) op e9snpY Ne gassuod UN             ap oda} owgui un y quo (gz ‘og) suorut -oad xnop sor] “(gz) spQMUL squy 810.9 sonqys sop ynod uo ap os op pus of ans “TuvUT 8 ‘4o1]oyv OWIQHE UN,p aed nopxo oWIQUE UN ans sfoJavd yo ‘onbody owugtH oun YI, op “xpi sowed op Hav un sed oynop sues y1VI9,u. anoynw uos onb aujg,p anbsu woulg, 99 SI assmd uo.) onb np 1 uy} [NAS 9 489 (Ep) NOG -op anquys v] op op epIoa9p Osvq wT                87] casng ¥ 9ANON 949} op Np efnpout BYP   490,U | “ag “ysesvy sua, avd agydope waas ojo *(¢z) Of[>,L 7P 91g18 BL ans ‘nou! ‘ sud uo ‘sou (¢7 “by ‘vgpny op Qs ap un ang avd) sop yo sdwoy xnv ogsanye ‘« oypor amyyioo wy “gnbawut xnoqut 489 ap ozu0aq uo 949} Vf ap xNeD onl nod un ysure S|] Op SY 9Uus99 UN, ‘Jorar a|qIU “sjjoanos sop “quogy Uo qUDAQIaL O8 40 « OYDO[O UO soy"" Uo 049) opurss op un‘ -aod vy ¥ 49 xNw puvAy no ‘Oyo .P 9319} SoUTIUOS snou “oFusIA suLs op [4% omumy y ayy uN Y O14) 9] avd quo.                          atjone® sq af v noARAR 91 NO (SHI) ofeuy onbody ougur uy ap ap aiquiou amb 9 489, spout oun,p y op uy vj ¥ opotu op wy NS JAv,| Op WOW} UN ysns ooutd of avd opdinsn ap anbodg,, ep o1ana oun omuios vy} op onb yoynjq op snd seu § -vuv gpuo oaaw oMgUE of imb ‘(¢¢) op wou nv oyosUT asissu onyuys v] avd 489 oxj0q aug, Y nogAIns qv apoUt wy anb op Uo 2y909 Uo 18 OWIQIY “104 09 y “oRUB994 OLI9s wy SUUp “WY “W avd gssvjo 4so be i             ag ap snjd o9av DJ $9999 $9] NO ‘NU 8104 WUSIs SUOAT,] SnoU oMMUO “Ey “yf Op pi 4S9 aug. a| Hop assagp oun 9] Ans 489 UO | “eeXT | [eaguy uo anb yuo} att $9999 “B8Er OV ‘asanoT “aayoqn “oppn ep stem op 97 BE “uypogy op open py “anssy p apanoa angmsy FL “Bt     sued 890 Op om 1 ‘snu soagy $9] avd vy suep sane nod soynop “inj sud navdsyp rene 1 nssry un @    epou & -ysturyy op oumnys      VAL UOIS qe ys ayones 9190 91 3n0} say sqade,p junpy qrvy 80,8 onb ) A149, JIwss00 od vf ‘dnoo np yo “oaqyy sqad nod y sioyw 4199 “OUQLY U9 of qian uo, 1 jnus loup opsue y gxd         ",0.0,eng,39.635131214876026,False,1648327154.7608728,1.75
12,8 ety ese oy a =z ‘too neh ro we al,0.0,eng,35.22950527272727,False,1648327161.597815,0.875
13,"TITAX'T Molng_ winosN]K WOISOK “Vor ONT “LP weidv. “pfiason ep ae M op wesso GT “Prat   “0g t ‘(0L6T) a[g}8 U] op suoLLON sop myoo y yso quoKE 9148 onbsvo a] WUOP FwP[Os UN,P 97} VL ptasuod & Anojnoo oWIgUE ap oxgnE UA “aud Jorst| un avd 9q1w1T] exys1Bor UN,p AoMUsOp 9] 480 no saod 09 ‘o9fuo[fe afffoqioo ap oysos oun yo ‘anedy,| ans (ja8vo no ofigis) y yolqo uN sIoy vp aojiod y gdno00 yuvyg np gasesu0D suaq 9| ‘ounqUIo9 ws Yagssted ys OWA 09399 “OL OP 91918 VY] 9p sofjoo Y eyDeY aun,p gun 40 ‘adnf vj qunquio, ‘99s!o19 adavio ofan] v] op nga Jojsans wn,p sdaoo 9] aanty, no ‘uaisns jediound np yofns o] yuours stogad 480, “un Np synbsvo sxoLONT ap ye xnw snu ap saiygp sep onboag oes one9 “61 “SY .tOsog op 30 pepieg op sogsnut soy suvp spxqUa qUOS so] quop ‘gXtIsEN op squd 91998 vj y so] Soo op a4Q”VCUL u, owu0s soogp ay ‘aquivl op 4 sviq op syuoUL   Seay so] anod ‘onbnuys yu0a 20 soy anod SOUI9A 40 AMO OA | ano] op PSIOALP UY UO 1 sajgis xnop y auloa ‘oun y no 440A o1yyQIe,p asng ap ans yjjonoar @ (98) uaa wo 928 ap      sos avd onb worq tssnv uosang aud -O89JN. Op SPHIOADI Sap oANYVP OUR FU ria onboag [f ‘wong y Inorg sod 48 9 onb ‘ooyad ee dnoo 9 owWoY,| op ‘spard 898 ¥ NP aypopo Uo ‘| ‘oouy oxguutord op ojdnos snjd of “OqMOIP % snjd aniord oun step sagi[rey ‘sorrqed snjd saanay sop   op ojqvjou -nuddv un y ouruos uo suOysIssv snou A sop 911g Y{ NOAQ,P« » ,| o110)01A Op say AMS OAsosqo gISIAAIP ‘ul op ugl ‘osoyp aUIgUE v] b soasiFor x18 sa] onb 4ry np   aiusgp 98 oyUaprag oun ‘uO! -yISOAIP OP WoYe,| op Wop uo AQ -woo ofRITU a499,p Uostvs anod ywav so.ysiou sop Y “aed oaqNE,CL -uoSuvg op sdutay np sas “opIg forty wy ap Tonos Un OaAw SIUUI ‘SaNSHL Sop UONIPUA YL gALosUOD v 9]QI8 01499 Op AoDgp 9] gstUAIO w mb aysqaw/T onbsvo sues ‘oF viu0s -aod un,p 079) | onb oysisqns ou auperbaa og ny “sgt] Sopnoo xnv ‘nu yyudvo un my yuvaep assnod yo adurey oun quoy nb soquons soruop un avd tains 489 |f “yofns uos Y snow suoanod ou snou 480 949) vs AUTO ‘sau,NU Sap a[[09 op sed ojquios ou a9 op anuay vy sjoyjor soy ans sind op [QS vy] ans SoUgs So[ SULP ayAsasqo -noo ‘« ofwsoa » apnyiyqv oun suUp ‘my ans paid uos asod |] “| qUMAAp gSMOAUAL UN soULIV,p osswit ap no oysuy op dnoo un,p quqv gpuiy.p souond un sing “stonbavo uos y gyeye purjy np un,nb oysisqns ou yup soyoav un eyoswut oup ¥) 794 UG ‘gefor onIed opuNss uo 949 op odiomud of : anoyney ano] aud soundly sap ooav ‘ogsoddo sovy YL op UNIppUT axysiHox np Injao onb uIos op quuyne oaav gsodutoo 4s0 yuquioo or]: auysybou ag she xnonuts [youd un ooaw ‘sonbyqo juoweyer -9u98 quos Inb qa sj ans quos mb saljao op 989 oyoUY 199 ‘wi. ¥ ofdutoxo avd ‘gysayw uaIq ody UN,p ‘oyouvur nv ‘oyon9 ouy] ¥ oYoRY oUN,p guLIY 480 sorMOId oT “oyons ROHOIP op SPUPIOs Op 9IYOP + apebed sof “EF BOOT              “oueyTLUL sed oUOp v,U INb ‘oav,| op SPULIY sNO4 0499,P WO] JOS gPUAY,,p SuPlos s9j ‘O1107 1A Op so] ans ‘anb soAsos 40.) qWaLAUOD [] “ALIANT vL ap qv, [i.nb yowpe uo quop ‘oan, op 1ojdwo,| y ooya sdaco ¥ sdioo 9] yw 149 UO,Nb aoavd aynop suvs ‘gpesy,p onbods,| y queanos’ stout omy agsi[yN ‘onbid wy “rwoUUD          9% un isp qeaop No [os 9] siaa onbyd vs aouoyue tb Joyuond unnb oysisqns ou |p “ayebou og UI Op ooUDIOS oUN,p yINF Oo] ISsNv 480 gnoqop s1ouy sop osuop snjd odnoas np 49 ‘spyjonoo soMIMOY Sop ‘septa op douwU -109]8,| 49 sywplos sop sounsy sop avd opis oapeo of suvp saqanoo sous] seg “naudsrp onbsosd noua np sosstno Sap a1[90 Y o[ax oS oy104P OP 9119) “aYVo[ Uo gytoo ouMIOY,, ap 497 WL sInd uos ap ausivd np onbyqo oust wl quyofoa oyoned op ofjoo : anojdwe oun os snpuoyg svaq sos ap saqinoo soust] sory “my onb soprea snjd ‘9prsy,p syupjos xnop sey avd gutsoy odnosw® un,p eajueo nw ‘sojdnos souioy xnv “ynoqap nowrwa Y] vy ep ep onavd oun ISUIN UO “aL10} Y NpUD_? noUTwA np 9SwugUs optA hp 4INy Np gage Issnv ‘yon op moo y odnoa# un xnop sno, ‘spaid sos y npuoyy twoUUA UN yIeAoyou Inb ‘jepjos un,p asoyo ap nod oysox {] sa] ans syuqwi09 so] SuUp ‘snOUIWA Xnorp xNw qUBANOS 949 inb apnyyye aun sup ‘svaq sof THOp Y yUUpUay? UO [[ “@qusa94 snjd anbodg oun y gynogxo ouop 40 ‘« » sutout ‘gurssep Xnort a[quias [I “(¢J) oNngV}s v] Op o[o08 9] quoxoagp mb xneo y exvduoo of UO Ig “wosNg op shourwa sop gynwoq vj sed v,u soMLLOy 808 op vy] seME ‘nu 4So noUTwA oT “oyouy oun,p ourY] Vf Tu ‘soULIE,p ossuUT oUN,p 49) Uf TH ou uo sreur ‘uo] zasse oyouvUT y oULIE oun 9aav dnoo un Jouuop my y qo oqavq ey avd yydvo un [y ‘onbrqo ue quequioy 40 aonb Buoy snjd nod un ‘ySuvay ousted 9] snos ‘oanquyeo vy] avd esis 48a outayod vy ans agstou adavyog wog “uofuvg ap sioLLions sop 9190 ep oypord snjd onuay oun ayod gpety,p yeplos puooes oT sop ajjao ouwio09 ‘mont -uo] 9IqIty op ‘onzuIod ‘opres qsa oqanq wy -ofuut,| op SoIqIyy Sop ywF Np ‘asng Y spAnogy « $9[908 » op so ans onb snjd nad un ‘gyway uaiq zosse ‘o[vao 480 o8wu -uosiod 99 op [120,""T “480,| op Soanqaq sop sBuo] xnoa -oyo xnv aud ouru0o vy] ¥ yuoyAut G7 “by ,,wopnyy ap 89948 sop ans 0 Sos {(g]) vy] avd Issne apAgSNI|T 489 GINYIO9 oy09 “oUMs|YpL op snjd ooaL agytway yo uofung ep sduiay np ojjona9,| ep o9aLugp {« oypo]9 Ud » ayyIMAy 489 vg -9oyreUE 939 sud a10Aw,u y [nos of 480 nb ‘aBvsta of uRaep ureur oun ‘soyi8 twoUuUE un ‘spord sos _y           ",0.0,eng,40.257450622287976,False,1648327170.1808388,1.75
14,"Fan Lt pet s aed       NARAMSIN DE LA DYNASTIE D’AGADE,",0.0,eng,41.136395900000004,False,1648327176.437231,0.821969696969697
15,0g -yOqunncy 9. a op foun om 49 Te OY euyosmyy ouIU0d “uoUsrYD Set “ned 49 ofvsta oy “snot p xnog *,0.0,eng,29.656302727272728,False,1648327181.348496,1.75
16,"ee queunioy suoy] sol agUBNA Y so]Inq sap sop ans 99 yuo XNVO0S $9() ‘go:(89) sougne xnv qioddes and uontsod vs zastogad uaiq op ajqissod 4108 1.nb body owu vj y sousga qnp nb ‘west. d « yoy of» wow ne squosur xnvoos op sop quojtod osng op sojnq xnoq “(48-£8) 9PeAY,P np 1njoo ap goad 480 WOU of quOp “YsUBW] op anowioA onb sjoy syne ap WOU nw syyosUT “« xnVAor ». xnVeos op soyurord -wo p1 op 99 soava ap UAVS IT “o -dyosur sop and ogymp quoump auigs oun avd sousos               Moo BY “QAQSNITT 489 ‘gy wos op qo op sdumy np qU/T wT ‘oqtjosut surout « ofwsos » aqanq vf ‘S101 89p 40 ‘93208 vf ap 9109 axyg IwAnod gourd un,nb eanoad op “urpsog, op opsnyy np onqeys vp 489 Uo o[dutoxo ano[|{our 9| onbodg,, y 41m99,8 oypo[9 Ua aungroo e409 onb g[wusts suoaT snox “(g1) op onbodg,, y suoaw snou onb 049) op puvad 9] o[Qaga anb off y op snjd ooav O[L sna] Y sag[onoq ‘so[dnos 49 soHsv| ‘sayoqut sonBuoy wa a9statp ayo wa o9sodsip 480 VL {9U9ITTGO 8x} 489 OBUsTA oT “sono! soy sajonoq op sagHuvs snos ‘s9josny op oyutod o[qnop oun ouruo, y ooav ‘QAIUIN’ Op 049} RI BP a[J9 OUIUIOD O9L0QUI9 489 OTTOL jo XHW 449 Mb oJo0 op so] @ oquuq UY] JUOP 249} OUN,P 4180.8 IT sqand y snou onb yo onbodg,| ¥ osng ¥ Solana xnv exputol v] sud ou Y QWIAUT B snoU 04300            nw op 919 amv alja,nb 9} 489 [T “OMI, Op 49 SATIN op xnv mb soqypenb sop oquaspid ofa sreut oqOup 9INOUL US Y OFIMpoA ‘ogUMI say 40 oUgYATT ua op 0491 OUQ) *( 1g) FUURENS 9792 NPT outazos 391d v 999) 04990 ‘A][9-W108 ag[FINUE Issny “wg-tuYIEN’ op onbodg,{ op op O92 ajou ‘anb mb ‘7g “by op Jorjor of Ns Se[oNOG Se]]9} op ISSN"" OAa9sqo UG “Navdstp v nb JeXor voUFIYo 9] snos ‘aatUIN’ ap 0494 RI ANS oMLUIOD ‘anbnu vans XNoAoys ap sajonoq sacy “o|fonsuias a1 ap oyueyd   -jed ‘agqnpuo 849 480 ‘ONT uo ‘ayonog VT ap [RS V} op. 80] Z0Yo OWNOD J OATLIN' Op O19) UL Ans souy uo spy quOs ‘oy onb isure ‘oqauq vf op yey 9] “HORUONE af aNg svd 0139, anod sapuwat doxy ‘89 op siuns story oxooua oydutoo « yavd vj onbuvur yuop ‘oqivq vy “899 sutour steut ‘vopny ap sdumoy nw aurtt09 quos ‘Joqjox 14 Uo $9 ‘spun 9x quOIED xt sor gufjuur ‘ojuasgud ren 21990 ""( 08) on 2 gsi[uopt nv pavily no ‘jIsto9p sud. ' sntuv yoo op « syn sop mjoo op Seay 480 gnbsnq zou 9] WUOp op oZUOAq Wo 049} TY QUOI 199) “Jol oo Y odyQ WOIq 4 yuos snou mb ossoq- uo 8949} sofjoq snjd so] onb 03108 op op oumer 9] sap FULL 919 TOA oIquIAS @ ajo vy suLc, “suOOUL 898 a     40 (22) osng op 9]Q18 apuRut vy] Ans “UIg- 4 » xnop sno seu ‘sureur sop oa1p ual Suoanod ou snoy a1jo9 y a4y9 qnod yo 4104 18 owui09 nod un ‘o9yuo# 489 ot uy avd aaqne,q “oxguuop avd “qoup 9190 9] ans sud TOU 9 as qo oureziea oun ooaw gssyd un oursoy IW, {UBAAP UOS avd vopny op o[j9o op aigyip onywys 9 op aqor wy sed pout | onb Mb “( soup i op sdwoy nv ofjoanou opour a0 op u “ppnp op sonyws so[ ans ojdwoxo avd oagruvM vty agdwup « P| ep 989,9 : ooUp oppossty,| yuvAop § u] o1juos o9ss13 480 gsoddo uvd np 9 jo oud ‘oyones suaq-9U avd y aquIO} ossyd q ug, ‘ayonus ajned9,| op ayard y onbyqo wo v] O1Anoo oI] op 91199 ep 2 9qnoy 489 aysnq 9] a[NOUE mb oqo no 09 onquys TL 18 sno “(69) ONL ep oun avd nuuOD 480 nvoos 0] IOP pUIMOU ox TURE yn hp ata vf anod » ‘sin avd giutatp um y ou 980               VOgNOA 4o«            8 qUOUO|G     outu09 ng op x oysnq 9] 40 op ‘spaid soy aoa «   “ugpny op xnoo quoyes9 40 iw ONIM}S e[ op xno y SI pu ‘spard so] o9av oseq ns ot JUOp onqws vf nb so] avd ogipid quy opepdvo wy or ® WOU 9 Op vs ‘gpeily » suup o9ii jonbey suep ‘ayn Suyy op skvd np oourad of ans yny navds       ‘seq. Bl:     sojno} ‘onqrys oynjad senqnys ep xnop op snoyy    aunonnys OT opury,| onb wor issn   a|qey UN sup FUBAQSUT 1908!   “pHuI,s euiond vy a] vu suep | 94Q4149)     ‘o191 YL anb oysisqns         au uop assepp oun y ag paw)    -NVA SOP 9M YI AN op o} -dootioo vs ap 9quoad vy Jourpe Wo, oyooad                               p anny 98 op ted ostad oan   nevajquy un,p u (S09 QUpO,| SULP 18 OUN,P ONqQAeI          89] 894) « » ve] sduroy augur u9 20 1 SIUIY “Sousvz, sap 809] apursd aun,p 9199 ¥ yso 91QUIq -wos onbsrp un no sop quosgs sau sop oaAv 148 ‘8 _ re   10 9399 9] vy quedd qoadse uos avd qrvag",0.0,eng,40.97881475961538,False,1648327189.605448,1.75
17,"“LIL oN op noose np § 6 “Ob qo ‘nei soygnq xnop avd god srwur SUL FT 79            “onby -awyg op Vv] oULO] OB yo oIstEzUYZ JUNOSSE TO By op auyny,p ye qavd aq ‘augyiuos UN,p aiquo,| -9ds gySONIALA ouN doAw grIMD w,| HOPPUAH uro[d uo oy]no op ougos aun gadas « [wou » op Nvoos of op ouras owgU NC gooad of avd Stvuu ‘yo,tavg op 90 42),p sop aud ‘ sq) UORTpLL oun 9oAT ) saquief sano] U9 yuq o8 beso] no “(G) SaUt yas soapy so] onbsuoy ‘ojdwoxe vd in onbsosd qQAed yuqUIoD of NO        gaysny| ana] op   p steut U ou s{y ‘soanry sap nb oWgte Sap AAW sop   snoujod sf * syoy sop not avd sganoaqu quos ‘spduop aayg,p nor nv *}   -jssvjo We « onboavg » op sopIed op U0} vos UO: NVOANOU oISIEVURG Op as10A ‘uO wUNLUY,p ‘94ISI9AIp Op Tonos UN daAv sIOTR S9yTEAy quomy syofns soy onb yuwys “yw op eUsQI Np sywp xNve0s sae soy 199,P Nol] NV UD SoUIOD sop OoAT ‘uy, “ystumwyg ap Nveds 9] ans oansy rnb mjoo op yuodgytp yso & “8I9Y op syUquIOD xnop op SOMLIOU So] LOS 1009p NveDs mau gg ‘by op oolasos ne un ‘onbody augur ¥[ y “SISSY au yeWuoLO vw] yIYOUNy nb                  np qoodse,j avd sortaid np oxaytp neaos 29 ‘gpuBy,p stor spuvs sap sorwtop 40 op ep squdv oxpuyjko nvoanou un Jaws yy ywyuoqod oumgtt ory “augue uN,p paid ne yULUQA} [!9[Og-neIp Ne npuos o[no 9] owgtA op gnboag v ‘(gg) op essva ysuivy op oound “(8@) IS -MYIUN, Op OFA VL anod ognoa onquys vf aud opa0d « 9810} » Ua aoa YI op N9QA 48a quNO,| avd oyND,CL snjd savy 89, “quowoy -gjdwioo svd oovjduras ou mb suors ) sausoo op soared op op owoy     syuquioo xnv ap sojjongjno sougos sop nvoos ana] op yofns anod sud quo spuvat op ‘onbody owgut vf y yso sOAyY So] TULINd nop un,p uondnast 99,99 ‘onpaod yso mb aansiy oun         nb oysisqns au yUOP yUaIYIp ynoy odnosd un juupued anod v yf ivd oxnu,p stu ‘uoy 89 ub: (0861) 1 sadn. ‘ysobyT op sound op sna -1asoe uungig ep noooe np gg “Bry +e un nu soxgy un op NvIds a] ans ourui09 “avd oun,p : soquviigi say suoM0d -oid op soandy sop yo-xnay ‘sadnosd xnop 89] axqua ginofe 949 v np sayy so] quouuop un sywyy SIO} BL @ joy yo ‘SEZ UO NvIqQy UN o[quIosuE quuuoy sodnoss xnop op owgtr ap 9sodui0o yey9 TT nuda -avd ys0 snou (92) [wou WOSUEYDD UN,p NEES OT “woud ep ‘nu sougY UN yo un avd sguiwop quos £ mb sodnoi® xnop soy np oyooad aay 1oogp un o[Qaga 49 (G9) OTL ¥ oF [HoNOe 919 ¥ neaos Uos ap “(g@) OsNg ¥ PANO 919 B osNq 9] JUop oNyNAS OWad UI « op ata uy anod » wnoa mb aquos af 49 ‘91049 Uo 8ag]wI9 SOYLIS xnw ‘g1qLo uoy un oydwop soagy oy “9puiy,p aysvudp vt ooav qnavdstp uo tub 49 9 suvp uofuug op oufer np uy vy] sep ginposqur ‘sogjouuT sousoo sopuwsd xnv ‘wD oyNq un un/y zossu ‘oovy op njeaoyo ofesta nv ‘snu sosgy xnop odnoa# 1099p ‘axpuyjéo np Np sio] sud ou 4 sUIOUE UOTE}Y ‘NBEDs ef J0Y4O -uyqe @ sa9UIysep ‘soynsdvo sojjo} op Ip op aayne.p yo qavd ep suoplis spuoy -oad ap ova} Juo {nb “[wygUL UO so[ns -dvo ap 94109 4179 exputAd oT soyrjod sas ap q1d9p uo vj oyno4 y aagyovav9 UN o1QsUOD {Hb Jaw 490 ap ejdutaxe Hog UN 480 (gg) wvig,p sound op nv908 OL Y onbodg oun sep ‘sure snuoaavd quos £ sip {4908 <nouod so] Y sNeAvas sj 30 onbIUOd -ausgud onbodg,, op uy ej smdop sogunigd quoreag op salffora Serf “gLIOSUE ayo} -avo | 4oyiod owgut no sonbury anod yo oaynv,| op un,| s}urofsrp 019 anod snagad quos sodnoad xnop sof ‘puaqugs uo sip uorpesy vt % oULLOJUOD ‘asLIy oUN oWMUTOD gsoduoD NvE]qQv} UN quoanod mb (¢2-69 ‘g9) no ‘soansy xnop op sodnoi# xnop yuour -ovuzou ouop [f Y eagruwa op gstuvitio 41V49 4009p of anb 49 ‘4QU9UT,P 03U99 Of ua anb oysayVe 949 quo xnvaos soo quop oxQIuvUE VT +o Np WOU of soyjnq soureyz9 ans owu09 ‘ionb -Ipur 4,p sto v uo yyy mb sojoddes anod Joauo un y oqUIOL « OBISTA op av » VL OUTTTOD anjg-qnad soyo[qH 89D sed mb uoyuoqur oun suvp ‘soydvas due soyyajqv} sep yo ‘siouvd sop no sows sop              ",0.0,eng,41.957044054200544,False,1648327196.955334,1.75
18,"98 mg oeeapp vp a oydun wnod uQ ‘owgu op onbsoad su9s ua 9P 91108 oun, p outog wp 9811498 4UOS sonof sory ¥9 ‘opoano 489 anny soyuIod soso} “oy143 oun 49 out OW UOI] aULIOUD 9] “Buoy ua agigs A op sed uu oqor us ai oun oyod wunwy » 9] amod qx0p mop ¥ “(6g Sonqeys so] ans auTULO “rey 9] Uop Suoj-rur ousiud      10F Op « somuOIq » HAW 489 ONL AQ ""MOR, onboag OF Vy] Op yur ougos oun axQEEIOp 9199 o] ans apawd Ey od vu] ywaop goul sos ans so99p op sud oysod (¢¢) puooos oT “jwitiony yo ywUNS oun 480 od ‘paw snyd ourwut pny, sory “paoy quedsas: 1% spioo9p quos spurl oqueyy wor Op S|f a : mundi quo } AC N WOAPUOD “er BUNS pd See op. | ASAS Ad ynsdvo aun,p sem uonouoy quustey yyur UM AL     VIV     ",0.0,eng,36.71026607432432,False,1648327202.0249119,1.75
19,"68 quos np spwop say ‘navdstp v onied vt quop (zp) Se[f2,P oUuN,| ang 99a 9Jossin JioAW Inb Xnwo Sap WAYS Issnv quo opunad oun quojgaga mb      (ep Sp {1p) stosy anbodg ou mb sauis saws 89] npuor v aud vy ap u ‘oflumay suvs ‘Jorjor Uo UOPeA UM,p appsoq 489 2q0% ""| ‘oxquuop ave “( ge) op ay8Nq 9] ans anb sojdure snjd ‘syd xnvaq op uo janboy ans oyonvd svaq o] 49 o78Nq of ooAw ‘oysIsqns [eA -uig OUINIOA of SIU]Y “aoNpINS ws gU9AIW mb ‘nva,| op 414} NP sywi9p sop IqNs Joav o]quIos 4 ag[NU $94) 489 (9F) ON Op a9sNyY nV ‘ox}NY,| ‘og “by weig yy, op agsnyY Nv 489 oUN/T op “x aud xnap seo y axpurof syoanod suosued snoy, Sap 1/00 ¥ say sed 48,1 uOs ‘s9[q% -Wos quos soBuNay so] QUOP SIMA NL agdvap agor oun ood op osnody ‘vypwuyy onb JoJo ynad UO soFuTay xnop ap a9p10q ‘oqoa vy Issne 480 1 STUY 9] sNOs                  aupuyko un Y OTs gryIOUL vs Y oppor snjd vp yso uo 49 oyWIE]Y U9 OyLO8I   (Ge) araniye owpeion WT pre uo ayory9p 98 49 ‘spuava syed op gacogp uopes un 8 o.qne,| uouanl qs oun,| : sojuodg, seq np juaquioy mb aqoa v] op sund sory 911994 oun daAw ‘9FUsyp uoIq 480 YoAp opnoo OT “ag44W9 UOK|NAS ap Now UN sUUP 9auOJUO UofNO# UN,p       anajnvy y ‘onbyqo uo suvp ogstaq 99 v ‘inp snid oayyqe ue ‘( gg) aanmms apuoods vy “oqarq | op 911IQI4x0,| oop sus 4 oy oyoNR dao qnod      98 janbnp ney oj ans ‘sop of onb asgnit oystsqns ou (gg) augruaud vp ay “Moap swag a] Shos oyOUTEL ge oyones ans aquIOy ‘sop np soULIO} Sa] anout mb « ofo4 » ua oqor vf op sonyga quOS SO[[aL quOs soyNY xnap so] anb suo] sQxy UW UN,p 480 ‘anFuTIG oun oytod mb ‘sajjo,p ounyy spyrqunb sunj ans soduiox, qnod mb oo sary UO s1ou} saynog, op WOU nv soyED “SUL ‘oxqYq|Y UD SIO} snON,       op : : Ter by. wel “MY “ed “O80 + “MOH “open MOAWD AP apenyy “9ens ep onenmmg   sausoo op Suva axjunb y omy, ‘uoustys ojdwe un ua o9nou yo aye XY Op snox, op oti9s oun   uy sap and jroynos v ofvsia of “onqvys vf op suwp gosod sud qny ou N04} 9] wjsor steur ‘uofnos un anod ‘noxy un quediod uo cord uo uy op Muay UO sup squily oyjy ud M9 VU assagp 909 Op MINI WT “(6a) ap onyvy P| op xno op uo ui ‘snu quos spaid sary of ddv outed oun ‘oxqny, ureur oup              9 Joy UN : rnd Sa] A1Anoo aqoa anyaQ suouL sreut pea} Uv] Y XML “6 89> 0A Bogor aun ood assagp WY “yaxttaog Wa9P 29 un ans plop qeavdde [oy 1m sduwoy nv osng y opnoa soume,p   sot op aod soagigl, Aap Inb ‘oq]no op sanquys sop gofns joupe uo,| aonb 99 spiod uog snou onb ourarp onyuys snd wp 98 gasasqo v yoyokdg squily “jrpamy ou sud 480,u “340 400 Op auto O[QAQ NOS % “Wg quaIVID 440,] OP 89 amayuos ojo sas ap 41d -WyAVN, op SegUUN Sop SND ‘osng op isugp,nb 41299, > -anzng No onbodg,) op ‘autiga np 4n -uyye uos squdv,p ‘yep ‘oovy op 919 smnofnoy Sa] 70 so] ans STUY “eH snos vp v9pny op -nly sot onb isurw 48,9 “(g¢) ouuorsns 8q4} OUN,p 4a oNgwISs 0YJ99 OP SIOYOP | Wo WT eUIUIOD ‘AUIQUI ap youd vj 40 soqanos ap 48 480 Of YNUL ANd} “s9{qnop souTUVD 89] ye ‘yseBvy op nivaos @] ns qoadse un 0. ‘o[du1ay op sop 19} Uo ‘Sop ¥ sop “WAS s91q%9 JOS oIQLLIOp op XNoo ‘sIssv qos $9990          TL ony vt op norrur nv yworsoA nor 8   -anq un ooav ‘ofvo oun y ojquid -9IXgf 49 JOISsOp daAv ‘|NAINN ap 04408 oun,p 318v,8 [nb qnvy |! ‘suxpop 98usua 480 sdoo 9] owWLoo Stuy “4oIssop suUs ¥ JomNoqny UN YONA axgiuTord Y o]quIOS -8a 0UQN OT onbody,, op oxpuyso un ans ossegp vy op Xno9 snos pyyonoD 480 Ib IMJ ouIMOD ‘ossoyp Bl op spard sop mb suo, sory ‘oddvyo9 snou stood wos 40             ou andy 04997 ‘sopmagd qiny Y any ouN,p ayne,p 49 jand op ‘onqeys v] ap asvq UL ans SYNOD Wuos SoAnLy S09 op xnoqy onbodg,, sindop surow nv ‘UUPYS] op yo wuUVUT vy, op ‘suo sop avd ogpae ‘oounily 939 w 19-91]99 : ossa9P ‘YL op myo yo sound np wou 9] onbrpur ‘ougay np sof INS OAvAT 49 aqtumy o[qnop ouy “os¥ogp op onqwys vy] aganogy 4ny sjnbsop sqidnv synod xnap os avd gffmoy « nvoaru » Np 0 0709) « NsNyYsTUNPY ep oFe[wp » of anb naar owgur ne ‘suq syd stat and 1y9q op ojduy np pus ny            (9¢) assogp 9p MIS, 480 UOP and 09380998 989 89]""}. saNqNyS Sop AOINODXo Y SOYTUINID SoySTIIL sap gyoudes vp toyusour gyyenb op 40 soqnjad quos sag op 2] op afja0 op ad} np ‘aunquroo sues oqor wl 4u9}I0d soutad oWgUE Np WOU nv soyLLosUT sonqUyS SoIINE $9] soqnoy onb yey np outwyI99 oun opsVst snjd osana oun,p oun,p aseyy -ody,] ‘S1ofoqnoY, “onqRASs ayo JN99xO qiyy qe onb snjd 480 |E S90 SULCT “en FET) anauUoY Ud ySAL op: sanqwys soy avd agaysni|| opout vj anb oysoyv onby “days vf qavd oxyne, [eripdury soyjowe,| & anouuoy puvd sud yreoy ou mb ‘0 oad oana qravdde onyus wy ap 91298 vf Ans s10y axeruoad v nod sanopte zed 899) -80}10 Op SossNUYD yo Soy quos uguo spard soy ‘stu1o quos soul sop xnoo qo snjd yuos syd soo styyy “sossiMo Soy ans sanbyjqo std sep oaan ‘spurpi synod op oBuesy aun,p ogpioq ‘soquref sop anoynv ogdwsp aqos oun 2 op ja onb ourgUT of 480 oUINYSOO oT anb youxo 480 [f np SomTOROIA sol FULYL[AL             ",0.0,eng,40.16505726091476,False,1648327210.800386,1.75
20,"ig UN JQ op WOU NY oWLIOSUE ‘O[JaZ, oP 27709         -ms oun : ojduiaxe un,nb su 9 ua, shou simu ‘oyonul oquiuf vy quvAop alan, LO puvnb ‘yrvanod of0y oun y ajquiassar mb oqos wy “apogts oIIX ny auton? op uynq ua yond        snow story sain) SIUAK “9pUBy. uy vf op worq oywp odnoat un quomaoy mb xnap sa] ouuoo ‘onqwys ooo onb preygp oD *(6%) oP         anb 09 op oqunoo MuOY oun v 49 sgIy agssstd 4s0 ‘youp eqnedg,, quwaop ‘oqos Y] op jd sues stu ‘orpuoue snjd ‘quar           | SUP aAdosqo U              {ap YL 9p aysnq 9] anb oysor ou | ‘onqeys vj ans ouruo9 ‘9ayn,| suvp oun, sogorjd quormy suywur so] anb sujou np 4 ug “soonod sap uordaoxa,| y sud quos siBtop soy ‘sgnl so[ oyosp ojned seiq np aquioy          ap J oun avd os u qmpoa os oun 4 ‘gonquys soayny xnop sory QHUU||IWS Jo oFluU] Zassv oANpIOG UN v aqod YI ‘SOP 9] SUNT op oYSNq of ans oUNUC          a[uv,, yo ‘oyonus seaq~ 8913 sgnbipur quos oqoa vy] op Np [Jeo ou0s sureut s% aun oug onb -YsIUUPY op ongUys UV] Ns 09.1084 “ oye onb sure surom np yeandde [p 1yNO9Xa,| Sw     u9Au09 vouand ayones      vy snos autp-e-4 1) Op aiQuivun vf esq so] @ ‘aysnq Np ond vf $¢) wy -osng y 99 svd quo,u sojjanb yourpe uo, 1s ‘ooutad a9 Y ayy yuaaned 40 op soy onb oysnysoo atugt of guaj10d mb ‘orrmojwo ua sonyws SapUvAT op V] op So[ SUOIOU! SHON,              (s¢-¢¢)   9p vaens  spanouy o4rpq~ wo manIs Be Y Y snou 49 “MWUsY [I>, 7p 10 96 ‘yf aswa op uj onb onbodg owgut vy op ayjoo 10yep suop snoN “(FF) 9pUsy.p Me 9810} oO] ANS | onb a0 ap saxjooud $94} quos {uoy 91 40 ‘syd soa op aud syusi waoqoad spanoy sos sieut ‘gXofd sdioo of sud ost orf “9@ By aguiiod vy aonqy p asva uM “ynoqop P oun,p UES IT OoA SpTUIYY sop UO ynoy ‘oar Np a9yep UaIq oLi9s E ap ‘ouNgIG yavdde yp v mb un ooav wa op uarsns 0810) 91 onb quvqord snjd yso jo, up, ANqaP Np oywp IMb yo oun ‘“vMisy Joy, op ozuoiq yHod Un ans zossv UOIXaY ot dAs98q0 LO IQ, oe yousws UoIXaY vf oquosud ou a1gnd 480, soo op o1igs oll ( aavqaeg 44¥ >» UN,p qUwAdjar MBL wine       ‘89.190   ganoxy onbodg,, op onbiso un suvp stunod sot quay40d ‘« 9ujawo » 40494 oun aud quos s{f ‘Sop 9] sep qu quoay of ans o9inpuo ofuvay oun quouLoy s9yPeIR soy (On) ne oUUOY BL Op THY 190 otis OF           ¢¢) pura snjd nod un ajnpowt ap oy inb yo ‘osng y ‘osropad suo10UsT srt 999 aquod onb 4 “9UPL 9p OPENI “w ZED JM 160°0 «MDH ! oN ET annie ap ausof ua ova ap subi 98 “BT   sxOTw 18,8 [T “ououp eu ‘an No suTeUT Fo] IOURIOL “26 ‘Sy wvsgyaL, op o9snAL BY Og6T sqadv ned wn oun [SUI OL % “NYY op WUROA UN 99AT % }9,p oun, “sossagp XN OF y 19 0018 op uot v &, 480 « soq a[duioy » soy 99AN aIgMLIp 9490 op up P [J20 ojoddva asi0y awd aieye o9 op oyonel y ynuy uo “g) Uofeg op a1q8 op un ans snourwa sop un, op ovum op v,y Ib ‘yg UOWWY,p gWOI opuraz v] ans omddv.s 9pedy,p anbod9,, @ 9810) 2 op ‘anbruod -auspud onbodg, y oun oaav soqned : Os a[quHastIA,| op snonfia vy] 49 WT “90vy UaIq 489 oUOJOD v] op UOLTIS 9 40 ‘ANTes Joy say ‘oxQLLIOp avg sagnbiput yuos $9}90 sof 49 “SUT sed ou ‘spanoy sory quos sa[noranjo so] {9ojd 489 9810} a] ‘sissv yo NU oMOY UN,p og[QNUT UT     avo jurgoad surout                                     Ivy 00 Op asod yo ay1]OSUT sQUy 489 .P ¥     9p sy9fqo,p 99 “oxyyaTE A sonbyjd op | IMs Ure   suvs onbsoad snjd syafqo sop avd oxqne,p 49 ‘youu onbodg,| y 4 SqUR[OA Y SoqoL op soN{QA « soMUOUT » ap “qued Pp: anoqua B sponser syofqo S09] WALOgp sot ysoa say juNIqnd Ug y 940 -wstio9 ojduray of avd 1Fnyg op sdwo4 nv ge onbodg,, y oyn0} Lopes ogpuoF oUN sULP op sdiuoy nv avd ogdansn onynys vy ooav SaxANeD xNv HOIsNITY 4IF SUOAT SON,               x’ 9 p4o08U00 Anopoae 2 euvp op oquios oun,p ospurtso af ans ainSy ib quvao,| op aug yond quoatop sos 49 97 (81) op sap suoaw snou onb onqvys opuva op np 01190 yo ayDoo uo o9sodstp yso Ww] ‘sejnoq op 480 ‘oud uo ‘oqavq Uf FM 0 og 480 Y]a,nb uoIsNIq],| o¥UOP mb 09 ‘npuoy ouioo w ‘anbody 04990 ap Sonqws saAjNE sap 049} V] 2149 qLVAnod o[QA94 Mb oysNq UN 489 (TF) snd wy “sop np nay nv ‘oSuuy oun,p gpi0q ‘[wor10A und uN oUUO49,8 UO SasANeD Sa] ans oWNWOD “41va} nV soNbIpUT    ",0.0,eng,39.83058628518058,False,1648327218.867219,1.75
21,"“12a “bY (4961) smunrog “WA   Tr op onyvys opuvad vy ans ouigt op ouAOy ws lop T J} nv Jorfo4 ooU ang onbodg,, op owL0y Uf aioot9 v naiDs outs of 90 ang “« TOA Np sTy » unuoo duais9p of 4 WOU Hos B OSU 489 ng “BYf quosgs wogpedy 9[48 op YsHUg np axpuyao UN AQ yso WOU 9] WUOP ‘HNL    op aapunlig 86 “Or a0 ap your wy sqadv quour spnyg op sduioy ne songs odd   anb yav,| ap v] ouLy od J-anzig op sap nb qowpe uo.) 18 ‘xno ug 4 sojod » doy uoKey 9 ap owu0s 9] aurutoo “quout -nuout Joy Up) “as809p 480,u osnodg uos   s9nywU XNOAOYD 89] IOP 49 anbstp wos ans        auiuay vp jonbay suup -wis 489 svdod 09 onb snyd suot snon *9 emund ourtuay oun janbnp sunoo nv ano ap aow un 9] soqi09 jnod UO aiyg uo uoAnod sorta op : 843 489 I9t i sassagp oun 99.18 OULU 04490 oaery ap anb ayquios                        sop onbodg,[ ap un ourur0 doug <WOS!LIA 99AY 949 [F-4-v ISsNU “sovLoE sojst] so[ suvp sud omy ou apusioy9 nod aya vf ans grwusoa of stwAY sed UIo|d uO ‘(¢g) op ara vj anod x aq249e 9 4nd gnoa foros wT ‘suorsns squouL -nuout $9] UE[QAgE oNb URAL enbody,| op 3nq9p Np 441v,, op snUUOD sU;OUID} s[nos se] JUOIOS WeATT NP HOS yo 90 onb aiqissod 4so [yf “sy of] np ynq9p np sop anb op ganoay v my ou youivg “y : oyuo99 snjd 40 autreut 049) v[ onb suoje ‘,onbru onbodg,| y easosqo uo, onb sofjoo op arpord $914 480 sayg to o9qtvay ‘oanuy Rp o1gIMLD wy] ano, avd quaigyip U0 sf JQ axyg my JuoAnad osng op xnoo s[nos ‘9pusy,p wugdutt qv.) sup quoyua -mnbg unone rey ua ‘vu uoL ory “ousard op oa[qu oun onbyjd oun ans soyyed ses osod ib wor op awojord un,p yoodse,) ndox ® O[ 04108 onbjonb us JoLwuIe ¥ ‘adio -uzad uo wy *uoaivg op vy avd yuvs *hoy np walt ua puodgp ou nb srwur qav un yoynjd oxysnyr [rnb uo ‘s10J4 “hoy, onbodg,| op ynggp nv ‘Ui sqide.p gnquaye ang qnod (fg) owany Jou “ppnysi], no wuvsy, op ap ideq YT] onbody wos ¥ no yaw qo y Os nb Spwusis ox quoAIop oLi9s-s104 xnocT 4av,1 op sy1pxey onb yueynw _ Spadsv sop osng op sor]           9ynoy Oo “SUIAIP sojQ xXNT § fioy uoU stem quOs mb -nvy » op syULJOA op sap ontuN vs oq] “oyHJostU 48a a9 aNb yo aps uy onb 99 op UAIA aynop a] + aptod         -ouiud vs op oovy Uo sissv ang wap IT auiuou os mb 49 9noa yso Jorjar op mb y ‘norp un yso,o onb ap ytoup wa ‘gstag qojaqo3 un puoy mb nod oso |] “3p              un oyod suarsns uorq issue   sfipiny no ye    anb o108 op ‘g,8jonqfno syofns sof 9 i -sd8 guousy ajoav ojquios 9pusy.P We 919 Hloaw qiwsinod mb ‘voy op owLioy ua OArsswUT 815 vB] op vj avd gardsuy queu sosnvo Ud sa] onb suvs 9110709 BL op IIe sung op o[NUtD, | {uy to-myoo qo owQUE MP yuoany souutoy xnop saj ond      WL NY QUdINAD ‘SyyUT Sep ournios synvy op snojo onb yo soysod op si #99 onb suosuod si ‘OWIQUE Op soL0JIed SOUT ‘Spurai sop sodoad y gupdxo suoay,    oF “noo np 49049} ¥] op youru1os nv,nb oxgrU -120 wy “( 9g) Ua s9,djnos suOK] 89] ANS dA.zosqo uo,| onb a0 Y sud 480,01 oIQLE -{19 Wf fanbay ans ‘noo af amnoqua soud UE) 4o spyuoH ourut09 4uv49 xno sof 49 sonofeg s9y ‘ynog 489 949} vf op o480r 9] 480 9[nan3 wy “samo op no ozuosq op suofno® Sop O9AL SOPXYOU 919 GUO ‘Sa9sLIq ‘xNe,p UN,[ op so[]a “sartmgr soyyed so] 40 ‘sdioo np Buoy of aguous onanb vj ‘sidnosoow yuos s[y “oy20d oun,p aayne,p 4a yavd op ‘9490 Y 0490 UOU 40      quos y 41WS13 puooas of { yr[wU dui; np ne sopwdoa soquIoy Sop oun,| ap 999 ¥ pAnody 99 & XNo,p uN,] O19 JUATOp (09-6¢) 8vq uo yney op syor0d suo, xnop soy] “20 Np Vl B ‘QUOIy Of ams quos sossoq soqyad xnog sou un ¥ mb sonof sop ‘sonnd qo sailae] quos sazfiox0 soy sjonbsoy ougtazop ‘sod quos xnak sory ‘aguua9y 480 onan u] ‘srw, op yo aarsswut 480 UO! op 0493 VT “« axpQo Wo 49 eAtno Wo op) ojo » uN gnoA v eoutid 9 anb opjeddes uog -( 49) vor op 999} ouN,p g4009p 480 ofHUR UN qUOp [9 014%} op o}J08 oUN 480 ep wou nv yLI9sUT y108 Mb yovVUT NOs oy     (¢9-6s) ong 9p ‘osng op urwiozns ‘19,p tor un aed poo] un y 999 woAe 2 y issne Muowor ofjo,nb sowyR suoLNes ou snoy ap ung np onsed questey oUttiod a4 atoanod sud qyvavd ou sal auMo9 49 ‘OAs anb uguo sou (qu soyoguT xne woo] 489 oqod 0490 ap nissH af avd oxy, cy onbodg,] ¥ mb srwur onbodg,, ap xnao ynb nsny “YSTUNPY op eos vf op Xneo Y UaIG IssNv inb spuvps op ogpsoq 980 o[[of “HOP 9499 9] quoW ajjonavd ud un oaaw « 0304 » v[ outt09 apdvap 480 oqos 0499) aqor v] ap suvd sa] axque a[qista 480 oyoNUS oqurel VL UOP 49 oYJ08 v] op N}QA uN oyuOs -gadax ‘9119p sos XnasyaH arwo[wa UN Sup 9[[!%} ‘exLo9p op suoUDA snot onb solja0 onb a{npour ougUE np (ge) eNyWS ep puss                    ",0.0,eng,40.65330300665188,False,1648327227.373761,1.75
22,E ¢ a = 'T E,0.0,eng,67.935617,False,1648327234.803481,1.75
23,"   SIU aoa ouop quo. op sayow sory ‘on quo) 14x0,p [nos joo   aoysIssU S9SII JUOS syHRIO so] saUTe avd 40 soonsjos ‘oputr,|   jonbxne soureap 9 sop squdou sougos uo,   sou qoad ¥ no} op of 0 af Y] aways uN,p ey ouN.Ad     Ip zossw sop qnod uo *(¢1 ap 19s aun ans Q 98 o[J9 40 oo y sed -inpoad 98 ou ofvsQ,| ap xnarp sap odnoo np ruven By “GUY oC “otFOJoyIAUE BL SUMP 9 ‘sutou 91 anod no ‘91q9I90 0499 ¥ [Nos 9] sud uu” ajo49 Np quATOUL 90 a8 oun 4IVQAeI QRAap “UY j aguowr osdyeun 99300 sto Japua p youd omg ourgU un,p   ‘wor maddox) 1p UO ‘SVP WO [108 [nos uN,Nb osvd saa} 489 IE | a4 W9,p mb so aug) un y JonuUY anoyod JoU}y,| op NJOsqy,| SUYp 4uaIN unane uM SauQOs $99 ‘AI1OYOIA Op syuoUM joo “qU9 saugos say sind | anod and yo vp > sjoanquu sau’ oun ans p 49 9 89]X0} Sop 99Av Ut OU S90 Op 4NVFVP suougp soy ans 9 AIA PL & * uy aonboag yrvaep {ft 49 ourujos ne Jaya Uo IN] 9 netp 99Ae QUIS OU",0.0,eng,40.80532353403141,False,1648327240.416522,1.75
24,"OF soy yod nwa,p WO} UP NO yyiGZ (&6) 941v0 gs q B eat SF",0.0,eng,31.00584586666667,False,1648327245.313911,1.75
25,,,,0.0,False,1648327249.7983758,
26,eo -snod sossagp 489 JonWOp 99 onbsInd “« Hojog 91199 ang ynod soummuy op opand ne 09 ‘0H Sop noIp np aused ossa9p wy] anb awigtt op zosuod 994 UN onof ‘amp maa y 9p norp np oapaued ¥] 480 Laub ynod ug (gg) agp aso nb ‘s9[1049 sap 4uaanad onb oyoey osseuN : soMLE ) sop :     ody ona Sa “.q098TL HV IBA wL oUEMHOD IsUIW aw sdioo QUUsIYy   if Souwa op oyuy os mb sap and vL v sounay ap sioyap upp (GOH 801 {201-86 ‘16-t8) owwonqy puny) DT   yoo anb aitp y 99-489 % puod \dooaw a1qnop aya gig UL ap \quuios nop of pun 109 XNW oy and oryounay  ,0.0,eng,38.8552702477876,False,1648327254.95198,1.75
27,"“STIG We yy yma “oppy quioe np apuntiy og “bla ans {s}09 Sop nor ey NO] Op AYIOS Y NO AOAS]9,8 -Y 7 “agoRN, OyNoy sapny ‘ Wy oy quaAys (¢6) aUQUE np 20 Uos stp “705 #9p nofp of: ned oad xnop sot ong {ns nv a[quias yo ‘« stAavg WOs op (noarp a7) » oytuiis wou of 4quOp \los np axpur[do of ans aayny oun apessod aanoyy sa olmvap of axyto9 oun ourw09 sod spuei xnop op. (alma np aupio,| op -enoxp sop apunib op 2 oupap sovueaad oT vy y ib « » ‘ossagp aunaf 9p AUp qv vy onb ye % puvsd vp ourmi09 9 qe Bl ep xnv no xnv ossagp v] anb oq   “soy sop nop np omsiy       ssaup 08 ossogp omnod vy ‘oljay, op onb owigut op ‘osso9p opuvut vp yuBAop ‘S044 MOD 40 o8809p “quuy 9 [weg 4 QUSY 1° 1H ‘s9By xno     snjd ory ‘vuuenp 80 4a uesQ ey      nb 1 gad uorjov,p snyd 89] sopou sap tm B40 sop v usayp aBumu oy 0 89] Ou SOLIVAP 8    ref osva np 4W0 0° oun,p o100u9 reuaad 49 d greg ‘OIDAIP QUQIUUUL Op ‘S}IOYO   say y ‘onl ginpuoo qyeaw nb    Sop ouruos “uoUd| -avsgid onbod,1 9p sq ana 1948:     wu xneIp Sv sounap 8] “apuow. 9 sup xnaxp sep sop of -1yo vy yreavdys mb y.2v09, Sif “9w04 vy no qe sud ou sft seu opuvai oun ywABI ssa9P 9J00 onb oprity,p soup soy ‘soyI09 op vy op uyL SfApIVPY op anoavy uo pavy snyd Uuatq oatey of sff OTUUHOD Sano gniigj9p juoremne my mb ‘xnorp sap op Suva nv ofjeanou vl op o94919W oto 04d            nad 8 qUOS S9UOUNYIP & ut 89] avd aaynv,c   -Issv o[ ans qUUpUOY a8 UO arAne 4y 04990 op augod a} ug “gy “by ‘fo wmuap 00 aed ag y op|feysur ‘uofng op omy, avd oyueyo yny ossa9p oD “a]qRIq $91} 489 ALAYST O9Av OP 49 fang op 91938 op yours of ans onavd oun,nb aysisqns ou quop ajo onb ougu vj 489 so] ans og optus o8sagp VT   nb ynod | 5aav sidg xnw ossa9p vy      49 ‘osnod9 ano] quoqeav. xnoip s0zj08 xnajnop svd 48,0 [rf smmpy > ‘OIA 0x09 sup 9I0quID      OP IUIYST,| OP OETA vp ooaw spTUyE sop      ",0.0,eng,40.28393808244682,False,1648327261.3067,1.75
28,"us   o,99 “OT!YDP vs ap 40 oYduOLT Os op avd 30 at |     opuuay,| op Joyo ‘NFU ans wMUIN op No yNpALW ap OMl0POIA VI op Mjoo ap aU ‘(nauy) « nz op Sap astoy -aod9a 9] 30} onb ynpgp quo ta 49 ap vf quan 90 ap sonb -1dg sofvutt 800 quo uamng wea su[znog qo onb soy SpULse 87] ‘(og-d ‘padns) owvap aomword nv os quoanod Inb sop sur 1 ‘sa                -ojUp, hur nvosIO,| -uow! UL ans yout TWOUUE ane] woyef mb esse9p UL op 49 harp Np spjg9 XNw ax IUquIOD UaIq B[qUIAs ofsity 1 “(8EH) op SoUQ0S So] SUUP INb xNoo Y OUD WONIIOA aouoy mb nvasto,| aonb sajjor -vddv soindy op yard sain, op opoystp 989 [TM] saan sdioo aatyy A9[qUIAs op qUTO 201) quout -o1QUa | ofJa,nb owgUE yo (ayo! suepap oof 480 dors snyd soy sory “(OOK 526‘ 480 ojjanbey ans oun y quoU suosso ympor os ofvsdvd of Sed SUM UL ap agdody, suvp op sod4qoy -oad np xnorp sop astorora wy] -viiyqo say onb auop 79 qourLy, op soyKjoor Xn s aaj9 snourwa xnarp sj nb ory snou ¥ sofnos sojja Y anyNs ou sodvUN soj]oy op stvyy AAV snourea soy onb 14a 489 I] -notp » np oqiod vf ap uarpawl ap “quae ourQUt qty NAN) oumui09 sreurvl sorug3 809 op                                                  49 (99 ‘Jo £66) ap of'viano UN ¥Y amv} YL Wop sorUA so]: Y o[!OYP 480 9] quOp steur 49 SO9Y OP syuquuos sop nv Sop ¥ SpLOOssN JUOS XNoIP sax) b axgns yo (gg) Xna,p uN,| op ued 9] amoque quodios un oun sunoy outuod ‘srt Xnarp Sap IOS a: ""SALI -ougad sano] op mb synquy ~WW,p UO SNOUTwA 89] *s1] quos sourvsp                xnap set onb oamnpyp u2,p 9} wy 40 (g6) op 49 UPpY.P soup   ans ‘apie assagp vy op squdne e] op qos nb norp 9] ooaw syyuAyY SapUNAT op IsUTY IT (66) np no ‘(96) gdavy no oqunoo vf op “(¢g) osswU v] op guIAT uo o8 f “ np 9unv 40 sop « cele D> sytvay 8a] sos aa 91) oyo10} ouN,p UU ‘ney Np nop unnb- auvjos xnarp sop waIq Issn yuoanod ‘9wuiis elop suoan, snow a $97 sop quos inb ‘(G) op oxgQ 4 qnod (94 UQ “(@Oup BGG) XNO Y QU as ouop ye ‘saus09 y (us sop $( RON) SHURyIUG MOD SOT VANOU SO ""Y “eel jatioyoautp jaud oupuaad £ wssnv god » ajdnoo un (901) 4 -dooxgy “(g) wong op o[Q98 vf ans oummoD *( assogp oun avd gprsgad o.q9 nod ynquios 9] onb s op s9j998 89] ans spnboag     5 SIE 99 (OOK S47U99 NY 96) ost a8 anoj ‘(axjuoa nv gop) quos s nd ysgf,P Nwods O] ANS [SUITE 4S oad y gypaoyo sud JUO,U sUOIUL sof sop ojqrasuy axquymb aun so ap onb a ol &L) S10 Sop Norp np “snUT XNU OAT} wOyTUmIs uote s[onp Sop Y JUBANOs os yea u “opuoUl np aIplo xnarp op ST “nS quos op s% sop no sop axqto9 Soapt{ ap 84 say sox $0] ‘sun say XNOIp Sf, 9p’ arnatp sop yoqwod 2 + sucnap puovos iumap os qned 18 dop    “oxpyo sortaad op sop and sofnj9u axg nd quo mb syoadsv sop anb zo1s9N ap v,U IF O7999 vL qwUOL anb sdway ougur ua os xnop o1ooue               1 f udva xn adsw un agaed op : ququios un onboag Qo “ysusyy y sur yyy Uo |] “oquEs TINY OND ouN,p uN oUIWIOD 249 Jaye Ua qnad os op nop pura® np 08 UT (6-9 : T ‘v9pny op y 9) gstiao q1¥I9 « ane » a ‘aalHky, np ono B| ap sto} “yuOp orp oudoad uos oftwmt owgUE LP ARDY UN ‘A1qae.| op 49 as809p w] op oyoneT y QnaYgLP Sus Norp Tos jovd qos satigos qouuod vy        D 9[ 49 SIOY Sap NaIp 9] anos £ UK uo yur owgut np iS sUOAR snoyy        q pasuos ‘snjd op 1 amay “sonboao ang] uo,nb ayAUL Np YOM    48a [waysw -was out ap aanqw vw ap nvoa soyruTu os 4 so, avd soyt suvp np s9qr           sop aueap np    p uo auyyeqe y sgdno90 xnorp b soup    ‘nzuy « » np edey9         0ay9. ynod xnop so] axyyuqu anod soqutons wy9Hpa ounal vy          wuz op a WIN “ADAI] UOS Y «   nb qo o1s vf op guUD xv a avd ‘Sj0y Sap natp a] 9 ossa9p vy] axVUa ‘gnof   oarvy anbods,| y               ",0.0,eng,39.36995039972715,False,1648327269.084939,1.75
29,"6g   oT *(9¢ ‘91 “d ‘nudns Jo) ang sud juastop ot sojjenb yp suoav snow quop suosta sap anod gytpoul JuaKt v UG “oysnq UN ans ‘axpnoy vy oUTTIOD ‘oudiogad a8 inb (pg) nay np yueyo -vio UOHWP Np aloyIa oun uo gpriy,p onbodg,t B 919 BAG Y 4 OTA, ¥ JuONbgay 1s neosney of afsre,| ap oMQED a] onbody,| op xnw soy ojate,] op sajduns op quareyg ib yo souUNY sop JuNYoLU ‘suoy-1u ‘suoHep sop asnod quo aivso,| ap Xnorp Sor] VOY LOWS Un % o[Qpou op J498 Yo NvaIN, UN any naIp uNNb stpury ‘amd ap saddvu ep narra nv sary soy suvp ound ojo ‘stoang “omjd vy soy sop quan ya swsq Sa] puayy og] qso Jopuons o| quop assayp opurst vy] anb snjd vy ¥ ap1o08se ys9 o[J9,Nb 49yS9Vw op gIpNU 920 4 ‘anbody oy09 ep Ip onu ossa9p 9[Nos UI 48a ‘oqESLA yso pord [nos uN uop vg “yanoy Uo Jonbuyo ywstyy NIP O| anb stpury np injao danboag ywaap qwotu9| -nod Uos Uy “93N9 Np surosaq so} anod afusn uo vysor inb sivur ‘saguaT sana] ¥ gyIIGOW op snjd aouuop anod gououas quoreaw gpusy,p S104 89] Pnbne ojpour op avy un suLp 9IwISUT siojred 480 NoIp OT ‘sal EEF 'B1H) osvio,| ep Xnorp sop ojdnoo of 989 uo snjd of “xnarp sane sep avd siija soy sed OU AN] Is OWAWHOD “GuOUAy| -o8} JuUssIU Jo aMdALy op stIOUE daAT 929 quo soUuTy) “499 “sayL09p SuoAY snou anb sUOROT sopunad sa] sup 99 quo ‘U] Op 42 Noy Np NO [19]08 Np ‘owIGL,| ap sassogp So] 10 xnarp sa] sjnas aonb op 489 []                        sunny SUEY J, *(g01) aayyeqe,| anod 4108 foaqav,| soy} anod yos gsyAN [HNO uN odw9y 9 sup donor qoquvy “(ayonvs y seq uo FOR '£6) NF Hp Nerp np op soiswsq un Joumnyy anod oyosoy aun soruWUE yQ;UHy WeAIP quvso un no axqgad un VL op WOON -sop v] ap ouap Np S10] ‘ouRQUE ogy “gyULATp VL avd aureurop uos ap op astud w op np jong oyu, y oyoddes os out yao anb xnoqnop sud quand ou [f “fuANoy YOY, | onbpur sogyd soquief sano] op + neon) a] “yueanos snjd ‘49 (NN) Sopi09 sap OoAv doYIpy XNOLIND of quO|eY 9HULAIP YL op soqAjoow sagt “9|fwIsuL 980 [f Janbay ans nvoinvy un,p oareprfos 48a [f ‘axjno uo sIupY “NAsnod 489 [1   quop sojte say aud gnbrput qso no « 9989190 » of quop ojdw9, UOS FUTAAP o9I]V)SUL 480 no “PAULATP 0790) UM ) sowumy so] “(QFF) Xtv9 so] : ses ooaw of AoNBSNTTE sp Juop MIUEAIp vf oUOP gpLAy,p suo “BULL 8ar] AUIVUIOP UOS o9Aw QMUEATP oun, YL GM TE purnb 9 UN ynoy JoNboay ~y qrwsINs ajduns oug, qv.) suup oun,p nuoy odio guy [yn ‘osuvayg oeun oun,p uoNwoIo YY Not op jag “oy1No Np Sap Y a1OAnod ap jigquL,| ‘SorUDH sop no xnoxp sop awd ap qa sywquios sap avd ‘opuow np oxpso,, ap “1 qo ‘xnorp sop vj op (ann conn) ayy ydwaiy, oT   sop 9] ourutoa duo “Teusazut np qoadse ouynv un @ soy Sap NeIp ¢ apispa no auyqy,| anb suoanod snow ‘st puoo soo suLc] ywquIoD Np ody auop qsa (46) Smoye snyd. “noua narp qyad un oungid juop « salvos » Xnarp xnop op sjoy bop nop of 62 “BY «x9 VlOP ANP ap Un ang *syUB Quy sos op qo [RUAeyU opuoUE NP NU Sap WIG -Iptioo 890 SUNG] asgyAUAS ou y1os 9pusy,p wy anb sed 914 ou |! ag “saayne no -nuttuoo oxrduo un,p Urs ne -1quioo 949 qUO Inb ‘sassoArp SIMO ap SUIOLID} So] IOS sf wo “onbIO JUOANOS OINOAYP 49 OAVIG HISIOAIP Vf IOP § -oyySut oun auop SON) quossno 10-89J90 onb q1vI9 {s990u. juatuar purnb yo asnodg,, areag oye oubup nod “(O01) © a4tvjos » narp np S799 “(16) S}0y Sop norp np squdnv q108 ‘essegp uy op ootiasgad w  soutatp owQY) NY snjd oyoLIVA of oyag ‘agua anbeyo op oqne,, yuu nb “ney hp « » vy op stout siuoy soy avd § juos Isure XNOp SA qnod mb oun,P guyTe9d BLY NO oANKU v] op joo y souuons ouNQTy jnos un uo ne “oq onb snjd ‘xnarp sep WOR BL Os Ua yno} ‘WznLUNG, OP                op souigy} Sop oMUT oun ouTUIOD juoavdde {[ °99 Wo ongIs 98 [E,nbsind. ‘soupy | otMtHOD gUOspAd ang yeAap NPIL IUOP Inj99 op JWaLBIp yn} OM onbodg,| ¥ ‘sume qrandde xnorp sop yequioo np ouwap oy Aur xnv uoISsN]Y ouNONY suLs “yuOUIOL -nagupS sqwur op ourojd gpro4d -uils oun daav agnboag issnv 939 v ouLAIp vUE w] ‘SoZ op 94 F] Op ogU InJoo : oat oda one un y souvyg sofwurt 80;) XNOP ap oplv,| daaw ‘0194 ws ap quwu yf 40 for ‘s[y uos srwuE 48a wy aureUEp “10WA}XO [SSNY aIQIULUT AIM OUN,p asodIO opyUOs -gadod 939 ¥ noIp ounof np WT “oq seekEGT sop pxjuowt usiq vf XnvA op “gq “yo ouTUIOD nupgyd vy] suup « » Opy ‘vue onb snjd sud yep s19A Saf onb oepYy snd ‘ou,kur np oxgrNoT -und UoIsI9A oUN OUTUIOD qrwNdde oxpuT{so aajoU op so9gp 9[ onb warq 18 £,u 9X9} UnoNY “[eALeN ep Injoo Y glosse 4a 999 ¥ stuopy Inb y ‘rng ep mje op u ouQY? uN,p aouasgid ua sours snou onb isu os [1 sq ‘onboaui uory 9 YY [UELO oYPAUE UN,p Uv op AIPAY, sop susavay y ajdwoxa un ¥f 959,9 avd qyfonoo4 ny mb ‘suopy ¥ souuop anod ‘pany snd Sfour nou oiqay 49 “WOU KOs ood mb oaqav,, wo vy mb xnorp xnw oy 19-MJo ap aigjoo vj y vdduyog ‘oud os op SOLAN@ sop oULOUD “wyLAY WT “sys -réumg oyQod 9} squdv,p ‘oyudu y oaqav,, op ou UOPY,P O10 SIY,|  JUVIVIDA 98 UO ‘oovX9 ~ioqut,| op oun aC 9[ ‘vj90 ap pavyy gyvadwo 91 yo wHIONY op oyrAur 9] Uo ‘Quuop 9x94 un awd ynoy ap tonos 9] inb oynpe narp un,p uoU yo uNFUA “RIP un,p 418v,8 |,nb suvs onbrpur a aed vg oguun,, ap Y{ 9p narp np vp uo stouL eun wou oundgad 49 oouoUUN Us “919 Uo [ur y st a49 UoIq nod wy ap onbIT ~oquids ouquu,y ‘isuM oagyoe,s oanyuu vp op onut 9A OT “oq vw ap of]99 aN OP uop asso9p oun and q]fond0w ‘uw norp ynod un qPUf oaqae,, op pard np sey UOIG ywAY,, pAvAy “HAL 0 StutoD suw qreuddu |wRION o9Ar MOS “« souyujOs » soMLUINY so] ¥ Nop oo onb axjuOUT A119 v9 yo jog) oWgU np axe aun ‘spM9p Uo oyoEE suIOWL onb                                  so uotg, “s9q] Moy so] ore uo 40 daqaw puvat uN ququ ‘ednoa8 puooes of suvp ‘Inb narp axyne un,p surwur xnv 489 [NO UA oyoodwo aansvag oun,nb yofqo un,p vy y [no un daav ofjreavay nb norp un y [No UN oxo juvio un : ofjengjne yo ap oypned y ) odnoat sonuoid ug “(¢gq) sino Sa] V afjoq snyd Y{ Wop ewgIL) UN 99AW UYU 1999 qnoy, axal![U O4gd Uos y PAlospa QI ‘UY,p oduI0D of anod af ndar year ‘« 9y]UXO » 999 yea NoIp wigs 99 onb ayn Ua gx{UOUE JUO sli UA 49 OTfUET ‘exXNOIP Sap AMaANvs op no op ony aug yusIYy [WAIN onb uo yuM0U snjd sa] so] pavly yoo ve ayy v oy “sp!oosse 019 ano, yuoanad suowlgp Sap IS OUIQUE ‘[uAY NP sop ho suowgp Sap oMIUIOD stEUE ‘soj199 xnop op 40 ywioyy 9p ALAN] 189 [gf “OV]0991 94NO} op BUF of 4¥0 aiMpi9A v] op vw onb UO, | anb sio] sap ap vsossoo ourvap [o) un,p “Ray NP nop np 990 ¥ sos ofiwjaud nb a sawurey ap issne ogavd ossogp OUN ¥ glHOssL ‘feULAFU! 49 o4TUTOS S1oy UL Y NeTp UN,p souasgad ua ouop SourUOS snox “sud OVOP ou [J “40s wa |f puenb yo ‘ousga € [1 sreur “« qu0ur » sed ouop 4so Au |] ib aya op B OANoLy os oWNDUE “My stvur ‘sigue sap YL suYp odrogad 9] [f ON’ UN ounydeo mb souuny xnw norp 9] norp np 9190 ¥ (Jo1) pavsy yoo ¥ Jrvoytumts snjd of aupuyss orf ‘anbiFo] 480 oyos0y oun, p SULA NaI UN R JuOp ‘49,1 ap aUETNAG 9108 9] ‘19-a]]90 ap of 94tf “P94 UA 489 |] VL ap Mnja0 daAv oproutoD 9] quo ‘uv [aAnoU Np [loos af atop WINNS ou « Soure|Os » soUMUWY Saf w mb anonb -UIVA YT “A1OYP osstU] [I,nb sayouNaG stony Y nEoUTNL Iw v] op NoIp uN,p a[]o0 y ap}oosse q8a ‘onbody 0479 ¥ aan 891} any OP OVOP VL (OT) OYooa op [esto Uo erpuyso gnod un ans qf “soquuq sonsuo y of10,p no 9iq op ido un qoqnjd no nous un anod 998 noutwa naxp of stoy vy anod eujuow (fO1) osNg op ospur|so UP “(FOR) gad -19jut Jvur 49 sindap nuuos ofjoy, ap aupul]so un 9aAw Inb syLOTIE -noop xnop avd ‘nad smdap anb aaoj 949 W,u saan “Jap $99 op “KnoIpP ap syvquIOD Sop arpa o[ suvp ognboag steuvl 4so,u nvasio ap aanydvo vy] onbsind ‘oarstogp sud 4sa,u                              ",0.0,eng,37.55520547082495,False,1648327280.171232,1.75
30,"19   09   F811) yy y ora w   SO""    su       anod 4 ap % sopuodoy apesy,p sory “syrp quoutoad oid soyjAur sop say mb Guyeuwu yo onbrp  pavdy no orydeasi dooxe quos sougy) sjoy aq,           Lop 07990 or ogy vos YT “aI UN,p 999 y ‘oUF Y aouy jun sassogp xnop y oupuos guvuaa ojdnoo un exjuou mb (gf4) onbrun ay suoanod ou snoyy gdnu 4so ‘oouox          « quMye iqnu 40 umjad ‘souvs wig » quo     £7) ong np vy si id nb     A “4onoyo9 NINO UBL *9X9} o| jao8Y 04999 sino] 99aw ‘siofs0q_ 89] 2 “BURT e Cquq 9] ooae soe nw nop oT",0.0,eng,41.53843131730769,False,1648327285.3648992,1.75
31,"£9 “ed TAX ""14 B B96-086 ""4 *(8961) ATX WAdg PMU ‘ed ""FISTS OV ‘e4anoT “YMO HT ap worbgs m ap winspop wa meqon Te “OMT   uo oWHOIA vs op oO UN 4IsIus a4ySHOUL OT ‘9aqvo opyng UN un avd unovyp sodnous s101y op gtoogp 480 SoyMOF So] JURA ose %!L AIVJ{ ap UoTULAT O18 9[ INS TTHONDaI sYoaw oMLIyT wos onb ‘7g “bf unayoa]y wo 49paqos UA, *xnvo0s sop Joa9p 9] nd yuo soysH}IW sop ‘gpesy,,p oynyo wy squde suv ojjtur ap snjd onb ays0y 40 *(12z you ‘1g “d “yo) ey] onb oo} ounty oun,p saxygoue sep axj9 mb yo quowoavs ‘oanuy ap 0499 40 outa} op sdaoo ¥ saxqsuoU sa] aurey snag saaysUoUE so « smbuoo » quorwav saj onb wusswury Uo yo ‘jours <0 09 gIIqNO ATOAT a[qUIOS TO ‘ys * avd “WUSLP Sy “MUNI op jo nsNBUIN op UoLIgT — mb yofqo un opgssod osanoT of yop “sqstj40 89] S10} op Jos Ne squy ouoseut sna] avo xnv qa saxjuted xnv syooutp « sejgpoul » op 1a498 quoR say anb souarye sed $9100 suoanod ou snoy, yeaysqns np ap adgp uo uoRrpeay vp ap uurdgp op quod of ouMWO0D aN oUOp lop 9peity,p onbodg,’y ‘sduioy anoy ap a9t quomvaa 489 Wo-o[fao stvu ‘oLeTuMY o[[o4 oUN,p suneyAID sinos so] 919 WuoWw gpUsy,p sanoawsd soy onb JOULE suoanod ou snoyy tn ans “OMLIO, -Induv uosuup nw glosse y onFopuw NoIp UN,P OOYFA v[ JoAYSNTTT IAP gpUay,P xNeD ap aypoad snd 9] yuop syofns ap saga -oo9p quouny s9jQ18 Sop ‘V9pny) op ouiea a] sap onb sure 40,9 so[ aNs oUTMOD spuvai 80] ns sonbodg xnw quamy 90 op sammy sory 99) suoav snou anb nvaanou oat 9] g1oquip quar s[fnb 49 anoo a] ap ndog sud quore,u xnwoos op snoa\ onb 9lquies |! sou op [onqaT suv(] spuvs® soy ans -vardsuy,| qnywagad onb vj jump ‘asng ¥.nb oxgns 480, O04 qney san op sap xm stonos xnw 80] 4qatid aaqne,p 99 ‘sjeoyjo spud 89] UI 404[VxX0,p OAISNJOX % aun,p inb wos suup. ourtios gywardde gpely.p MV/T    ourmmop of ‘ofa1e,[ 49 ‘uerUOyYO epuoUT 9 4} op uoxwp of 4 avd : ureuOp mo] quoTesTOq MAS sop soy Ouro, @nb yup nop suvs vag “9peay,P suvp op quoutrera sud suoAl sou quop ‘sovyo o| ans eOLEFWOIO ey ounuod gquasgad ynz oydwowy 09 4 oun Squg & AMpAUPY op oyduto1y of ooaw ‘pay snjd anb oyouwaas ano] std stoav,te uo[quios xnoIp $90 44f “[HUG,P eJoL0 np XnaIp sap ‘ny 9Aw qo XNv Jot “wyNUIN uos op od UN,P o1y9 yesanod o131v,| ap osdyjag,| nb rsure 480,9 “ouqne,, y onbody oun,p sonpur suvs ‘Joga -o1yo uos suxp ‘asnat ast, Joows}ad XNATUE ap yIvIAop apny9 o[]94 OU) op apnyg oun,p ogy yvanod u onb Sop qgagqUt | yoursod UOT -so8Fns 9][91 OUQ) ao Y UAIG Issnv uN : ywHION op osws {6y aun 4req9 nap ao onb aasoddns qnod uo ‘asQuyy -odAy] 01900 yoUIpY uo,] Ig “UORINg op uorynd- “(TVW ""V) PV 99a” onbodg aya0 op « saat xniotp Bop tun] gsodoud w yeYPYWOA TIPS ‘oxswudp Y] op oarnqTI a1QqoWAvo 9] OLNSOUL OUTT7.L09 oun sump quaggyad sfi.nb sed 489,u 1 aqf ‘anbody a0 op uormyor vp op ) oun,| s{,Nb asinpyp ua,p onbio] os [t suep ‘9pusy.p onbods,| dv onbsaad onbodg,| uugpur onbsaad yo saiva 89] onb aluos uo,| Ig “xnoIp sop siouisanst yuasoust ssorusop 809 10)                          PUUOP Op aqWOU WRVZED UN daAv WUOIEp 9 #99 anb gayuOWL sUOAL SHON’ “WANUIN op VOU 49 “[wstuAN’ ap ody np xnarp a9 soytuvur ganogy o8 9 461 “‘9pUaY,p onbodg,| op anand y.nb ogni yy nb tsutw sno qeI9, JUOp “10 ZNUIN(L Op OUIQY} puoDeS op yofns ne eayse qo         99a opso99Y,§ 9[Io ‘OuINO UD ste “UORIEg op Usa dB anaAvy US VANONOL NpLI,p a1FoJo9y) ououpe y oAUT YON sed yuos ou 809 SoINOs SoU ooA VL op noIp np {HOW ¥ ostur vf ap ouLQYD 9] SIO} ougtUUoAd M anod onb sipury y 40 [uBio % « JUL» Xnayp xv ayjaquessa upaooow mb ougysAs nv g1oosse yy [f 9 pout 9] HAUA,P IY NPUGLP 1 ¥[ op anoary op urvfior UA, Smorsnjd op uowsny v] op yinay of ouLwoD yreavdde Poy ou v] sed o4y9,u ynod nb %® “opeily.p ayseudp vy op sduioy np no 9pusy,p wy sogUUOP op aAquIOU WeLI09 uN qIuuoyoA UO UO,, aonb stpULy                7 sw “onbyyod anjg-qnod uonnjos aun opjodde mb augiqord un asod 4 8 ag Wop       ope, 9} oy andy om, p gidutoo onbsoud “smmafeur sad. 890 { Sop SuIULOD axg quoanad HALP Sop Urq ‘SIO[ Seq yyns uoro) sed&y xnv un and 9u40ano# y1vy9 opuoUt af onb saxquour so UO ‘sasnatiiyar sajodoxgur sasiaarp soy od -1,| ap axpro nw oayAt ‘ayo sus yo ‘stog o4gtUOId BL dnog snjd aun anoj uo stwpy “snoy op sud quainy au a] onb no soagy ap 40 syvquroo say anb sfay sourgTy so] ‘9pusly,p ap sio] ‘soq1oQ ‘oyUNS nystius Uosuy op snd puodt Sa[NULOF Soj[lo1A sj onb Xnosyor opus uN % nuaaand qm apuout af ‘onbru0F -avsgid onbodg,| op uy vy y Zuo, un,p Y dnoo jnes un,p ympuos vane mb o[ OULOD oMMHOS Ud yeIedde opBy,p ayduio1y ay “anbodg ayja0 ap uorpeao ap aunty quVy anod ‘inb un suvp dowd oun 40AY Np quo ‘xnaIp sso sjonbsay suep sayyAur so] yo SIeqysy y sas ‘aNNSwUA U[ ap SQoons s9] onb quapiag sutour sud 489,u1 [! steqy “Soysopou suo# ap ouru09 sajqou sop ‘snO} ap y ‘sdu9y ana] op sof ‘ovum, avd ‘ougruvur mop y guidxe quowod quo sit: onseudp vy avd ap xnw uv 09 op sunoy -vga9 sa] onb Jaynop ynod uo soo sULC] ‘soqug3 xnaza xnw sqad op sure mb xnarp sep “UL, step qo np oBwunr,| sup sofqisuos avd sop oaav os suxp ouuI0D IsuIY yeavdde gpusy,p say aud gigaga oy     2ap4o yao sounsly                                                 “omywu vy] op aupso,| ans ognbyeo ‘xnorp sap ojjao sup qimagsur,s ourmumny aatoysty,| onb uotq 18 ‘0/8 }UOLIO agsuiad eL sump opUMINOD 4IHD 91] oun,nb ofgaga auuo1our se4y HONTPEIT OUD “(OOT $96 'f6) suey sop BL Ans LOS yeqe mb Jouuion norp of oaaw gyriuapr 91g ate “uow! sa] queungid ‘gyi9p onb ‘adutoxa avd qso |] swwur ‘xnosofs o[]90 ¥ oy}10d oun S10] sap NyA0I JuOINL Mb ‘stor Sop xnoo y ‘suo!FwuNT sup ‘gpioujoo quow      sop ogsuod syuquios sop onb sud 4s0,u [Esty  ",0.0,eng,37.0215844125,False,1648327294.341162,1.75
32,"“1g ‘4 (6961) rte -vp ferratt “d “(6e61) Sy ss ott A (1961) aainy LY onbodg,, op woregio oun vo sp nw JURA9| 8 Mp oFwuNL,| SY “TEFL FOEFT “(I96L) LATE + soul¥|OR SoMLULG $9] 990 np of -ax xnoqy 9F ""ass $928 1118 “(1961 aainy # onbodg,t op 1849P nv sop onb ojo donb owsoy ouigur | ¥ av OAD CF soe feo “By “(961) 160 *80E foe ot ‘BIG ‘Id “(HEGT) FF “ois 1818 (9961) 3) EF (961) 814 EF     118 ‘808 *   sy 26 “By sb test ty ‘exe “d ""1 -ursq/ THT 42/ ¥9pNH op anbodg + oft ‘Id “(F961) GF “x 1d v9 gh fap “d (gg6T) tq gp “Sy teaz vd “(BHGI) LoMNvG RE        YD wy ‘onbruo# sop ayurvdde + 90194 » sowivd “V TT pune onbodg,| op av¥p 719 ¥ 108 OUANOT] HY aRIIUD O19 € “e838 ‘1d (L961) “XO.Vq CE “1e-08 Td (ez61) avHaNY HE “(IED maVaS 84 E “syst sof anb quaogs snjd ouui0d oo so xn UO TAS of dy 6p “A (L961) CE          “tet “d M4MOAdS Ee     vss ‘opt “d “(ge61) aaiKy 08 “Le91 “(ZL61) Lay sexe 88 “By (961) 6%   ‘xazwar] t199 ot “(1961) aaIRY ge “tod ) aadoy 93 OU “OITSIT “d vavuog ‘¢8 “d “(Ze6t) way nop Of NS LB 696) 17a. wm ensog oy “aNyK op sopowg “O'f NIH 9% et By ‘og “d “(G961) sowava £1 vou “gor “d “(2961 ‘#6evy) MO ap my e4nioo sway oAX “HUN WOA « » Jop WOR NZ “A&B qual » oPLent “Id “(L96I) BB “et 491 By “(6g6T) Lou cava #40,p « ¢ [ans owgu op A sop o1gI8 VL Ans agqaod qs0 ¢ 890 uo oyuiviiwa og, “PLY SSLP TINT UE (9961) domuve 18 “V G91 “By (O9GT) Lomve 08 “261 oll “9L6L “EAIEY np ommyuIa> oun ans oanody ay “6941 ott yp un avd nourva un,p anu VL y s9yourIe ajquios onanb oun ospuryso ang “ZL fOLL 1068 t2Le tee “By gpray,p onbody,y            - TOT of GHEL) VAVIIOd 81 “1et'V. ‘oet ""VOL Td “(OZ61) LT (op ‘y sogesoup sourw : (1) X Ou) ENG otf “(OFGI) GL snyd_ $9 rdgsiog. ¥ sosiog   sop zoyo sind ‘OU 98 S98 L961) FOP OMS ‘98 -d (6961) L PIF Td (961) 9 “ZLGT agEnAy oun wuss 49 sown wo qUTA avfpyd YU) of “OO6T MH “(9861) 19 “Gq aud guuop 489 uo yoqduroo enyd of -aody 7] squy snd s¥ouo]y avd sogtiqnd 49 g68T 19 juoiny “gor 21 “dd (0161) “Lp y9 4 9 1d omnis yo AwzaAL op pedu’y op oneys vj “uosrws }405 29 ‘OF Id (9E61) 1D B ted ne poyyy arya] Bl snoy vf yo opwydeo ep anod “tioUl 99 ap wap oF o9 sone yp-0b> angva oun amod srgaer yp yuo ) alo vf Y Saf np suoroa oxqungy » 8a] op AN0} ANd] ¥ AUAIQ xnv ap apuit| p saoutad $9] 40 UORING OUTHIOD INO, y ‘sure UIO] ""lop sand} doav osng y ssoutEd SUUp su} ys0 o]fy “oUUOTE { vj ap ynbsnf vy               sod vy ‘oys01 9] anod steur stox sop zone quod np uaiq yo owe gigid nb anb 9[ quop si01 spurs sop w» Pop 8a] wad wo   -noga ap sap snyd of mb ‘vgpny onb op stued 480 TE 4 y gy[¥94 Uo wyNggp ‘ouTIOLT 9aav nqiquy JaWpL UO yop w] op 40,p o8B,]    -asva np coupins UL ans 919 v 4099p Hos anb 49 op tA.08 v un,nb aqnop unone suiou sud qIvy Uo,tt [J “SatLL09 sano] op qo say S.A sa] onb sj} sptwg9p gynofe v uaruvar ‘89119 “(FL) wa sap qv, ap    ",0.0,eng,35.31489623115577,False,1648327301.019378,1.75
33,"19 tee ‘god “(GgG1) O8T “801: (8) ) GAT OL 1h 99 BI"" onb quoptay yo |p : adios vy y {wo nouns 91 onb  wobny 9 Lt “By   “181 906 261) LaIKY GLE ) TLL 4 otuop “Bree wo Up SOT “19 “toe ‘009 “6sb ‘seh “By “(o961) LOT “GRP '88P “LRP “sre “coe “Ay (oo61) 99T “gor-a6e “By (F961) ves ""46 “d “(6661 81 GOT “4 “(f261) XXX     “ret nb ‘op 2009p o| onb axa op sap piuout y quvy suoural 99x94 un,nh 49419 axgnit ynod ou ug ap wea ouOp 780 [F Hour snou s099p 9) O9T “9961 puw uaATy] MON ‘ouunuy fo OL “HIT          OTIVH “MM 84 FOL atoll 99 gnbruso © “d “(ge61) F9T    “1d 99 “6N6D PI ¥8"" “(L961) “Pr ""2 (S961) EOL “(1961 Le EZ wen “(y) Fp wUNMON oyu “HA sopo ostUKg Sua olag ap oyns vp y nZUy n] 380 aNSUOU! Np WOU NT ZOT 080 atie,nb suoqe       BT (196T) AsKRY LET + 689, .P op onbyjd eye w anaynw 499 “(IL61) 880K, “1d 99 126 “By “(o961) LIT cuysiqnby 91 ne ‘90g au ouree A (ZED) OAS op navdsip “et “By S11 -d (9961) suo mp MY fo Y waoqrog ae se we iiety ok *89N) oat03q mdqnog [jeug “My fo wnaenyy wo7 Wy ay, + yy Retest Bn) nv gxju9 489 UA “(@) (4961) Lowy sind (2) (S461) Uvop 40 omy gapuy aed np wow “Mand vj op s1o] gas98q0 99 8 19%) BHT “suoq] Pop “Un, Ws! No axyuoUr “ggT “Ay ‘evo “d (CO61) IFT “Hoy ‘By (SpE) Lowy + TIT 20, ¥ “By 8 “66L “A “(1E61) OFT a ‘By “(ey6l) sony *(e) sq Te 1d squngs 929 JO spIUP 89 66   voatiat “dye gn 1d AVS WO 96 4oqy we np suLaIp UL “al By veld ‘peat dos g1 ‘wm wopuoy xnep goes me       01 19 OS id 40 sry “d “(6c61) oamuvg yo TT +4 oF “Hy “eee “d “(8F61) LowHvd BET “9 of ‘OF (oZ61)  CUVZAE FUT “LeL 9 FEL“        1) yo EIT “( 1xxx 14 ogo) srt “A (1L61) 2X1 SI “ALAN USI Op oUN PP MET 1d (L961) whoo ""VY 814 BET 9 (GIGI) ca-v¥ “By. 20 0G “d tee “Hy ‘eg 1d 49 are od ownIVS “eeo “d 4) (e060) “ee Be “3y (9961) TIX SANE S40U V. “LL1",0.0,eng,31.937525327319587,False,1648327307.6331918,1.75
34,ra sa so     won oa) amy eat,0.0,eng,33.55569457142857,False,1648327313.741384,1.085
35,,,,0.0,False,1648327317.821033,
36,,,,0.0,False,1648327322.0181918,
37,"


 

4a, 4b.",0.0,eng,71.64814000000001,False,1648327325.968669,1.75
38,,,,0.0,False,1648327330.437741,
39,,,,0.0,False,1648327334.584372,
40,en “ae os,0.0,por,42.92868933333333,False,1648327339.507984,1.75
41,ER,0.0,eng,46.628998,False,1648327343.262629,1.75
42,conn ‘Pon ‘ogn,0.0,spa,22.01097366666667,False,1648327347.5758169,1.75
43,98 RATE,0.0,eng,60.670452,False,1648327351.73668,1.75
44,"


Fa

 

88

89",0.0,eng,63.27916233333334,False,1648327355.8185349,1.75
45,,,,0.0,False,1648327359.901263,
46,,,,0.0,False,1648327363.928467,
47,,,,0.0,False,1648327368.954944,
48,ed 96,0.0,eng,43.558281,False,1648327373.271028,1.75
49,66   a,0.0,por,65.109646,False,1648327378.145301,1.75
50,Tor 0oT age tqge tego,0.0,eng,17.079056599999998,False,1648327382.7052422,1.75
51,10:,0.0,eng,87.173653,False,1648327387.0711381,1.2916666666666667
52,cane ene,0.0,eng,32.647234,False,1648327391.7374039,1.75
53,,,,0.0,False,1648327395.935433,
54,GOL Sol,0.0,por,69.4195235,False,1648327400.243168,1.75
55,ut ou,0.0,eng,53.418468499999996,False,1648327404.6445298,1.1793478260869565
56,,,,0.0,False,1648327408.704285,
57,,,,0.0,False,1648327412.753664,
58,  9IL,0.0,eng,42.057373,False,1648327417.1550348,1.75
59, ,0.0,por,0.0,False,1648327422.944433,3.390625
60,11 E],0.0,spa,52.254541,False,1648327427.116262,1.2055555555555555
61,,0.0,por,0.0,False,1648327433.265862,3.875
62,"Sel ui Sh0'0 “Bavrg ui OLO'O “MUH 'SUAIV TG OY 1681 uo osmboy nPR    “umouy | UOB4DS Op MS PT pussol arma uos ens-pist vqy noapor  ('uq-y: no) IV A q   : “avo wu 0970 Sav w Lye'o GnvH quo cuviioIy op “fp sojmos “ong (g909) 7 48 uogavg op onbodo | op HAS OP JOUNOS Op 9   “By “gg “d *pog ou uojog “uooM OW (1961) ""V “q 0L6T) uno tunoen, vor ""By “899 E ou (9261) *somod 19 prezod 8 “By “gL ""d (pa6) IXX Var *uotouy| uollaus op o(s WI Pusveg “es “gg *d (2061) TIA ui Ogg'0 Bavg u copo ne “oquorg “uviioy op “f sojmoy “osng (8L09) gas uolivg op ojjoo 9p AVIS OP s     wu GUTO av ui ogro MNE “quorg cunfaog op “f sojmoy “osng Z8voL AS uofavg op ajjoo op RAS ap + uLggro à “muorg “una op “f Solos (eogo- Tounp wu ser Pav ug “quorg “uviioW op “f somos “ojo Tounp Rs OL “Hy pes ""a “pag THAXT “Mona wnosnjy nono Sar td “(14 19 niioad q 0 efiopos envava, ap 1! VI avd osng 4 “uolang op ofys eum ams 9j0N + untada ns qt,nb US 79 ur OLHO X 0990 Tavt “aquor ""uvoW “f op sojmos",0.0,eng,36.85257283173077,False,1648327438.164968,1.75
63,"Lal e899 OV gnoqop andqnas asta ypad op 11-6 “Sy ‘zor “d “(L61) 99 VY Jor Op SONS SOT “ORY “dL w ogg’ “Bawy Ur OTZ'O “MUP RD op ‘esNg LL26 4S MdjnIs oPOs op £8 TOT “Sy Suny “sorry “a 335 ‘ove “d (2961) GT sanoT np onasy v7 ‘sorry “ TENE W STO Baw] Wi OZT'O “HUH op “yf sojpinoy “« uofuog » : osng 199 48 9p apuN,p ee SCV 091 By ‘ung orury “a re By oH “68e “d (9961) ST suano7 np onacy oT *    “(8e61) AI MY wnyesq fo Noasng y * Ww 9L0'0 “BavT W [ZL “IMVH op “Y Soj]INOF ‘« uofuog » : esng “9z¢ ol Op 99snyy ap 9134, p ic   291 By ‘wry ory   “oes “d “(9 FF ot (961) *   wW OOTO “BavT Ww OOT'O “HUH op “f+ sa][Moy ‘osng op oF aS op 0% 8 “By ‘901 “d “(eL61) 99 Var Jor op SoNpwS so] uy “d “Bivy WI LPE‘0 ae ‘osng         ug op “f       it a onqUys op osuq ap o   “BawyT We OOT‘O “HUH ‘asng op jodi     ur OLT' op “f° $9) 8t99 anyeys opunad ap a19) op si     9 “#y “For “4 “(GL61) 99 var jou Op SONI sory w g1Z'0 “Suwy wr g quo, op “f 89] > Per Id 9 (6-1) OF “14 20% Z61) “3011904 90 F p ws Agia (Im NOIp [oy vp-[ nb} -1 1) n8-( Ni UW “Baw] Wr gg op “f SaI|IMOy ‘asNg op op onbod ones 1 “By ‘cor “d 99 Fa “9P Jor op sonqwys “ony SPI (L961) 0 sst-LL “d “(e961) 6¢ Var op ojvéor id ‘ag *d 30 sor “Sy ‘oto “4 (1861) TI anunyy LY ot (9261) “10190 39 P quay op cong, 48-Suf 9] : no) coupd uo 89d jnos soy ans “BavTy WH OPE TL “(F061) op “f np : esng op oC oanat op onbody,t ap 1 V IL ot For “d “(1L61) 40 © sqade,p) [| et ws quOK BLA]   quos out 09 onb oanf of ‘wqy nop of 4 [ ‘PuNoA (v] Ja) onqyys ws MAWELY So[ | 49 xNWOzD Hine (89 ausold sop eH Jf WV] 9p Vlop-nw soq]} sourur (0) sound sano[ ey [E ‘soqta sanoy jp 99 |p sur vy anod bs ( uu one) ‘sour [vy op 9399 oxINv,| OP 89] sop y oMaLt | 4y 40 bso] “YS op fox of                 “qnUyy “041 (O1GT) UvBiop ep “f “osng op 1 4s op Moqap on;LYs ap "" “By “ss “66 “d 99 VY aP sed nv 1v,1 of 40 op onyeys apstad 1,0 (put wf     op sy “OH o/s OMX Nv aqnofe “Buvy] w Ogg‘ “HUY “(¥Z61) op “yop salmoy P SUIMAY op “f ‘osng op a) 6606 48 49 LP aS ap IN}TS                            a1 SPI ‘1d (L961) “y ‘1d “(9961) ( “5p 6F ot “A91V9Od YO pavzgd op oyur[g 4 WW QGG‘O “Buy W OEP “NUH WONT op “f sojymoy ‘osng op 06 4s noua un ooav o4.0 op osIsse oNyEYS oUN,P a ‘1d “(L961) “Vy (0961) “gL 8F ot ‘rorog 49 prvzgg $d 40% ot ‘II “Id *X yy “HOYOS “A sXvd nv 1, of qo op ony up sud wep =) (9 uy) myawqe iw,f ‘ope our hop wow ‘osng op yo tor ep sy “TOW. F o[99I8 oFIX nv w LF Baw] Wi ope’ “NUH 0} ‘osng      2 sassino sap ou0Ny op “ps       (0L09) 6F 4S 9p aspsse onyeys op mW OFT “3y *(P961) “oT GPT “BY “(0961) sowing “yours “y   £91-89T fy *80A3107, “2 208-908 “By “I “A “(1g61) TL penunyy “1H   od “(GI6r suiug) soups op sopengy “yf Tate W FFT'O Baw] w Zzz‘O “ye “814 ¥SLF OV OMI [1g] Ua osmboY 9y1our AMUMUD] OP NITY OI on   13g ‘oor “4 “(Zz61) 99 Va ‘ppeily,p tor epsan wW ¢Z0'0 “avy wr Of P99) 6 1 ‘89 “Tog d 81, 24INoT mp onary wT “yoy “qf LT OU ‘9ET * BE BY “(846 Guy '3y ‘ogo “d “(1g61) IT enuy, 9 o1 Sy TIX TI ot *X ‘1d 90 1 “3g ‘TXX ‘Id TPL 'd ua sd “Tr *bouayg ag SIMALV “qnuy{ ‘ounvl el “LOGT UO 49], OC| 6122 OV OL 8   @1Anory nv 99ajua vq uo OG1 “By (F961) “a gst -d “(zg61) ounp “4 ""TD,  ",0.0,eng,39.496571608757066,False,1648327445.679714,1.75
64,"631 Fo bony vowunay (0961) 4awng “jouIeg “V : gy “Ay yo od ‘TXXX op “yy gee “By ‘ogL ‘d TT BE ott “(9Z61) anBoynInD ‘sod 49 PVA AT-TIT 14 ‘21 ""4 ‘ATX “Hoyos “A. Ld (1161) ITX jonbooq OP     Ds oqunawyy aed HH “A avd 4) uo i (9) ont 0 894 9   L199 4S. Fe 48 aed agnos assagp op onye}s ATX #2omp py ‘oud’   “qo sas   spard sos Y (80 “(A ""109 1 ap sauby b 89] 79 ATR I] '8}09 8) ‘J ""J 0) ap uy’ vp adno00 990 quos jundnyd vp yu San a ‘Lasng ap of (1) : ay op vy] snoN   ee 48 op asfsse ONFLIS se w gt V0 avy a op “f Saqytn    deo PUR PUNT AWE PESTA (Z961) 1 PMbyuy vorupay “UNE 99 ot ‘d ‘IXXX * 079 otf ‘OF *d oyUIN]9 uo X 99° Tawry a GIC'D D “£ Saj|moy ‘osng ap ojode Lt oor By sunny 08 ot “ATT “Id “(9961) maIEHE LA seam? yy * wond “BavT WH OGe'O * 9staq. 99 9 Op Jo]NA “ur G90'0 “Baw Ut 6O'O ap ""Y Sof|tmoy (cL a) 0 9 JoOSop US 4o OULU US 90 (narp [2}) enb   sound ‘uypy yo |p uve 809 4n0 nb squdv foun oun uo Jou op anon: aayenb sop 104 “440j 9]   IvV oto d 1 OT of “ILAIX       “opnoa v anys vs r 8 | axyenb sep tor ef uos ‘405 9] “WYIUN op O14 v] ANod “AN A""AN-UIN &) WV a : w g¢1'O “Bawy ur OgT'O “UHL B10 WN op “fp sojfinoy ‘sng ap £9 48 op WOKE Ne yOSUE aISHgE 88                 “oor   eet “dao og id UNI) | joyravg IST ""Id *(L961) ZI (F961) iY (0961) “aung *you1eg pe id “(pg61) VOI) Ge PMlig “UONINE “W Fo) rh pnunyy 10q 49 paz, onurnyy 9x09 : TT “IC TOSI) IIT wou “A PIT 1d 49°88 “ge “dl 11 eenows yy “(1261       G9F “By “ss “19 IL 1d 49 ¥ ot “(926 1) 2   99-85 “op cd       “88 SPL ‘901d “(QO6L) I py yy O} SZ wou y ua ogovd rw, of {uM UO af 30 mw] of Jo ‘anddig (op ofa vy) mauqu            op 91298 P| vw,f ‘apie ow notp vow IL Peed np of P 9 pay] ap Jo UVZUY,p Yor   ‘oumne doa np Upp 9uH op sy ‘Toy £ 9poQIs oHIX ne opqnhofe oye]? (z ""wnoa If nqnywy ep    ep “f Sa[]INoy ‘sng ep 4S 8p 9218 we “eve ‘d “(2961     e] OUANoT Mp onaey DT “OI “Gf TATE   enou we Q60°O Baw] wt LET'O “WHHL 494 op °F soj[INOJ ‘osng ap SH99 4S “F499 4S ‘814 L499 4S ‘1499 aS AMO}914 Op 9]QIS op %   LU 39 “(F961) 018 “By “(a961) “ung: youre 4X, td “ve d ‘ona, “outed “A “(1g61) 11 enuoyy            a61s “4 “Hy *(0961) aang “yor @ XIXX uy sap onaoy TX) 66d Ve -nou sti esr “By “F69 “d “(1861) 11 penun,        UW S€0'0 Faw] Wt FeO‘ “IHU “oUuNIG “ZIG We sinboy -wyIwAA Op  ",0.0,eng,37.259569604790414,False,1648327452.5033479,1.75
65,"181 op sy ‘Wrpg,p sav   aarroe “R061 “UUAIO Op “f 8. odio, np sox 4148 Woy ap a1} 9UN,p AgNO aq, Lb) e111 TA sanouppy ‘oad sauna » oot “d “(co    ‘fuoT we gogo “MUA “ouVO]eD “y aidwog, np nvaaru af snos ‘osng op oo U1 996° “Buoy wi ( ROW Op *f 89}      86 48 Moor Woy 6s UW L9€'0 * auwoyng “ULTIOTY oF Led “O96r ‘10m a Baw] wi gto “INeET of *      -auwojeg -unsioyy op “pf ®   anyeys apart a   19 of “(9Z61) 9nBoynmng ‘01   Od 19 pavzrd Baw] wi 009'O “HEH, 10 ‘sng 49 4S ayeydgaw anyeys apt w oLe vaumwayyy cuvituoyy op “fs        G9 ott (9Z61) enbopommg ‘0rd     1 0F'0 “3 oaeny “aworng “wey, op poday aoe anys opunay     28 “fy i £8 ot “(oz01) onboporny “money bd “(L161) ¢¢ envanay, op panooy mo ane = ce W CFO‘ “BIT ut 99'0 “IneAy       ANVAIV “GF ol onb quowosts ougUE ‘osng 22399 op o1s08 oun,p see OU] OP OT, ey WE ZZO'O “BVT WE 1E0°0 “INV “OIVVATY “sng 9FF6 4S SSN OP OAL te “Buwy] Wt [90° “NUH “oayyATY “osng, LOLL AS oysty OSISSU OP INIUES ws 1) anbowm) “son yod 40 pavzg, 9 ‘Sy “PP (1161) £€ wnnanay, 9p pranooy ap “YL TaN WW CZO'O “avy Wr OCO'O “HEH nb quoWAstT auIgU ‘ong 88.48 aiydyow sisse ap aanyeys Is   “ONNATY “oF   Ww 9TO “AWUATY “SF ol “Ravy] We 6E0'O “NUH b quauasty ouguE ‘osng SLOLL AS Saye HOU A OP IMNPTS 0g   “Bary we Eco'o “UH auast# aug ‘asng FHHG 4S, ononyeys: or “Buwy wt 290'0 WOH on juowrasia ouIgur ‘osng: oFF6 aS. Baw] UW 890° “OCH OUOSI OUIQU ‘OSS £446 4S oonyeys: na   18 ot “(9Z61) andopomp ‘s0IMog 48 paVzg, 8 ty ‘op (1161) $6 2MDADAT ep ponody Op “> AIHA ADOT TENE W_0Z0'O “BVT UH OL0'O “IRV “oxVAIV “Gp olf Onb quoutost# ouguE ‘osng 06 48 OUI] ap IHINTEIS oF swnyay “orn “af A-V 864 “4 ‘T 18 ot “(9Z61) anboppmmg ‘s0NVoG 40 pawzad bad T61) 6 TnDADAL Op jansoy ‘eorput jonsjeuo9 op Fe y824 op “Yt INT wW ZZ0°O “BuvT wt GLO‘O “INPH “UAT 061 op “yf sojnog op (ou Nv OyWOSUT aNyRs UL avd o9ywp ep ajdway of snos ‘osng 68 4S SUITE] BP BNVINILIS, +             d (L961) S200} Xd ‘aungdjnogy vp) op agenpy 97) ‘xneaeyy gapuy M113 “d ‘T £9-29 “d 40 ‘14 “(Z161) TELX #2420m9 71 “I0NNIOd “OL uw 980'O “‘BawT WE SOTO “INH ‘ounpg, “unioWY op “fp sojyINoy ‘osng 866 4S SySSU NU OUTUEON,P AHONITIS w     UW 680'0 “BawT wr OFO'O “PH ‘onary “uNsioW op “f saf|moy ‘osng AS aONYLYS, tr   ur 120° “Bawy wt OLO'O “HUH ouyqIY “wURIOW, op “f solfmoy ‘osng LS001 4S. oye w 8 G8 oN “(9Z61) ‘100g 4° P dL ‘MUHA VAEDO TST 1 ¢g0‘0 “Bawy Ww ¢60'0 “NYH “ONVATY “806T ‘ULBIOW ep “f so[]Moy ‘osng 16.48 onanyeys op aysng '         sop 9] suup oyrmUy9 W su, p SOON, uw gF9‘0 “stodgy ‘ur o80'0 “TLwT We PET'O “WHUH{ “soIss0AT OVI “osNg op o9SNIL “(1E61) op “yf saymoy ‘osng         op enbody,| op oaNyTS or     ore “14 “a (6961) pun apuny “ZUM. TL ot “THATX. ‘z9e-19¢ ‘gee ‘d ‘(9961) soUryooR,     BI-UL “d “(Z961) IT oMbyruy vorunay “a ft () Old ‘TXXX py op “a AT 14 99 11° “(806T) X TL “HONS “A ayayyy yo ‘onFuyLq W OOT'O “BawT UH OFT'O “NUH “ANUGIV “606T op “Y so[[INOy ‘osng 18 4s ort op IHINFLIS 6f                               PSH I ot ‘eat “4 (126) POL “By Swng “yorury “dL BI ot TI 99 Zoe-T9e ‘see “d “(9961) JoUIYooR IIA ‘Id ‘gg “d ‘(696 1) (61) onbopiny ‘ood ¥ LOSES * Jowng 9p #7 “wisuVC £9 “4 “(0061) IT #24) (i) Vu opjeddu oyurarp oun Y oovorpyp ooAv swat ‘4¢ op ojo ¥ u Ww OLT'O “Bavy Ww Og ‘ounjq oxtvalvg “uvBs0Y op “f  salmoy ‘osng 98 aS Vp IPNFeS 88 82 otf     Tu “quodae uo 1 op sy of) ‘wey 9] 4s0,u. onyuys ws (P skvd np yor-o01a of ‘uuqua     2 U w QOL‘O “Haw w [S10 ""NEA “ANYATY “UVA10]¥ op “f sojTMOy ‘osng P99 AS op eens a        “ee-se 90 ¢ ""1d ‘pr “d (6961) Pun yung “z "" 2-19 ‘d (8961) ATX PMAg ‘oBus! OANoajor OFUILID OsKOQP OPUAT OUL) “40%9.  ",0.0,eng,32.717546029871976,False,1648327459.8722858,1.75
66,"e81 W 0Z0'0 X ZFO'O oxreoyeo ‘o]]o, (SIFT DL) 068% OV ouput ot £13 Sy “(¢961) souryoog, LV “(£261) “I sq 8¢ ‘8¢ “3y “(essl) I ‘yuouoyy “f W610 X 0800 gouoy ofnod oaqaeyy 161 “By “(g961) sowyoog, 0g ot ‘gx “d ‘Ty 9b °V “(z61) ‘AIH w £70'0 X FE0'0 ‘ones 0209 OV upuyisyy re 18g ot “(EL61) « » ouny ‘prepy, 100K 'y “(F96T) souyoog, £2 “BY “(0961) sowing o1mvg Cray 1d pun ay ou, O-TTAX ""14 (6861) GLY “SY “TT penunyy ‘esopun fig) poos “paw Ay 9 ‘bossy oq uonoonog         aMO4YAI0s U0} (489) 9qt408 of opesy.p You ay UIP QO AMgD ~ : wm 920'0 X 6£0'0 £08%% OV aapuyts) st 18 ‘By “(¢961) souryoog, way Ze ot ET 1d 49 99 eo “PP PMID ep ponooy “wsuVc (v) 195 “ed + ed AT Py N9}1A198 U0} (89) of O1 ‘Ps # 91 PxezpaL SLI “By ‘(c961) souryoog, TT ot ‘TT ‘1d 90 Lp “d “(p961) souryoog £9 “(OZ61) T “T OLT ot “(G061) seunagp “PE NV op ponooy “WUC “ suave! ¥E WL “(0Z61) ‘I one _ wt SLT ot *(2061) seuuagp UO} (480) nzZ-Iq “MYO SNA 9p ponooy “a pies avodnp ed-yy-gr ug, ‘oquos avs-dnp 9peay,p nerp Hy Tt TV ane pals SS HVIEN UIT 'O Sp : 3 610% OV O1PL, op ong ae S'¥G ? 91 PxEZPST oe 7 “By ‘ss “Zog “d “L961 ‘roUTYoos 8zI “BY “(991 Lot ‘OT 1d 49 oF “d *(F961) soULYoog, 6g -d (9161) ITX Va ‘Tous ""A & “3y ‘od (S161) ATX “Hoyos “A at “3y ‘oe “4 (1161) 40.P se% #o7 “nvouUDs “D    aM9yTAI08 U0} (489)   “qa0y 9| umu-wp O gp : W STOO X 8FO'O : asng $199 48 oxpuyjdo op 99a Uo, ON 89 TE » FET “By ‘(e96T) touTYoog, B-TAX ‘Id “(6¢61) wopfeAT ny Sie aan 9b “By “(OT6I) sapur | EPL “By “(g68T) ang ep | w 6700 X 8£0°0 quoa odsep osng 1p GOV apy) rt) 1BZ oF “SLOT 294 UIOUP 7 op « » “orury «TL USIPHPLY » BL “By “(c96T) JouRyoog, Tye “Ay “(O96 1) sowing “aorawg 1a out tay sd Ty 8L¥ “By ‘889 “d “(TE6T) TT fenunzy £8 “L “(0Z61) T 881 “By ‘OTGT wag ayy ‘prey 9 “By ‘og “Id   UL UN UH 1€0'0 X 60° “o[OIA. qa ouNq eaqaeyZ “oTfoy, op FEL ANI ouput) 99 XXX ld © TA TL ot “6 “d (1261) soddny 40 9n-eL “4 “(GI6L) XI onacy “of 9 sqadv,q) *(1099) gnoa w syULzUD Sos Op 49 OUIWHOY US Op OLA UL (99) 914 (oadoad) vs anod (48) ‘tox uos ep FA v] Inod ‘oquios of sIy   roa 9] soyduoo sop oayrwur 9] ‘oquios of sep oxyeur of ¥ UW 00S'0 X 08z'0 oarea[y) “T16T wo smboy yuoLAorg 66LF OV ap quoj10d Pra 088 “#y “(096 1) 4awng “your “VW AL ‘14 ‘err “4 “F961 IXXX PMlig youd “Vy Tel-oet “A ‘eper ‘ean epg 20 sop ap enpuas sajdwoy *( ost “4 (8¥61) IITX p onaay ‘oysimy ep up’ 49 youIE “V (s1o3) o[[FUL xtp (S103) (99) vByang ‘ese : oyuiny wo ur geo’) wt ¢g0'0 : OMAGUL “We GgO'O “Zaw] wt ZZT‘O “VA: uory ‘oumwo[eo qo oztoag “gpg, Uo smboy “OOM UO, VY OV USPHA.P TonEpuoy op oy 88 ot “(9Z6I) ‘A0NI0d 4° PaBZrG TENE w ¢8z‘Q “Buoy w eZT'O “NEA “aurvo|y{) “uvmioY op “f* so[INoy ‘osng O01 AS Wnoxow wory $9     1-9 ott (9ZG1) onBoppmg “soMOd 40 pawzn 99 *d (0061) TT py “TOyDS “A TENE w gg‘ “Buoy wt OOF'O “NUH, ‘ouwopyg “uvsi0yy ap “f soj[moy ‘osng SLL AS uo uo] UN, 1009p ores op co)      91 ot (9Z61) “so0d 10 Pawan 826 “By “(C06T) TILA eaowppy ‘oadurey “1 g9R-29e “d ‘poyyy Pp sowing op soy “A 8d 99 (1) 11 ‘1d “(061) TA #asromppy “Hoyos *A. sous ¢) “j vs",0.0,eng,36.37851505845182,False,1648327466.867029,1.75
67,"tL osng $199 4S op +6 sop ONAOY, ‘ao “Mg UY OSY,[ Op sopavat soarolg sory “T aquios of aes-diy eye B07 : w g10'0 x 69STT OV aapuycy £6 68F “By ‘(e96T) sourqoog, OAT Td (6861) ‘1 bay SFI *boaaq9 oq W 1200 X $800 Se) “Vy “Cea01) 11 99 068 “By ‘suopunphig poag “paw Ay 09 “3y “(gest) ‘7 “yueuoyy W LTO X 080'0 onreseg, 69TT IN oapuys 16 9 ‘ST + FL (69-8961) PavzpaL eo ""3 (C961) OFT *bosa1D act SAV AOOTTENE =e OF CVE upe up-up : Ur 9Z0'0  6E0'O ourgt LI€zz OV aapuyc 06 1 ‘Ve #91 PxvzpsT Leg ‘90 13 ""3y ‘TTX “14 (0261) 68 Yo}LIVE LW BL ‘By ‘ez “d *(8961) oy ap ouwpulip asf 01 P wUybus0 wep cores 90} suop ‘ernoien aaa ‘one ep sapnof “usueg D-L8G “d N carer POUBV.P BORD MACE LE9T TIVTX saarowpyy Soqury 9 ott “0% d “9161 ‘TITX is foyog *y LETT ‘O1P “By «9-41 PUDTY > L6E 2 ‘By xreed e¢ ot 9 61) “I ed. 8 09 40 OF “By wag ‘prem, ZOL ot ‘waUua9p mye SNIML % ponooy ‘Vf 93s ‘1 !0-g8g “d * i) ua ‘Kozo H gd (L681) ‘AT onaoy ‘Komoyy      ~anoqtaos uoy (980) ysuswy op gear] soutad 9] YOu “qaoy Oy 0 AUPE ANy ee : 290% OV OTL oP ons n pp s9ung op “uisuEC 99T-GOT ‘eoutapp “yo SNNQL, ep panooy “oT A-8g “d ‘apppoyg wa *SoznoH 11d (L681) ‘AT onaay ‘Soznopy   Woy ysuavTy op oourad (40) OqHIO8 9 rear Tee yeftuing: ‘oagenl suotiioa sap wy -0r-qt-P} you ag nop [I “403 Of wmnu-ep UTALP O : won duosuy 290% OV ONL, OP ONT $8 £68 “Fy ‘(S961) souryoog, & “BY ‘gd “(go6T) ‘6 Vy ‘Suis pod-ung oq, ‘uomg wea svptnocy pay “X14 (0961) 61 ‘uoINg UA sUpnOC. STA (6g61) OF ot “FL cd ‘Ty PPL 'V “(€Z61) TT   FEL 8 “Sy ‘goe “d‘T “(9681) amaay sourATy ‘Aozno py Ur 1200 X ZEO'O 0822 OV apn 8 609 “y “(e961) fe ot ‘gL *d ‘Ty BOL “V ‘(€z61) ‘TT TENE uw 9Z0'0 X OFO'O ounvf 40 07.104 6313 OV oapunsy Is       6P ot ‘on “d ‘7 9 jonoyd “v (e261) TI TAI W ZZ0'0 X 100   ze “3y (e961) souyoog, sel ""Vv (e261) IT 983 “By jos “pxvy ‘IMA W 1200 X 1£0'0     BOL “By spas ‘paeny W LTO'O X 1Z0'0 qaoa odswe cEEs OV ouput) Rt 808 “By “(c961) 1ouryoog, S6F1 “By (1961) “VOMMV “a L ott *bouay a 96FT “SY (1961) ONLY “a",0.0,eng,34.80249106971154,False,1648327472.7111979,1.75
68,"LE £91 “V ‘€361) “11 TST “By rag ‘prey Ww Zz0'0 X gE0'O    quo odsup (62#8 N) sho NW oapuyis oH 8‘? GI PaezpaT 198 (g961)   parse 6g ot ‘ZL “d “TT PSL ""V (E261) TI SET “By qwag ‘prea, 6 “By “Log “d ‘T “(o68T) onaay sours *Soznofy _ trea ng : wt ZZ0'0 X FE0'O £96% OV pus) ou GPT “V “(EZ61) IT TALL uw ZZ0'0 X FEO'O         62 ot “AT ah e X ott ‘gp   ‘ee Va “WoO “W ) 83 Fa “1 TEI ggg “By ‘(9961) OF ot “ZL “d “Ty OLIV 11 FOF Hy pas *pauyy e6-d “16s yg 0 wauyd WLIO X 8Z0'O arnwnig 281 AN ouput) 601     6-6 “dd (961) 1? z “(wpwuny ‘Aqua sang) fo pousnop y “wxeoyy “Aor “T Leg “By *(c961) O-TIXX Id“ LOR AY ‘exopunfig [Was “PALA £8 ‘boug1g aq] AUHALV ALOT TEI SL “Vv “(e261) LEP ot sap 2y0N 289 “Hy “(c96 Sepp cd “(1P61) 8 * oy ‘46 Oa, Wo, OYY JopUN NAIL»   FATE “E6D Li 4 “ad TIA anf anos 7 nepp Up SE-TITA ‘td 90 Bt “d “(E261 suy sy umy “Ur gZ0'O “Hey ‘ouN]q oxpo[D “1 893 of “(EL61) 1M9NO WAU « » xy w Z10O X LIO'O yor op [eISLIQ, 089% OV SUpuNLA) cor 662 “By “(9961) roury (e961) Fe ‘uoINg, UwA su B-XX ‘1d “(6861) 9 ott “BL °d “TT “oneal dj “(re TEL “W (S61) 11 “o Ww gZ0'0 X 6E0'O ANCNS 60LF OV Opus) Ol 662 “y “(c961) 81 By ‘AX ‘Id “(ce61) FZ “UOANG UNA sUTsHOC, B-XX “1d “(6EG1) oy ott ‘FL “d ‘TT OAT 1d “(rg61) 1 boar GPL 'V (E61) TT ‘or4odyy 098 “(c161) MV op soubuc eee 9 3y “zoe “d ‘TL “(G681) onaay ‘hoznoyy IMA VHDOT TAI WZZO'O X GEO o8te OV SapUILK) 101 BLE “Ay “(S961) soUryo04 6 ""4 99 BI “BY “AIX I “(9961) ‘F% “UoINgG URA SEED” axIX “1d “(6g61) oa 1d 1 body BEL “V LL eMOodujog    (688 N) 6FS 008   ¥6 “By “(296 1) S1q TST “Pou 9q7 Ww FZ0'O X GEO'O sckee OV oupuyys) 66 POF oll “(G9G1) SLI ‘bosaip oq ‘AIHA 98 W E100 X 2700 uo £2875 OV oapaytsy 86 62 ‘GI: 91 PrezPA woiliog 9] vd umgzng no —— n}ang _ WETO'O X 920'0 OUYIq OUqIE AL 9% ot “(ELEL) 18240 waOuH AD op mesevg » “yorury “d bi tha W 1200 X F800 HOU oIqaEy, W618 OV oapunsy 6    Liat! § opansse sud 980,41 uNU-s Zt san: oANQOO] VE “9S “ET + PAZPAL FOE “By “(e961) THI V “(8261) “11 ‘BV OFT “By poy “pIeAy gee d (S161) Vd 2p sub 140 bere & “008 “d ‘1 “(G681) onasy ‘Kozo,       i Tor) an W ¢Z0'0 X OF0'O 9y49A yo oujou 821 OV pays) 26   6 ot ‘OT “Id 40 oF “dl “(496 1)   Ly 'S “(OZ6T) ‘I ¥-d (E161) “ATX “10Y9S *A bic A aC 8 oul 1s-*u0,",0.0,eng,34.1742136252588,False,1648327479.34313,1.75
69,"  So-np 'd “Ze BHMUAHO “UUIK-PIE OT As00], MON W JO UY “EE6T PLT-OST “d “61 OMPMUAIG ‘ody v uo systopig UEIPwPLY “OCET   -rrunag WuO!OUY UT UOC OUT ‘OFEL 201-66 ‘d “TT “AN inf Uapsneg “yy Ut 04,080 OWL, “6E6T woqueig ‘Nauag UeA svID0C, 69-1 ‘d TIAXX PypMaW0 Dy ogsued wt suvp onbrws0o J1440Ur OT “FOBT uma *p SteICT “IT “Ps (SE6l) suowwer yy 19 82   ‘ouanoT np openpy np qruar sound yo epoyono ‘eeapuyfa vp onbowmg *(0z61) sor] UOpUOT “PP of “HOA MNT MIAO Myengy fo woyduvers soyyo yn ‘eng 941 fo oansDo4y ON “FOBT “WO ‘Nouv, sv “ONAL OP eMOf PNON (stove “30 KAZAN, Uoy'T 99Av) UOWUH ‘SOU. 8h-b¥ “d ‘a6 aBojou fesyp many *i« ory, og OY JopUN NAVITY » ‘THET pavord omsnsny “py ‘sMd “GEGT Y O&6L ap SOT “AT “PP ‘LF6L addy y,nbsn! SUOHON “7 ‘9]D)UaIQ ptt tong pnunyy ‘L261 somdO) Upog “¢ puvg =IOA pun a yoys: sunt y pun unpeanyT sv unquaund “6961 Jog S8ouq UOPUOIUID OR 98 “PIO}XO, ‘swag sopuiyfig *T sunjo, “wnaenyy Oy) U2 spoags wiaeDgT LAX Jua}oUY fo onbowmD ‘996T sitiug 3HOK MON + UNLLOg “g pug ‘erojoryo HIV pun nz UO ‘T1161 SoUUUYOL “asHOg       org-a0g “d anf ipayosnaz dounds, ph un i one-one d opuoqo’ro Bee pun /nzng sap Sun pun my 2 pun az i -1V 49p puoaynn yndhiyy sop 98°34 “dmb u00 py Ue sop yndAyp BT “By ‘zee “d “TIX sung ‘ojoys uvIp GIL-OTT “d SX downy “elas uNIpEsppy foamy ‘n ‘IAXXX Mfg: ‘pwpty,p onbod9 op -wjodosptn soanjdjnos sanbjonb ans Soro “TIXXX eMfig ‘8   uunasnyy ‘und ‘day, yDYD cv F 68 DOdA. unsey uy aE @T wommoD 4 601-26 “4 “TAX'T p onary omob ppt m 2p souiourTe “ouuovene mbyding 5 osiQ) AMS SIOANY “MIT “9 FFE-6ES_""d ‘C1 Bano Mp anavy DT ep queuaaoid gpraly,p onbodg,| ap SUNO MP ‘sug ‘onbynyoin anbudhiyy wT OL 'd “Fo yp onaay “gure oydutog, ory 96-36 “d ‘ep p “T1 o1mojopypaw,p sou! qorg FOT-GRI “4 “IVT oI MP 3Nq9P MP 40 aT TT HP uoUD0 -ospur j4v,, SuUp syuqUIOD sory “E LOT-6FI “d “1g OD 44v,[ sump “% ous “Tam w S100 X g£0'0 £06 OY SUpuHs) ve (¢961) sounyoog, ‘O96 L) 4omng Vode “d ‘11 61) 11 IAI We OZO0'O X ZOO   869 “By (e961) souryoog, “1d “SF6T Cony, “OLIN 1p ot ‘gu “d “Ty on het jojoyd 168 ty £1 By 1g 08 1d ‘apprY wa #14       : W0ZO'O X £800 AIMS 088s OV apa st 91: (69-8961) PAvzpaL sownsy op #977 “Uy 191 of “(£061) souUogp “PIP NIV op panooy “VL araas “90 9 By ‘sq BE Td ‘appMID Ua ‘KoANOH   8éL @'d (L681) AT onay *Soznoyy       neat ‘sropud mwioq Np wie a wpe (F soinhed tuts (4) ompye vy (¢ 9 aUg-PI-NT, (Z ‘gpesy.p nepes-y You ay “4404 9 wyu-vp OC. (1 one, 883 OV anna un Lot ‘91 § “Std (69-8961) PXEZPAT“O OL9 “BY “(296 1) soutyoog, 91g ‘ezopunlig mas “PIAL 8 ‘bow ac woNvaN0D       AVAL THAW (104) mp oy nu ‘ynug,p wiues -soy{ nop np! nun “(laeav) -5e- tN w soo x 1800   epep agp omodp ‘up-epag wep Tet “V “(Ee61) 1 W S100 X $z0°0 egg 9C61 IN apuiytd) ru",0.0,eng,29.032346038022816,False,1648327485.791998,1.75
70,"al SLI-OLT “d “g uoyw Jop yoqoW otp doqn Yong, UoUo[Eg “y nz OFIUIT “FOBT oMOLRYD “MaTOaTZ,   “wpuy jo Aro s1H oT, “worverpIaW9 ENpUT 7Y “EOBT JOUILOWY Ng UopUoT ‘epoMad Mung Oy “AT 47 “9SBI ‘uopuoy] “hao yohoy my, ""TT 40 “YET [PAUUOY'T A Sud “YSIM 7 “EBT “UO “TT SNTIIIEY A, saopunnli WAS “O16L ays, $AUd = PPYYY.P 79 downs op 8YT “GOGL sloduviy,     29-18 *d ‘% 19 vor10) “sami VY Anz sIq “YA top UA *1L6T saug sovpue 4p ,p burg (xy AImHCUTHL 10) “FGI Lg ‘d ‘gz “anes UOA JorTOAsPT SLC “EBT LOL-T 'd “1 py sopoyb cog sq ws, UOA sect “O96T 09-23 “d “gg anf ifrayosnog sy! pun “Eb Vag “TA'TX wody wo uoumb apd Y] op seaows yy ‘osng op ‘1461 10 “(1K ‘aAgEg 18 ‘d ‘ep fo rousnor unos soup ‘oandynos uvipespry Jo ojdtuuxgy oma ¥ “TH6T “ara tnvEg $L-L9 “d ‘ATX DEdlig ‘oBusta UOS BANOIIOI OF) Ip esso9p opuwst oug ‘(Z) SO6T siavg ‘ouopliqng op oneouip oa PR 8ousb140 wep 89110) 89] eunp an op sonRDIE 89 “BOBT 9st-Ist “d “Tx 260) -oulise yp onaoy (i) gpuiy.p wofavg 04x01 uN,p ‘9F/ FET sous) “uaHOAag suivg ‘souuayp “DyYD 12 seDMios 8'T “LLOT ‘UIAAAY, yo PuOUIPY        08s"" “d *F IC] ‘896T unsig, “Tarag “1861 wnybung ‘avesry ada wm ‘oupiens: ap uowenny 0 9p ¥, “ouags 8093 “so410U9 JY “N98 og 809 X ‘eeaag 9 vy op: “OLS MANTEL quoouta, 801-28 “d “TTT ‘osuag wo STITX ‘stunjog viquenjog wiqu ety UL MY Jo SOA, PoquosUT ysoP|Q) oy, esrort d besyT “$98 AN “Twos pruotang oy uo 940} “991 “d “ ‘eapmisy fo pouunor + uvAIO[Y uOdAo1g O11} JO UOVD9II00 OY, : | OW UWOLOMY YON UI sfvog u ‘ouy Jo sndioy jo morroy [WORE A “Sunaquy upbsopy rods fo UomMOD OL + T PMNPOA UDA] YMON Un sppog song sHN MUU fo enduog * ‘wp ‘va 808-161 “d ‘7TATX siavd (SouL0] Sop downs sung “Anrys]p adway oT “7 ‘unpy op woreen py stil ‘d IXXX pulls ‘orano np ogsnyy np ILVISt owganoN “uyy op “Uoj op uouMnoop UA Wwof 9940) suing ‘soqnnof op yur “oad, sapuy ‘Lom sUIUd “PP o% (UUBIOW Op UOIS “SI) euniens my op sep onBopomg puowpy “wMLLOG 4o ooumNy ‘a oSworyD » fo nD — cdo yy qusouy op uooNpUsy, “Sad BUN.P jOAMog VT ser-eat ‘d “6 “TIT ‘O96 )    ooz-Ler “d 4g pun-soa anf yongqayoy, sounpsogy sop UoUL yoy HT ISMIEq pun yNVdA]H “896 T DAG] 40 WINTON, “IROVNT SVC NO “OLY OAQIEDOIT “ jouw “| ‘o8sogq uo py] op sa4nowpyy “Y,P sOLqo sop “OO6T op sonbows ‘xvonoyy   Tuo osng x 89   “UlOM uny doe <eopy 91 usyD sp wuny, OC ‘LOB UIPLOg “1038 gop UL oq “enw; “661 op ang Sung UIE “PA rsnoY “OFGL uo}LY LL-s9 a “TIX %laq U9 v1 op Fa40W? HT ‘oBDg OP ejodosoV,[ op 1194 Np soWIBIY “(Z) TIBL po-se “d ‘TIIXXX qo        SOBA ‘116 1-19 ‘d ‘TIA 949g Ua 0) op soayowpyy tyxwuIyO “Noy op odio, np UoRUpUOy op sopuTIYO “GO6T op puvpoxy, 80-986 “d “(Poe ot) TITAN Won wnoen jy vowo ‘1S S10701A UOIPY_LY UV ‘LET “Xa WHOL ‘Noay OW BRULLI “d “XT anaay ‘gpeiiy,p onbodg,| op opwkoa “C961 O1Z-68T * ""TX anaay ‘souuoLt -pums 30 810N ‘8461 00z-e81 “d “TTX yp onary “C1168 WA SApuTso 9[ 99 VPPND Op oAgd OT ‘LFGT SOUNUA, “AAMT Igou0q Huds sospay, NUo[Aquq —804XOJ,           OLN VASA ‘oounvyY UADANZE ‘gpUY LoAdYD =‘ gUOY “LvAVT 90T-16 “d ‘x ennbyyuy suaio sot ‘1161 fsa IT ot ‘sarpnyg “ofwaryy Jo ommansuy [POL OU, “78H Bury UDLOWNS OL “BEBE PIPHOUS, oyun pun uvsy ""T top “TL6T ‘uuog, “g puug mz oBvmrog A sap aC “S96L Teunug ‘vanouyy OFT B81 “d “XX anf ayaay ‘opedy uo odrugy sop “g96T suvy, ‘HOST, ¥G-1 “dF oFfog onow ‘unsy env “ay 1p opuvy WOA oUt “TLGT Upog pun opung “6961 qaUaMS “MOLT YHA FT “POBT LI-1 ‘d “11 onbyuy oopunsy Jop ANZ *ZOBT JOUVAN “NTH suivd ‘opprDyg Wo op qoULg ‘ouZAVS Yo WOH] “AMZAe EL UoAUH MON ‘#9771, hoy Mung “LeBL “AM ‘OTIVET TL unyalisey sof qmaormyy “261 “eI “aeD 9LT 4 TTAXX yo 1 v 1 nbopONY mM B sfyvpes envaDsT, ap pranany ‘sie Uo WL aud osNg Y O1.0A -noopp Wa!UY,| UOTBE op 9[eI8 OUN As OON ‘SOBT Nyg-UvEr AUATLAV!, J ‘O19 offoanoy » uoHoo1]00 ‘svg ‘49m 0) op saydnag sap suorspaur env smubjso sop onbymyey OT “6961 Tnwg ‘TrID TIXXT dI0 ‘o8voyy ‘uoboyy mph oy woif sos sopunfig pawns “cet uopuoy sumnguog : “34 Jo S1098THT UWDT|O snag maouy a1 fo PU UY LL “PBI XT dIo0 ‘oftuaryy ‘uowoy noir oy) moss oanydynog a0 “E¥6T TITTX dI0 ‘o8vonyy “sousy ne a sugny om fo vomVG om) pun yduag, wepury YL “YL, 1 GAOTT UOWY 90AT) OFET AITX dIO ‘ow “yofofoyy pup snusy 1 woif or pany a fo canidmog “(c) 6861 uopuory ‘qaug¢ avoN quojoUY oy) jo uoryoY puv wy oy uo Aussg y “eppag, 4apuryhio ‘eget 68° * ‘T bnay ‘sjwog pruodavg uo syd pure spor “FEET UEP] Log dh “IZ anaay ‘uodsvg op Ms WT ‘FZ61 TUMossUNY “avSSGT 96-1 ‘d ‘9g6 ‘orAnor] np opsnyy nv ouno1oun Uf Op HVT “IT “PE oze-191 “4 “9FET -og61 ‘O1ANOTT Hp open] Ne oMUE!OUL op MV'T - FMV op ‘Uopuoy] F UOAUET MON qunouy ur snsodaq “8961 paMyory ‘SrTIGE 08-81 “dd ‘Zz anf amposy JoRors “HOU Jp OCT “6961-8961 ono ‘auvzag,          ",0.0,eng,29.525115311161215,False,1648327494.174269,1.75
71,"Seo ton i9F-n wo toe ton tee tee                    09 opt e eest “Lo 12 496 Op sad oH) 9 sone,   “ot ‘99 ‘98 $80 f09 tp 1a NON       +63: (oaoqou Me sah",0.0,eng,33.16332921875,False,1648327503.08944,1.2916666666666667
72,@ - 9900 - sun -3°Na@ST     # ALLAAOVIN xawerniap | <ovHooug ANANAY) $ NOISNOILICT aNtod ! saabmavay sanuxsaaxy ¢ NOMISOAKOQ,0.0,eng,18.172558349999996,False,1648327507.15763,1.75
